{"type":"FeatureCollection","features":[{"type":"Feature","properties":{"territory_id":"mg-3106705-acude","name":"Acude","municipality_id":"mg-3106705","polling_places":1,"approx":false,"official":true,"method":"official-ibge-cd2022","whole_municipality":false,"approx_coords_only":false,"official_name":"Açude","official_code":"3106705086","match":"direct"},"geometry":{"type":"MultiPolygon","coordinates":[[[[-44.23595,-19.94018],[-44.23594,-19.94004],[-44.23589,-19.93991],[-44.23588,-19.93903],[-44.23601,-19.93866],[-44.23615,-19.93857],[-44.23621,-19.93841],[-44.23622,-19.9381],[-44.2341,-19.937],[-44.23361,-19.93685],[-44.23322,-19.93683],[-44.23289,-19.93688],[-44.23207,-19.93726],[-44.2313,-19.93768],[-44.23109,-19.93776],[-44.23084,-19.93777],[-44.23064,-19.93792],[-44.23157,-19.93617],[-44.23159,-19.93605],[-44.23154,-19.93591],[-44.23152,-19.93576],[-44.23111,-19.93548],[-44.23074,-19.93529],[-44.23064,-19.93527],[-44.23023,-19.93529],[-44.22988,-19.93526],[-44.22984,-19.93552],[-44.23018,-19.9361],[-44.2301,-19.93625],[-44.23015,-19.93644],[-44.2299,-19.93656],[-44.22974,-19.93658],[-44.22963,-19.93672],[-44.22949,-19.93674],[-44.22944,-19.93686],[-44.22954,-19.93704],[-44.22942,-19.93728],[-44.22963,-19.93752],[-44.22959,-19.9377],[-44.22942,-19.93777],[-44.22922,-19.93777],[-44.22903,-19.9377],[-44.2289,-19.93753],[-44.22894,-19.93739],[-44.22868,-19.93731],[-44.2285,-19.93734],[-44.22836,-19.93742],[-44.22842,-19.93772],[-44.22842,-19.93785],[-44.22833,-19.938],[-44.22839,-19.93843],[-44.22826,-19.93854],[-44.22798,-19.93857],[-44.22786,-19.9386],[-44.22777,-19.93872],[-44.22776,-19.93889],[-44.22757,-19.9389],[-44.22736,-19.93899],[-44.22725,-19.93914],[-44.22727,-19.93935],[-44.22717,-19.93949],[-44.2269,-19.9397],[-44.22673,-19.93971],[-44.22668,-19.93984],[-44.22683,-19.93995],[-44.22697,-19.94001],[-44.22711,-19.94005],[-44.2272,-19.94015],[-44.22714,-19.94026],[-44.22692,-19.94026],[-44.22675,-19.94032],[-44.22685,-19.94044],[-44.2265,-19.94063],[-44.22646,-19.94084],[-44.22642,-19.94098],[-44.22626,-19.94104],[-44.22615,-19.94116],[-44.22608,-19.9413],[-44.22602,-19.94151],[-44.22616,-19.94156],[-44.22634,-19.94159],[-44.2264,-19.94179],[-44.22653,-19.94194],[-44.22674,-19.94206],[-44.22716,-19.9421],[-44.22767,-19.94211],[-44.22783,-19.94209],[-44.22797,-19.94204],[-44.2281,-19.94191],[-44.22826,-19.94186],[-44.22835,-19.942],[-44.22855,-19.94208],[-44.22864,-19.94227],[-44.22867,-19.94246],[-44.2286,-19.94259],[-44.22845,-19.94269],[-44.22834,-19.94284],[-44.22817,-19.94325],[-44.22809,-19.94337],[-44.22798,-19.9435],[-44.22773,-19.94367],[-44.22753,-19.94393],[-44.22742,-19.94402],[-44.22732,-19.94418],[-44.22729,-19.94435],[-44.2273,-19.94448],[-44.22736,-19.9446],[-44.22753,-19.94473],[-44.22767,-19.94465],[-44.2283,-19.94467],[-44.22848,-19.94473],[-44.22883,-19.94493],[-44.22897,-19.94508],[-44.22903,-19.94528],[-44.22903,-19.94543],[-44.22911,-19.94592],[-44.22907,-19.94605],[-44.22907,-19.94638],[-44.22905,-19.94673],[-44.2292,-19.94676],[-44.22935,-19.94695],[-44.22939,-19.94719],[-44.22936,-19.94739],[-44.22939,-19.94752],[-44.22959,-19.94762],[-44.2298,-19.94795],[-44.22993,-19.94798],[-44.23008,-19.94806],[-44.23018,-19.94821],[-44.23001,-19.94832],[-44.23005,-19.94845],[-44.23022,-19.94848],[-44.23042,-19.94847],[-44.2303,-19.94868],[-44.23046,-19.94869],[-44.23066,-19.9486],[-44.23084,-19.94863],[-44.23075,-19.94874],[-44.2308,-19.9489],[-44.23099,-19.94882],[-44.23112,-19.94881],[-44.23125,-19.94883],[-44.23124,-19.94897],[-44.23135,-19.94911],[-44.2315,-19.94902],[-44.23163,-19.94899],[-44.23182,-19.94905],[-44.232,-19.94916],[-44.23191,-19.94934],[-44.23201,-19.94954],[-44.23212,-19.94969],[-44.23214,-19.94975],[-44.23214,-19.94998],[-44.23211,-19.95017],[-44.23202,-19.95044],[-44.23169,-19.95063],[-44.23156,-19.95072],[-44.23159,-19.95088],[-44.23201,-19.95203],[-44.23206,-19.95249],[-44.23218,-19.95264],[-44.23231,-19.95307],[-44.23251,-19.95297],[-44.23261,-19.9531],[-44.23251,-19.95324],[-44.23254,-19.95338],[-44.23273,-19.95355],[-44.23301,-19.95398],[-44.23343,-19.95427],[-44.23361,-19.95443],[-44.23383,-19.95452],[-44.23393,-19.95464],[-44.23407,-19.95471],[-44.23421,-19.95498],[-44.23438,-19.9552],[-44.23478,-19.95541],[-44.23507,-19.95576],[-44.23516,-19.95603],[-44.23519,-19.95616],[-44.23533,-19.95632],[-44.23555,-19.95653],[-44.2357,-19.95661],[-44.23587,-19.95676],[-44.23594,-19.9569],[-44.23603,-19.957],[-44.23617,-19.95725],[-44.2362,-19.95739],[-44.2362,-19.95764],[-44.23618,-19.95782],[-44.23621,-19.95799],[-44.23625,-19.95816],[-44.23627,-19.95837],[-44.23619,-19.95866],[-44.2361,-19.95884],[-44.23599,-19.95892],[-44.23601,-19.95911],[-44.23599,-19.95946],[-44.23611,-19.95955],[-44.23629,-19.95961],[-44.23641,-19.95969],[-44.23662,-19.95973],[-44.23644,-19.95986],[-44.23636,-19.96001],[-44.23627,-19.9602],[-44.23624,-19.9604],[-44.23639,-19.96049],[-44.23659,-19.96051],[-44.23656,-19.96065],[-44.23682,-19.96085],[-44.23677,-19.96101],[-44.23685,-19.96114],[-44.23699,-19.96127],[-44.23778,-19.96164],[-44.23792,-19.96162],[-44.23834,-19.96134],[-44.23857,-19.96124],[-44.2386,-19.96139],[-44.23873,-19.96152],[-44.23876,-19.96167],[-44.23886,-19.96187],[-44.23921,-19.96207],[-44.23935,-19.96226],[-44.2395,-19.96237],[-44.23967,-19.96241],[-44.24004,-19.96236],[-44.2402,-19.96241],[-44.24035,-19.9625],[-44.24055,-19.96266],[-44.24071,-19.96267],[-44.24095,-19.96246],[-44.24118,-19.96242],[-44.24142,-19.9625],[-44.2417,-19.96241],[-44.24233,-19.96166],[-44.24244,-19.96146],[-44.24236,-19.96131],[-44.24208,-19.96116],[-44.24162,-19.96099],[-44.24127,-19.96067],[-44.24101,-19.96028],[-44.24086,-19.95997],[-44.24078,-19.95973],[-44.24073,-19.95888],[-44.24082,-19.95853],[-44.24094,-19.95822],[-44.24102,-19.9578],[-44.24111,-19.95747],[-44.24125,-19.95713],[-44.24136,-19.95677],[-44.24016,-19.95616],[-44.23927,-19.95436],[-44.23964,-19.95418],[-44.23914,-19.95304],[-44.23913,-19.95294],[-44.23877,-19.95222],[-44.23984,-19.94868],[-44.23998,-19.94658],[-44.2403,-19.9439],[-44.23978,-19.94224],[-44.2403,-19.9411],[-44.24117,-19.94116],[-44.24208,-19.94028],[-44.24156,-19.94012],[-44.24122,-19.94005],[-44.24088,-19.94],[-44.24045,-19.93999],[-44.23595,-19.94018]]]]}},{"type":"Feature","properties":{"territory_id":"mg-3106705-alto-das-flores","name":"Alto das Flores","municipality_id":"mg-3106705","polling_places":1,"approx":false,"official":true,"method":"official-ibge-cd2022","whole_municipality":false,"approx_coords_only":false,"official_name":"Alto das Flores","official_code":"3106705025","match":"direct"},"geometry":{"type":"MultiPolygon","coordinates":[[[[-44.18705,-19.93187],[-44.18591,-19.93131],[-44.18562,-19.93122],[-44.18527,-19.93115],[-44.18221,-19.93342],[-44.18223,-19.93346],[-44.18224,-19.93366],[-44.18221,-19.93386],[-44.18151,-19.93619],[-44.1813,-19.93705],[-44.18229,-19.93705],[-44.18291,-19.93709],[-44.18317,-19.93715],[-44.18345,-19.93733],[-44.18363,-19.93747],[-44.18437,-19.93825],[-44.18479,-19.93867],[-44.18514,-19.93898],[-44.18536,-19.93922],[-44.18637,-19.94021],[-44.18677,-19.94084],[-44.18695,-19.94061],[-44.18767,-19.94],[-44.18763,-19.93967],[-44.18784,-19.93927],[-44.18796,-19.93898],[-44.18819,-19.93857],[-44.18841,-19.93802],[-44.18849,-19.93789],[-44.18868,-19.93749],[-44.18891,-19.93719],[-44.18896,-19.93704],[-44.18899,-19.93662],[-44.18904,-19.93644],[-44.18919,-19.93621],[-44.18939,-19.93596],[-44.18951,-19.93583],[-44.18967,-19.93571],[-44.18969,-19.93545],[-44.18983,-19.93526],[-44.18988,-19.93509],[-44.18986,-19.93489],[-44.18993,-19.93475],[-44.19016,-19.93453],[-44.19027,-19.93435],[-44.19038,-19.93427],[-44.19078,-19.93414],[-44.18985,-19.93381],[-44.1897,-19.93375],[-44.18949,-19.93363],[-44.18926,-19.93344],[-44.18914,-19.9333],[-44.18884,-19.93285],[-44.18867,-19.93267],[-44.18839,-19.93246],[-44.18825,-19.93239],[-44.18705,-19.93187]]]]}},{"type":"Feature","properties":{"territory_id":"mg-3106705-alvorada","name":"Alvorada","municipality_id":"mg-3106705","polling_places":1,"approx":false,"official":true,"method":"official-ibge-cd2022","whole_municipality":false,"approx_coords_only":false,"official_name":"Alvorada","official_code":"3106705067","match":"direct"},"geometry":{"type":"MultiPolygon","coordinates":[[[[-44.09526,-19.93732],[-44.09515,-19.93748],[-44.09488,-19.93776],[-44.09471,-19.93787],[-44.09444,-19.938],[-44.09416,-19.93808],[-44.094,-19.9381],[-44.09284,-19.9381],[-44.09372,-19.93911],[-44.09413,-19.93938],[-44.09424,-19.93958],[-44.09399,-19.93973],[-44.09391,-19.93985],[-44.09395,-19.94008],[-44.09379,-19.94022],[-44.09375,-19.94037],[-44.09404,-19.94061],[-44.09449,-19.94095],[-44.09474,-19.9412],[-44.0951,-19.94145],[-44.09544,-19.94165],[-44.09579,-19.94143],[-44.09607,-19.94132],[-44.09629,-19.94126],[-44.09662,-19.94124],[-44.09671,-19.94125],[-44.09711,-19.94121],[-44.09725,-19.94117],[-44.09737,-19.94111],[-44.09748,-19.94101],[-44.09759,-19.94095],[-44.09768,-19.94095],[-44.09771,-19.94092],[-44.09783,-19.94112],[-44.09811,-19.94151],[-44.09906,-19.9427],[-44.0993,-19.94296],[-44.09984,-19.94347],[-44.1007,-19.94194],[-44.10113,-19.9411],[-44.10136,-19.94075],[-44.10148,-19.94062],[-44.10177,-19.94003],[-44.10191,-19.93986],[-44.10226,-19.93948],[-44.10214,-19.93938],[-44.10198,-19.93927],[-44.09962,-19.93777],[-44.09934,-19.93752],[-44.09907,-19.93707],[-44.09901,-19.93685],[-44.0989,-19.9362],[-44.09871,-19.93557],[-44.09852,-19.93508],[-44.09842,-19.93488],[-44.09828,-19.93469],[-44.09809,-19.93449],[-44.09772,-19.93423],[-44.09751,-19.93413],[-44.09721,-19.93408],[-44.09693,-19.93406],[-44.09637,-19.93416],[-44.09599,-19.93435],[-44.0957,-19.9346],[-44.09552,-19.93488],[-44.09537,-19.93529],[-44.09534,-19.93559],[-44.09542,-19.93665],[-44.09541,-19.93686],[-44.09534,-19.9372],[-44.09526,-19.93732]]]]}},{"type":"Feature","properties":{"territory_id":"mg-3106705-amarante","name":"Amarante","municipality_id":"mg-3106705","polling_places":1,"approx":false,"official":true,"method":"official-ibge-cd2022","whole_municipality":false,"approx_coords_only":false,"official_name":"Amarante","official_code":"3106705101","match":"direct"},"geometry":{"type":"MultiPolygon","coordinates":[[[[-44.13949,-19.94479],[-44.13936,-19.94468],[-44.13921,-19.94448],[-44.13917,-19.94433],[-44.13905,-19.94422],[-44.13889,-19.94391],[-44.13871,-19.9438],[-44.13855,-19.94372],[-44.13845,-19.94349],[-44.13845,-19.94332],[-44.13814,-19.94243],[-44.13791,-19.94224],[-44.13753,-19.94216],[-44.13696,-19.94192],[-44.13645,-19.94159],[-44.13608,-19.9415],[-44.13584,-19.94135],[-44.13577,-19.94111],[-44.13452,-19.94134],[-44.13443,-19.94129],[-44.13426,-19.94126],[-44.13412,-19.94126],[-44.13394,-19.94129],[-44.13334,-19.94385],[-44.13372,-19.94388],[-44.13392,-19.94391],[-44.13432,-19.94406],[-44.13584,-19.9449],[-44.13618,-19.9451],[-44.13628,-19.94517],[-44.13638,-19.94532],[-44.13722,-19.94674],[-44.13837,-19.94887],[-44.1385,-19.94907],[-44.13884,-19.94938],[-44.14061,-19.95057],[-44.141,-19.95077],[-44.14155,-19.951],[-44.14178,-19.95112],[-44.14206,-19.95135],[-44.14347,-19.95272],[-44.14387,-19.95232],[-44.14364,-19.95221],[-44.14363,-19.95209],[-44.14361,-19.95205],[-44.14355,-19.95201],[-44.14332,-19.95195],[-44.14321,-19.9519],[-44.14317,-19.95185],[-44.14313,-19.95168],[-44.1432,-19.95153],[-44.14312,-19.95145],[-44.1428,-19.95094],[-44.14204,-19.94968],[-44.14177,-19.9493],[-44.14162,-19.94913],[-44.14121,-19.94872],[-44.14097,-19.94852],[-44.14088,-19.94841],[-44.14075,-19.94819],[-44.14062,-19.94785],[-44.14047,-19.94763],[-44.1403,-19.94724],[-44.14021,-19.94711],[-44.14019,-19.94696],[-44.14033,-19.9467],[-44.14038,-19.94649],[-44.14026,-19.94622],[-44.14026,-19.94586],[-44.14021,-19.94564],[-44.14024,-19.94548],[-44.14033,-19.94537],[-44.14033,-19.94523],[-44.14023,-19.94509],[-44.14015,-19.94491],[-44.13993,-19.9449],[-44.13975,-19.94485],[-44.13949,-19.94479]]]]}},{"type":"Feature","properties":{"territory_id":"mg-3106705-amazonas","name":"Amazonas","municipality_id":"mg-3106705","polling_places":1,"approx":false,"official":true,"method":"official-ibge-cd2022","whole_municipality":false,"approx_coords_only":false,"official_name":"Amazonas","official_code":"3106705068","match":"direct"},"geometry":{"type":"MultiPolygon","coordinates":[[[[-44.10171,-19.94947],[-44.10203,-19.94932],[-44.10283,-19.94899],[-44.10297,-19.94892],[-44.10362,-19.94838],[-44.10375,-19.94831],[-44.10386,-19.94827],[-44.10442,-19.94826],[-44.10467,-19.94819],[-44.10488,-19.94809],[-44.10509,-19.94795],[-44.10522,-19.94789],[-44.10534,-19.94788],[-44.10724,-19.94809],[-44.10766,-19.9479],[-44.10829,-19.94745],[-44.10865,-19.94729],[-44.10892,-19.94711],[-44.10906,-19.94693],[-44.10863,-19.94671],[-44.10819,-19.94651],[-44.10771,-19.94646],[-44.10726,-19.94646],[-44.10652,-19.94642],[-44.10615,-19.94628],[-44.10587,-19.94607],[-44.10564,-19.94573],[-44.10536,-19.94525],[-44.10526,-19.9448],[-44.10523,-19.94433],[-44.10511,-19.94391],[-44.10486,-19.94352],[-44.10453,-19.94319],[-44.10418,-19.94288],[-44.10404,-19.94277],[-44.10382,-19.94256],[-44.1036,-19.94222],[-44.1035,-19.94202],[-44.10341,-19.94177],[-44.1033,-19.94137],[-44.10319,-19.94086],[-44.10303,-19.94042],[-44.10292,-19.94018],[-44.10283,-19.94004],[-44.10251,-19.93966],[-44.10226,-19.93948],[-44.10191,-19.93986],[-44.10177,-19.94003],[-44.10148,-19.94062],[-44.10136,-19.94075],[-44.10113,-19.9411],[-44.1007,-19.94194],[-44.09906,-19.94483],[-44.0984,-19.94598],[-44.09667,-19.94909],[-44.09675,-19.94914],[-44.09727,-19.94932],[-44.0975,-19.9496],[-44.09769,-19.94993],[-44.09804,-19.9504],[-44.09834,-19.95038],[-44.09884,-19.9507],[-44.099,-19.95084],[-44.09926,-19.95111],[-44.10103,-19.95096],[-44.10097,-19.95032],[-44.10099,-19.95022],[-44.1013,-19.94983],[-44.10156,-19.94955],[-44.10171,-19.94947]]]]}},{"type":"Feature","properties":{"territory_id":"mg-3106705-angola","name":"Angola","municipality_id":"mg-3106705","polling_places":2,"approx":false,"official":true,"method":"official-ibge-cd2022","whole_municipality":false,"approx_coords_only":false,"official_name":"Angola","official_code":"3106705001","match":"direct"},"geometry":{"type":"MultiPolygon","coordinates":[[[[-44.20566,-19.96277],[-44.20636,-19.96169],[-44.20573,-19.96048],[-44.20548,-19.96001],[-44.20527,-19.95969],[-44.20501,-19.95946],[-44.20455,-19.95922],[-44.20384,-19.95887],[-44.20362,-19.95873],[-44.20346,-19.95845],[-44.20343,-19.95781],[-44.2035,-19.95766],[-44.20462,-19.95593],[-44.20468,-19.95574],[-44.20469,-19.95559],[-44.20467,-19.95552],[-44.2043,-19.95466],[-44.20403,-19.95396],[-44.20383,-19.95372],[-44.2036,-19.95367],[-44.20388,-19.95272],[-44.20377,-19.95268],[-44.20356,-19.95263],[-44.20241,-19.95244],[-44.20091,-19.9521],[-44.20042,-19.95197],[-44.20032,-19.95303],[-44.20026,-19.95347],[-44.20008,-19.95413],[-44.19996,-19.95449],[-44.19986,-19.95472],[-44.19993,-19.95476],[-44.20004,-19.95525],[-44.2005,-19.95689],[-44.20082,-19.95806],[-44.19948,-19.9584],[-44.19744,-19.95895],[-44.19777,-19.95982],[-44.19788,-19.96005],[-44.19807,-19.96036],[-44.19815,-19.96046],[-44.19858,-19.96086],[-44.19927,-19.96141],[-44.19946,-19.96161],[-44.19958,-19.96182],[-44.1997,-19.96212],[-44.19983,-19.96325],[-44.20002,-19.96355],[-44.20008,-19.96362],[-44.20021,-19.9637],[-44.20025,-19.96378],[-44.20051,-19.96396],[-44.20367,-19.96601],[-44.20434,-19.96596],[-44.20553,-19.96594],[-44.20519,-19.96385],[-44.20521,-19.96363],[-44.20526,-19.96351],[-44.20535,-19.96334],[-44.20566,-19.96277]]]]}},{"type":"Feature","properties":{"territory_id":"mg-3106705-aroeiras","name":"Aroeiras","municipality_id":"mg-3106705","polling_places":1,"approx":false,"official":true,"method":"official-ibge-cd2022","whole_municipality":false,"approx_coords_only":false,"official_name":"Aroeiras","official_code":"3106705076","match":"direct"},"geometry":{"type":"MultiPolygon","coordinates":[[[[-44.21409,-19.98007],[-44.21294,-19.98038],[-44.21262,-19.98048],[-44.21218,-19.98068],[-44.21178,-19.9809],[-44.21138,-19.98121],[-44.21028,-19.98216],[-44.20936,-19.98298],[-44.2088,-19.98341],[-44.20825,-19.98375],[-44.20739,-19.98412],[-44.20306,-19.98586],[-44.20335,-19.98646],[-44.20429,-19.98784],[-44.20462,-19.98829],[-44.20507,-19.98876],[-44.20627,-19.98992],[-44.20665,-19.9904],[-44.20693,-19.99085],[-44.20727,-19.99155],[-44.20828,-19.99417],[-44.2087,-19.99513],[-44.20895,-19.99567],[-44.20953,-19.99662],[-44.21,-19.99635],[-44.21063,-19.99635],[-44.21093,-19.99644],[-44.21131,-19.99667],[-44.21165,-19.99674],[-44.21191,-19.99713],[-44.21215,-19.99732],[-44.2123,-19.99767],[-44.21242,-19.99772],[-44.21297,-19.99788],[-44.21407,-19.99789],[-44.2154,-19.99867],[-44.2171,-19.99974],[-44.21742,-19.99972],[-44.218,-19.99934],[-44.2182,-19.99909],[-44.21912,-19.99858],[-44.22062,-19.99771],[-44.22145,-19.99725],[-44.22196,-19.99672],[-44.22265,-19.99643],[-44.2237,-19.99622],[-44.22408,-19.99583],[-44.22402,-19.9951],[-44.22843,-19.99743],[-44.23094,-19.99873],[-44.23025,-20.00108],[-44.23033,-20.00097],[-44.23045,-20.00087],[-44.23221,-19.99972],[-44.2324,-19.99962],[-44.23302,-19.99946],[-44.23322,-19.99939],[-44.23352,-19.99919],[-44.23373,-19.99902],[-44.23387,-19.99886],[-44.23394,-19.99874],[-44.23412,-19.99828],[-44.23418,-19.99806],[-44.23418,-19.99793],[-44.23394,-19.99716],[-44.23395,-19.99704],[-44.23405,-19.99695],[-44.23467,-19.99655],[-44.23618,-19.99534],[-44.23699,-19.99463],[-44.23726,-19.99444],[-44.23755,-19.99426],[-44.23789,-19.9942],[-44.23854,-19.99373],[-44.23811,-19.9935],[-44.23802,-19.99284],[-44.23717,-19.99213],[-44.23514,-19.99067],[-44.23469,-19.99149],[-44.22888,-19.99356],[-44.23009,-19.98564],[-44.23046,-19.98439],[-44.23189,-19.98293],[-44.23217,-19.98254],[-44.23101,-19.98212],[-44.22915,-19.98133],[-44.22656,-19.98026],[-44.22636,-19.98012],[-44.22462,-19.97944],[-44.22367,-19.97903],[-44.22242,-19.97853],[-44.22195,-19.97839],[-44.2215,-19.97832],[-44.22105,-19.97829],[-44.22056,-19.97832],[-44.21972,-19.97849],[-44.21802,-19.97898],[-44.2158,-19.97959],[-44.21469,-19.97991],[-44.21409,-19.98007]]]]}},{"type":"Feature","properties":{"territory_id":"mg-3106705-bandeirinhas","name":"Bandeirinhas","municipality_id":"mg-3106705","polling_places":1,"approx":false,"official":true,"method":"official-ibge-cd2022","whole_municipality":false,"approx_coords_only":false,"official_name":"Bandeirinhas","official_code":"3106705003","match":"direct"},"geometry":{"type":"MultiPolygon","coordinates":[[[[-44.16449,-20.00048],[-44.16446,-20.00091],[-44.16442,-20.00104],[-44.16419,-20.00153],[-44.16417,-20.00166],[-44.1642,-20.00195],[-44.16427,-20.00211],[-44.16448,-20.00234],[-44.16527,-20.00308],[-44.16534,-20.00322],[-44.16543,-20.00388],[-44.16546,-20.00393],[-44.16579,-20.00413],[-44.16597,-20.0042],[-44.16562,-20.005],[-44.16558,-20.005],[-44.16461,-20.00524],[-44.16512,-20.00772],[-44.16444,-20.00797],[-44.16409,-20.00811],[-44.16384,-20.00826],[-44.16305,-20.00939],[-44.16282,-20.00963],[-44.16272,-20.00973],[-44.16262,-20.00977],[-44.16245,-20.00984],[-44.16234,-20.00987],[-44.16223,-20.00988],[-44.16202,-20.00988],[-44.1618,-20.00985],[-44.16141,-20.00975],[-44.16124,-20.00968],[-44.16096,-20.00969],[-44.16076,-20.00972],[-44.16064,-20.00976],[-44.1603,-20.01002],[-44.16035,-20.01005],[-44.16061,-20.01031],[-44.16075,-20.01045],[-44.1609,-20.01054],[-44.161,-20.01071],[-44.16115,-20.01111],[-44.16144,-20.01143],[-44.16155,-20.01151],[-44.16164,-20.01161],[-44.1617,-20.01172],[-44.16173,-20.01185],[-44.16185,-20.01196],[-44.16196,-20.01214],[-44.16196,-20.01237],[-44.16191,-20.01257],[-44.16201,-20.01269],[-44.16218,-20.01298],[-44.16228,-20.01306],[-44.1627,-20.01327],[-44.16296,-20.01342],[-44.16308,-20.01354],[-44.16316,-20.01368],[-44.1632,-20.01387],[-44.16334,-20.01406],[-44.16331,-20.01421],[-44.16322,-20.01439],[-44.16319,-20.01456],[-44.16313,-20.01467],[-44.1631,-20.01479],[-44.16317,-20.01494],[-44.16314,-20.01517],[-44.16323,-20.01568],[-44.16309,-20.01611],[-44.16333,-20.01627],[-44.16354,-20.01634],[-44.16376,-20.01645],[-44.16389,-20.0166],[-44.16426,-20.01711],[-44.16439,-20.01725],[-44.16489,-20.01757],[-44.16504,-20.01771],[-44.16513,-20.01785],[-44.16514,-20.01816],[-44.16513,-20.01836],[-44.16506,-20.01878],[-44.16497,-20.01902],[-44.16494,-20.01926],[-44.16489,-20.01947],[-44.16486,-20.01994],[-44.16477,-20.02022],[-44.16482,-20.02043],[-44.16505,-20.02059],[-44.16513,-20.02078],[-44.16562,-20.02152],[-44.16575,-20.02202],[-44.16576,-20.02255],[-44.16598,-20.02269],[-44.16657,-20.02321],[-44.16657,-20.0237],[-44.16691,-20.02427],[-44.16697,-20.0248],[-44.16709,-20.02502],[-44.16726,-20.02574],[-44.16789,-20.02668],[-44.16791,-20.02721],[-44.16837,-20.02837],[-44.16844,-20.02899],[-44.16851,-20.02907],[-44.16866,-20.02904],[-44.16891,-20.02904],[-44.16914,-20.02907],[-44.16965,-20.02909],[-44.16992,-20.02912],[-44.17016,-20.02921],[-44.17051,-20.0295],[-44.17084,-20.02987],[-44.17104,-20.03003],[-44.17125,-20.03014],[-44.1715,-20.03007],[-44.17161,-20.02987],[-44.17171,-20.02964],[-44.17188,-20.0295],[-44.17214,-20.02939],[-44.17268,-20.02926],[-44.17293,-20.02924],[-44.17356,-20.02923],[-44.17567,-20.02926],[-44.17593,-20.02934],[-44.17618,-20.02946],[-44.17684,-20.02989],[-44.17724,-20.03021],[-44.17761,-20.0306],[-44.17775,-20.03079],[-44.17815,-20.03106],[-44.17835,-20.03122],[-44.17857,-20.0311],[-44.17858,-20.0308],[-44.17839,-20.03066],[-44.17841,-20.03024],[-44.17906,-20.02955],[-44.17919,-20.029],[-44.17867,-20.02778],[-44.17869,-20.02723],[-44.17837,-20.0262],[-44.17868,-20.02538],[-44.17908,-20.0249],[-44.17945,-20.02493],[-44.17997,-20.02473],[-44.1804,-20.02462],[-44.18099,-20.02408],[-44.18192,-20.02332],[-44.18125,-20.02287],[-44.17859,-20.02189],[-44.17841,-20.02186],[-44.1782,-20.02184],[-44.17793,-20.02185],[-44.17764,-20.02175],[-44.17741,-20.02152],[-44.17682,-20.02099],[-44.17655,-20.02085],[-44.17642,-20.02081],[-44.17634,-20.02073],[-44.17623,-20.02052],[-44.17619,-20.02041],[-44.17617,-20.02029],[-44.17619,-20.02013],[-44.17637,-20.01923],[-44.17634,-20.019],[-44.17623,-20.01867],[-44.17598,-20.01813],[-44.17584,-20.0179],[-44.17574,-20.01778],[-44.17557,-20.01762],[-44.17545,-20.01756],[-44.17515,-20.01744],[-44.17511,-20.01738],[-44.175,-20.01705],[-44.17681,-20.01665],[-44.17733,-20.01649],[-44.17754,-20.01639],[-44.17788,-20.0162],[-44.17897,-20.01553],[-44.1793,-20.01539],[-44.18054,-20.01492],[-44.181,-20.0148],[-44.18135,-20.01462],[-44.1816,-20.01452],[-44.18193,-20.01454],[-44.18224,-20.01453],[-44.18234,-20.01446],[-44.18242,-20.01436],[-44.18245,-20.0143],[-44.18259,-20.01386],[-44.18252,-20.01301],[-44.18246,-20.01269],[-44.18233,-20.01231],[-44.18208,-20.01189],[-44.18175,-20.01137],[-44.18162,-20.01122],[-44.18147,-20.01111],[-44.18218,-20.01077],[-44.18299,-20.01044],[-44.1835,-20.01019],[-44.18367,-20.01013],[-44.18381,-20.0101],[-44.18411,-20.01014],[-44.18417,-20.01008],[-44.18483,-20.01009],[-44.18501,-20.01004],[-44.18527,-20.00981],[-44.18525,-20.00964],[-44.18519,-20.00949],[-44.18527,-20.00939],[-44.18535,-20.00925],[-44.18547,-20.00918],[-44.18543,-20.00877],[-44.18508,-20.00881],[-44.18479,-20.00887],[-44.18459,-20.00885],[-44.18428,-20.00859],[-44.18421,-20.0081],[-44.18408,-20.00763],[-44.18396,-20.00729],[-44.18431,-20.00712],[-44.18473,-20.00701],[-44.18487,-20.00692],[-44.18503,-20.00685],[-44.18517,-20.0068],[-44.18534,-20.00677],[-44.18546,-20.00644],[-44.18616,-20.00566],[-44.18618,-20.00539],[-44.18663,-20.00475],[-44.18685,-20.00406],[-44.18719,-20.00354],[-44.18742,-20.003],[-44.18784,-20.00257],[-44.18784,-20.00244],[-44.18755,-20.0021],[-44.18734,-20.00198],[-44.18689,-20.00182],[-44.18647,-20.00152],[-44.18628,-20.00161],[-44.18529,-20.00174],[-44.18439,-20.00196],[-44.18405,-20.00205],[-44.18375,-20.00211],[-44.18334,-20.00204],[-44.18287,-20.0019],[-44.18262,-20.00179],[-44.18187,-20.00155],[-44.18134,-20.00131],[-44.18129,-20.00118],[-44.1813,-20.00106],[-44.18117,-20.00057],[-44.18117,-20.00035],[-44.18101,-20.00009],[-44.18103,-20.00006],[-44.18135,-19.99924],[-44.18151,-19.99897],[-44.18166,-19.99897],[-44.1818,-19.99886],[-44.18187,-19.99873],[-44.18263,-19.9985],[-44.18272,-19.99835],[-44.18291,-19.99813],[-44.18302,-19.99791],[-44.18313,-19.99784],[-44.18249,-19.99751],[-44.1808,-19.99731],[-44.18077,-19.99729],[-44.17977,-19.99714],[-44.17852,-19.99696],[-44.17838,-19.99691],[-44.17825,-19.99683],[-44.17812,-19.99671],[-44.17771,-19.99626],[-44.17759,-19.99631],[-44.17742,-19.99636],[-44.1773,-19.99636],[-44.17722,-19.99633],[-44.17714,-19.99625],[-44.17696,-19.99601],[-44.17632,-19.99603],[-44.17603,-19.99599],[-44.17595,-19.99596],[-44.17553,-19.99569],[-44.17544,-19.99579],[-44.17534,-19.99586],[-44.17526,-19.99587],[-44.17515,-19.99586],[-44.17503,-19.9958],[-44.17389,-19.99663],[-44.17164,-19.99832],[-44.17151,-19.99837],[-44.17141,-19.99832],[-44.17136,-19.99818],[-44.17125,-19.99765],[-44.17101,-19.99697],[-44.17091,-19.99683],[-44.17049,-19.99572],[-44.17053,-19.99548],[-44.17005,-19.99539],[-44.1695,-19.99544],[-44.16932,-19.99556],[-44.16917,-19.99561],[-44.16901,-19.99573],[-44.16864,-19.99591],[-44.16849,-19.99596],[-44.16793,-19.99635],[-44.16781,-19.99655],[-44.1672,-19.99719],[-44.16683,-19.99738],[-44.16616,-19.99761],[-44.16476,-19.9976],[-44.16491,-19.99887],[-44.16489,-19.99921],[-44.16483,-19.99939],[-44.16466,-19.99975],[-44.16448,-20.00043],[-44.16449,-20.00048]]]]}},{"type":"Feature","properties":{"territory_id":"mg-3106705-betim-industrial","name":"Betim Industrial","municipality_id":"mg-3106705","polling_places":1,"approx":false,"official":true,"method":"official-ibge-cd2022","whole_municipality":false,"approx_coords_only":false,"official_name":"Betim Industrial","official_code":"3106705038","match":"direct"},"geometry":{"type":"MultiPolygon","coordinates":[[[[-44.16448,-19.95508],[-44.16442,-19.95472],[-44.16441,-19.95449],[-44.16341,-19.95536],[-44.16336,-19.95543],[-44.16255,-19.95733],[-44.16247,-19.95756],[-44.16235,-19.95775],[-44.16139,-19.95855],[-44.1608,-19.95913],[-44.16088,-19.95959],[-44.16089,-19.9598],[-44.16087,-19.95991],[-44.161,-19.95995],[-44.1613,-19.96063],[-44.16129,-19.96069],[-44.16125,-19.96076],[-44.16104,-19.96157],[-44.16783,-19.96342],[-44.17107,-19.96425],[-44.17149,-19.96438],[-44.17239,-19.9646],[-44.17452,-19.96518],[-44.17464,-19.96433],[-44.17466,-19.964],[-44.1748,-19.96384],[-44.17499,-19.96372],[-44.17598,-19.96338],[-44.17704,-19.96251],[-44.17819,-19.96206],[-44.17828,-19.962],[-44.17828,-19.96177],[-44.17841,-19.96176],[-44.17813,-19.96174],[-44.17793,-19.96171],[-44.17778,-19.96165],[-44.17759,-19.96156],[-44.17742,-19.96145],[-44.1773,-19.96133],[-44.17506,-19.95891],[-44.17491,-19.9588],[-44.17482,-19.95875],[-44.17421,-19.9585],[-44.17192,-19.95763],[-44.1696,-19.95718],[-44.16939,-19.95712],[-44.16927,-19.95706],[-44.16915,-19.95698],[-44.16735,-19.95509],[-44.1661,-19.95612],[-44.16568,-19.95668],[-44.16545,-19.9565],[-44.16531,-19.95638],[-44.16512,-19.95618],[-44.16492,-19.95595],[-44.16478,-19.95575],[-44.16466,-19.95553],[-44.16449,-19.95512],[-44.16448,-19.95508]]]]}},{"type":"Feature","properties":{"territory_id":"mg-3106705-bom-retiro","name":"Bom Retiro","municipality_id":"mg-3106705","polling_places":1,"approx":false,"official":true,"method":"official-ibge-cd2022","whole_municipality":false,"approx_coords_only":false,"official_name":"Bom Retiro","official_code":"3106705027","match":"direct"},"geometry":{"type":"MultiPolygon","coordinates":[[[[-44.19965,-19.94226],[-44.19989,-19.9421],[-44.20015,-19.94196],[-44.20099,-19.94154],[-44.20112,-19.94144],[-44.20139,-19.94097],[-44.20143,-19.94085],[-44.20148,-19.94066],[-44.20151,-19.94029],[-44.20151,-19.94003],[-44.2015,-19.9399],[-44.20139,-19.93962],[-44.20251,-19.93983],[-44.20364,-19.93771],[-44.20474,-19.93559],[-44.20413,-19.93507],[-44.20431,-19.93444],[-44.20438,-19.93422],[-44.20458,-19.93383],[-44.20479,-19.9335],[-44.20493,-19.93353],[-44.20574,-19.93206],[-44.20443,-19.93144],[-44.20296,-19.93077],[-44.2029,-19.93073],[-44.20284,-19.93066],[-44.20266,-19.93035],[-44.20222,-19.92978],[-44.20191,-19.92943],[-44.20141,-19.93015],[-44.20126,-19.92981],[-44.20112,-19.92944],[-44.20104,-19.92931],[-44.20059,-19.92886],[-44.20009,-19.92826],[-44.19922,-19.92894],[-44.19857,-19.92949],[-44.19769,-19.93014],[-44.19756,-19.93026],[-44.19704,-19.93065],[-44.19665,-19.93087],[-44.19647,-19.93088],[-44.19613,-19.93085],[-44.19582,-19.93102],[-44.19512,-19.93126],[-44.1941,-19.93153],[-44.19388,-19.93148],[-44.19354,-19.93118],[-44.19299,-19.93076],[-44.19018,-19.93393],[-44.19078,-19.93414],[-44.19101,-19.93429],[-44.1913,-19.93484],[-44.19134,-19.93488],[-44.19218,-19.93557],[-44.19231,-19.93563],[-44.19403,-19.93622],[-44.19423,-19.93631],[-44.1943,-19.93635],[-44.19533,-19.9373],[-44.19556,-19.93766],[-44.19626,-19.93895],[-44.19723,-19.94063],[-44.19783,-19.94173],[-44.19789,-19.94177],[-44.19791,-19.94181],[-44.19787,-19.94187],[-44.19783,-19.94202],[-44.19782,-19.94216],[-44.19785,-19.94224],[-44.19792,-19.94231],[-44.19803,-19.94233],[-44.19814,-19.94227],[-44.19825,-19.94215],[-44.19837,-19.94216],[-44.19857,-19.94243],[-44.19866,-19.94259],[-44.19869,-19.94277],[-44.19864,-19.94399],[-44.19862,-19.94488],[-44.19956,-19.94239],[-44.19965,-19.94226]]]]}},{"type":"Feature","properties":{"territory_id":"mg-3106705-brasileia","name":"Brasileia","municipality_id":"mg-3106705","polling_places":3,"approx":false,"official":true,"method":"official-ibge-cd2022","whole_municipality":false,"approx_coords_only":false,"official_name":"Brasiléia","official_code":"3106705004","match":"direct"},"geometry":{"type":"MultiPolygon","coordinates":[[[[-44.21379,-19.98015],[-44.21802,-19.97898],[-44.21972,-19.97849],[-44.22056,-19.97832],[-44.22105,-19.97829],[-44.2215,-19.97832],[-44.22195,-19.97839],[-44.22242,-19.97853],[-44.22367,-19.97903],[-44.22462,-19.97944],[-44.22636,-19.98012],[-44.2263,-19.97995],[-44.22614,-19.97976],[-44.22622,-19.97947],[-44.22652,-19.97872],[-44.2266,-19.97827],[-44.22652,-19.97788],[-44.22634,-19.97746],[-44.22602,-19.97703],[-44.22561,-19.97675],[-44.22536,-19.97665],[-44.22511,-19.97659],[-44.22519,-19.97619],[-44.22522,-19.97595],[-44.22519,-19.97571],[-44.22533,-19.97553],[-44.22543,-19.97544],[-44.22548,-19.97527],[-44.22548,-19.9751],[-44.22551,-19.97498],[-44.22543,-19.97473],[-44.2253,-19.97458],[-44.22532,-19.97432],[-44.22525,-19.97418],[-44.22478,-19.97389],[-44.2243,-19.97424],[-44.22408,-19.97464],[-44.22395,-19.97499],[-44.22392,-19.97526],[-44.22349,-19.97531],[-44.22253,-19.97528],[-44.22218,-19.97486],[-44.22244,-19.97401],[-44.22249,-19.97378],[-44.22253,-19.97351],[-44.222,-19.97281],[-44.22179,-19.97267],[-44.22165,-19.97251],[-44.2215,-19.97213],[-44.22145,-19.97172],[-44.22131,-19.9716],[-44.22115,-19.97123],[-44.2209,-19.97096],[-44.22056,-19.97086],[-44.21963,-19.9711],[-44.21936,-19.97108],[-44.21905,-19.97112],[-44.21873,-19.97124],[-44.21853,-19.97139],[-44.21809,-19.97157],[-44.21785,-19.97164],[-44.21711,-19.97191],[-44.2166,-19.97225],[-44.21642,-19.97225],[-44.21619,-19.97233],[-44.21594,-19.97239],[-44.21563,-19.97237],[-44.21516,-19.97241],[-44.21391,-19.97221],[-44.21344,-19.97215],[-44.21303,-19.97206],[-44.213,-19.97175],[-44.21277,-19.97142],[-44.21272,-19.97101],[-44.21277,-19.97085],[-44.21256,-19.97023],[-44.21229,-19.96996],[-44.20973,-19.9679],[-44.20943,-19.96775],[-44.20909,-19.96767],[-44.20884,-19.96768],[-44.20869,-19.96771],[-44.20838,-19.96784],[-44.20808,-19.96803],[-44.20784,-19.96814],[-44.20763,-19.9682],[-44.20734,-19.9682],[-44.20708,-19.96814],[-44.2068,-19.96802],[-44.2067,-19.96794],[-44.20639,-19.96775],[-44.20565,-19.96829],[-44.20531,-19.9685],[-44.20507,-19.96862],[-44.20477,-19.96872],[-44.20458,-19.96876],[-44.20419,-19.96879],[-44.20386,-19.96875],[-44.20385,-19.96887],[-44.20376,-19.96908],[-44.20338,-19.96952],[-44.20322,-19.96974],[-44.20264,-19.96929],[-44.20184,-19.96859],[-44.20157,-19.9688],[-44.20136,-19.969],[-44.20127,-19.96911],[-44.20115,-19.96927],[-44.20073,-19.96998],[-44.2006,-19.97017],[-44.20048,-19.9703],[-44.19956,-19.97106],[-44.1991,-19.97159],[-44.19812,-19.97297],[-44.19747,-19.97462],[-44.19711,-19.97501],[-44.19691,-19.9752],[-44.19691,-19.97524],[-44.19669,-19.97561],[-44.19797,-19.97574],[-44.1982,-19.97578],[-44.19839,-19.97582],[-44.19857,-19.97589],[-44.19884,-19.97601],[-44.19911,-19.9762],[-44.19934,-19.97642],[-44.19949,-19.97662],[-44.19962,-19.97684],[-44.19974,-19.97711],[-44.19984,-19.97753],[-44.19988,-19.97763],[-44.20012,-19.97756],[-44.20067,-19.97752],[-44.20115,-19.97736],[-44.20161,-19.97735],[-44.20219,-19.97728],[-44.20275,-19.97704],[-44.20287,-19.97701],[-44.20316,-19.97702],[-44.20368,-19.97725],[-44.20394,-19.97765],[-44.20403,-19.97775],[-44.20434,-19.978],[-44.20454,-19.97819],[-44.20472,-19.97839],[-44.2049,-19.97864],[-44.20505,-19.97877],[-44.2051,-19.97877],[-44.20519,-19.97883],[-44.2054,-19.97906],[-44.20555,-19.97908],[-44.20575,-19.9793],[-44.20575,-19.97955],[-44.20562,-19.97977],[-44.20564,-19.97995],[-44.20562,-19.98009],[-44.20568,-19.98026],[-44.20567,-19.9803],[-44.20553,-19.98042],[-44.20549,-19.98056],[-44.20538,-19.9807],[-44.20538,-19.98084],[-44.20535,-19.98091],[-44.20522,-19.98103],[-44.20519,-19.9811],[-44.20517,-19.98124],[-44.20517,-19.98128],[-44.20516,-19.98143],[-44.20511,-19.98148],[-44.20506,-19.98162],[-44.20501,-19.98168],[-44.20473,-19.98186],[-44.20362,-19.98216],[-44.20324,-19.98235],[-44.20282,-19.98248],[-44.20211,-19.98276],[-44.20169,-19.98278],[-44.20224,-19.98408],[-44.2027,-19.98511],[-44.20306,-19.98586],[-44.20739,-19.98412],[-44.20825,-19.98375],[-44.2088,-19.98341],[-44.20936,-19.98298],[-44.21028,-19.98216],[-44.21138,-19.98121],[-44.21178,-19.9809],[-44.21218,-19.98068],[-44.21262,-19.98048],[-44.21294,-19.98038],[-44.21379,-19.98015]]]]}},{"type":"Feature","properties":{"territory_id":"mg-3106705-cachoeira","name":"Cachoeira","municipality_id":"mg-3106705","polling_places":1,"approx":false,"official":true,"method":"official-ibge-cd2022","whole_municipality":false,"approx_coords_only":false,"official_name":"Cachoeira","official_code":"3106705005","match":"direct"},"geometry":{"type":"MultiPolygon","coordinates":[[[[-44.22052,-19.96149],[-44.22018,-19.96173],[-44.22004,-19.96187],[-44.21991,-19.96202],[-44.2198,-19.96219],[-44.21973,-19.96231],[-44.21942,-19.96314],[-44.2193,-19.96337],[-44.2192,-19.96353],[-44.21903,-19.96372],[-44.21881,-19.96391],[-44.21831,-19.96421],[-44.21843,-19.96444],[-44.21845,-19.96451],[-44.21844,-19.96462],[-44.21841,-19.96467],[-44.21812,-19.96489],[-44.21798,-19.96497],[-44.21788,-19.96501],[-44.2175,-19.96512],[-44.21742,-19.96516],[-44.21729,-19.96524],[-44.21661,-19.96575],[-44.21654,-19.96583],[-44.2162,-19.96632],[-44.21608,-19.9668],[-44.21542,-19.9673],[-44.21436,-19.96818],[-44.21232,-19.96999],[-44.21256,-19.97023],[-44.21277,-19.97085],[-44.21272,-19.97101],[-44.21277,-19.97142],[-44.213,-19.97175],[-44.21303,-19.97206],[-44.21344,-19.97215],[-44.21391,-19.97221],[-44.21516,-19.97241],[-44.21563,-19.97237],[-44.21594,-19.97239],[-44.21619,-19.97233],[-44.21642,-19.97225],[-44.2166,-19.97225],[-44.21711,-19.97191],[-44.21785,-19.97164],[-44.21809,-19.97157],[-44.21853,-19.97139],[-44.21873,-19.97124],[-44.21905,-19.97112],[-44.21936,-19.97108],[-44.21963,-19.9711],[-44.22056,-19.97086],[-44.2209,-19.97096],[-44.22115,-19.97123],[-44.22131,-19.9716],[-44.22145,-19.97172],[-44.2215,-19.97213],[-44.22165,-19.97251],[-44.22179,-19.97267],[-44.222,-19.97281],[-44.22253,-19.97351],[-44.22249,-19.97378],[-44.22244,-19.97401],[-44.22218,-19.97486],[-44.22253,-19.97528],[-44.22349,-19.97531],[-44.22392,-19.97526],[-44.22395,-19.97499],[-44.22408,-19.97464],[-44.2243,-19.97424],[-44.22478,-19.97389],[-44.22525,-19.97418],[-44.22532,-19.97432],[-44.22547,-19.97435],[-44.22562,-19.97435],[-44.22568,-19.97425],[-44.22585,-19.97382],[-44.22593,-19.97371],[-44.22596,-19.97351],[-44.22612,-19.97299],[-44.22638,-19.97252],[-44.22639,-19.97234],[-44.22665,-19.97187],[-44.22676,-19.97156],[-44.22691,-19.97144],[-44.22711,-19.97145],[-44.22732,-19.97129],[-44.22762,-19.97115],[-44.22782,-19.97112],[-44.22795,-19.97113],[-44.22811,-19.97118],[-44.22834,-19.97115],[-44.22862,-19.97103],[-44.2288,-19.97098],[-44.229,-19.97087],[-44.22916,-19.97083],[-44.22965,-19.97076],[-44.22982,-19.97071],[-44.23027,-19.97049],[-44.23037,-19.97037],[-44.23026,-19.97013],[-44.23006,-19.97009],[-44.22975,-19.96998],[-44.22954,-19.96988],[-44.2294,-19.96967],[-44.22942,-19.96948],[-44.22951,-19.96931],[-44.22964,-19.96916],[-44.22977,-19.96876],[-44.22999,-19.9687],[-44.23015,-19.9687],[-44.23061,-19.96882],[-44.23087,-19.96881],[-44.23109,-19.96874],[-44.23133,-19.96855],[-44.23168,-19.96852],[-44.2317,-19.96837],[-44.2317,-19.9681],[-44.23187,-19.968],[-44.23208,-19.96784],[-44.23214,-19.96772],[-44.23227,-19.96757],[-44.23242,-19.96754],[-44.23264,-19.96742],[-44.2328,-19.96744],[-44.23313,-19.96758],[-44.23336,-19.96759],[-44.23355,-19.96766],[-44.23386,-19.96768],[-44.23402,-19.96761],[-44.23414,-19.96751],[-44.23435,-19.96744],[-44.23465,-19.96724],[-44.2348,-19.96728],[-44.23493,-19.96742],[-44.23507,-19.96753],[-44.23512,-19.9677],[-44.23512,-19.96789],[-44.2352,-19.96823],[-44.23529,-19.96855],[-44.23544,-19.96869],[-44.2356,-19.96872],[-44.23576,-19.96857],[-44.23588,-19.96842],[-44.2361,-19.9684],[-44.23624,-19.96845],[-44.23639,-19.96857],[-44.23651,-19.96863],[-44.23672,-19.96889],[-44.23697,-19.96898],[-44.23722,-19.96904],[-44.23742,-19.96902],[-44.23745,-19.96887],[-44.23739,-19.96873],[-44.23737,-19.96855],[-44.23746,-19.96843],[-44.23759,-19.96838],[-44.23773,-19.96826],[-44.23791,-19.96826],[-44.23837,-19.96856],[-44.23864,-19.96853],[-44.23864,-19.96836],[-44.2386,-19.96806],[-44.23875,-19.96799],[-44.23888,-19.96798],[-44.23904,-19.96808],[-44.23919,-19.96806],[-44.23927,-19.96793],[-44.2393,-19.96767],[-44.23947,-19.96761],[-44.23957,-19.96771],[-44.23977,-19.96761],[-44.23999,-19.96761],[-44.24019,-19.96745],[-44.24067,-19.96736],[-44.24084,-19.96727],[-44.24102,-19.96713],[-44.2411,-19.96697],[-44.24087,-19.96704],[-44.24074,-19.96696],[-44.24074,-19.96671],[-44.24066,-19.96649],[-44.24063,-19.96637],[-44.24063,-19.96623],[-44.24056,-19.96608],[-44.24073,-19.96595],[-44.24082,-19.96579],[-44.24085,-19.96559],[-44.24079,-19.96523],[-44.2407,-19.96509],[-44.24069,-19.9649],[-44.24066,-19.96468],[-44.24076,-19.96448],[-44.24094,-19.96437],[-44.2411,-19.9644],[-44.24136,-19.96429],[-44.24147,-19.96413],[-44.24148,-19.96393],[-44.24163,-19.96394],[-44.24178,-19.96384],[-44.24195,-19.96361],[-44.24194,-19.96348],[-44.24186,-19.96332],[-44.24167,-19.9633],[-44.24154,-19.9632],[-44.24155,-19.96275],[-44.24136,-19.9626],[-44.24105,-19.96251],[-44.2409,-19.96266],[-44.24055,-19.96266],[-44.24035,-19.9625],[-44.2402,-19.96241],[-44.24004,-19.96236],[-44.23967,-19.96241],[-44.2395,-19.96237],[-44.23935,-19.96226],[-44.23921,-19.96207],[-44.23886,-19.96187],[-44.23876,-19.96167],[-44.23873,-19.96152],[-44.2386,-19.96139],[-44.23857,-19.96124],[-44.23834,-19.96134],[-44.23792,-19.96162],[-44.23778,-19.96164],[-44.23699,-19.96127],[-44.23685,-19.96114],[-44.23677,-19.96101],[-44.23682,-19.96085],[-44.23656,-19.96065],[-44.23659,-19.96051],[-44.23639,-19.96049],[-44.23624,-19.9604],[-44.23627,-19.9602],[-44.23636,-19.96001],[-44.23644,-19.95986],[-44.23662,-19.95973],[-44.23641,-19.95969],[-44.23629,-19.95961],[-44.23611,-19.95955],[-44.23599,-19.95946],[-44.23601,-19.95911],[-44.23599,-19.95892],[-44.2361,-19.95884],[-44.23619,-19.95866],[-44.23627,-19.95837],[-44.23625,-19.95816],[-44.23621,-19.95799],[-44.23618,-19.95782],[-44.2362,-19.95764],[-44.2362,-19.95739],[-44.23617,-19.95725],[-44.23591,-19.95737],[-44.23555,-19.95751],[-44.2351,-19.9576],[-44.23446,-19.95775],[-44.23244,-19.95813],[-44.23059,-19.95878],[-44.2296,-19.9591],[-44.2282,-19.95773],[-44.22794,-19.95496],[-44.22989,-19.95371],[-44.23031,-19.95387],[-44.23049,-19.95388],[-44.23061,-19.95387],[-44.2307,-19.95385],[-44.2308,-19.95379],[-44.23117,-19.95356],[-44.23143,-19.95343],[-44.23197,-19.95323],[-44.23231,-19.95307],[-44.23218,-19.95264],[-44.23206,-19.95249],[-44.23201,-19.95203],[-44.23159,-19.95088],[-44.23156,-19.95072],[-44.23169,-19.95063],[-44.23202,-19.95044],[-44.23211,-19.95017],[-44.23214,-19.94998],[-44.23214,-19.94975],[-44.23212,-19.94969],[-44.23201,-19.94955],[-44.23176,-19.94973],[-44.2316,-19.94982],[-44.23132,-19.94993],[-44.23112,-19.94996],[-44.23088,-19.94996],[-44.23063,-19.94992],[-44.22953,-19.94956],[-44.22918,-19.9495],[-44.22878,-19.94948],[-44.2284,-19.94953],[-44.22809,-19.94961],[-44.22787,-19.9497],[-44.22754,-19.94987],[-44.2274,-19.94997],[-44.22712,-19.95021],[-44.22703,-19.95031],[-44.22593,-19.95187],[-44.22578,-19.95205],[-44.22547,-19.9523],[-44.22435,-19.95294],[-44.22404,-19.95313],[-44.22381,-19.95333],[-44.22362,-19.95358],[-44.22352,-19.95383],[-44.22324,-19.955],[-44.22319,-19.95519],[-44.22311,-19.95537],[-44.22294,-19.95564],[-44.22282,-19.95579],[-44.22223,-19.95643],[-44.22211,-19.95662],[-44.22198,-19.95693],[-44.22193,-19.95733],[-44.22191,-19.95986],[-44.22188,-19.96021],[-44.2218,-19.96045],[-44.22174,-19.96059],[-44.22166,-19.96071],[-44.22155,-19.96085],[-44.22139,-19.961],[-44.2212,-19.96112],[-44.22071,-19.96139],[-44.22052,-19.96149]]]]}},{"type":"Feature","properties":{"territory_id":"mg-3106705-campos-eliseos","name":"Campos Elíseos","municipality_id":"mg-3106705","polling_places":1,"approx":false,"official":true,"method":"official-ibge-cd2022","whole_municipality":false,"approx_coords_only":false,"official_name":"Campos Elíseos","official_code":"3106705054","match":"direct"},"geometry":{"type":"MultiPolygon","coordinates":[[[[-44.14274,-19.98361],[-44.14288,-19.98353],[-44.14303,-19.9834],[-44.14315,-19.98332],[-44.14323,-19.98324],[-44.1433,-19.9831],[-44.14337,-19.98289],[-44.14342,-19.98267],[-44.14344,-19.98244],[-44.14343,-19.98218],[-44.14347,-19.982],[-44.14352,-19.98193],[-44.1438,-19.98244],[-44.14437,-19.98335],[-44.14467,-19.9841],[-44.14519,-19.9847],[-44.14698,-19.9833],[-44.14735,-19.983],[-44.14759,-19.98278],[-44.14777,-19.98258],[-44.1478,-19.98231],[-44.14789,-19.98214],[-44.14851,-19.98159],[-44.14795,-19.98099],[-44.14788,-19.98085],[-44.14785,-19.98072],[-44.14783,-19.98054],[-44.14787,-19.98036],[-44.14803,-19.97999],[-44.14805,-19.97983],[-44.14804,-19.97968],[-44.148,-19.97951],[-44.14756,-19.97879],[-44.14743,-19.97839],[-44.1464,-19.97687],[-44.1452,-19.97515],[-44.14504,-19.97495],[-44.14476,-19.97465],[-44.14456,-19.97477],[-44.14438,-19.97492],[-44.14401,-19.97515],[-44.14387,-19.97514],[-44.1437,-19.97505],[-44.14364,-19.97509],[-44.14363,-19.97563],[-44.14368,-19.97568],[-44.14303,-19.97605],[-44.14289,-19.97581],[-44.14283,-19.9761],[-44.14276,-19.97633],[-44.14263,-19.97659],[-44.14249,-19.97681],[-44.14162,-19.97623],[-44.14086,-19.97586],[-44.1406,-19.97578],[-44.14013,-19.97573],[-44.13974,-19.97567],[-44.13961,-19.97569],[-44.13953,-19.97572],[-44.13945,-19.97579],[-44.13869,-19.97665],[-44.1386,-19.97683],[-44.13858,-19.97701],[-44.13858,-19.97708],[-44.13863,-19.97724],[-44.13878,-19.9776],[-44.13885,-19.9778],[-44.1389,-19.97803],[-44.13902,-19.97872],[-44.13902,-19.97889],[-44.13894,-19.97921],[-44.13895,-19.97928],[-44.139,-19.97939],[-44.13892,-19.97948],[-44.13876,-19.97976],[-44.13946,-19.98017],[-44.142,-19.98142],[-44.14139,-19.98234],[-44.14043,-19.98373],[-44.13904,-19.98588],[-44.14229,-19.98549],[-44.14285,-19.98538],[-44.1428,-19.98523],[-44.14273,-19.9851],[-44.14276,-19.9848],[-44.14274,-19.98459],[-44.14275,-19.98451],[-44.14278,-19.98446],[-44.14278,-19.9844],[-44.14272,-19.98401],[-44.14274,-19.98374],[-44.14274,-19.98361]]]]}},{"type":"Feature","properties":{"territory_id":"mg-3106705-capelinha","name":"Capelinha","municipality_id":"mg-3106705","polling_places":1,"approx":false,"official":true,"method":"official-ibge-cd2022","whole_municipality":false,"approx_coords_only":false,"official_name":"Capelinha","official_code":"3106705102","match":"direct"},"geometry":{"type":"MultiPolygon","coordinates":[[[[-44.09977,-19.93427],[-44.09982,-19.9337],[-44.09979,-19.93337],[-44.09973,-19.93309],[-44.09949,-19.93236],[-44.09947,-19.93226],[-44.09948,-19.93212],[-44.09955,-19.93171],[-44.09985,-19.93163],[-44.10017,-19.93149],[-44.09971,-19.93063],[-44.09961,-19.93068],[-44.09912,-19.92975],[-44.09907,-19.92967],[-44.099,-19.92959],[-44.09851,-19.92955],[-44.09812,-19.92983],[-44.09739,-19.92954],[-44.09698,-19.92962],[-44.0964,-19.92984],[-44.0962,-19.92994],[-44.09568,-19.9303],[-44.09529,-19.93069],[-44.09454,-19.93186],[-44.09394,-19.93212],[-44.09353,-19.93234],[-44.09322,-19.93242],[-44.09175,-19.9324],[-44.09153,-19.93264],[-44.09133,-19.93291],[-44.09109,-19.93311],[-44.09091,-19.93343],[-44.09082,-19.93371],[-44.09031,-19.93401],[-44.08985,-19.9342],[-44.08991,-19.93431],[-44.08949,-19.93438],[-44.08813,-19.9345],[-44.08714,-19.93451],[-44.08635,-19.93449],[-44.08567,-19.93459],[-44.08492,-19.9349],[-44.08393,-19.93508],[-44.08377,-19.93519],[-44.08357,-19.93523],[-44.08335,-19.93529],[-44.08311,-19.93532],[-44.08263,-19.93568],[-44.08228,-19.93607],[-44.08296,-19.93606],[-44.08316,-19.93601],[-44.08517,-19.93529],[-44.08536,-19.93524],[-44.08559,-19.93522],[-44.08591,-19.93524],[-44.08721,-19.9355],[-44.08743,-19.93558],[-44.08768,-19.93572],[-44.08783,-19.93583],[-44.08799,-19.93599],[-44.08819,-19.9363],[-44.0883,-19.93662],[-44.08834,-19.93685],[-44.08834,-19.93734],[-44.08824,-19.93839],[-44.0882,-19.93894],[-44.08822,-19.93913],[-44.08833,-19.93948],[-44.08841,-19.93962],[-44.08865,-19.93992],[-44.08877,-19.94004],[-44.08899,-19.94019],[-44.08934,-19.94036],[-44.08954,-19.94042],[-44.08973,-19.94044],[-44.08995,-19.94044],[-44.09011,-19.94042],[-44.09054,-19.94028],[-44.09093,-19.94001],[-44.09123,-19.93962],[-44.09164,-19.93887],[-44.09184,-19.93859],[-44.0921,-19.93836],[-44.09227,-19.93826],[-44.09255,-19.93815],[-44.0927,-19.93811],[-44.09355,-19.93809],[-44.09383,-19.93811],[-44.09416,-19.93808],[-44.09444,-19.938],[-44.09471,-19.93787],[-44.09488,-19.93776],[-44.09515,-19.93748],[-44.09534,-19.9372],[-44.09541,-19.93686],[-44.09542,-19.93665],[-44.09534,-19.93559],[-44.09537,-19.93529],[-44.09552,-19.93488],[-44.0957,-19.9346],[-44.09599,-19.93435],[-44.09637,-19.93416],[-44.09693,-19.93406],[-44.09721,-19.93408],[-44.09751,-19.93413],[-44.09772,-19.93423],[-44.09809,-19.93449],[-44.09828,-19.93469],[-44.09842,-19.93488],[-44.09852,-19.93508],[-44.09871,-19.93557],[-44.0989,-19.9362],[-44.09901,-19.93685],[-44.09907,-19.93707],[-44.09934,-19.93752],[-44.09962,-19.93777],[-44.10214,-19.93938],[-44.10226,-19.93948],[-44.10251,-19.93966],[-44.10283,-19.94004],[-44.10292,-19.94018],[-44.10303,-19.94042],[-44.10319,-19.94086],[-44.1033,-19.94137],[-44.1035,-19.94202],[-44.1036,-19.94222],[-44.10382,-19.94256],[-44.10404,-19.94277],[-44.10436,-19.94243],[-44.10465,-19.9422],[-44.10494,-19.94206],[-44.10503,-19.94201],[-44.10513,-19.94191],[-44.1052,-19.9419],[-44.10546,-19.94178],[-44.1056,-19.94201],[-44.10571,-19.94214],[-44.1059,-19.94227],[-44.10693,-19.94278],[-44.10719,-19.94295],[-44.10726,-19.94302],[-44.10756,-19.94346],[-44.10755,-19.94335],[-44.10748,-19.94301],[-44.10718,-19.94177],[-44.10704,-19.94125],[-44.10697,-19.94104],[-44.10684,-19.94079],[-44.1071,-19.94068],[-44.10672,-19.93977],[-44.10647,-19.9393],[-44.10633,-19.939],[-44.10604,-19.93851],[-44.10582,-19.93826],[-44.10561,-19.93799],[-44.10489,-19.93666],[-44.10469,-19.93621],[-44.10464,-19.936],[-44.10465,-19.93568],[-44.10467,-19.93542],[-44.10393,-19.93548],[-44.10383,-19.9355],[-44.10372,-19.93559],[-44.10332,-19.93613],[-44.10288,-19.93605],[-44.10243,-19.93596],[-44.10198,-19.93584],[-44.10151,-19.93567],[-44.10137,-19.93558],[-44.1008,-19.93514],[-44.10048,-19.93487],[-44.09977,-19.93427]]]]}},{"type":"Feature","properties":{"territory_id":"mg-3106705-centro","name":"Centro","municipality_id":"mg-3106705","polling_places":1,"approx":false,"official":true,"method":"official-ibge-cd2022","whole_municipality":false,"approx_coords_only":false,"official_name":"Centro","official_code":"3106705006","match":"direct"},"geometry":{"type":"MultiPolygon","coordinates":[[[[-44.19812,-19.97297],[-44.1991,-19.97159],[-44.19956,-19.97106],[-44.20048,-19.9703],[-44.2006,-19.97017],[-44.20073,-19.96998],[-44.20115,-19.96927],[-44.20127,-19.96911],[-44.20136,-19.969],[-44.20157,-19.9688],[-44.20184,-19.96859],[-44.20264,-19.96929],[-44.20322,-19.96974],[-44.20338,-19.96952],[-44.20376,-19.96908],[-44.20385,-19.96887],[-44.20386,-19.96875],[-44.20419,-19.96879],[-44.20458,-19.96876],[-44.20477,-19.96872],[-44.20507,-19.96862],[-44.20531,-19.9685],[-44.20565,-19.96829],[-44.20639,-19.96775],[-44.20588,-19.96738],[-44.2046,-19.96659],[-44.20423,-19.96639],[-44.20367,-19.96601],[-44.20025,-19.96378],[-44.1996,-19.96369],[-44.19901,-19.96369],[-44.19888,-19.96372],[-44.19877,-19.96376],[-44.19857,-19.96388],[-44.1979,-19.9645],[-44.19766,-19.96458],[-44.19753,-19.96459],[-44.19739,-19.96458],[-44.19714,-19.96453],[-44.19701,-19.96446],[-44.19656,-19.96411],[-44.19628,-19.96399],[-44.19494,-19.96375],[-44.19457,-19.96364],[-44.1944,-19.96356],[-44.19413,-19.96338],[-44.1939,-19.96318],[-44.19348,-19.96385],[-44.19225,-19.96559],[-44.19216,-19.96577],[-44.1921,-19.96595],[-44.19206,-19.96615],[-44.19206,-19.9664],[-44.19212,-19.96741],[-44.19205,-19.96784],[-44.19189,-19.96852],[-44.19166,-19.96911],[-44.19161,-19.96957],[-44.19164,-19.97015],[-44.19162,-19.97076],[-44.19157,-19.97138],[-44.19148,-19.97174],[-44.19091,-19.97286],[-44.19065,-19.97334],[-44.19054,-19.97368],[-44.19046,-19.97404],[-44.19034,-19.97504],[-44.19302,-19.97521],[-44.1957,-19.97549],[-44.19669,-19.97561],[-44.19691,-19.97524],[-44.19691,-19.9752],[-44.19711,-19.97501],[-44.19747,-19.97462],[-44.1979,-19.97354],[-44.19812,-19.97297]]]]}},{"type":"Feature","properties":{"territory_id":"mg-3106705-chacara","name":"Chacara","municipality_id":"mg-3106705","polling_places":1,"approx":false,"official":true,"method":"official-ibge-cd2022","whole_municipality":false,"approx_coords_only":false,"official_name":"Chácara","official_code":"3106705007","match":"direct"},"geometry":{"type":"MultiPolygon","coordinates":[[[[-44.18447,-19.96538],[-44.18833,-19.96398],[-44.18865,-19.96388],[-44.18906,-19.96381],[-44.18954,-19.96378],[-44.18995,-19.96382],[-44.19134,-19.96412],[-44.19176,-19.96418],[-44.19302,-19.9645],[-44.19348,-19.96385],[-44.1939,-19.96318],[-44.19243,-19.96172],[-44.19138,-19.96066],[-44.19018,-19.95937],[-44.1899,-19.95909],[-44.18953,-19.95885],[-44.18921,-19.95872],[-44.18882,-19.95861],[-44.18831,-19.95855],[-44.18805,-19.95861],[-44.18691,-19.95858],[-44.18655,-19.95859],[-44.18594,-19.95873],[-44.18561,-19.95884],[-44.18304,-19.95949],[-44.18276,-19.95968],[-44.18219,-19.96002],[-44.18126,-19.96068],[-44.18095,-19.96093],[-44.18057,-19.96116],[-44.18042,-19.96123],[-44.17961,-19.96133],[-44.17926,-19.96144],[-44.17913,-19.96151],[-44.17873,-19.96169],[-44.1785,-19.96175],[-44.17828,-19.96177],[-44.17828,-19.962],[-44.17819,-19.96206],[-44.17704,-19.96251],[-44.17598,-19.96338],[-44.17499,-19.96372],[-44.1748,-19.96384],[-44.17466,-19.964],[-44.17464,-19.96433],[-44.17452,-19.96518],[-44.17615,-19.9656],[-44.17761,-19.96583],[-44.1792,-19.96617],[-44.18038,-19.96634],[-44.18097,-19.96632],[-44.18143,-19.96627],[-44.18179,-19.96622],[-44.18252,-19.96606],[-44.18283,-19.96597],[-44.18445,-19.96539],[-44.18447,-19.96538]]]]}},{"type":"Feature","properties":{"territory_id":"mg-3106705-cidade-verde","name":"Cidade Verde","municipality_id":"mg-3106705","polling_places":1,"approx":false,"official":true,"method":"official-ibge-cd2022","whole_municipality":false,"approx_coords_only":false,"official_name":"Cidade Verde","official_code":"3106705008","match":"direct"},"geometry":{"type":"MultiPolygon","coordinates":[[[[-44.19473,-19.98918],[-44.19638,-19.98834],[-44.19665,-19.98824],[-44.19664,-19.98806],[-44.19722,-19.98777],[-44.19782,-19.98756],[-44.19965,-19.98703],[-44.20111,-19.98657],[-44.20218,-19.98615],[-44.20306,-19.98586],[-44.2027,-19.98511],[-44.20224,-19.98408],[-44.20169,-19.98278],[-44.20124,-19.98155],[-44.2008,-19.98051],[-44.20015,-19.97885],[-44.20004,-19.97847],[-44.19988,-19.97763],[-44.19984,-19.97753],[-44.19974,-19.97711],[-44.19962,-19.97684],[-44.19949,-19.97662],[-44.19934,-19.97642],[-44.19911,-19.9762],[-44.19884,-19.97601],[-44.19857,-19.97589],[-44.19839,-19.97582],[-44.1982,-19.97578],[-44.19797,-19.97574],[-44.19697,-19.97564],[-44.1957,-19.97549],[-44.19302,-19.97521],[-44.19298,-19.9756],[-44.19281,-19.97606],[-44.1925,-19.97645],[-44.19237,-19.97666],[-44.19206,-19.97718],[-44.19202,-19.97752],[-44.19196,-19.9782],[-44.19196,-19.97847],[-44.19198,-19.97859],[-44.19194,-19.97868],[-44.1918,-19.97876],[-44.19175,-19.9789],[-44.19167,-19.97927],[-44.19144,-19.97949],[-44.19136,-19.97977],[-44.19132,-19.97984],[-44.19119,-19.98023],[-44.19101,-19.98024],[-44.19032,-19.98015],[-44.18897,-19.97994],[-44.18758,-19.98451],[-44.18711,-19.98615],[-44.18689,-19.98656],[-44.18678,-19.98672],[-44.18654,-19.98698],[-44.18634,-19.98715],[-44.18557,-19.98763],[-44.18708,-19.98829],[-44.18785,-19.98867],[-44.18879,-19.98908],[-44.18936,-19.98937],[-44.18982,-19.98956],[-44.1904,-19.98974],[-44.19076,-19.9898],[-44.19123,-19.98985],[-44.19188,-19.98988],[-44.19261,-19.98983],[-44.19327,-19.9897],[-44.19396,-19.98949],[-44.19468,-19.98921],[-44.19473,-19.98918]]]]}},{"type":"Feature","properties":{"territory_id":"mg-3106705-citrolandia","name":"Citrolândia","municipality_id":"mg-3106705","polling_places":4,"approx":false,"official":true,"method":"official-ibge-cd2022","whole_municipality":false,"approx_coords_only":false,"official_name":"Citrolândia","official_code":"3106705079","match":"direct"},"geometry":{"type":"MultiPolygon","coordinates":[[[[-44.2233,-20.03478],[-44.22321,-20.03499],[-44.22316,-20.03504],[-44.22305,-20.03508],[-44.22298,-20.03513],[-44.22291,-20.03522],[-44.22279,-20.03539],[-44.22272,-20.03562],[-44.22271,-20.03576],[-44.22272,-20.03645],[-44.2228,-20.03676],[-44.22282,-20.03712],[-44.22285,-20.03721],[-44.22291,-20.03728],[-44.22304,-20.03757],[-44.22318,-20.03767],[-44.22339,-20.03799],[-44.22349,-20.03808],[-44.22356,-20.03815],[-44.2237,-20.03823],[-44.2239,-20.03824],[-44.22405,-20.0382],[-44.22441,-20.03856],[-44.22499,-20.03807],[-44.22564,-20.03747],[-44.22586,-20.03728],[-44.22608,-20.03713],[-44.22632,-20.03699],[-44.22665,-20.03685],[-44.22697,-20.03678],[-44.22724,-20.03676],[-44.22759,-20.03677],[-44.22795,-20.03682],[-44.22807,-20.03686],[-44.2286,-20.0371],[-44.22876,-20.03715],[-44.22908,-20.03724],[-44.22968,-20.03737],[-44.23011,-20.03741],[-44.23049,-20.03739],[-44.23072,-20.03733],[-44.23145,-20.03705],[-44.23181,-20.03693],[-44.23206,-20.03692],[-44.23233,-20.03694],[-44.23275,-20.03703],[-44.23335,-20.0373],[-44.23449,-20.03767],[-44.23436,-20.03744],[-44.23422,-20.03729],[-44.23391,-20.03701],[-44.2337,-20.03679],[-44.23364,-20.03658],[-44.23365,-20.03645],[-44.23371,-20.03639],[-44.23388,-20.03635],[-44.23392,-20.0363],[-44.23392,-20.03623],[-44.23397,-20.03613],[-44.23398,-20.03603],[-44.23394,-20.03596],[-44.23388,-20.0359],[-44.23357,-20.03586],[-44.23332,-20.03575],[-44.23299,-20.03553],[-44.2329,-20.03542],[-44.23241,-20.03459],[-44.2322,-20.03439],[-44.23213,-20.03435],[-44.23204,-20.03434],[-44.232,-20.0343],[-44.23202,-20.03426],[-44.23206,-20.03421],[-44.23224,-20.03404],[-44.23251,-20.034],[-44.23261,-20.03396],[-44.23263,-20.03387],[-44.23261,-20.0338],[-44.23259,-20.03355],[-44.23252,-20.03334],[-44.23247,-20.03326],[-44.23232,-20.0331],[-44.23223,-20.03305],[-44.23216,-20.03302],[-44.23199,-20.03304],[-44.23194,-20.03302],[-44.23193,-20.03293],[-44.23199,-20.03284],[-44.23217,-20.03246],[-44.23226,-20.03236],[-44.23466,-20.03264],[-44.23479,-20.03134],[-44.2353,-20.03091],[-44.23605,-20.03023],[-44.23585,-20.03002],[-44.23505,-20.02903],[-44.23464,-20.02861],[-44.23253,-20.02689],[-44.23201,-20.02634],[-44.23167,-20.02593],[-44.23057,-20.02443],[-44.23028,-20.02395],[-44.23003,-20.0235],[-44.22987,-20.02318],[-44.22956,-20.02233],[-44.22926,-20.02242],[-44.2291,-20.02205],[-44.22793,-20.02243],[-44.22676,-20.02277],[-44.22598,-20.02067],[-44.22495,-20.02146],[-44.22505,-20.0217],[-44.22427,-20.02231],[-44.224,-20.02249],[-44.22342,-20.02274],[-44.22242,-20.02299],[-44.22199,-20.02317],[-44.22168,-20.02328],[-44.22127,-20.02334],[-44.22016,-20.02356],[-44.21983,-20.02358],[-44.21955,-20.02355],[-44.21932,-20.02357],[-44.21897,-20.0237],[-44.21854,-20.02375],[-44.21813,-20.02386],[-44.21783,-20.02399],[-44.21679,-20.02488],[-44.21643,-20.02506],[-44.21621,-20.02522],[-44.21562,-20.02583],[-44.21527,-20.02546],[-44.21514,-20.02529],[-44.21507,-20.02519],[-44.215,-20.02496],[-44.21465,-20.02537],[-44.21371,-20.02642],[-44.21263,-20.02767],[-44.21113,-20.02934],[-44.21027,-20.03038],[-44.21004,-20.03109],[-44.2099,-20.03125],[-44.2098,-20.0314],[-44.20977,-20.03148],[-44.20977,-20.03195],[-44.20954,-20.0322],[-44.20912,-20.03194],[-44.20886,-20.03199],[-44.20848,-20.03176],[-44.20794,-20.03196],[-44.20757,-20.03196],[-44.20729,-20.03231],[-44.20681,-20.03243],[-44.20646,-20.03247],[-44.20624,-20.03239],[-44.20609,-20.03254],[-44.20636,-20.03309],[-44.20624,-20.0332],[-44.20624,-20.03349],[-44.20609,-20.03362],[-44.20606,-20.03382],[-44.20621,-20.0339],[-44.20625,-20.03406],[-44.20618,-20.03421],[-44.20594,-20.0344],[-44.20576,-20.0344],[-44.20557,-20.03448],[-44.20542,-20.0346],[-44.20533,-20.03474],[-44.20527,-20.03489],[-44.20559,-20.03543],[-44.20642,-20.03566],[-44.20671,-20.0359],[-44.20739,-20.03636],[-44.20751,-20.03661],[-44.20763,-20.03698],[-44.20802,-20.0372],[-44.20853,-20.03711],[-44.20894,-20.03724],[-44.20931,-20.03745],[-44.20945,-20.03772],[-44.2096,-20.03782],[-44.2099,-20.03789],[-44.21008,-20.03795],[-44.21031,-20.03809],[-44.21052,-20.03825],[-44.21059,-20.03837],[-44.21088,-20.03858],[-44.21102,-20.03857],[-44.21113,-20.03851],[-44.21123,-20.0385],[-44.21142,-20.03869],[-44.21172,-20.03882],[-44.21192,-20.03883],[-44.21227,-20.0386],[-44.21239,-20.03849],[-44.21243,-20.03833],[-44.2124,-20.03811],[-44.21247,-20.03784],[-44.21264,-20.0376],[-44.21313,-20.03732],[-44.21354,-20.03716],[-44.21358,-20.03713],[-44.21379,-20.03682],[-44.21389,-20.03662],[-44.21387,-20.03651],[-44.21391,-20.03642],[-44.21402,-20.03634],[-44.21424,-20.03643],[-44.21455,-20.03644],[-44.21464,-20.03646],[-44.21474,-20.03664],[-44.21489,-20.03669],[-44.21511,-20.03671],[-44.21524,-20.03669],[-44.21541,-20.0367],[-44.21599,-20.03692],[-44.21621,-20.03705],[-44.21632,-20.03715],[-44.21641,-20.03728],[-44.21635,-20.03751],[-44.21638,-20.03759],[-44.21654,-20.03766],[-44.21672,-20.0377],[-44.21719,-20.03786],[-44.2175,-20.03793],[-44.21765,-20.03801],[-44.21785,-20.03805],[-44.21796,-20.038],[-44.2181,-20.03794],[-44.21828,-20.03792],[-44.2185,-20.03783],[-44.21869,-20.03764],[-44.21906,-20.03743],[-44.21926,-20.03735],[-44.21959,-20.03716],[-44.21969,-20.03697],[-44.21973,-20.0363],[-44.2197,-20.03607],[-44.21975,-20.03595],[-44.2199,-20.03581],[-44.22004,-20.03563],[-44.22021,-20.03546],[-44.22048,-20.03533],[-44.22068,-20.03519],[-44.22105,-20.03514],[-44.22178,-20.03518],[-44.22195,-20.03507],[-44.22201,-20.03501],[-44.2221,-20.03482],[-44.22219,-20.03473],[-44.22229,-20.03472],[-44.22236,-20.03479],[-44.22238,-20.03488],[-44.22243,-20.0349],[-44.2225,-20.0349],[-44.22261,-20.03484],[-44.22266,-20.03485],[-44.22272,-20.03487],[-44.22278,-20.03487],[-44.22286,-20.03485],[-44.22291,-20.03482],[-44.22319,-20.03481],[-44.2233,-20.03478]]]]}},{"type":"Feature","properties":{"territory_id":"mg-3106705-cj-h-homero-gilsepe-lazzarotti","name":"Cj. H. Homero Gilsepe Lazzarotti","municipality_id":"mg-3106705","polling_places":1,"approx":true,"official":false,"method":"voronoi-polling-places","whole_municipality":false,"approx_coords_only":false},"geometry":{"type":"MultiPolygon","coordinates":[[[[-44.21711,-19.94495],[-44.20902,-19.94263],[-44.20774,-19.94218],[-44.20712,-19.94191],[-44.20694,-19.94185],[-44.20686,-19.94192],[-44.20682,-19.942],[-44.20619,-19.94182],[-44.20646,-19.94113],[-44.20582,-19.94095],[-44.2029,-19.93994],[-44.20251,-19.93983],[-44.20364,-19.93771],[-44.20474,-19.93559],[-44.20413,-19.93507],[-44.20431,-19.93444],[-44.20438,-19.93422],[-44.20458,-19.93383],[-44.20479,-19.9335],[-44.20493,-19.93353],[-44.20573,-19.93207],[-44.20603,-19.93221],[-44.20623,-19.93207],[-44.2068,-19.93134],[-44.20688,-19.9311],[-44.2069,-19.93058],[-44.20684,-19.93037],[-44.20674,-19.93021],[-44.20666,-19.92988],[-44.20664,-19.92943],[-44.20659,-19.92907],[-44.20662,-19.92882],[-44.20657,-19.92861],[-44.20619,-19.92818],[-44.20616,-19.92798],[-44.20622,-19.92779],[-44.20635,-19.92765],[-44.20644,-19.92753],[-44.20646,-19.92735],[-44.20641,-19.92718],[-44.20618,-19.92697],[-44.20614,-19.92682],[-44.20616,-19.92664],[-44.20643,-19.92604],[-44.20651,-19.92595],[-44.21711,-19.94495]]],[[[-44.20638,-19.92571],[-44.20618,-19.92557],[-44.20615,-19.92543],[-44.20618,-19.92535],[-44.20638,-19.92571]]],[[[-44.20585,-19.92477],[-44.20427,-19.92657],[-44.20385,-19.92709],[-44.20347,-19.92754],[-44.20249,-19.92876],[-44.20234,-19.92897],[-44.20207,-19.92928],[-44.20191,-19.92943],[-44.20141,-19.93015],[-44.20126,-19.92981],[-44.20112,-19.92944],[-44.20104,-19.92931],[-44.20059,-19.92886],[-44.20009,-19.92826],[-44.19922,-19.92894],[-44.19857,-19.92949],[-44.19769,-19.93014],[-44.19756,-19.93026],[-44.19704,-19.93065],[-44.19665,-19.93087],[-44.19647,-19.93088],[-44.19613,-19.93085],[-44.19582,-19.93102],[-44.19512,-19.93126],[-44.1941,-19.93153],[-44.19388,-19.93148],[-44.19354,-19.93118],[-44.19299,-19.93076],[-44.19018,-19.93393],[-44.19078,-19.93414],[-44.18985,-19.93381],[-44.1897,-19.93375],[-44.18949,-19.93363],[-44.18926,-19.93344],[-44.18914,-19.9333],[-44.18884,-19.93285],[-44.18867,-19.93267],[-44.18839,-19.93246],[-44.18825,-19.93239],[-44.18705,-19.93187],[-44.18591,-19.93131],[-44.18562,-19.93122],[-44.18527,-19.93115],[-44.18221,-19.93342],[-44.18223,-19.93346],[-44.18224,-19.93366],[-44.18221,-19.93386],[-44.182,-19.93456],[-44.18092,-19.93388],[-44.18349,-19.92191],[-44.19502,-19.90534],[-44.20585,-19.92477]]],[[[-44.19218,-19.93557],[-44.19138,-19.93492],[-44.19135,-19.93489],[-44.19218,-19.93557]]]]}},{"type":"Feature","properties":{"territory_id":"mg-3106705-cj-h-jalila-conceicao-pedrosa-v-flores","name":"Cj. H. Jalila Conceição Pedrosa (v Flores)","municipality_id":"mg-3106705","polling_places":2,"approx":true,"official":false,"method":"voronoi-polling-places","whole_municipality":false,"approx_coords_only":false},"geometry":{"type":"MultiPolygon","coordinates":[[[[-44.18349,-19.92191],[-44.18092,-19.93388],[-44.17756,-19.93541],[-44.17725,-19.93516],[-44.17732,-19.93493],[-44.17734,-19.93475],[-44.17739,-19.93462],[-44.17744,-19.93437],[-44.17753,-19.93424],[-44.17756,-19.93408],[-44.17732,-19.93388],[-44.17707,-19.93405],[-44.17678,-19.93418],[-44.17625,-19.93436],[-44.17151,-19.93055],[-44.1713,-19.93024],[-44.17092,-19.92986],[-44.16848,-19.92732],[-44.16739,-19.92616],[-44.16697,-19.92556],[-44.16684,-19.92485],[-44.16682,-19.92482],[-44.16664,-19.92471],[-44.16638,-19.92449],[-44.16635,-19.92382],[-44.18115,-19.92224],[-44.18349,-19.92191]]]]}},{"type":"Feature","properties":{"territory_id":"mg-3106705-cj-h-olimpia-bueno-franco","name":"Cj. H. Olimpia Bueno Franco","municipality_id":"mg-3106705","polling_places":2,"approx":true,"official":false,"method":"voronoi-polling-places","whole_municipality":false,"approx_coords_only":false},"geometry":{"type":"MultiPolygon","coordinates":[[[[-44.21902,-19.94717],[-44.20839,-19.96126],[-44.20649,-19.96168],[-44.20636,-19.96169],[-44.20573,-19.96048],[-44.20548,-19.96001],[-44.20527,-19.95969],[-44.20501,-19.95946],[-44.20455,-19.95922],[-44.20384,-19.95887],[-44.20362,-19.95873],[-44.20346,-19.95845],[-44.20343,-19.95781],[-44.2035,-19.95766],[-44.20462,-19.95593],[-44.20468,-19.95574],[-44.20469,-19.95559],[-44.20467,-19.95552],[-44.2043,-19.95466],[-44.20403,-19.95396],[-44.20383,-19.95372],[-44.2036,-19.95367],[-44.20388,-19.95272],[-44.20377,-19.95268],[-44.20356,-19.95263],[-44.20241,-19.95244],[-44.20091,-19.9521],[-44.20042,-19.95197],[-44.20032,-19.95303],[-44.2005,-19.95111],[-44.20045,-19.95104],[-44.20033,-19.95103],[-44.19983,-19.95047],[-44.19973,-19.95032],[-44.19949,-19.94935],[-44.19945,-19.94906],[-44.19927,-19.94835],[-44.20346,-19.94859],[-44.20369,-19.94862],[-44.20396,-19.94869],[-44.20531,-19.94913],[-44.20669,-19.94972],[-44.2069,-19.94966],[-44.20705,-19.94959],[-44.20718,-19.94948],[-44.20728,-19.94929],[-44.20749,-19.94929],[-44.2076,-19.9492],[-44.2076,-19.94904],[-44.20773,-19.94899],[-44.20761,-19.94884],[-44.20747,-19.94869],[-44.20756,-19.9485],[-44.20767,-19.94837],[-44.20778,-19.94818],[-44.20794,-19.94822],[-44.20811,-19.94817],[-44.2084,-19.948],[-44.20866,-19.94791],[-44.20879,-19.94773],[-44.20907,-19.94759],[-44.20909,-19.94742],[-44.20908,-19.94727],[-44.20912,-19.94711],[-44.20913,-19.9469],[-44.20928,-19.94668],[-44.20913,-19.94641],[-44.2091,-19.94625],[-44.2092,-19.94613],[-44.20928,-19.94598],[-44.20918,-19.94567],[-44.20913,-19.94534],[-44.20906,-19.94513],[-44.20904,-19.94497],[-44.20905,-19.94479],[-44.20891,-19.94462],[-44.20884,-19.94451],[-44.2089,-19.94436],[-44.20901,-19.94424],[-44.20917,-19.94411],[-44.20919,-19.94389],[-44.20929,-19.94367],[-44.20943,-19.94352],[-44.2096,-19.94345],[-44.20956,-19.94332],[-44.20955,-19.94309],[-44.20962,-19.94284],[-44.20902,-19.94263],[-44.21711,-19.94495],[-44.21902,-19.94717]]],[[[-44.20682,-19.942],[-44.20678,-19.94206],[-44.20661,-19.94217],[-44.20611,-19.94202],[-44.20619,-19.94182],[-44.20682,-19.942]]],[[[-44.20566,-19.96277],[-44.20526,-19.96351],[-44.20535,-19.96334],[-44.20566,-19.96277]]],[[[-44.2052,-19.9639],[-44.20519,-19.96385],[-44.20519,-19.96381],[-44.2052,-19.9639]]],[[[-44.20485,-19.96595],[-44.20443,-19.9665],[-44.20423,-19.96639],[-44.20367,-19.96601],[-44.20434,-19.96596],[-44.20485,-19.96595]]],[[[-44.20133,-19.94108],[-44.20127,-19.9412],[-44.20112,-19.94144],[-44.20133,-19.94108]]],[[[-44.20082,-19.95806],[-44.19948,-19.9584],[-44.19744,-19.95895],[-44.19777,-19.95982],[-44.19788,-19.96005],[-44.19807,-19.96036],[-44.19815,-19.96046],[-44.19858,-19.96086],[-44.19927,-19.96141],[-44.19946,-19.96161],[-44.19958,-19.96182],[-44.1997,-19.96212],[-44.19983,-19.96325],[-44.20002,-19.96355],[-44.20008,-19.96362],[-44.20021,-19.9637],[-44.20025,-19.96378],[-44.1996,-19.96369],[-44.19901,-19.96369],[-44.19888,-19.96372],[-44.19877,-19.96376],[-44.19857,-19.96388],[-44.1979,-19.9645],[-44.19766,-19.96458],[-44.19753,-19.96459],[-44.19739,-19.96458],[-44.19714,-19.96453],[-44.19701,-19.96446],[-44.19656,-19.96411],[-44.19628,-19.96399],[-44.19494,-19.96375],[-44.19457,-19.96364],[-44.19452,-19.96336],[-44.19419,-19.96307],[-44.19409,-19.96292],[-44.19401,-19.96283],[-44.19397,-19.96273],[-44.19388,-19.96142],[-44.19388,-19.96105],[-44.19391,-19.96089],[-44.19401,-19.96071],[-44.19452,-19.96002],[-44.19504,-19.95929],[-44.19523,-19.95902],[-44.19544,-19.95869],[-44.19556,-19.95849],[-44.1957,-19.95819],[-44.19586,-19.95778],[-44.19605,-19.95695],[-44.19621,-19.95639],[-44.1964,-19.95628],[-44.19578,-19.95466],[-44.19544,-19.95383],[-44.19612,-19.95364],[-44.19639,-19.95363],[-44.19682,-19.95368],[-44.19712,-19.95376],[-44.19821,-19.95416],[-44.19844,-19.95422],[-44.19876,-19.95433],[-44.19904,-19.95447],[-44.1992,-19.95451],[-44.19961,-19.95467],[-44.19986,-19.95472],[-44.19993,-19.95476],[-44.20004,-19.95525],[-44.2005,-19.95689],[-44.20082,-19.95806]]],[[[-44.20044,-19.94181],[-44.19989,-19.9421],[-44.20015,-19.94196],[-44.20044,-19.94181]]],[[[-44.19916,-19.94795],[-44.19882,-19.9466],[-44.19878,-19.94643],[-44.19865,-19.94593],[-44.19916,-19.94795]]],[[[-44.19869,-19.94277],[-44.19864,-19.94399],[-44.19869,-19.94274],[-44.19869,-19.94277]]],[[[-44.19859,-19.94246],[-44.19837,-19.94216],[-44.19857,-19.94243],[-44.19859,-19.94246]]],[[[-44.19814,-19.94227],[-44.19796,-19.94239],[-44.19803,-19.94233],[-44.19814,-19.94227]]],[[[-44.1975,-19.97569],[-44.19697,-19.97564],[-44.1957,-19.97549],[-44.19669,-19.97561],[-44.1975,-19.97569]]],[[[-44.19413,-19.96338],[-44.1939,-19.96318],[-44.19376,-19.96304],[-44.19413,-19.96338]]],[[[-44.19348,-19.96385],[-44.19225,-19.96559],[-44.19302,-19.9645],[-44.19348,-19.96385]]],[[[-44.19328,-19.96256],[-44.19243,-19.96172],[-44.19138,-19.96066],[-44.19328,-19.96256]]],[[[-44.19302,-19.97521],[-44.19298,-19.9756],[-44.19281,-19.97606],[-44.1925,-19.97645],[-44.19237,-19.97666],[-44.19206,-19.97718],[-44.19202,-19.97752],[-44.19196,-19.9782],[-44.19196,-19.97847],[-44.19198,-19.97859],[-44.19194,-19.97868],[-44.1918,-19.97876],[-44.19175,-19.9789],[-44.19167,-19.97927],[-44.19144,-19.97949],[-44.19136,-19.97977],[-44.19132,-19.97984],[-44.19119,-19.98023],[-44.19101,-19.98024],[-44.19073,-19.98021],[-44.18874,-19.97488],[-44.19034,-19.97504],[-44.19302,-19.97521]]],[[[-44.19279,-19.94875],[-44.19261,-19.94895],[-44.19194,-19.94924],[-44.19198,-19.94951],[-44.19198,-19.95045],[-44.19178,-19.95064],[-44.19148,-19.95089],[-44.19133,-19.95104],[-44.19116,-19.95124],[-44.19048,-19.95223],[-44.19006,-19.95278],[-44.18989,-19.95321],[-44.18816,-19.95341],[-44.18796,-19.95346],[-44.18717,-19.95412],[-44.18817,-19.95618],[-44.18822,-19.95637],[-44.18821,-19.95654],[-44.18817,-19.95665],[-44.18808,-19.95678],[-44.18799,-19.95685],[-44.18765,-19.957],[-44.18756,-19.95706],[-44.18741,-19.95725],[-44.18738,-19.95736],[-44.18737,-19.9575],[-44.18745,-19.95769],[-44.18805,-19.95861],[-44.18691,-19.95858],[-44.18655,-19.95859],[-44.18594,-19.95873],[-44.18572,-19.95856],[-44.18492,-19.95801],[-44.18479,-19.95788],[-44.18475,-19.95783],[-44.18472,-19.95778],[-44.1847,-19.95764],[-44.18471,-19.95705],[-44.18465,-19.95701],[-44.18447,-19.95669],[-44.18438,-19.95642],[-44.18439,-19.95622],[-44.18438,-19.95608],[-44.18431,-19.95597],[-44.18398,-19.95557],[-44.1838,-19.95526],[-44.18374,-19.95509],[-44.18367,-19.95495],[-44.18339,-19.9542],[-44.18334,-19.95389],[-44.18321,-19.9536],[-44.18307,-19.95338],[-44.18251,-19.95275],[-44.18223,-19.95239],[-44.18467,-19.95194],[-44.18505,-19.95192],[-44.18549,-19.95196],[-44.18601,-19.95196],[-44.18638,-19.95193],[-44.18845,-19.95182],[-44.18827,-19.94875],[-44.18913,-19.94872],[-44.18909,-19.94802],[-44.18912,-19.94763],[-44.1893,-19.94702],[-44.18918,-19.94693],[-44.18953,-19.94716],[-44.19003,-19.94744],[-44.19032,-19.94758],[-44.19064,-19.94775],[-44.19115,-19.94795],[-44.19167,-19.94822],[-44.19279,-19.94875]]],[[[-44.18772,-19.94449],[-44.18746,-19.94458],[-44.18545,-19.94505],[-44.18523,-19.94512],[-44.18501,-19.94522],[-44.18476,-19.94539],[-44.18214,-19.94746],[-44.18221,-19.94751],[-44.18225,-19.94758],[-44.18228,-19.94769],[-44.18226,-19.94777],[-44.18218,-19.94787],[-44.18212,-19.94789],[-44.18196,-19.94787],[-44.18187,-19.94779],[-44.18183,-19.94774],[-44.18183,-19.94761],[-44.18185,-19.94758],[-44.18189,-19.94752],[-44.18194,-19.94748],[-44.18138,-19.94658],[-44.18097,-19.94566],[-44.18094,-19.94553],[-44.18093,-19.94545],[-44.18115,-19.9448],[-44.1812,-19.94469],[-44.18128,-19.9446],[-44.18024,-19.94298],[-44.18037,-19.94248],[-44.18046,-19.94202],[-44.18107,-19.94006],[-44.18149,-19.93865],[-44.18148,-19.93861],[-44.1808,-19.93851],[-44.18019,-19.93834],[-44.17984,-19.93835],[-44.17949,-19.93851],[-44.17933,-19.93856],[-44.17874,-19.93861],[-44.17837,-19.93849],[-44.17804,-19.93832],[-44.17774,-19.93805],[-44.17763,-19.93804],[-44.17801,-19.9378],[-44.17794,-19.9376],[-44.17791,-19.93741],[-44.178,-19.93729],[-44.1784,-19.93709],[-44.17854,-19.93694],[-44.1785,-19.93675],[-44.17858,-19.93656],[-44.17842,-19.93645],[-44.17833,-19.93658],[-44.17821,-19.93664],[-44.17806,-19.93658],[-44.17815,-19.93628],[-44.17818,-19.93609],[-44.1781,-19.93588],[-44.17792,-19.93574],[-44.17774,-19.9357],[-44.17761,-19.93582],[-44.17712,-19.93614],[-44.17705,-19.93612],[-44.17756,-19.93541],[-44.18092,-19.93388],[-44.182,-19.93456],[-44.18151,-19.93619],[-44.1813,-19.93705],[-44.18229,-19.93705],[-44.18291,-19.93709],[-44.18317,-19.93715],[-44.18345,-19.93733],[-44.18363,-19.93747],[-44.18437,-19.93825],[-44.18479,-19.93867],[-44.18514,-19.93898],[-44.18536,-19.93922],[-44.18637,-19.94021],[-44.18677,-19.94084],[-44.18694,-19.94145],[-44.18697,-19.94168],[-44.18702,-19.94183],[-44.18725,-19.94269],[-44.18729,-19.94295],[-44.18739,-19.94324],[-44.18747,-19.94338],[-44.18772,-19.94449]]],[[[-44.18215,-19.9524],[-44.18153,-19.95253],[-44.1818,-19.95247],[-44.18215,-19.9524]]],[[[-44.17896,-19.95294],[-44.17881,-19.9529],[-44.17881,-19.95289],[-44.17896,-19.95294]]],[[[-44.17662,-19.9401],[-44.1765,-19.94018],[-44.17653,-19.94015],[-44.17662,-19.9401]]],[[[-44.17646,-19.94022],[-44.17639,-19.94029],[-44.17643,-19.94024],[-44.17646,-19.94022]]],[[[-44.17505,-19.94226],[-44.17471,-19.94296],[-44.17453,-19.94346],[-44.17381,-19.94174],[-44.1741,-19.94164],[-44.17466,-19.94205],[-44.17503,-19.9423],[-44.17505,-19.94226]]]]}},{"type":"Feature","properties":{"territory_id":"mg-3106705-colonia-santa-izabel","name":"Colônia Santa Izabel","municipality_id":"mg-3106705","polling_places":3,"approx":true,"official":false,"method":"voronoi-polling-places","whole_municipality":false,"approx_coords_only":false},"geometry":{"type":"MultiPolygon","coordinates":[[[[-44.2638,-20.01471],[-44.2477,-20.0415],[-44.1963,-20.0512],[-44.1812,-20.0459],[-44.18,-20.031],[-44.17858,-20.03084],[-44.17858,-20.0308],[-44.17839,-20.03066],[-44.17841,-20.03024],[-44.17906,-20.02955],[-44.17919,-20.029],[-44.17867,-20.02778],[-44.17869,-20.02723],[-44.17837,-20.0262],[-44.17868,-20.02538],[-44.17908,-20.0249],[-44.17945,-20.02493],[-44.17997,-20.02473],[-44.1804,-20.02462],[-44.18099,-20.02408],[-44.18192,-20.02332],[-44.18125,-20.02287],[-44.17859,-20.02189],[-44.17841,-20.02186],[-44.1782,-20.02184],[-44.17793,-20.02185],[-44.17764,-20.02175],[-44.17741,-20.02152],[-44.17682,-20.02099],[-44.17655,-20.02085],[-44.17642,-20.02081],[-44.17634,-20.02073],[-44.17623,-20.02052],[-44.17619,-20.02041],[-44.17617,-20.02029],[-44.17619,-20.02013],[-44.17637,-20.01923],[-44.17634,-20.019],[-44.17623,-20.01867],[-44.17598,-20.01813],[-44.17584,-20.0179],[-44.17574,-20.01778],[-44.17557,-20.01762],[-44.17545,-20.01756],[-44.17515,-20.01744],[-44.17511,-20.01738],[-44.175,-20.01705],[-44.17681,-20.01665],[-44.17733,-20.01649],[-44.17754,-20.01639],[-44.17788,-20.0162],[-44.17897,-20.01553],[-44.1793,-20.01539],[-44.18054,-20.01492],[-44.181,-20.0148],[-44.18135,-20.01462],[-44.1816,-20.01452],[-44.18193,-20.01454],[-44.18224,-20.01453],[-44.18234,-20.01446],[-44.18242,-20.01436],[-44.18245,-20.0143],[-44.18259,-20.01386],[-44.18252,-20.01301],[-44.18246,-20.01269],[-44.18233,-20.01231],[-44.18208,-20.01189],[-44.18175,-20.01137],[-44.18162,-20.01122],[-44.18147,-20.01111],[-44.18218,-20.01077],[-44.18299,-20.01044],[-44.1835,-20.01019],[-44.18367,-20.01013],[-44.18381,-20.0101],[-44.18411,-20.01014],[-44.18417,-20.01008],[-44.18483,-20.01009],[-44.18501,-20.01004],[-44.18527,-20.00981],[-44.18525,-20.00964],[-44.18519,-20.00949],[-44.18527,-20.00939],[-44.18535,-20.00925],[-44.18547,-20.00918],[-44.18543,-20.00877],[-44.18508,-20.00881],[-44.18479,-20.00887],[-44.18459,-20.00885],[-44.18428,-20.00859],[-44.18421,-20.0081],[-44.18408,-20.00763],[-44.18396,-20.00729],[-44.18431,-20.00712],[-44.18473,-20.00701],[-44.18487,-20.00692],[-44.18503,-20.00685],[-44.18517,-20.0068],[-44.18534,-20.00677],[-44.18546,-20.00644],[-44.18616,-20.00566],[-44.18618,-20.00539],[-44.18663,-20.00475],[-44.18685,-20.00406],[-44.18719,-20.00354],[-44.18742,-20.003],[-44.18784,-20.00257],[-44.18784,-20.00244],[-44.18755,-20.0021],[-44.18734,-20.00198],[-44.18689,-20.00182],[-44.18647,-20.00152],[-44.18628,-20.00161],[-44.18529,-20.00174],[-44.18439,-20.00196],[-44.18405,-20.00205],[-44.18375,-20.00211],[-44.18334,-20.00204],[-44.18287,-20.0019],[-44.18262,-20.00179],[-44.18187,-20.00155],[-44.18134,-20.00131],[-44.18129,-20.00118],[-44.1813,-20.00106],[-44.18121,-20.00071],[-44.18466,-19.9989],[-44.2109,-20.00524],[-44.2638,-20.01471]],[[-44.23605,-20.03023],[-44.23585,-20.03002],[-44.23505,-20.02903],[-44.23464,-20.02861],[-44.23253,-20.02689],[-44.23201,-20.02634],[-44.23167,-20.02593],[-44.23057,-20.02443],[-44.23028,-20.02395],[-44.23003,-20.0235],[-44.22987,-20.02318],[-44.22956,-20.02233],[-44.22981,-20.02225],[-44.23182,-20.02208],[-44.23176,-20.02179],[-44.23257,-20.02137],[-44.23442,-20.02089],[-44.23531,-20.02068],[-44.23559,-20.01978],[-44.2354,-20.01879],[-44.23505,-20.01808],[-44.23449,-20.01685],[-44.23326,-20.01723],[-44.23283,-20.01733],[-44.23278,-20.01712],[-44.23229,-20.0172],[-44.23195,-20.01728],[-44.23169,-20.01737],[-44.23154,-20.01745],[-44.23166,-20.01775],[-44.23118,-20.01791],[-44.22997,-20.01825],[-44.22961,-20.01832],[-44.22887,-20.01843],[-44.22837,-20.01859],[-44.22839,-20.01848],[-44.22862,-20.01817],[-44.22881,-20.01802],[-44.2294,-20.01764],[-44.22955,-20.01753],[-44.22968,-20.01741],[-44.22979,-20.01726],[-44.22813,-20.01722],[-44.22777,-20.01715],[-44.22624,-20.01662],[-44.22612,-20.01656],[-44.22603,-20.01649],[-44.22587,-20.01617],[-44.22576,-20.01612],[-44.22564,-20.01611],[-44.2255,-20.0162],[-44.22543,-20.01634],[-44.22532,-20.01648],[-44.22473,-20.01656],[-44.22477,-20.01714],[-44.22475,-20.01747],[-44.22584,-20.01792],[-44.22355,-20.01699],[-44.22329,-20.01683],[-44.2231,-20.01668],[-44.22287,-20.01648],[-44.22256,-20.01605],[-44.22151,-20.01434],[-44.2211,-20.01369],[-44.22099,-20.01348],[-44.22048,-20.01271],[-44.22032,-20.01249],[-44.2194,-20.01145],[-44.21919,-20.01159],[-44.2192,-20.01165],[-44.2192,-20.01177],[-44.21915,-20.01186],[-44.21908,-20.0119],[-44.21897,-20.0119],[-44.21886,-20.01186],[-44.2188,-20.0118],[-44.21751,-20.01193],[-44.21724,-20.01199],[-44.21709,-20.01204],[-44.21698,-20.0121],[-44.21624,-20.01276],[-44.21617,-20.01285],[-44.21612,-20.01296],[-44.21609,-20.01319],[-44.2158,-20.01327],[-44.21533,-20.01324],[-44.21498,-20.01312],[-44.2141,-20.0124],[-44.21342,-20.01153],[-44.21295,-20.01144],[-44.21168,-20.01175],[-44.21169,-20.01221],[-44.21175,-20.01225],[-44.20213,-20.0154],[-44.20379,-20.01791],[-44.2042,-20.01948],[-44.20491,-20.02001],[-44.20607,-20.0205],[-44.20664,-20.02087],[-44.20696,-20.02124],[-44.20716,-20.02165],[-44.21021,-20.02167],[-44.21121,-20.02179],[-44.2122,-20.02195],[-44.21326,-20.02217],[-44.2139,-20.02228],[-44.21481,-20.02287],[-44.21543,-20.02337],[-44.21503,-20.02439],[-44.21499,-20.02454],[-44.21498,-20.02478],[-44.215,-20.02496],[-44.21465,-20.02537],[-44.21371,-20.02642],[-44.21263,-20.02767],[-44.21113,-20.02934],[-44.21027,-20.03038],[-44.21004,-20.03109],[-44.2099,-20.03125],[-44.2098,-20.0314],[-44.20977,-20.03148],[-44.20977,-20.03195],[-44.20954,-20.0322],[-44.20912,-20.03194],[-44.20886,-20.03199],[-44.20848,-20.03176],[-44.20794,-20.03196],[-44.20757,-20.03196],[-44.20729,-20.03231],[-44.20681,-20.03243],[-44.20646,-20.03247],[-44.20624,-20.03239],[-44.20609,-20.03254],[-44.20636,-20.03309],[-44.20624,-20.0332],[-44.20624,-20.03349],[-44.20609,-20.03362],[-44.20606,-20.03382],[-44.20621,-20.0339],[-44.20625,-20.03406],[-44.20618,-20.03421],[-44.20594,-20.0344],[-44.20576,-20.0344],[-44.20557,-20.03448],[-44.20542,-20.0346],[-44.20533,-20.03474],[-44.20527,-20.03489],[-44.20559,-20.03543],[-44.20642,-20.03566],[-44.20671,-20.0359],[-44.20739,-20.03636],[-44.20751,-20.03661],[-44.20763,-20.03698],[-44.20802,-20.0372],[-44.20853,-20.03711],[-44.20894,-20.03724],[-44.20931,-20.03745],[-44.20945,-20.03772],[-44.2096,-20.03782],[-44.2099,-20.03789],[-44.21008,-20.03795],[-44.21031,-20.03809],[-44.21052,-20.03825],[-44.21059,-20.03837],[-44.21088,-20.03858],[-44.21102,-20.03857],[-44.21113,-20.03851],[-44.21123,-20.0385],[-44.21142,-20.03869],[-44.21172,-20.03882],[-44.21192,-20.03883],[-44.21227,-20.0386],[-44.21239,-20.03849],[-44.21243,-20.03833],[-44.2124,-20.03811],[-44.21247,-20.03784],[-44.21264,-20.0376],[-44.21313,-20.03732],[-44.21354,-20.03716],[-44.21358,-20.03713],[-44.21379,-20.03682],[-44.21389,-20.03662],[-44.21387,-20.03651],[-44.21391,-20.03642],[-44.21402,-20.03634],[-44.21424,-20.03643],[-44.21455,-20.03644],[-44.21464,-20.03646],[-44.21474,-20.03664],[-44.21489,-20.03669],[-44.21511,-20.03671],[-44.21524,-20.03669],[-44.21541,-20.0367],[-44.21599,-20.03692],[-44.21621,-20.03705],[-44.21632,-20.03715],[-44.21641,-20.03728],[-44.21635,-20.03751],[-44.21638,-20.03759],[-44.21654,-20.03766],[-44.21672,-20.0377],[-44.21719,-20.03786],[-44.2175,-20.03793],[-44.21765,-20.03801],[-44.21785,-20.03805],[-44.21796,-20.038],[-44.2181,-20.03794],[-44.21828,-20.03792],[-44.2185,-20.03783],[-44.21869,-20.03764],[-44.21906,-20.03743],[-44.21926,-20.03735],[-44.21959,-20.03716],[-44.21969,-20.03697],[-44.21973,-20.0363],[-44.2197,-20.03607],[-44.21975,-20.03595],[-44.2199,-20.03581],[-44.22004,-20.03563],[-44.22021,-20.03546],[-44.22048,-20.03533],[-44.22068,-20.03519],[-44.22105,-20.03514],[-44.22178,-20.03518],[-44.22195,-20.03507],[-44.22201,-20.03501],[-44.2221,-20.03482],[-44.22219,-20.03473],[-44.22229,-20.03472],[-44.22236,-20.03479],[-44.22238,-20.03488],[-44.22243,-20.0349],[-44.2225,-20.0349],[-44.22261,-20.03484],[-44.22266,-20.03485],[-44.22272,-20.03487],[-44.22278,-20.03487],[-44.22286,-20.03485],[-44.22291,-20.03482],[-44.22319,-20.03481],[-44.2233,-20.03478],[-44.22321,-20.03499],[-44.22316,-20.03504],[-44.22305,-20.03508],[-44.22298,-20.03513],[-44.22291,-20.03522],[-44.22279,-20.03539],[-44.22272,-20.03562],[-44.22271,-20.03576],[-44.22272,-20.03645],[-44.2228,-20.03676],[-44.22282,-20.03712],[-44.22285,-20.03721],[-44.22291,-20.03728],[-44.22304,-20.03757],[-44.22318,-20.03767],[-44.22339,-20.03799],[-44.22349,-20.03808],[-44.22356,-20.03815],[-44.2237,-20.03823],[-44.2239,-20.03824],[-44.22405,-20.0382],[-44.22441,-20.03856],[-44.22499,-20.03807],[-44.22564,-20.03747],[-44.22586,-20.03728],[-44.22608,-20.03713],[-44.22632,-20.03699],[-44.22665,-20.03685],[-44.22697,-20.03678],[-44.22724,-20.03676],[-44.22759,-20.03677],[-44.22795,-20.03682],[-44.22807,-20.03686],[-44.2286,-20.0371],[-44.22876,-20.03715],[-44.22908,-20.03724],[-44.22968,-20.03737],[-44.23011,-20.03741],[-44.23049,-20.03739],[-44.23072,-20.03733],[-44.23145,-20.03705],[-44.23181,-20.03693],[-44.23206,-20.03692],[-44.23233,-20.03694],[-44.23275,-20.03703],[-44.23335,-20.0373],[-44.23449,-20.03767],[-44.23436,-20.03744],[-44.23422,-20.03729],[-44.23391,-20.03701],[-44.2337,-20.03679],[-44.23364,-20.03658],[-44.23365,-20.03645],[-44.23371,-20.03639],[-44.23388,-20.03635],[-44.23392,-20.0363],[-44.23392,-20.03623],[-44.23397,-20.03613],[-44.23398,-20.03603],[-44.23394,-20.03596],[-44.23388,-20.0359],[-44.23357,-20.03586],[-44.23332,-20.03575],[-44.23299,-20.03553],[-44.2329,-20.03542],[-44.23241,-20.03459],[-44.2322,-20.03439],[-44.23213,-20.03435],[-44.23204,-20.03434],[-44.232,-20.0343],[-44.23202,-20.03426],[-44.23206,-20.03421],[-44.23224,-20.03404],[-44.23251,-20.034],[-44.23261,-20.03396],[-44.23263,-20.03387],[-44.23261,-20.0338],[-44.23259,-20.03355],[-44.23252,-20.03334],[-44.23247,-20.03326],[-44.23232,-20.0331],[-44.23223,-20.03305],[-44.23216,-20.03302],[-44.23199,-20.03304],[-44.23194,-20.03302],[-44.23193,-20.03293],[-44.23199,-20.03284],[-44.23217,-20.03246],[-44.23226,-20.03236],[-44.23466,-20.03264],[-44.23479,-20.03134],[-44.2353,-20.03091],[-44.23605,-20.03023]]],[[[-44.22677,-20.01898],[-44.22673,-20.0193],[-44.22649,-20.02038],[-44.2264,-20.02055],[-44.22607,-20.0209],[-44.22676,-20.02277],[-44.22598,-20.02067],[-44.22495,-20.02146],[-44.22505,-20.0217],[-44.22427,-20.02231],[-44.224,-20.02249],[-44.22342,-20.02274],[-44.22242,-20.02299],[-44.22199,-20.02317],[-44.22168,-20.02328],[-44.22127,-20.02334],[-44.2211,-20.02135],[-44.2232,-20.02088],[-44.22568,-20.01823],[-44.22572,-20.01822],[-44.2258,-20.01824],[-44.22605,-20.01833],[-44.22614,-20.01839],[-44.22624,-20.01844],[-44.22634,-20.01853],[-44.22642,-20.01867],[-44.22647,-20.01881],[-44.22652,-20.01886],[-44.22661,-20.01888],[-44.22677,-20.01898]]],[[[-44.21527,-20.02546],[-44.21514,-20.02529],[-44.21507,-20.02519],[-44.21527,-20.02546]]],[[[-44.17771,-20.03073],[-44.17153,-20.03002],[-44.17161,-20.02987],[-44.17171,-20.02964],[-44.17188,-20.0295],[-44.17214,-20.02939],[-44.17268,-20.02926],[-44.17293,-20.02924],[-44.17356,-20.02923],[-44.17567,-20.02926],[-44.17593,-20.02934],[-44.17618,-20.02946],[-44.17684,-20.02989],[-44.17724,-20.03021],[-44.17761,-20.0306],[-44.17771,-20.03073]]],[[[-44.17094,-20.02995],[-44.14904,-20.02741],[-44.15769,-20.01907],[-44.1633,-20.014],[-44.16334,-20.01406],[-44.16331,-20.01421],[-44.16322,-20.01439],[-44.16319,-20.01456],[-44.16313,-20.01467],[-44.1631,-20.01479],[-44.16317,-20.01494],[-44.16314,-20.01517],[-44.16323,-20.01568],[-44.16309,-20.01611],[-44.16333,-20.01627],[-44.16354,-20.01634],[-44.16376,-20.01645],[-44.16389,-20.0166],[-44.16426,-20.01711],[-44.16439,-20.01725],[-44.16489,-20.01757],[-44.16504,-20.01771],[-44.16513,-20.01785],[-44.16514,-20.01816],[-44.16513,-20.01836],[-44.16506,-20.01878],[-44.16497,-20.01902],[-44.16494,-20.01926],[-44.16489,-20.01947],[-44.16486,-20.01994],[-44.16477,-20.02022],[-44.16482,-20.02043],[-44.16505,-20.02059],[-44.16513,-20.02078],[-44.16562,-20.02152],[-44.16575,-20.02202],[-44.16576,-20.02255],[-44.16598,-20.02269],[-44.16657,-20.02321],[-44.16657,-20.0237],[-44.16691,-20.02427],[-44.16697,-20.0248],[-44.16709,-20.02502],[-44.16726,-20.02574],[-44.16789,-20.02668],[-44.16791,-20.02721],[-44.16837,-20.02837],[-44.16844,-20.02899],[-44.16851,-20.02907],[-44.16866,-20.02904],[-44.16891,-20.02904],[-44.16914,-20.02907],[-44.16965,-20.02909],[-44.16992,-20.02912],[-44.17016,-20.02921],[-44.17051,-20.0295],[-44.17084,-20.02987],[-44.17094,-20.02995]]]]}},{"type":"Feature","properties":{"territory_id":"mg-3106705-cruzeiro","name":"Cruzeiro","municipality_id":"mg-3106705","polling_places":1,"approx":false,"official":true,"method":"official-ibge-cd2022","whole_municipality":false,"approx_coords_only":false,"official_name":"Cruzeiro","official_code":"3106705056","match":"direct"},"geometry":{"type":"MultiPolygon","coordinates":[[[[-44.14698,-19.9833],[-44.14519,-19.9847],[-44.14467,-19.9841],[-44.14437,-19.98335],[-44.1438,-19.98244],[-44.14352,-19.98193],[-44.14347,-19.982],[-44.14343,-19.98218],[-44.14344,-19.98244],[-44.14342,-19.98267],[-44.14337,-19.98289],[-44.1433,-19.9831],[-44.14323,-19.98324],[-44.14315,-19.98332],[-44.14303,-19.9834],[-44.14288,-19.98353],[-44.14274,-19.98361],[-44.14272,-19.98401],[-44.14278,-19.9844],[-44.14278,-19.98446],[-44.14275,-19.98451],[-44.14274,-19.98459],[-44.14276,-19.9848],[-44.14273,-19.9851],[-44.1428,-19.98523],[-44.14285,-19.98538],[-44.14286,-19.98557],[-44.14294,-19.98571],[-44.14299,-19.98598],[-44.14309,-19.98615],[-44.1431,-19.98635],[-44.14325,-19.98633],[-44.14339,-19.98637],[-44.14353,-19.98638],[-44.14373,-19.98668],[-44.14378,-19.98686],[-44.14402,-19.98691],[-44.14416,-19.98687],[-44.1447,-19.98706],[-44.14479,-19.98721],[-44.14493,-19.98723],[-44.14504,-19.9873],[-44.14526,-19.98731],[-44.14527,-19.98746],[-44.14542,-19.98748],[-44.14555,-19.98763],[-44.14583,-19.98762],[-44.14594,-19.98796],[-44.1461,-19.98818],[-44.14637,-19.9883],[-44.14647,-19.9884],[-44.14658,-19.98854],[-44.1467,-19.98894],[-44.14689,-19.98904],[-44.14679,-19.9892],[-44.14662,-19.98932],[-44.14679,-19.98943],[-44.14675,-19.98962],[-44.14694,-19.98979],[-44.14715,-19.98989],[-44.14731,-19.99002],[-44.14738,-19.9902],[-44.14743,-19.99051],[-44.14731,-19.9906],[-44.14726,-19.99075],[-44.14738,-19.99096],[-44.14767,-19.99116],[-44.1478,-19.99123],[-44.14795,-19.99145],[-44.14809,-19.99155],[-44.14817,-19.99177],[-44.14843,-19.99209],[-44.14859,-19.99215],[-44.14881,-19.99211],[-44.14889,-19.99224],[-44.14874,-19.99253],[-44.14885,-19.99262],[-44.14902,-19.99257],[-44.14912,-19.99269],[-44.14932,-19.9927],[-44.14964,-19.99265],[-44.14984,-19.99281],[-44.14995,-19.99293],[-44.14992,-19.99314],[-44.15007,-19.99326],[-44.15028,-19.99323],[-44.15038,-19.99314],[-44.15056,-19.9933],[-44.15069,-19.99315],[-44.1508,-19.99328],[-44.15093,-19.99337],[-44.15103,-19.99349],[-44.15097,-19.99363],[-44.15124,-19.9942],[-44.15135,-19.99436],[-44.1514,-19.99452],[-44.15161,-19.99451],[-44.15164,-19.99467],[-44.15175,-19.99476],[-44.15191,-19.99476],[-44.15205,-19.99471],[-44.15219,-19.9946],[-44.15241,-19.99454],[-44.15278,-19.99451],[-44.15251,-19.99396],[-44.15245,-19.99367],[-44.15228,-19.99313],[-44.15198,-19.99191],[-44.15494,-19.98685],[-44.1546,-19.98672],[-44.15442,-19.98658],[-44.15416,-19.98644],[-44.15399,-19.9863],[-44.15401,-19.98548],[-44.15389,-19.98488],[-44.15431,-19.98433],[-44.15376,-19.98266],[-44.15347,-19.98249],[-44.15316,-19.98264],[-44.15279,-19.98259],[-44.15274,-19.98255],[-44.1527,-19.98248],[-44.15206,-19.98233],[-44.1515,-19.98216],[-44.15134,-19.98219],[-44.15123,-19.98226],[-44.15093,-19.98231],[-44.15077,-19.98227],[-44.15065,-19.98214],[-44.15028,-19.98198],[-44.14971,-19.98184],[-44.14931,-19.98166],[-44.14887,-19.98134],[-44.1488,-19.98132],[-44.14874,-19.98133],[-44.14851,-19.98159],[-44.14789,-19.98214],[-44.1478,-19.98231],[-44.14778,-19.98252],[-44.14774,-19.98262],[-44.14759,-19.98278],[-44.14735,-19.983],[-44.14698,-19.9833]]]]}},{"type":"Feature","properties":{"territory_id":"mg-3106705-cruzeiro-do-sul","name":"Cruzeiro do Sul","municipality_id":"mg-3106705","polling_places":1,"approx":false,"official":true,"method":"official-ibge-cd2022","whole_municipality":false,"approx_coords_only":false,"official_name":"Cruzeiro do Sul","official_code":"3106705041","match":"direct"},"geometry":{"type":"MultiPolygon","coordinates":[[[[-44.16474,-19.93188],[-44.16831,-19.93135],[-44.17018,-19.93103],[-44.17077,-19.93062],[-44.17164,-19.93073],[-44.1713,-19.93024],[-44.17092,-19.92986],[-44.16848,-19.92732],[-44.16739,-19.92616],[-44.16697,-19.92556],[-44.16684,-19.92485],[-44.16682,-19.92482],[-44.16664,-19.92471],[-44.16638,-19.92449],[-44.16634,-19.9236],[-44.16541,-19.92365],[-44.16363,-19.92359],[-44.16345,-19.9236],[-44.16319,-19.92363],[-44.16245,-19.92376],[-44.16187,-19.92383],[-44.16129,-19.92396],[-44.16102,-19.92407],[-44.16075,-19.92424],[-44.16025,-19.92459],[-44.15898,-19.92544],[-44.15873,-19.92565],[-44.15799,-19.92619],[-44.15768,-19.92636],[-44.15661,-19.9268],[-44.15809,-19.92979],[-44.15814,-19.92992],[-44.15793,-19.93099],[-44.15792,-19.9311],[-44.15793,-19.93119],[-44.15813,-19.93169],[-44.15842,-19.93236],[-44.15901,-19.93384],[-44.15863,-19.93509],[-44.15862,-19.93572],[-44.15864,-19.93589],[-44.15867,-19.93596],[-44.16003,-19.93651],[-44.1609,-19.93687],[-44.16109,-19.93697],[-44.16167,-19.93771],[-44.16283,-19.93741],[-44.16384,-19.93713],[-44.16366,-19.93545],[-44.1635,-19.93416],[-44.16448,-19.93281],[-44.1647,-19.93197],[-44.16474,-19.93188]]]]}},{"type":"Feature","properties":{"territory_id":"mg-3106705-dom-bosco","name":"Dom Bosco","municipality_id":"mg-3106705","polling_places":2,"approx":false,"official":true,"method":"official-ibge-cd2022","whole_municipality":false,"approx_coords_only":false,"official_name":"Dom Bosco","official_code":"3106705042","match":"direct"},"geometry":{"type":"MultiPolygon","coordinates":[[[[-44.15525,-19.95264],[-44.15518,-19.95256],[-44.15507,-19.9525],[-44.15369,-19.952],[-44.1524,-19.95287],[-44.15183,-19.95327],[-44.15159,-19.95351],[-44.1503,-19.95439],[-44.15008,-19.95459],[-44.14998,-19.95471],[-44.14989,-19.95487],[-44.14979,-19.95515],[-44.14976,-19.95535],[-44.14976,-19.95552],[-44.14981,-19.95584],[-44.14991,-19.95607],[-44.15,-19.95623],[-44.15013,-19.95641],[-44.15024,-19.95652],[-44.15075,-19.95691],[-44.15081,-19.95699],[-44.15126,-19.95721],[-44.15169,-19.95749],[-44.15238,-19.95799],[-44.15284,-19.95841],[-44.15313,-19.95864],[-44.15354,-19.95903],[-44.15397,-19.95939],[-44.15436,-19.95966],[-44.15466,-19.95983],[-44.1551,-19.96],[-44.15543,-19.9601],[-44.15786,-19.96072],[-44.16104,-19.96157],[-44.16125,-19.96076],[-44.16129,-19.96069],[-44.1613,-19.96063],[-44.161,-19.95995],[-44.16087,-19.95991],[-44.16089,-19.9598],[-44.16088,-19.95959],[-44.1608,-19.95913],[-44.16139,-19.95855],[-44.16235,-19.95775],[-44.16247,-19.95756],[-44.16255,-19.95733],[-44.16231,-19.95733],[-44.16209,-19.95735],[-44.15995,-19.95379],[-44.15968,-19.9533],[-44.15864,-19.95158],[-44.15835,-19.95106],[-44.1575,-19.95148],[-44.15597,-19.95228],[-44.15525,-19.95264]]]]}},{"type":"Feature","properties":{"territory_id":"mg-3106705-duque-de-caxias","name":"Duque de Caxias","municipality_id":"mg-3106705","polling_places":1,"approx":false,"official":true,"method":"official-ibge-cd2022","whole_municipality":false,"approx_coords_only":false,"official_name":"Duque de Caxias","official_code":"3106705043","match":"direct"},"geometry":{"type":"MultiPolygon","coordinates":[[[[-44.15756,-19.94244],[-44.15807,-19.94208],[-44.15811,-19.94114],[-44.15798,-19.94085],[-44.15784,-19.94029],[-44.15775,-19.94004],[-44.15739,-19.93942],[-44.1573,-19.93946],[-44.15413,-19.9345],[-44.15406,-19.93432],[-44.15391,-19.93374],[-44.15406,-19.93366],[-44.15427,-19.93359],[-44.15438,-19.93358],[-44.15584,-19.93301],[-44.15604,-19.9333],[-44.1565,-19.93386],[-44.15688,-19.93422],[-44.1585,-19.93585],[-44.15867,-19.93596],[-44.15864,-19.93589],[-44.15862,-19.93572],[-44.15863,-19.93509],[-44.15901,-19.93384],[-44.15842,-19.93236],[-44.15813,-19.93169],[-44.15793,-19.93119],[-44.15792,-19.9311],[-44.15793,-19.93099],[-44.15814,-19.92992],[-44.15809,-19.92979],[-44.15661,-19.9268],[-44.15477,-19.92759],[-44.15277,-19.92843],[-44.14872,-19.93015],[-44.14818,-19.93034],[-44.1479,-19.93041],[-44.14764,-19.93045],[-44.14742,-19.93045],[-44.1471,-19.93044],[-44.14675,-19.93041],[-44.1465,-19.93035],[-44.14626,-19.93026],[-44.14593,-19.93011],[-44.14565,-19.92993],[-44.14541,-19.92971],[-44.14513,-19.92937],[-44.14504,-19.92924],[-44.14445,-19.92817],[-44.14418,-19.92781],[-44.14375,-19.92734],[-44.14331,-19.92699],[-44.14302,-19.92679],[-44.14259,-19.92659],[-44.14233,-19.92649],[-44.14208,-19.92642],[-44.14199,-19.9264],[-44.14012,-19.92642],[-44.13663,-19.9265],[-44.13203,-19.92659],[-44.13167,-19.92661],[-44.13198,-19.92673],[-44.13229,-19.92687],[-44.13268,-19.9271],[-44.13288,-19.92726],[-44.13318,-19.92754],[-44.13386,-19.92828],[-44.13404,-19.92843],[-44.13448,-19.92877],[-44.13477,-19.92895],[-44.13526,-19.9292],[-44.1359,-19.92942],[-44.13617,-19.92942],[-44.13662,-19.92949],[-44.13776,-19.92979],[-44.13954,-19.93012],[-44.13984,-19.93019],[-44.14024,-19.93031],[-44.14077,-19.93057],[-44.14118,-19.9308],[-44.14148,-19.93102],[-44.14182,-19.93136],[-44.14214,-19.93176],[-44.14238,-19.93209],[-44.14264,-19.93273],[-44.14279,-19.93318],[-44.14286,-19.93354],[-44.14319,-19.93481],[-44.14357,-19.93646],[-44.14364,-19.93662],[-44.14371,-19.93703],[-44.14403,-19.93827],[-44.14425,-19.93894],[-44.14451,-19.93935],[-44.14466,-19.93955],[-44.14478,-19.93967],[-44.14502,-19.93985],[-44.14581,-19.94032],[-44.14601,-19.94047],[-44.14621,-19.9406],[-44.14644,-19.94071],[-44.1468,-19.94097],[-44.14719,-19.94146],[-44.14742,-19.9419],[-44.14753,-19.94235],[-44.14754,-19.94264],[-44.14752,-19.94317],[-44.14746,-19.94394],[-44.14746,-19.94429],[-44.14743,-19.94452],[-44.14753,-19.94504],[-44.1476,-19.94526],[-44.14803,-19.94601],[-44.14816,-19.94615],[-44.1486,-19.94671],[-44.14958,-19.94781],[-44.14995,-19.94776],[-44.15024,-19.94761],[-44.15043,-19.94744],[-44.15062,-19.94723],[-44.1508,-19.94675],[-44.15089,-19.94642],[-44.15103,-19.94606],[-44.15152,-19.94527],[-44.1518,-19.94505],[-44.1522,-19.9449],[-44.15476,-19.94424],[-44.15551,-19.94396],[-44.15627,-19.94331],[-44.15725,-19.94266],[-44.15756,-19.94244]]]]}},{"type":"Feature","properties":{"territory_id":"mg-3106705-espirito-santo","name":"Espirito Santo","municipality_id":"mg-3106705","polling_places":2,"approx":false,"official":true,"method":"official-ibge-cd2022","whole_municipality":false,"approx_coords_only":false,"official_name":"Espírito Santo","official_code":"3106705044","match":"direct"},"geometry":{"type":"MultiPolygon","coordinates":[[[[-44.18638,-19.95193],[-44.18845,-19.95182],[-44.18827,-19.94875],[-44.18913,-19.94872],[-44.18909,-19.94802],[-44.18912,-19.94763],[-44.1893,-19.94702],[-44.18886,-19.94669],[-44.18871,-19.94647],[-44.18863,-19.94639],[-44.18829,-19.94591],[-44.18816,-19.94577],[-44.18807,-19.9456],[-44.18801,-19.94541],[-44.18794,-19.94523],[-44.1878,-19.94466],[-44.18772,-19.94449],[-44.18746,-19.94458],[-44.18545,-19.94505],[-44.18523,-19.94512],[-44.18501,-19.94522],[-44.18476,-19.94539],[-44.18214,-19.94746],[-44.18221,-19.94751],[-44.18225,-19.94758],[-44.18228,-19.94769],[-44.18226,-19.94777],[-44.18218,-19.94787],[-44.18212,-19.94789],[-44.18196,-19.94787],[-44.18187,-19.94779],[-44.18183,-19.94774],[-44.18145,-19.94812],[-44.18104,-19.94857],[-44.17901,-19.95104],[-44.17908,-19.95112],[-44.17912,-19.95114],[-44.17926,-19.95115],[-44.17896,-19.95294],[-44.1792,-19.95295],[-44.1804,-19.95287],[-44.1807,-19.9528],[-44.18153,-19.95253],[-44.1818,-19.95247],[-44.18467,-19.95194],[-44.18505,-19.95192],[-44.18549,-19.95196],[-44.18601,-19.95196],[-44.18638,-19.95193]]]]}},{"type":"Feature","properties":{"territory_id":"mg-3106705-filadelfia","name":"Filadelfia","municipality_id":"mg-3106705","polling_places":1,"approx":false,"official":true,"method":"official-ibge-cd2022","whole_municipality":false,"approx_coords_only":false,"official_name":"Filadélfia","official_code":"3106705012","match":"direct"},"geometry":{"type":"MultiPolygon","coordinates":[[[[-44.18314,-19.97157],[-44.18477,-19.97353],[-44.18499,-19.97379],[-44.18516,-19.97397],[-44.18541,-19.97417],[-44.18574,-19.97437],[-44.18613,-19.97454],[-44.1865,-19.97462],[-44.18721,-19.97473],[-44.19034,-19.97504],[-44.19046,-19.97404],[-44.19054,-19.97368],[-44.19065,-19.97334],[-44.19091,-19.97286],[-44.19148,-19.97174],[-44.19157,-19.97138],[-44.19162,-19.97076],[-44.19164,-19.97015],[-44.19161,-19.96957],[-44.19166,-19.96911],[-44.19189,-19.96852],[-44.19205,-19.96784],[-44.19212,-19.96741],[-44.19206,-19.9664],[-44.19206,-19.96615],[-44.1921,-19.96595],[-44.19216,-19.96577],[-44.19225,-19.96559],[-44.19302,-19.9645],[-44.19176,-19.96418],[-44.19134,-19.96412],[-44.18995,-19.96382],[-44.18954,-19.96378],[-44.18906,-19.96381],[-44.18884,-19.96384],[-44.18865,-19.96388],[-44.18833,-19.96398],[-44.18283,-19.96597],[-44.18252,-19.96606],[-44.18179,-19.96622],[-44.18097,-19.96632],[-44.18038,-19.96634],[-44.1792,-19.96617],[-44.17761,-19.96583],[-44.17615,-19.9656],[-44.17789,-19.96605],[-44.17828,-19.96621],[-44.17855,-19.96635],[-44.17917,-19.9668],[-44.17939,-19.96699],[-44.17954,-19.96715],[-44.18076,-19.96869],[-44.18227,-19.97049],[-44.18314,-19.97157]]]]}},{"type":"Feature","properties":{"territory_id":"mg-3106705-granja-verde","name":"Granja Verde","municipality_id":"mg-3106705","polling_places":1,"approx":false,"official":true,"method":"official-ibge-cd2022","whole_municipality":false,"approx_coords_only":false,"official_name":"Granja Verde","official_code":"3106705103","match":"direct"},"geometry":{"type":"MultiPolygon","coordinates":[[[[-44.09948,-19.93217],[-44.09947,-19.93226],[-44.09949,-19.93236],[-44.09973,-19.93309],[-44.09979,-19.93337],[-44.09982,-19.9337],[-44.09977,-19.93427],[-44.1008,-19.93514],[-44.10137,-19.93558],[-44.10151,-19.93567],[-44.10198,-19.93584],[-44.10243,-19.93596],[-44.10288,-19.93605],[-44.10332,-19.93613],[-44.10372,-19.93559],[-44.10383,-19.9355],[-44.10393,-19.93548],[-44.10467,-19.93542],[-44.1048,-19.93454],[-44.10523,-19.93357],[-44.10565,-19.93242],[-44.10552,-19.93206],[-44.10621,-19.93218],[-44.1054,-19.93053],[-44.10471,-19.92917],[-44.1046,-19.9289],[-44.10361,-19.92866],[-44.10321,-19.92886],[-44.10289,-19.92898],[-44.10272,-19.92901],[-44.10123,-19.92907],[-44.101,-19.92909],[-44.10077,-19.92914],[-44.10053,-19.92921],[-44.09999,-19.92948],[-44.0996,-19.92961],[-44.099,-19.92959],[-44.09907,-19.92967],[-44.09912,-19.92975],[-44.09961,-19.93068],[-44.09971,-19.93063],[-44.10017,-19.93149],[-44.09985,-19.93163],[-44.09955,-19.93171],[-44.09948,-19.93212],[-44.09948,-19.93217]]]]}},{"type":"Feature","properties":{"territory_id":"mg-3106705-guanabara","name":"Guanabara","municipality_id":"mg-3106705","polling_places":2,"approx":false,"official":true,"method":"official-ibge-cd2022","whole_municipality":false,"approx_coords_only":false,"official_name":"Guanabara","official_code":"3106705059","match":"direct"},"geometry":{"type":"MultiPolygon","coordinates":[[[[-44.13323,-19.97017],[-44.13489,-19.97159],[-44.13602,-19.97244],[-44.1364,-19.97268],[-44.13705,-19.97353],[-44.13761,-19.97369],[-44.13822,-19.97399],[-44.1387,-19.97412],[-44.13911,-19.97485],[-44.13912,-19.97489],[-44.13884,-19.97519],[-44.13849,-19.97551],[-44.13903,-19.97579],[-44.13928,-19.97597],[-44.13945,-19.97579],[-44.13953,-19.97572],[-44.13968,-19.97567],[-44.13974,-19.97567],[-44.14068,-19.9758],[-44.14086,-19.97586],[-44.14162,-19.97623],[-44.14249,-19.97681],[-44.14263,-19.97659],[-44.14276,-19.97633],[-44.14283,-19.9761],[-44.14289,-19.97581],[-44.14303,-19.97605],[-44.14368,-19.97568],[-44.14363,-19.97563],[-44.14364,-19.97509],[-44.1437,-19.97505],[-44.14387,-19.97514],[-44.14401,-19.97515],[-44.14438,-19.97492],[-44.14456,-19.97477],[-44.14476,-19.97465],[-44.14421,-19.97408],[-44.14394,-19.97379],[-44.14386,-19.97366],[-44.14377,-19.97348],[-44.14329,-19.97264],[-44.14245,-19.9712],[-44.14205,-19.97058],[-44.14196,-19.97041],[-44.14181,-19.97008],[-44.14162,-19.96975],[-44.14039,-19.96868],[-44.14017,-19.96843],[-44.14003,-19.96823],[-44.13925,-19.96771],[-44.13907,-19.96752],[-44.13866,-19.96642],[-44.13856,-19.96579],[-44.13428,-19.96633],[-44.13411,-19.96662],[-44.13105,-19.96655],[-44.13084,-19.9674],[-44.13089,-19.96772],[-44.13094,-19.96779],[-44.13097,-19.9679],[-44.13095,-19.968],[-44.13102,-19.96821],[-44.13098,-19.96833],[-44.13086,-19.96851],[-44.13151,-19.96844],[-44.13184,-19.96864],[-44.13238,-19.96926],[-44.13323,-19.97017]]]]}},{"type":"Feature","properties":{"territory_id":"mg-3106705-guaruja","name":"Guarujá","municipality_id":"mg-3106705","polling_places":1,"approx":false,"official":true,"method":"official-ibge-cd2022","whole_municipality":false,"approx_coords_only":false,"official_name":"Guarujá","official_code":"3106705013","match":"direct"},"geometry":{"type":"MultiPolygon","coordinates":[[[[-44.20692,-19.96584],[-44.20748,-19.96582],[-44.20763,-19.96585],[-44.20779,-19.96592],[-44.20885,-19.96363],[-44.20916,-19.96304],[-44.21083,-19.96389],[-44.21153,-19.96421],[-44.21175,-19.96431],[-44.21208,-19.96441],[-44.21406,-19.96529],[-44.2151,-19.96462],[-44.21518,-19.96454],[-44.21542,-19.9641],[-44.21553,-19.96396],[-44.21675,-19.96324],[-44.21731,-19.96294],[-44.21764,-19.96268],[-44.21785,-19.96244],[-44.21806,-19.96228],[-44.21819,-19.96215],[-44.21775,-19.96154],[-44.21849,-19.9607],[-44.21862,-19.96048],[-44.21846,-19.9602],[-44.21676,-19.96021],[-44.21665,-19.96019],[-44.21659,-19.96012],[-44.21653,-19.95999],[-44.21653,-19.95991],[-44.215,-19.95993],[-44.21495,-19.95994],[-44.21486,-19.96004],[-44.21477,-19.96023],[-44.21419,-19.96012],[-44.21359,-19.95996],[-44.21292,-19.95976],[-44.21202,-19.95946],[-44.21202,-19.95833],[-44.21199,-19.95836],[-44.21174,-19.95892],[-44.21164,-19.9591],[-44.21093,-19.95969],[-44.20926,-19.96103],[-44.20907,-19.96111],[-44.20649,-19.96168],[-44.20636,-19.96169],[-44.20566,-19.96277],[-44.20526,-19.96351],[-44.20521,-19.96363],[-44.20519,-19.96375],[-44.2052,-19.96394],[-44.20553,-19.96594],[-44.20692,-19.96584]]]]}},{"type":"Feature","properties":{"territory_id":"mg-3106705-icaivera","name":"Icaivera","municipality_id":"mg-3106705","polling_places":2,"approx":true,"official":false,"method":"voronoi-polling-places","whole_municipality":false,"approx_coords_only":false},"geometry":{"type":"MultiPolygon","coordinates":[[[[-44.22662,-19.84118],[-44.19257,-19.88376],[-44.1545,-19.8949],[-44.162,-19.8422],[-44.2266,-19.8411],[-44.22662,-19.84118]]]]}},{"type":"Feature","properties":{"territory_id":"mg-3106705-imbirucu","name":"Imbiruçu","municipality_id":"mg-3106705","polling_places":2,"approx":false,"official":true,"method":"official-ibge-cd2022","whole_municipality":false,"approx_coords_only":false,"official_name":"Imbiruçu","official_code":"3106705104","match":"direct"},"geometry":{"type":"MultiPolygon","coordinates":[[[[-44.10756,-19.94346],[-44.10726,-19.94302],[-44.10719,-19.94295],[-44.10693,-19.94278],[-44.1059,-19.94227],[-44.10571,-19.94214],[-44.1056,-19.94201],[-44.10546,-19.94178],[-44.1052,-19.9419],[-44.10513,-19.94191],[-44.10503,-19.94201],[-44.10494,-19.94206],[-44.10465,-19.9422],[-44.10436,-19.94243],[-44.10404,-19.94277],[-44.10418,-19.94288],[-44.10486,-19.94352],[-44.10511,-19.94391],[-44.10523,-19.94433],[-44.10526,-19.9448],[-44.10536,-19.94525],[-44.10564,-19.94573],[-44.10587,-19.94607],[-44.10615,-19.94628],[-44.10652,-19.94642],[-44.10726,-19.94646],[-44.10771,-19.94646],[-44.10819,-19.94651],[-44.10863,-19.94671],[-44.10906,-19.94693],[-44.10984,-19.94706],[-44.11004,-19.94708],[-44.11049,-19.94708],[-44.11099,-19.94705],[-44.11286,-19.94669],[-44.11798,-19.94585],[-44.11938,-19.9456],[-44.12,-19.94554],[-44.12025,-19.94554],[-44.1206,-19.94558],[-44.1209,-19.94399],[-44.12136,-19.94219],[-44.11828,-19.94197],[-44.11797,-19.94197],[-44.1169,-19.94181],[-44.11683,-19.94187],[-44.11677,-19.94187],[-44.11598,-19.94133],[-44.11571,-19.94111],[-44.11495,-19.94055],[-44.11459,-19.94022],[-44.1147,-19.9396],[-44.11471,-19.93941],[-44.11468,-19.93929],[-44.11449,-19.93906],[-44.11445,-19.93896],[-44.11447,-19.93886],[-44.11458,-19.93858],[-44.11426,-19.93849],[-44.11402,-19.93837],[-44.11365,-19.93838],[-44.11357,-19.93837],[-44.11344,-19.9383],[-44.11264,-19.93969],[-44.11206,-19.93936],[-44.11144,-19.93898],[-44.11138,-19.93896],[-44.1113,-19.93897],[-44.10931,-19.93981],[-44.10857,-19.94011],[-44.10751,-19.9405],[-44.10684,-19.94079],[-44.10697,-19.94104],[-44.10704,-19.94125],[-44.10718,-19.94177],[-44.10755,-19.94335],[-44.10756,-19.94346]]]]}},{"type":"Feature","properties":{"territory_id":"mg-3106705-inga","name":"Ingá","municipality_id":"mg-3106705","polling_places":1,"approx":false,"official":true,"method":"official-ibge-cd2022","whole_municipality":false,"approx_coords_only":false,"official_name":"Ingá","official_code":"3106705029","match":"direct"},"geometry":{"type":"MultiPolygon","coordinates":[[[[-44.19878,-19.94643],[-44.19865,-19.94593],[-44.19862,-19.94566],[-44.19864,-19.94399],[-44.19869,-19.9427],[-44.19866,-19.94259],[-44.1986,-19.94248],[-44.19837,-19.94216],[-44.19825,-19.94215],[-44.19814,-19.94227],[-44.19796,-19.94239],[-44.19778,-19.943],[-44.19758,-19.94347],[-44.19727,-19.94441],[-44.19657,-19.94571],[-44.19632,-19.94625],[-44.19634,-19.9464],[-44.19622,-19.94641],[-44.19619,-19.94638],[-44.19619,-19.94634],[-44.19457,-19.94592],[-44.19232,-19.94484],[-44.19156,-19.94501],[-44.19136,-19.94509],[-44.19018,-19.9457],[-44.18884,-19.94636],[-44.18871,-19.94647],[-44.18886,-19.94669],[-44.18911,-19.94688],[-44.18953,-19.94716],[-44.19003,-19.94744],[-44.19032,-19.94758],[-44.19064,-19.94775],[-44.19115,-19.94795],[-44.19167,-19.94822],[-44.19325,-19.94896],[-44.19347,-19.9491],[-44.19359,-19.94922],[-44.19379,-19.94952],[-44.19433,-19.95083],[-44.19469,-19.95186],[-44.19498,-19.95253],[-44.19544,-19.95383],[-44.19612,-19.95364],[-44.19639,-19.95363],[-44.19682,-19.95368],[-44.19712,-19.95376],[-44.19821,-19.95416],[-44.19844,-19.95422],[-44.19876,-19.95433],[-44.19904,-19.95447],[-44.1992,-19.95451],[-44.19961,-19.95467],[-44.19986,-19.95472],[-44.19996,-19.95449],[-44.20008,-19.95413],[-44.20026,-19.95347],[-44.20032,-19.95303],[-44.2005,-19.95111],[-44.20045,-19.95104],[-44.20033,-19.95103],[-44.19983,-19.95047],[-44.19973,-19.95032],[-44.19949,-19.94935],[-44.19945,-19.94906],[-44.19882,-19.9466],[-44.19878,-19.94643]]]]}},{"type":"Feature","properties":{"territory_id":"mg-3106705-inga-alto","name":"Ingá Alto","municipality_id":"mg-3106705","polling_places":1,"approx":false,"official":true,"method":"official-ibge-cd2022","whole_municipality":false,"approx_coords_only":false,"official_name":"Ingá Alto","official_code":"3106705015","match":"direct"},"geometry":{"type":"MultiPolygon","coordinates":[[[[-44.19504,-19.95929],[-44.19523,-19.95902],[-44.19544,-19.95869],[-44.19556,-19.95849],[-44.1957,-19.95819],[-44.19586,-19.95778],[-44.19605,-19.95695],[-44.19621,-19.95639],[-44.1964,-19.95628],[-44.19578,-19.95466],[-44.19544,-19.95383],[-44.19498,-19.95253],[-44.19469,-19.95186],[-44.19433,-19.95083],[-44.19379,-19.94952],[-44.19359,-19.94922],[-44.19347,-19.9491],[-44.19325,-19.94896],[-44.1928,-19.94874],[-44.19261,-19.94895],[-44.19194,-19.94924],[-44.19198,-19.94951],[-44.19198,-19.95045],[-44.19178,-19.95064],[-44.19148,-19.95089],[-44.19133,-19.95104],[-44.19116,-19.95124],[-44.19048,-19.95223],[-44.19006,-19.95278],[-44.18989,-19.95321],[-44.18816,-19.95341],[-44.18796,-19.95346],[-44.18717,-19.95412],[-44.18817,-19.95618],[-44.18822,-19.95637],[-44.18821,-19.95654],[-44.18817,-19.95665],[-44.18808,-19.95678],[-44.18799,-19.95685],[-44.18765,-19.957],[-44.18756,-19.95706],[-44.18741,-19.95725],[-44.18738,-19.95736],[-44.18737,-19.9575],[-44.18745,-19.95769],[-44.18805,-19.95861],[-44.18831,-19.95855],[-44.18882,-19.95861],[-44.18921,-19.95872],[-44.18953,-19.95885],[-44.1899,-19.95909],[-44.19018,-19.95937],[-44.19138,-19.96066],[-44.19366,-19.96295],[-44.19413,-19.96338],[-44.1944,-19.96356],[-44.19457,-19.96364],[-44.19452,-19.96336],[-44.19419,-19.96307],[-44.19409,-19.96292],[-44.19401,-19.96283],[-44.19397,-19.96273],[-44.19388,-19.96142],[-44.19388,-19.96105],[-44.19391,-19.96089],[-44.19401,-19.96071],[-44.19452,-19.96002],[-44.19504,-19.95929]]]]}},{"type":"Feature","properties":{"territory_id":"mg-3106705-jardim-das-alterosas-1-secao","name":"Jardim das Alterosas 1ª Seção","municipality_id":"mg-3106705","polling_places":2,"approx":true,"official":false,"method":"voronoi-polling-places","whole_municipality":false,"approx_coords_only":false},"geometry":{"type":"MultiPolygon","coordinates":[[[[-44.17208,-19.99799],[-44.17164,-19.99832],[-44.17151,-19.99837],[-44.17141,-19.99832],[-44.17136,-19.99818],[-44.17125,-19.99765],[-44.17101,-19.99697],[-44.17091,-19.99683],[-44.17049,-19.99572],[-44.17053,-19.99548],[-44.17005,-19.99539],[-44.16967,-19.99542],[-44.16326,-19.98097],[-44.16464,-19.97926],[-44.16509,-19.97858],[-44.16527,-19.97876],[-44.16602,-19.97788],[-44.16611,-19.97764],[-44.16669,-19.97692],[-44.16705,-19.9763],[-44.16715,-19.97609],[-44.16761,-19.97633],[-44.16797,-19.97572],[-44.16802,-19.97556],[-44.16799,-19.97538],[-44.1679,-19.97514],[-44.1679,-19.97503],[-44.16795,-19.97488],[-44.16806,-19.97469],[-44.16839,-19.9745],[-44.17208,-19.99799]]],[[[-44.1666,-19.96308],[-44.16052,-19.96143],[-44.16104,-19.96157],[-44.1666,-19.96308]]],[[[-44.16558,-19.9566],[-44.16545,-19.9565],[-44.16531,-19.95638],[-44.16512,-19.95618],[-44.16492,-19.95595],[-44.16478,-19.95575],[-44.16466,-19.95553],[-44.16449,-19.95512],[-44.16448,-19.95508],[-44.16442,-19.95472],[-44.16441,-19.95449],[-44.16341,-19.95536],[-44.16336,-19.95543],[-44.16255,-19.95733],[-44.16231,-19.95733],[-44.16209,-19.95735],[-44.15995,-19.95379],[-44.15968,-19.9533],[-44.15864,-19.95158],[-44.15835,-19.95106],[-44.1575,-19.95148],[-44.15597,-19.95228],[-44.15525,-19.95264],[-44.15518,-19.95256],[-44.15507,-19.9525],[-44.15369,-19.952],[-44.1524,-19.95287],[-44.15183,-19.95327],[-44.15159,-19.95351],[-44.1503,-19.95439],[-44.15008,-19.95459],[-44.14998,-19.95471],[-44.14996,-19.95475],[-44.14628,-19.94912],[-44.1482,-19.94619],[-44.1486,-19.94671],[-44.14958,-19.94781],[-44.14995,-19.94776],[-44.15024,-19.94761],[-44.15043,-19.94744],[-44.15062,-19.94723],[-44.1508,-19.94675],[-44.15089,-19.94642],[-44.15103,-19.94606],[-44.15152,-19.94527],[-44.1518,-19.94505],[-44.1522,-19.9449],[-44.15476,-19.94424],[-44.15551,-19.94396],[-44.15627,-19.94331],[-44.15669,-19.94303],[-44.15821,-19.94465],[-44.16396,-19.94742],[-44.16467,-19.9508],[-44.16558,-19.9566]]],[[[-44.16081,-19.97388],[-44.16078,-19.97537],[-44.16,-19.97361],[-44.16,-19.9736],[-44.16012,-19.97339],[-44.16081,-19.97388]]],[[[-44.15877,-19.96096],[-44.15698,-19.9605],[-44.15786,-19.96072],[-44.15877,-19.96096]]]]}},{"type":"Feature","properties":{"territory_id":"mg-3106705-jardim-das-alterosas-2-secao","name":"Jardim das Alterosas 2ª Seção","municipality_id":"mg-3106705","polling_places":4,"approx":true,"official":false,"method":"voronoi-polling-places","whole_municipality":false,"approx_coords_only":false},"geometry":{"type":"MultiPolygon","coordinates":[[[[-44.19073,-19.98021],[-44.19032,-19.98015],[-44.18897,-19.97994],[-44.18758,-19.98451],[-44.18711,-19.98615],[-44.18689,-19.98656],[-44.18678,-19.98672],[-44.18654,-19.98698],[-44.18634,-19.98715],[-44.18557,-19.98763],[-44.18708,-19.98829],[-44.18785,-19.98867],[-44.18879,-19.98908],[-44.18908,-19.98923],[-44.18466,-19.9989],[-44.18121,-20.00071],[-44.18117,-20.00057],[-44.18117,-20.00035],[-44.18101,-20.00009],[-44.18103,-20.00006],[-44.18135,-19.99924],[-44.18151,-19.99897],[-44.18166,-19.99897],[-44.1818,-19.99886],[-44.18187,-19.99873],[-44.18263,-19.9985],[-44.18272,-19.99835],[-44.18291,-19.99813],[-44.18302,-19.99791],[-44.18313,-19.99784],[-44.18249,-19.99751],[-44.1808,-19.99731],[-44.18077,-19.99729],[-44.17977,-19.99714],[-44.17852,-19.99696],[-44.17838,-19.99691],[-44.17825,-19.99683],[-44.17812,-19.99671],[-44.17771,-19.99626],[-44.17759,-19.99631],[-44.17742,-19.99636],[-44.1773,-19.99636],[-44.17722,-19.99633],[-44.17714,-19.99625],[-44.17696,-19.99601],[-44.17632,-19.99603],[-44.17603,-19.99599],[-44.17595,-19.99596],[-44.17553,-19.99569],[-44.17544,-19.99579],[-44.17534,-19.99586],[-44.17526,-19.99587],[-44.17515,-19.99586],[-44.17503,-19.9958],[-44.17389,-19.99663],[-44.17208,-19.99799],[-44.16839,-19.9745],[-44.16841,-19.97449],[-44.16858,-19.97432],[-44.16924,-19.97372],[-44.16967,-19.97327],[-44.17002,-19.97289],[-44.17017,-19.97279],[-44.17017,-19.97274],[-44.1702,-19.97271],[-44.17026,-19.97268],[-44.17031,-19.9726],[-44.17059,-19.97228],[-44.17062,-19.97222],[-44.17061,-19.97214],[-44.17056,-19.972],[-44.17079,-19.97181],[-44.17147,-19.97113],[-44.17177,-19.97136],[-44.1726,-19.97182],[-44.17272,-19.97186],[-44.17262,-19.97232],[-44.17313,-19.97247],[-44.1733,-19.97249],[-44.17352,-19.97249],[-44.17376,-19.97242],[-44.17385,-19.97236],[-44.17388,-19.97232],[-44.17394,-19.97218],[-44.17418,-19.97139],[-44.17423,-19.97137],[-44.17503,-19.9708],[-44.17563,-19.97094],[-44.17607,-19.97108],[-44.17691,-19.97133],[-44.17725,-19.97147],[-44.17733,-19.97153],[-44.17821,-19.97248],[-44.17825,-19.97278],[-44.17843,-19.97285],[-44.17843,-19.97343],[-44.17839,-19.97363],[-44.17813,-19.97358],[-44.17766,-19.97355],[-44.17761,-19.9751],[-44.17765,-19.97568],[-44.17784,-19.97633],[-44.17782,-19.97651],[-44.17777,-19.97677],[-44.17819,-19.97676],[-44.17964,-19.97675],[-44.1801,-19.97677],[-44.18026,-19.97668],[-44.18062,-19.97636],[-44.18085,-19.97624],[-44.18111,-19.97615],[-44.18139,-19.97615],[-44.18152,-19.97617],[-44.18178,-19.97625],[-44.18207,-19.97629],[-44.18214,-19.97627],[-44.18235,-19.97633],[-44.18295,-19.97642],[-44.18428,-19.97641],[-44.1868,-19.97634],[-44.1872,-19.97586],[-44.18755,-19.9756],[-44.18776,-19.97551],[-44.18764,-19.97546],[-44.18734,-19.97527],[-44.18716,-19.97508],[-44.187,-19.97496],[-44.18689,-19.97491],[-44.18667,-19.97487],[-44.18676,-19.97466],[-44.18721,-19.97473],[-44.18874,-19.97488],[-44.19073,-19.98021]]],[[[-44.18125,-19.96069],[-44.18095,-19.96093],[-44.18122,-19.96072],[-44.18125,-19.96069]]],[[[-44.17881,-19.9529],[-44.1786,-19.95285],[-44.17791,-19.95265],[-44.17881,-19.95289],[-44.17881,-19.9529]]],[[[-44.17873,-19.96169],[-44.1785,-19.96175],[-44.17841,-19.96176],[-44.17873,-19.96169]]],[[[-44.17841,-19.96176],[-44.17813,-19.96174],[-44.17806,-19.96172],[-44.17841,-19.96176]]],[[[-44.17801,-19.96172],[-44.17793,-19.96171],[-44.17778,-19.96165],[-44.17801,-19.96172]]],[[[-44.17756,-19.93541],[-44.17705,-19.93612],[-44.17698,-19.9361],[-44.17698,-19.93597],[-44.17718,-19.93547],[-44.17721,-19.93529],[-44.17725,-19.93516],[-44.17756,-19.93541]]],[[[-44.17625,-19.93436],[-44.17397,-19.93516],[-44.17345,-19.93406],[-44.1734,-19.93398],[-44.17321,-19.93379],[-44.17296,-19.93359],[-44.17203,-19.9329],[-44.16896,-19.93872],[-44.16894,-19.93889],[-44.16895,-19.93895],[-44.16911,-19.93932],[-44.16926,-19.93987],[-44.16929,-19.9399],[-44.17037,-19.94283],[-44.1709,-19.94232],[-44.17112,-19.9422],[-44.17133,-19.94215],[-44.17157,-19.94215],[-44.1721,-19.94227],[-44.17234,-19.94221],[-44.173,-19.942],[-44.17366,-19.9418],[-44.17381,-19.94174],[-44.17453,-19.94346],[-44.17448,-19.94359],[-44.17352,-19.94541],[-44.17337,-19.94587],[-44.17329,-19.94589],[-44.17322,-19.94588],[-44.17312,-19.9458],[-44.17254,-19.94769],[-44.1725,-19.94777],[-44.17241,-19.94788],[-44.1721,-19.94817],[-44.17193,-19.9483],[-44.17192,-19.94836],[-44.17194,-19.94864],[-44.17027,-19.94936],[-44.16992,-19.9497],[-44.16952,-19.95034],[-44.16878,-19.95164],[-44.1684,-19.95236],[-44.16828,-19.95241],[-44.16826,-19.95258],[-44.16804,-19.95264],[-44.16723,-19.95314],[-44.16686,-19.9537],[-44.16667,-19.95383],[-44.16692,-19.95454],[-44.167,-19.9547],[-44.16707,-19.95479],[-44.16915,-19.95698],[-44.16735,-19.95509],[-44.1661,-19.95612],[-44.16568,-19.95668],[-44.16558,-19.9566],[-44.16467,-19.9508],[-44.16396,-19.94742],[-44.15821,-19.94465],[-44.15669,-19.94303],[-44.15725,-19.94266],[-44.15756,-19.94244],[-44.15807,-19.94208],[-44.15811,-19.94114],[-44.15798,-19.94085],[-44.15784,-19.94029],[-44.15775,-19.94004],[-44.15739,-19.93942],[-44.1573,-19.93946],[-44.15413,-19.9345],[-44.15406,-19.93432],[-44.15391,-19.93374],[-44.15406,-19.93366],[-44.15427,-19.93359],[-44.15438,-19.93358],[-44.15584,-19.93301],[-44.15604,-19.9333],[-44.1565,-19.93386],[-44.15688,-19.93422],[-44.1585,-19.93585],[-44.15867,-19.93596],[-44.16003,-19.93651],[-44.1609,-19.93687],[-44.16109,-19.93697],[-44.16167,-19.93771],[-44.16283,-19.93741],[-44.16384,-19.93713],[-44.16366,-19.93545],[-44.1635,-19.93416],[-44.16448,-19.93281],[-44.1647,-19.93197],[-44.16474,-19.93188],[-44.16831,-19.93135],[-44.17018,-19.93103],[-44.17077,-19.93062],[-44.17164,-19.93073],[-44.17151,-19.93055],[-44.17625,-19.93436]]],[[[-44.16939,-19.95712],[-44.16927,-19.95706],[-44.16915,-19.95698],[-44.16939,-19.95712]]],[[[-44.16167,-19.92388],[-44.16129,-19.92396],[-44.16102,-19.92407],[-44.16075,-19.92424],[-44.16025,-19.92459],[-44.15898,-19.92544],[-44.15873,-19.92565],[-44.15799,-19.92619],[-44.15768,-19.92636],[-44.15661,-19.9268],[-44.15477,-19.92759],[-44.15427,-19.9278],[-44.15405,-19.92165],[-44.16167,-19.92388]]]]}},{"type":"Feature","properties":{"territory_id":"mg-3106705-jardim-nazareno","name":"Jardim Nazareno","municipality_id":"mg-3106705","polling_places":1,"approx":false,"official":true,"method":"official-ibge-cd2022","whole_municipality":false,"approx_coords_only":false,"official_name":"Jardim Nazareno","official_code":"3106705060","match":"direct"},"geometry":{"type":"MultiPolygon","coordinates":[[[[-44.13331,-19.99523],[-44.1314,-19.9965],[-44.13125,-19.99664],[-44.13101,-19.99675],[-44.13078,-19.99694],[-44.13063,-19.99694],[-44.12994,-19.9968],[-44.12922,-19.99684],[-44.129,-19.9968],[-44.12878,-19.99684],[-44.12851,-19.99694],[-44.12822,-19.99708],[-44.12748,-19.99723],[-44.12733,-19.99722],[-44.1277,-19.99833],[-44.12834,-19.99844],[-44.12858,-19.99854],[-44.12914,-19.99867],[-44.12983,-19.99875],[-44.13007,-19.9988],[-44.13066,-19.99865],[-44.13091,-19.99862],[-44.13118,-19.99869],[-44.13131,-19.99876],[-44.13143,-19.99886],[-44.13158,-19.99907],[-44.13152,-19.99957],[-44.1316,-20.00005],[-44.13154,-20.00038],[-44.13155,-20.00052],[-44.13159,-20.00075],[-44.13167,-20.00091],[-44.13173,-20.00112],[-44.13174,-20.00125],[-44.13193,-20.00157],[-44.13212,-20.00158],[-44.13251,-20.00142],[-44.13272,-20.0014],[-44.13289,-20.00133],[-44.13304,-20.00131],[-44.13319,-20.00134],[-44.13333,-20.00144],[-44.13348,-20.00151],[-44.13363,-20.00154],[-44.13375,-20.0016],[-44.134,-20.00167],[-44.13421,-20.00169],[-44.13445,-20.00177],[-44.13465,-20.00188],[-44.13495,-20.00242],[-44.13504,-20.00252],[-44.13544,-20.00264],[-44.13618,-20.00289],[-44.1372,-20.00328],[-44.13795,-20.00334],[-44.13856,-20.00344],[-44.13831,-20.00309],[-44.1382,-20.00279],[-44.13815,-20.00251],[-44.13819,-20.00234],[-44.13817,-20.00204],[-44.13805,-20.00136],[-44.13809,-20.00097],[-44.13809,-20.0007],[-44.13807,-20.00006],[-44.13802,-19.99976],[-44.13789,-19.99947],[-44.13775,-19.99891],[-44.13767,-19.99872],[-44.13756,-19.99861],[-44.13746,-19.99848],[-44.13736,-19.99817],[-44.13737,-19.99801],[-44.13732,-19.99784],[-44.13723,-19.99769],[-44.137,-19.99708],[-44.13697,-19.99686],[-44.1368,-19.99629],[-44.13676,-19.99605],[-44.13418,-19.99368],[-44.1334,-19.99491],[-44.13334,-19.99505],[-44.13331,-19.99519],[-44.13331,-19.99523]]]]}},{"type":"Feature","properties":{"territory_id":"mg-3106705-jardim-teresopolis","name":"Jardim Teresópolis","municipality_id":"mg-3106705","polling_places":4,"approx":true,"official":false,"method":"voronoi-polling-places","whole_municipality":false,"approx_coords_only":false},"geometry":{"type":"MultiPolygon","coordinates":[[[[-44.13455,-19.94902],[-44.13071,-19.95524],[-44.12322,-19.95212],[-44.12215,-19.95246],[-44.0788,-19.97021],[-44.0756,-19.9672],[-44.0689,-19.9488],[-44.06966,-19.9484],[-44.06971,-19.94846],[-44.07007,-19.94843],[-44.07124,-19.94837],[-44.07171,-19.94838],[-44.07237,-19.94823],[-44.07294,-19.948],[-44.07352,-19.9489],[-44.07377,-19.94921],[-44.07392,-19.94908],[-44.07423,-19.94886],[-44.07462,-19.94856],[-44.07552,-19.94787],[-44.07562,-19.94767],[-44.07558,-19.94736],[-44.07571,-19.94725],[-44.07639,-19.9464],[-44.07826,-19.94554],[-44.07847,-19.94546],[-44.07885,-19.94525],[-44.07914,-19.94504],[-44.07932,-19.94481],[-44.08015,-19.94349],[-44.08014,-19.94342],[-44.07993,-19.94324],[-44.07972,-19.94308],[-44.08822,-19.93858],[-44.0882,-19.93894],[-44.08822,-19.93913],[-44.08833,-19.93948],[-44.08841,-19.93962],[-44.08865,-19.93992],[-44.08877,-19.94004],[-44.08899,-19.94019],[-44.08934,-19.94036],[-44.08954,-19.94042],[-44.08973,-19.94044],[-44.08995,-19.94044],[-44.09011,-19.94042],[-44.09054,-19.94028],[-44.09093,-19.94001],[-44.09123,-19.93962],[-44.09164,-19.93887],[-44.09184,-19.93859],[-44.0921,-19.93836],[-44.09227,-19.93826],[-44.09255,-19.93815],[-44.0927,-19.93811],[-44.09285,-19.93811],[-44.09372,-19.93911],[-44.09413,-19.93938],[-44.09424,-19.93958],[-44.09399,-19.93973],[-44.09391,-19.93985],[-44.09395,-19.94008],[-44.09379,-19.94022],[-44.09375,-19.94037],[-44.09404,-19.94061],[-44.09449,-19.94095],[-44.09474,-19.9412],[-44.0951,-19.94145],[-44.09544,-19.94165],[-44.09579,-19.94143],[-44.09607,-19.94132],[-44.09629,-19.94126],[-44.09662,-19.94124],[-44.09671,-19.94125],[-44.09711,-19.94121],[-44.09725,-19.94117],[-44.09737,-19.94111],[-44.09748,-19.94101],[-44.09759,-19.94095],[-44.09768,-19.94095],[-44.09771,-19.94092],[-44.09783,-19.94112],[-44.09811,-19.94151],[-44.09906,-19.9427],[-44.0993,-19.94296],[-44.09983,-19.94347],[-44.09906,-19.94483],[-44.0984,-19.94598],[-44.09667,-19.94909],[-44.09675,-19.94914],[-44.09727,-19.94932],[-44.0975,-19.9496],[-44.09769,-19.94993],[-44.09804,-19.9504],[-44.09834,-19.95038],[-44.09884,-19.9507],[-44.099,-19.95084],[-44.09926,-19.95111],[-44.10103,-19.95096],[-44.10097,-19.95032],[-44.10099,-19.95022],[-44.1013,-19.94983],[-44.10156,-19.94955],[-44.10171,-19.94947],[-44.10203,-19.94932],[-44.10283,-19.94899],[-44.10297,-19.94892],[-44.10362,-19.94838],[-44.10375,-19.94831],[-44.10386,-19.94827],[-44.10442,-19.94826],[-44.10467,-19.94819],[-44.10488,-19.94809],[-44.10509,-19.94795],[-44.10522,-19.94789],[-44.10534,-19.94788],[-44.10724,-19.94809],[-44.10785,-19.94875],[-44.10759,-19.94882],[-44.10742,-19.94883],[-44.10728,-19.94885],[-44.10716,-19.94889],[-44.10697,-19.94899],[-44.10595,-19.95003],[-44.10555,-19.95019],[-44.10538,-19.95021],[-44.10525,-19.95038],[-44.10503,-19.95078],[-44.1046,-19.95183],[-44.10345,-19.95192],[-44.1036,-19.95344],[-44.10205,-19.9533],[-44.1013,-19.95331],[-44.09982,-19.95323],[-44.09726,-19.95298],[-44.09733,-19.9532],[-44.09774,-19.95383],[-44.09789,-19.95398],[-44.09786,-19.95447],[-44.0971,-19.95448],[-44.09671,-19.95525],[-44.09677,-19.95553],[-44.0968,-19.95562],[-44.09712,-19.9556],[-44.09738,-19.9556],[-44.10255,-19.95605],[-44.10386,-19.95615],[-44.10468,-19.95619],[-44.10648,-19.95604],[-44.10773,-19.95596],[-44.10973,-19.95589],[-44.11087,-19.95582],[-44.11092,-19.95374],[-44.11081,-19.95262],[-44.11074,-19.95231],[-44.11051,-19.95151],[-44.11046,-19.95127],[-44.11047,-19.95104],[-44.11083,-19.95016],[-44.11115,-19.95025],[-44.11141,-19.95026],[-44.1115,-19.95023],[-44.11196,-19.95002],[-44.11228,-19.94999],[-44.11243,-19.94995],[-44.11296,-19.94976],[-44.11316,-19.9497],[-44.11358,-19.94968],[-44.11369,-19.94971],[-44.11357,-19.94888],[-44.11333,-19.94662],[-44.11286,-19.94669],[-44.11798,-19.94585],[-44.11938,-19.9456],[-44.12,-19.94554],[-44.12025,-19.94554],[-44.1206,-19.94558],[-44.12085,-19.94564],[-44.12129,-19.94584],[-44.12397,-19.94745],[-44.125,-19.94806],[-44.12523,-19.94813],[-44.12552,-19.94819],[-44.1268,-19.94817],[-44.12725,-19.94819],[-44.12777,-19.94832],[-44.12868,-19.94867],[-44.129,-19.94881],[-44.1294,-19.94886],[-44.12995,-19.94889],[-44.13322,-19.94875],[-44.13383,-19.94878],[-44.13419,-19.94887],[-44.13455,-19.94902]]],[[[-44.13249,-19.94385],[-44.13188,-19.94385],[-44.1315,-19.94384],[-44.12976,-19.94358],[-44.12928,-19.94348],[-44.12908,-19.94342],[-44.12863,-19.94324],[-44.12808,-19.94291],[-44.12755,-19.94239],[-44.12723,-19.94198],[-44.1253,-19.93967],[-44.12587,-19.93976],[-44.12613,-19.93973],[-44.1266,-19.93953],[-44.1323,-19.94342],[-44.13249,-19.94385]]],[[[-44.12192,-19.93989],[-44.12186,-19.94014],[-44.1219,-19.93995],[-44.12192,-19.93989]]],[[[-44.1217,-19.94129],[-44.12168,-19.94137],[-44.12169,-19.94131],[-44.1217,-19.94129]]],[[[-44.12153,-19.94155],[-44.1209,-19.94399],[-44.12136,-19.94219],[-44.12153,-19.94155]]],[[[-44.11977,-19.93487],[-44.1194,-19.93495],[-44.11803,-19.93517],[-44.11731,-19.93534],[-44.11421,-19.93591],[-44.11397,-19.93594],[-44.11353,-19.93589],[-44.11331,-19.9359],[-44.1132,-19.93588],[-44.11293,-19.9358],[-44.11267,-19.93561],[-44.11208,-19.93497],[-44.11157,-19.93432],[-44.1113,-19.9339],[-44.11136,-19.93371],[-44.11112,-19.93362],[-44.11092,-19.93331],[-44.11099,-19.93315],[-44.11051,-19.93286],[-44.10991,-19.93206],[-44.10989,-19.93168],[-44.10976,-19.93154],[-44.10922,-19.93139],[-44.10932,-19.93093],[-44.10911,-19.93086],[-44.10897,-19.93046],[-44.10886,-19.93002],[-44.10888,-19.92987],[-44.10869,-19.9296],[-44.10867,-19.92899],[-44.10862,-19.92848],[-44.10867,-19.92839],[-44.10856,-19.92817],[-44.10838,-19.92791],[-44.1084,-19.9279],[-44.11087,-19.92749],[-44.11821,-19.9338],[-44.11977,-19.93487]]],[[[-44.10751,-19.9405],[-44.10684,-19.94079],[-44.1071,-19.94068],[-44.10751,-19.9405]]],[[[-44.1035,-19.94202],[-44.10341,-19.94177],[-44.1033,-19.94137],[-44.1035,-19.94202]]],[[[-44.1008,-19.93514],[-44.10048,-19.93487],[-44.09977,-19.93427],[-44.1008,-19.93514]]],[[[-44.09534,-19.9372],[-44.09526,-19.93732],[-44.09515,-19.93748],[-44.09534,-19.9372]]],[[[-44.09416,-19.93808],[-44.094,-19.9381],[-44.0939,-19.9381],[-44.09416,-19.93808]]],[[[-44.09369,-19.9381],[-44.09327,-19.9381],[-44.09355,-19.93809],[-44.09369,-19.9381]]],[[[-44.07503,-19.94556],[-44.07499,-19.94559],[-44.07492,-19.94574],[-44.07336,-19.94729],[-44.07315,-19.94749],[-44.07298,-19.9476],[-44.07276,-19.94773],[-44.07239,-19.9479],[-44.07226,-19.94794],[-44.07206,-19.94798],[-44.07186,-19.94799],[-44.07043,-19.94799],[-44.07503,-19.94556]]]]}},{"type":"Feature","properties":{"territory_id":"mg-3106705-laranjeiras","name":"Laranjeiras","municipality_id":"mg-3106705","polling_places":3,"approx":false,"official":true,"method":"official-ibge-cd2022","whole_municipality":false,"approx_coords_only":false,"official_name":"Laranjeiras","official_code":"3106705105","match":"direct"},"geometry":{"type":"MultiPolygon","coordinates":[[[[-44.13457,-19.9442],[-44.13432,-19.94406],[-44.13409,-19.94396],[-44.13392,-19.94391],[-44.13372,-19.94388],[-44.13334,-19.94385],[-44.13188,-19.94385],[-44.1315,-19.94384],[-44.12976,-19.94358],[-44.12928,-19.94348],[-44.12908,-19.94342],[-44.12863,-19.94324],[-44.12808,-19.94291],[-44.12755,-19.94239],[-44.12723,-19.94198],[-44.1253,-19.93967],[-44.12501,-19.93928],[-44.12485,-19.9391],[-44.12467,-19.93898],[-44.12371,-19.93853],[-44.12337,-19.93826],[-44.12316,-19.93801],[-44.12197,-19.93975],[-44.12193,-19.93984],[-44.12186,-19.94014],[-44.12233,-19.94043],[-44.1217,-19.94129],[-44.12168,-19.94137],[-44.12162,-19.94142],[-44.12153,-19.94155],[-44.1209,-19.94399],[-44.1206,-19.94558],[-44.12085,-19.94564],[-44.12129,-19.94584],[-44.12397,-19.94745],[-44.125,-19.94806],[-44.12523,-19.94813],[-44.12552,-19.94819],[-44.1268,-19.94817],[-44.12725,-19.94819],[-44.12777,-19.94832],[-44.12868,-19.94867],[-44.129,-19.94881],[-44.1294,-19.94886],[-44.12995,-19.94889],[-44.13322,-19.94875],[-44.13383,-19.94878],[-44.13419,-19.94887],[-44.13515,-19.94927],[-44.13551,-19.94966],[-44.13618,-19.95053],[-44.137,-19.94993],[-44.13689,-19.94979],[-44.13837,-19.94887],[-44.13722,-19.94674],[-44.13638,-19.94532],[-44.13628,-19.94517],[-44.13618,-19.9451],[-44.13584,-19.9449],[-44.13479,-19.94432],[-44.13457,-19.9442]]]]}},{"type":"Feature","properties":{"territory_id":"mg-3106705-liberatos","name":"Liberatos","municipality_id":"mg-3106705","polling_places":1,"approx":true,"official":false,"method":"voronoi-polling-places","whole_municipality":false,"approx_coords_only":false},"geometry":{"type":"MultiPolygon","coordinates":[[[[-44.31618,-19.92705],[-44.30584,-19.92919],[-44.30607,-19.92901],[-44.3064,-19.9287],[-44.30656,-19.92844],[-44.3067,-19.92817],[-44.3068,-19.9276],[-44.30677,-19.92731],[-44.30676,-19.92692],[-44.30662,-19.926],[-44.30664,-19.92579],[-44.30669,-19.92566],[-44.30692,-19.92552],[-44.30713,-19.92548],[-44.30737,-19.92554],[-44.30756,-19.92564],[-44.30794,-19.92574],[-44.30838,-19.92577],[-44.30876,-19.92594],[-44.30898,-19.92612],[-44.30916,-19.92633],[-44.30937,-19.9264],[-44.30965,-19.9264],[-44.3099,-19.92643],[-44.31015,-19.92644],[-44.31038,-19.92641],[-44.31075,-19.92618],[-44.31111,-19.92608],[-44.31144,-19.92605],[-44.31179,-19.92595],[-44.31218,-19.92577],[-44.31239,-19.92559],[-44.31258,-19.92538],[-44.31275,-19.92505],[-44.31286,-19.92487],[-44.3132,-19.92443],[-44.31349,-19.92416],[-44.31393,-19.92387],[-44.31429,-19.92346],[-44.31444,-19.92326],[-44.31456,-19.92295],[-44.31472,-19.92266],[-44.31491,-19.9224],[-44.31504,-19.92214],[-44.31512,-19.92178],[-44.3154,-19.92093],[-44.31542,-19.92004],[-44.31554,-19.91975],[-44.3157,-19.91959],[-44.31596,-19.91943],[-44.31618,-19.92705]]],[[[-44.3156,-19.90693],[-44.31558,-19.90689],[-44.3156,-19.9069],[-44.3156,-19.90693]]],[[[-44.31482,-19.90646],[-44.31426,-19.90638],[-44.31302,-19.90637],[-44.31258,-19.90638],[-44.31201,-19.90662],[-44.31085,-19.90704],[-44.31051,-19.90711],[-44.30969,-19.90731],[-44.30934,-19.90743],[-44.30834,-19.90791],[-44.30762,-19.90834],[-44.30693,-19.90869],[-44.30667,-19.90881],[-44.30602,-19.90903],[-44.30506,-19.90942],[-44.30459,-19.90968],[-44.30409,-19.90993],[-44.30351,-19.91026],[-44.30288,-19.91044],[-44.30258,-19.91047],[-44.3022,-19.91044],[-44.30191,-19.91047],[-44.30145,-19.91046],[-44.30107,-19.91053],[-44.30059,-19.91058],[-44.30015,-19.91059],[-44.29974,-19.91049],[-44.29927,-19.91021],[-44.29913,-19.90996],[-44.29899,-19.90961],[-44.29885,-19.90893],[-44.29885,-19.90841],[-44.29878,-19.9079],[-44.29856,-19.90717],[-44.29857,-19.90678],[-44.29874,-19.90644],[-44.2989,-19.90624],[-44.29907,-19.90583],[-44.29909,-19.90573],[-44.29901,-19.90563],[-44.29883,-19.90565],[-44.2987,-19.9057],[-44.29843,-19.90572],[-44.29798,-19.90558],[-44.29765,-19.90538],[-44.29732,-19.90512],[-44.29704,-19.90482],[-44.29672,-19.90428],[-44.29589,-19.90363],[-44.29558,-19.90321],[-44.29538,-19.90281],[-44.29519,-19.90231],[-44.29484,-19.90096],[-44.29458,-19.90043],[-44.29423,-19.90003],[-44.29396,-19.89963],[-44.29362,-19.89891],[-44.29351,-19.89818],[-44.29363,-19.8976],[-44.29392,-19.89685],[-44.29406,-19.89629],[-44.29438,-19.89556],[-44.2946,-19.89512],[-44.29462,-19.8951],[-44.31482,-19.90646]]],[[[-44.29369,-19.89458],[-44.29353,-19.89458],[-44.29278,-19.89454],[-44.29178,-19.89433],[-44.29109,-19.89403],[-44.29014,-19.89355],[-44.28955,-19.89312],[-44.28897,-19.89289],[-44.28829,-19.89253],[-44.28757,-19.89227],[-44.28697,-19.89229],[-44.28663,-19.89235],[-44.28626,-19.89247],[-44.28538,-19.89278],[-44.28516,-19.89284],[-44.28462,-19.89283],[-44.28428,-19.89279],[-44.28408,-19.89261],[-44.28396,-19.89249],[-44.28377,-19.89214],[-44.28366,-19.892],[-44.28334,-19.89173],[-44.28282,-19.89134],[-44.28254,-19.89108],[-44.28207,-19.89057],[-44.28183,-19.89086],[-44.28172,-19.89104],[-44.28117,-19.8918],[-44.28096,-19.89215],[-44.28076,-19.89253],[-44.28034,-19.89364],[-44.28023,-19.89385],[-44.27994,-19.89427],[-44.27959,-19.89465],[-44.27719,-19.89716],[-44.27694,-19.89744],[-44.27668,-19.89775],[-44.27651,-19.89806],[-44.27633,-19.8985],[-44.27625,-19.89889],[-44.27623,-19.89937],[-44.27629,-19.90146],[-44.27629,-19.90189],[-44.27632,-19.9032],[-44.2763,-19.90346],[-44.27627,-19.90366],[-44.27616,-19.9039],[-44.27599,-19.90419],[-44.27572,-19.90444],[-44.27221,-19.90702],[-44.27181,-19.90738],[-44.2716,-19.90761],[-44.27151,-19.90775],[-44.27139,-19.90806],[-44.27134,-19.90825],[-44.27131,-19.90851],[-44.27134,-19.90881],[-44.27143,-19.90926],[-44.27173,-19.9103],[-44.27173,-19.91041],[-44.27171,-19.91081],[-44.27125,-19.91585],[-44.27126,-19.91609],[-44.27128,-19.91618],[-44.27139,-19.91644],[-44.27156,-19.91667],[-44.27223,-19.91734],[-44.27234,-19.91747],[-44.27241,-19.91759],[-44.2725,-19.91783],[-44.27251,-19.91797],[-44.27251,-19.91808],[-44.27246,-19.91831],[-44.2723,-19.91867],[-44.27184,-19.91946],[-44.27171,-19.91971],[-44.27155,-19.92011],[-44.2715,-19.92033],[-44.27094,-19.92468],[-44.27087,-19.92537],[-44.27068,-19.92567],[-44.26899,-19.92777],[-44.26887,-19.92794],[-44.26875,-19.92823],[-44.26872,-19.92836],[-44.26869,-19.92875],[-44.26874,-19.92893],[-44.26919,-19.93011],[-44.27026,-19.93264],[-44.27109,-19.93469],[-44.27118,-19.93482],[-44.27125,-19.93489],[-44.27132,-19.93495],[-44.27145,-19.93501],[-44.2716,-19.93505],[-44.2724,-19.93515],[-44.27275,-19.93526],[-44.27289,-19.93535],[-44.27302,-19.93547],[-44.27314,-19.93562],[-44.2732,-19.93574],[-44.27327,-19.93594],[-44.23997,-19.94283],[-44.23978,-19.94224],[-44.2403,-19.9411],[-44.24117,-19.94116],[-44.24208,-19.94028],[-44.24156,-19.94012],[-44.24122,-19.94005],[-44.24088,-19.94],[-44.24045,-19.93999],[-44.23595,-19.94018],[-44.23594,-19.94004],[-44.23589,-19.93991],[-44.23588,-19.93903],[-44.23601,-19.93866],[-44.23615,-19.93857],[-44.23621,-19.93841],[-44.23622,-19.9381],[-44.2341,-19.937],[-44.23361,-19.93685],[-44.23322,-19.93683],[-44.23289,-19.93688],[-44.23207,-19.93726],[-44.2313,-19.93768],[-44.23109,-19.93776],[-44.23084,-19.93777],[-44.23064,-19.93792],[-44.23157,-19.93617],[-44.23159,-19.93605],[-44.23154,-19.93591],[-44.23152,-19.93576],[-44.23111,-19.93548],[-44.23074,-19.93529],[-44.23064,-19.93527],[-44.23023,-19.93529],[-44.22988,-19.93526],[-44.22984,-19.93552],[-44.23018,-19.9361],[-44.2301,-19.93625],[-44.23015,-19.93644],[-44.2299,-19.93656],[-44.22974,-19.93658],[-44.22963,-19.93672],[-44.22949,-19.93674],[-44.22944,-19.93686],[-44.22954,-19.93704],[-44.22942,-19.93728],[-44.22963,-19.93752],[-44.22959,-19.9377],[-44.22942,-19.93777],[-44.22922,-19.93777],[-44.22903,-19.9377],[-44.2289,-19.93753],[-44.22894,-19.93739],[-44.22868,-19.93731],[-44.2285,-19.93734],[-44.22836,-19.93742],[-44.22842,-19.93772],[-44.22842,-19.93785],[-44.22833,-19.938],[-44.22839,-19.93843],[-44.22826,-19.93854],[-44.22798,-19.93857],[-44.22786,-19.9386],[-44.22777,-19.93872],[-44.22776,-19.93889],[-44.22757,-19.9389],[-44.22736,-19.93899],[-44.22725,-19.93914],[-44.22727,-19.93935],[-44.22717,-19.93949],[-44.2269,-19.9397],[-44.22673,-19.93971],[-44.22668,-19.93984],[-44.22683,-19.93995],[-44.22697,-19.94001],[-44.22711,-19.94005],[-44.2272,-19.94015],[-44.22714,-19.94026],[-44.22692,-19.94026],[-44.22675,-19.94032],[-44.22685,-19.94044],[-44.2265,-19.94063],[-44.22646,-19.94084],[-44.22642,-19.94098],[-44.22626,-19.94104],[-44.22615,-19.94116],[-44.22608,-19.9413],[-44.22602,-19.94151],[-44.22616,-19.94156],[-44.22634,-19.94159],[-44.2264,-19.94179],[-44.22653,-19.94194],[-44.22674,-19.94206],[-44.22716,-19.9421],[-44.22767,-19.94211],[-44.22783,-19.94209],[-44.22797,-19.94204],[-44.2281,-19.94191],[-44.22826,-19.94186],[-44.22835,-19.942],[-44.22855,-19.94208],[-44.22864,-19.94227],[-44.22867,-19.94246],[-44.2286,-19.94259],[-44.22845,-19.94269],[-44.22834,-19.94284],[-44.22817,-19.94325],[-44.22809,-19.94337],[-44.22798,-19.9435],[-44.22773,-19.94367],[-44.22753,-19.94393],[-44.22742,-19.94402],[-44.22732,-19.94418],[-44.22729,-19.94435],[-44.2273,-19.94448],[-44.22736,-19.9446],[-44.22753,-19.94473],[-44.22767,-19.94465],[-44.2283,-19.94467],[-44.22848,-19.94473],[-44.22883,-19.94493],[-44.22897,-19.94508],[-44.22897,-19.94511],[-44.21902,-19.94717],[-44.21711,-19.94495],[-44.20651,-19.92595],[-44.20655,-19.9259],[-44.20647,-19.92577],[-44.20638,-19.92571],[-44.20618,-19.92535],[-44.2062,-19.92528],[-44.20627,-19.92514],[-44.20638,-19.92503],[-44.20625,-19.92465],[-44.20614,-19.92444],[-44.20585,-19.92477],[-44.19502,-19.90534],[-44.19257,-19.88376],[-44.22662,-19.84118],[-44.2363,-19.879],[-44.2667,-19.8794],[-44.29369,-19.89458]]],[[[-44.28769,-19.91237],[-44.28731,-19.91212],[-44.28744,-19.9122],[-44.28769,-19.91237]]],[[[-44.28496,-19.91116],[-44.2848,-19.9111],[-44.28461,-19.91103],[-44.28496,-19.91116]]],[[[-44.28461,-19.91103],[-44.28368,-19.91059],[-44.28371,-19.91059],[-44.28461,-19.91103]]],[[[-44.28361,-19.91057],[-44.28343,-19.91055],[-44.28355,-19.91056],[-44.28361,-19.91057]]],[[[-44.27542,-19.91556],[-44.27514,-19.91567],[-44.27474,-19.9158],[-44.27542,-19.91556]]]]}},{"type":"Feature","properties":{"territory_id":"mg-3106705-marimba","name":"Marimba","municipality_id":"mg-3106705","polling_places":2,"approx":false,"official":true,"method":"official-ibge-cd2022","whole_municipality":false,"approx_coords_only":false,"official_name":"Marimbá","official_code":"3106705090","match":"direct"},"geometry":{"type":"MultiPolygon","coordinates":[[[[-44.27543,-19.92746],[-44.27564,-19.92721],[-44.27592,-19.92681],[-44.27603,-19.9266],[-44.27628,-19.92638],[-44.27655,-19.92623],[-44.27694,-19.92609],[-44.27729,-19.92602],[-44.27761,-19.9258],[-44.27814,-19.92519],[-44.27834,-19.92491],[-44.27854,-19.9247],[-44.27871,-19.92435],[-44.27908,-19.92404],[-44.27953,-19.92372],[-44.27962,-19.92352],[-44.27978,-19.92323],[-44.27996,-19.92299],[-44.28009,-19.92278],[-44.28036,-19.92241],[-44.28075,-19.92206],[-44.28236,-19.92213],[-44.28234,-19.92153],[-44.28235,-19.92113],[-44.28265,-19.92],[-44.2829,-19.91978],[-44.28305,-19.91976],[-44.28322,-19.91971],[-44.2844,-19.91927],[-44.28497,-19.91909],[-44.28523,-19.91897],[-44.2855,-19.91857],[-44.28592,-19.91801],[-44.28602,-19.9179],[-44.28612,-19.91781],[-44.28628,-19.91771],[-44.28725,-19.9171],[-44.28907,-19.91666],[-44.28904,-19.91648],[-44.28908,-19.91631],[-44.28907,-19.91607],[-44.28888,-19.9155],[-44.2888,-19.91537],[-44.28861,-19.91519],[-44.28845,-19.91482],[-44.28832,-19.91466],[-44.28825,-19.91449],[-44.28826,-19.9143],[-44.2884,-19.91416],[-44.28842,-19.91395],[-44.28833,-19.91376],[-44.28824,-19.91338],[-44.28817,-19.91324],[-44.28808,-19.91318],[-44.28802,-19.91319],[-44.28793,-19.91325],[-44.28781,-19.9133],[-44.28767,-19.91332],[-44.2875,-19.91327],[-44.28729,-19.91312],[-44.288,-19.91264],[-44.28769,-19.91237],[-44.28731,-19.91212],[-44.28675,-19.91184],[-44.28651,-19.91167],[-44.28635,-19.91159],[-44.28599,-19.91146],[-44.28496,-19.91116],[-44.2848,-19.9111],[-44.28461,-19.91103],[-44.28366,-19.91058],[-44.28343,-19.91055],[-44.28279,-19.91062],[-44.28254,-19.91062],[-44.27831,-19.91359],[-44.27814,-19.91374],[-44.27751,-19.91443],[-44.27726,-19.91463],[-44.27604,-19.91526],[-44.27542,-19.91556],[-44.27514,-19.91567],[-44.27474,-19.9158],[-44.27393,-19.91603],[-44.27156,-19.91667],[-44.27223,-19.91734],[-44.27234,-19.91747],[-44.27241,-19.91759],[-44.2725,-19.91783],[-44.27251,-19.91797],[-44.27251,-19.91808],[-44.27246,-19.91831],[-44.2723,-19.91867],[-44.27184,-19.91946],[-44.27171,-19.91971],[-44.27155,-19.92011],[-44.2715,-19.92033],[-44.27094,-19.92468],[-44.27087,-19.92537],[-44.27068,-19.92567],[-44.26899,-19.92777],[-44.26887,-19.92794],[-44.26875,-19.92823],[-44.26872,-19.92836],[-44.26869,-19.92875],[-44.26874,-19.92893],[-44.26919,-19.93011],[-44.27026,-19.93264],[-44.27109,-19.93469],[-44.27118,-19.93482],[-44.27125,-19.93489],[-44.27132,-19.93495],[-44.27145,-19.93501],[-44.2716,-19.93505],[-44.2724,-19.93515],[-44.27275,-19.93526],[-44.27289,-19.93535],[-44.27302,-19.93547],[-44.27314,-19.93562],[-44.2732,-19.93574],[-44.27328,-19.93597],[-44.27333,-19.93594],[-44.27406,-19.93502],[-44.27435,-19.93473],[-44.27471,-19.93451],[-44.27501,-19.93437],[-44.27481,-19.93426],[-44.2747,-19.93413],[-44.27456,-19.93391],[-44.27426,-19.93337],[-44.27401,-19.93264],[-44.27412,-19.93254],[-44.27433,-19.93246],[-44.27436,-19.93227],[-44.27436,-19.93206],[-44.27426,-19.93187],[-44.27398,-19.93146],[-44.27385,-19.93133],[-44.2738,-19.93118],[-44.27394,-19.93105],[-44.27413,-19.93096],[-44.27427,-19.93074],[-44.27437,-19.93052],[-44.27445,-19.9302],[-44.27451,-19.93004],[-44.27463,-19.9298],[-44.27477,-19.92958],[-44.27483,-19.92918],[-44.27494,-19.92908],[-44.27507,-19.929],[-44.27512,-19.9289],[-44.275,-19.92876],[-44.27472,-19.92869],[-44.2747,-19.92853],[-44.27476,-19.92828],[-44.27494,-19.92797],[-44.27517,-19.92767],[-44.27543,-19.92746]]]]}},{"type":"Feature","properties":{"territory_id":"mg-3106705-niteroi","name":"Niteroi","municipality_id":"mg-3106705","polling_places":1,"approx":false,"official":true,"method":"official-ibge-cd2022","whole_municipality":false,"approx_coords_only":false,"official_name":"Niterói","official_code":"3106705050","match":"direct"},"geometry":{"type":"MultiPolygon","coordinates":[[[[-44.17194,-19.94864],[-44.17027,-19.94936],[-44.17111,-19.94988],[-44.17201,-19.95036],[-44.17243,-19.95052],[-44.17341,-19.95077],[-44.1737,-19.95087],[-44.17449,-19.95098],[-44.17488,-19.95101],[-44.1754,-19.95112],[-44.17574,-19.95126],[-44.17646,-19.95166],[-44.17698,-19.95186],[-44.17702,-19.95194],[-44.17715,-19.95211],[-44.17734,-19.9523],[-44.17756,-19.95248],[-44.17766,-19.95254],[-44.17791,-19.95265],[-44.17896,-19.95294],[-44.17926,-19.95115],[-44.17912,-19.95114],[-44.17908,-19.95112],[-44.17901,-19.95104],[-44.18104,-19.94857],[-44.18145,-19.94812],[-44.18183,-19.94774],[-44.18183,-19.94761],[-44.18185,-19.94758],[-44.18189,-19.94752],[-44.18194,-19.94748],[-44.18138,-19.94658],[-44.18097,-19.94566],[-44.18094,-19.94553],[-44.18093,-19.94545],[-44.18115,-19.9448],[-44.1812,-19.94469],[-44.18128,-19.9446],[-44.18024,-19.94298],[-44.18037,-19.94248],[-44.18046,-19.94202],[-44.18107,-19.94006],[-44.18149,-19.93865],[-44.18148,-19.93861],[-44.1808,-19.93851],[-44.18019,-19.93834],[-44.17984,-19.93835],[-44.17949,-19.93851],[-44.17933,-19.93856],[-44.17874,-19.93861],[-44.17837,-19.93849],[-44.17804,-19.93832],[-44.17774,-19.93805],[-44.17763,-19.93804],[-44.17753,-19.93812],[-44.17661,-19.93928],[-44.17633,-19.93967],[-44.17699,-19.93992],[-44.17702,-19.94001],[-44.17701,-19.94009],[-44.17697,-19.94012],[-44.17689,-19.94016],[-44.17662,-19.9401],[-44.17648,-19.94019],[-44.17635,-19.94033],[-44.17567,-19.94119],[-44.17543,-19.94153],[-44.17515,-19.94206],[-44.17471,-19.94296],[-44.17448,-19.94359],[-44.17352,-19.94541],[-44.17337,-19.94587],[-44.17329,-19.94589],[-44.17322,-19.94588],[-44.17312,-19.9458],[-44.17254,-19.94769],[-44.1725,-19.94777],[-44.17241,-19.94788],[-44.1721,-19.94817],[-44.17193,-19.9483],[-44.17192,-19.94836],[-44.17194,-19.94864]]]]}},{"type":"Feature","properties":{"territory_id":"mg-3106705-novo-horizonte","name":"Novo Horizonte","municipality_id":"mg-3106705","polling_places":2,"approx":false,"official":true,"method":"official-ibge-cd2022","whole_municipality":false,"approx_coords_only":false,"official_name":"Novo Horizonte","official_code":"3106705030","match":"direct"},"geometry":{"type":"MultiPolygon","coordinates":[[[[-44.20053,-19.94176],[-44.19989,-19.9421],[-44.19965,-19.94226],[-44.19956,-19.94239],[-44.19862,-19.94488],[-44.19862,-19.94578],[-44.19865,-19.94593],[-44.19927,-19.94835],[-44.20346,-19.94859],[-44.20369,-19.94862],[-44.20396,-19.94869],[-44.20531,-19.94913],[-44.20669,-19.94972],[-44.2069,-19.94966],[-44.20705,-19.94959],[-44.20718,-19.94948],[-44.20728,-19.94929],[-44.20749,-19.94929],[-44.2076,-19.9492],[-44.2076,-19.94904],[-44.20773,-19.94899],[-44.20761,-19.94884],[-44.20747,-19.94869],[-44.20756,-19.9485],[-44.20767,-19.94837],[-44.20778,-19.94818],[-44.20794,-19.94822],[-44.20811,-19.94817],[-44.2084,-19.948],[-44.20866,-19.94791],[-44.20879,-19.94773],[-44.20907,-19.94759],[-44.20909,-19.94742],[-44.20908,-19.94727],[-44.20912,-19.94711],[-44.20913,-19.9469],[-44.20928,-19.94668],[-44.20913,-19.94641],[-44.2091,-19.94625],[-44.2092,-19.94613],[-44.20928,-19.94598],[-44.20918,-19.94567],[-44.20913,-19.94534],[-44.20906,-19.94513],[-44.20904,-19.94497],[-44.20905,-19.94479],[-44.20891,-19.94462],[-44.20884,-19.94451],[-44.2089,-19.94436],[-44.20901,-19.94424],[-44.20917,-19.94411],[-44.20919,-19.94389],[-44.20929,-19.94367],[-44.20943,-19.94352],[-44.2096,-19.94345],[-44.20956,-19.94332],[-44.20955,-19.94309],[-44.20962,-19.94284],[-44.20774,-19.94218],[-44.20712,-19.94191],[-44.20694,-19.94185],[-44.20686,-19.94192],[-44.20678,-19.94206],[-44.20661,-19.94217],[-44.20611,-19.94202],[-44.20646,-19.94113],[-44.20582,-19.94095],[-44.2029,-19.93994],[-44.20251,-19.93983],[-44.20139,-19.93962],[-44.2015,-19.9399],[-44.20151,-19.94003],[-44.20151,-19.94029],[-44.20148,-19.94066],[-44.20143,-19.94085],[-44.20127,-19.9412],[-44.20112,-19.94144],[-44.20099,-19.94154],[-44.20053,-19.94176]]]]}},{"type":"Feature","properties":{"territory_id":"mg-3106705-parque-das-acacias","name":"Parque das Acácias","municipality_id":"mg-3106705","polling_places":1,"approx":false,"official":true,"method":"official-ibge-cd2022","whole_municipality":false,"approx_coords_only":false,"official_name":"Parque das Acácias","official_code":"3106705107","match":"direct"},"geometry":{"type":"MultiPolygon","coordinates":[[[[-44.12753,-19.93913],[-44.12798,-19.93891],[-44.13066,-19.9371],[-44.13088,-19.93706],[-44.13079,-19.93521],[-44.13074,-19.93362],[-44.13026,-19.93366],[-44.12998,-19.93371],[-44.12976,-19.93377],[-44.12923,-19.93401],[-44.12805,-19.93459],[-44.12739,-19.93503],[-44.12638,-19.93588],[-44.12619,-19.93595],[-44.12569,-19.93609],[-44.12518,-19.93631],[-44.12463,-19.93647],[-44.12424,-19.93666],[-44.12412,-19.93669],[-44.12404,-19.93665],[-44.12393,-19.93666],[-44.12279,-19.93734],[-44.12316,-19.93801],[-44.12337,-19.93826],[-44.12371,-19.93853],[-44.12467,-19.93898],[-44.12485,-19.9391],[-44.12501,-19.93928],[-44.1253,-19.93967],[-44.12587,-19.93976],[-44.12613,-19.93973],[-44.12728,-19.93925],[-44.12753,-19.93913]]]]}},{"type":"Feature","properties":{"territory_id":"mg-3106705-parque-das-industrias","name":"Parque das Indústrias","municipality_id":"mg-3106705","polling_places":1,"approx":false,"official":true,"method":"official-ibge-cd2022","whole_municipality":false,"approx_coords_only":false,"official_name":"Parque das Indústrias","official_code":"3106705051","match":"direct"},"geometry":{"type":"MultiPolygon","coordinates":[[[[-44.18125,-19.96069],[-44.18219,-19.96002],[-44.18276,-19.95968],[-44.18304,-19.95949],[-44.18561,-19.95884],[-44.18594,-19.95873],[-44.18572,-19.95856],[-44.18492,-19.95801],[-44.18479,-19.95788],[-44.18475,-19.95783],[-44.18472,-19.95778],[-44.1847,-19.95764],[-44.18471,-19.95705],[-44.18465,-19.95701],[-44.18447,-19.95669],[-44.18438,-19.95642],[-44.18439,-19.95622],[-44.18438,-19.95608],[-44.18431,-19.95597],[-44.18398,-19.95557],[-44.1838,-19.95526],[-44.18374,-19.95509],[-44.18367,-19.95495],[-44.18339,-19.9542],[-44.18334,-19.95389],[-44.18321,-19.9536],[-44.18307,-19.95338],[-44.18251,-19.95275],[-44.18223,-19.95239],[-44.18153,-19.95253],[-44.1807,-19.9528],[-44.1804,-19.95287],[-44.1792,-19.95295],[-44.17896,-19.95294],[-44.1786,-19.95285],[-44.17791,-19.95265],[-44.17766,-19.95254],[-44.17756,-19.95248],[-44.17734,-19.9523],[-44.17715,-19.95211],[-44.17702,-19.95194],[-44.17698,-19.95186],[-44.17646,-19.95166],[-44.17574,-19.95126],[-44.1754,-19.95112],[-44.17488,-19.95101],[-44.17449,-19.95098],[-44.1737,-19.95087],[-44.17341,-19.95077],[-44.17243,-19.95052],[-44.17201,-19.95036],[-44.17111,-19.94988],[-44.17027,-19.94936],[-44.16992,-19.9497],[-44.16952,-19.95034],[-44.16878,-19.95164],[-44.1684,-19.95236],[-44.16828,-19.95241],[-44.16826,-19.95258],[-44.16804,-19.95264],[-44.16723,-19.95314],[-44.16686,-19.9537],[-44.16667,-19.95383],[-44.16692,-19.95454],[-44.167,-19.9547],[-44.16707,-19.95479],[-44.16915,-19.95698],[-44.16939,-19.95712],[-44.1696,-19.95718],[-44.17192,-19.95763],[-44.17482,-19.95875],[-44.17506,-19.95891],[-44.1773,-19.96133],[-44.17742,-19.96145],[-44.17759,-19.96156],[-44.17778,-19.96165],[-44.17803,-19.96172],[-44.17841,-19.96176],[-44.17873,-19.96169],[-44.17913,-19.96151],[-44.17926,-19.96144],[-44.17961,-19.96133],[-44.18042,-19.96123],[-44.18057,-19.96116],[-44.18095,-19.96093],[-44.18122,-19.96072],[-44.18125,-19.96069]]]]}},{"type":"Feature","properties":{"territory_id":"mg-3106705-parque-ipiranga","name":"Parque Ipiranga","municipality_id":"mg-3106705","polling_places":1,"approx":false,"official":true,"method":"official-ibge-cd2022","whole_municipality":false,"approx_coords_only":false,"official_name":"Parque Ipiranga","official_code":"3106705081","match":"direct"},"geometry":{"type":"MultiPolygon","coordinates":[[[[-44.21175,-20.01225],[-44.20213,-20.0154],[-44.20379,-20.01791],[-44.2042,-20.01948],[-44.20491,-20.02001],[-44.20607,-20.0205],[-44.20664,-20.02087],[-44.20696,-20.02124],[-44.20716,-20.02165],[-44.21021,-20.02167],[-44.21121,-20.02179],[-44.2122,-20.02195],[-44.21326,-20.02217],[-44.2139,-20.02228],[-44.21481,-20.02287],[-44.21543,-20.02337],[-44.21503,-20.02439],[-44.21499,-20.02454],[-44.21498,-20.02478],[-44.215,-20.02496],[-44.21507,-20.02519],[-44.21527,-20.02546],[-44.21562,-20.02583],[-44.21621,-20.02522],[-44.21643,-20.02506],[-44.21679,-20.02488],[-44.21783,-20.02399],[-44.21813,-20.02386],[-44.21854,-20.02375],[-44.21897,-20.0237],[-44.21932,-20.02357],[-44.21955,-20.02355],[-44.21983,-20.02358],[-44.22016,-20.02356],[-44.22127,-20.02334],[-44.2211,-20.02135],[-44.2232,-20.02088],[-44.22568,-20.01823],[-44.22584,-20.01792],[-44.22355,-20.01699],[-44.22329,-20.01683],[-44.2231,-20.01668],[-44.22287,-20.01648],[-44.22256,-20.01605],[-44.22151,-20.01434],[-44.2211,-20.01369],[-44.22099,-20.01348],[-44.22048,-20.01271],[-44.22032,-20.01249],[-44.2194,-20.01145],[-44.21919,-20.01159],[-44.2192,-20.01165],[-44.2192,-20.01177],[-44.21915,-20.01186],[-44.21908,-20.0119],[-44.21897,-20.0119],[-44.21886,-20.01186],[-44.2188,-20.0118],[-44.21751,-20.01193],[-44.21724,-20.01199],[-44.21709,-20.01204],[-44.21698,-20.0121],[-44.21624,-20.01276],[-44.21617,-20.01285],[-44.21612,-20.01296],[-44.21609,-20.01319],[-44.2158,-20.01327],[-44.21533,-20.01324],[-44.21498,-20.01312],[-44.2141,-20.0124],[-44.21342,-20.01153],[-44.21295,-20.01144],[-44.21168,-20.01175],[-44.21169,-20.01221],[-44.21175,-20.01225]]]]}},{"type":"Feature","properties":{"territory_id":"mg-3106705-paulo-camilo","name":"Paulo Camilo","municipality_id":"mg-3106705","polling_places":1,"approx":false,"official":true,"method":"official-ibge-cd2022","whole_municipality":false,"approx_coords_only":false,"official_name":"Paulo Camilo","official_code":"3106705062","match":"direct"},"geometry":{"type":"MultiPolygon","coordinates":[[[[-44.13138,-19.96105],[-44.13061,-19.96144],[-44.12987,-19.96183],[-44.12935,-19.96212],[-44.12911,-19.96227],[-44.12887,-19.96244],[-44.12874,-19.96256],[-44.12871,-19.96265],[-44.1287,-19.96276],[-44.1288,-19.9629],[-44.12918,-19.96382],[-44.12951,-19.96503],[-44.12978,-19.96521],[-44.13011,-19.96535],[-44.13056,-19.9655],[-44.1309,-19.96556],[-44.1312,-19.96545],[-44.13143,-19.96538],[-44.1322,-19.96508],[-44.13226,-19.96504],[-44.1323,-19.965],[-44.13235,-19.96503],[-44.13244,-19.96504],[-44.13288,-19.96498],[-44.13299,-19.96499],[-44.13314,-19.96503],[-44.13323,-19.96506],[-44.1334,-19.96517],[-44.13351,-19.96531],[-44.13369,-19.96576],[-44.13411,-19.96662],[-44.1347,-19.96561],[-44.13508,-19.96491],[-44.13512,-19.96477],[-44.13512,-19.96451],[-44.13521,-19.96334],[-44.13563,-19.96339],[-44.13574,-19.96278],[-44.13608,-19.96286],[-44.13625,-19.96214],[-44.13694,-19.95877],[-44.13758,-19.95869],[-44.13741,-19.95744],[-44.1374,-19.95733],[-44.13743,-19.95666],[-44.13493,-19.95635],[-44.13398,-19.95619],[-44.13382,-19.95682],[-44.1326,-19.95671],[-44.13217,-19.95673],[-44.13186,-19.95687],[-44.13163,-19.95705],[-44.13148,-19.95725],[-44.13113,-19.95858],[-44.131,-19.95866],[-44.13027,-19.95863],[-44.1305,-19.9592],[-44.13138,-19.96105]]]]}},{"type":"Feature","properties":{"territory_id":"mg-3106705-petropolis","name":"Petrópolis","municipality_id":"mg-3106705","polling_places":2,"approx":false,"official":true,"method":"official-ibge-cd2022","whole_municipality":false,"approx_coords_only":false,"official_name":"Petrópolis","official_code":"3106705020","match":"direct"},"geometry":{"type":"MultiPolygon","coordinates":[[[[-44.17964,-19.97675],[-44.1801,-19.97677],[-44.18026,-19.97668],[-44.18062,-19.97636],[-44.18085,-19.97624],[-44.18111,-19.97615],[-44.18139,-19.97615],[-44.18152,-19.97617],[-44.18178,-19.97625],[-44.18207,-19.97629],[-44.18214,-19.97627],[-44.18235,-19.97633],[-44.18295,-19.97642],[-44.18428,-19.97641],[-44.1868,-19.97634],[-44.1872,-19.97586],[-44.18755,-19.9756],[-44.18776,-19.97551],[-44.18764,-19.97546],[-44.18734,-19.97527],[-44.18716,-19.97508],[-44.187,-19.97496],[-44.18689,-19.97491],[-44.18667,-19.97487],[-44.18676,-19.97465],[-44.1865,-19.97462],[-44.18613,-19.97454],[-44.18574,-19.97437],[-44.18541,-19.97417],[-44.18516,-19.97397],[-44.18477,-19.97353],[-44.18172,-19.96982],[-44.18076,-19.96869],[-44.17954,-19.96715],[-44.17939,-19.96699],[-44.17917,-19.9668],[-44.17855,-19.96635],[-44.17828,-19.96621],[-44.17789,-19.96605],[-44.17324,-19.96483],[-44.17307,-19.9653],[-44.173,-19.96558],[-44.17304,-19.96558],[-44.17315,-19.96706],[-44.1737,-19.96742],[-44.17274,-19.96942],[-44.17199,-19.97095],[-44.17177,-19.97136],[-44.1726,-19.97182],[-44.17272,-19.97186],[-44.17262,-19.97232],[-44.17313,-19.97247],[-44.1733,-19.97249],[-44.17352,-19.97249],[-44.17376,-19.97242],[-44.17385,-19.97236],[-44.17388,-19.97232],[-44.17394,-19.97218],[-44.17418,-19.97139],[-44.17423,-19.97137],[-44.17503,-19.9708],[-44.17563,-19.97094],[-44.17607,-19.97108],[-44.17691,-19.97133],[-44.17725,-19.97147],[-44.17733,-19.97153],[-44.17821,-19.97248],[-44.17825,-19.97278],[-44.17843,-19.97285],[-44.17843,-19.97343],[-44.17839,-19.97363],[-44.17813,-19.97358],[-44.17766,-19.97355],[-44.17761,-19.9751],[-44.17765,-19.97568],[-44.17784,-19.97633],[-44.17782,-19.97651],[-44.17777,-19.97677],[-44.17819,-19.97676],[-44.17964,-19.97675]]]]}},{"type":"Feature","properties":{"territory_id":"mg-3106705-petrovale","name":"Petrovale","municipality_id":"mg-3106705","polling_places":2,"approx":false,"official":true,"method":"official-ibge-cd2022","whole_municipality":false,"approx_coords_only":false,"official_name":"Petrovale","official_code":"3106705063","match":"direct"},"geometry":{"type":"MultiPolygon","coordinates":[[[[-44.11248,-19.99415],[-44.11226,-19.99495],[-44.11195,-19.99565],[-44.11182,-19.99549],[-44.11153,-19.99548],[-44.11139,-19.9955],[-44.11149,-19.99563],[-44.11123,-19.99582],[-44.11131,-19.99592],[-44.11095,-19.99635],[-44.11091,-19.99647],[-44.11094,-19.99662],[-44.11099,-19.99674],[-44.11112,-19.99702],[-44.11123,-19.99717],[-44.11144,-19.9976],[-44.11148,-19.99784],[-44.1116,-19.99805],[-44.11168,-19.99831],[-44.11177,-19.99843],[-44.11183,-19.99862],[-44.11194,-19.99874],[-44.11202,-19.99888],[-44.11207,-19.99903],[-44.11204,-19.9991],[-44.11192,-19.99921],[-44.11173,-19.99933],[-44.11151,-19.99942],[-44.11132,-19.99954],[-44.11112,-19.99971],[-44.11099,-19.99989],[-44.1109,-20.00028],[-44.11094,-20.00066],[-44.1112,-20.00126],[-44.11133,-20.00138],[-44.1117,-20.00155],[-44.11224,-20.00167],[-44.11327,-20.00169],[-44.11343,-20.00171],[-44.11375,-20.00169],[-44.11404,-20.00163],[-44.1141,-20.00155],[-44.11491,-20.00155],[-44.11527,-20.00164],[-44.11587,-20.00182],[-44.11611,-20.00199],[-44.11624,-20.00245],[-44.11654,-20.00253],[-44.11717,-20.00312],[-44.11729,-20.0037],[-44.11768,-20.00398],[-44.11804,-20.00428],[-44.11877,-20.00463],[-44.11915,-20.00475],[-44.11941,-20.00453],[-44.11997,-20.00485],[-44.12132,-20.0057],[-44.12213,-20.00619],[-44.12364,-20.00734],[-44.12439,-20.00801],[-44.12497,-20.00841],[-44.12526,-20.00864],[-44.12549,-20.00864],[-44.12584,-20.00868],[-44.12617,-20.00861],[-44.1263,-20.00859],[-44.12641,-20.00862],[-44.12655,-20.00868],[-44.127,-20.00902],[-44.12734,-20.00946],[-44.12762,-20.00952],[-44.12896,-20.0092],[-44.12943,-20.00915],[-44.12994,-20.00905],[-44.13009,-20.00907],[-44.13045,-20.0093],[-44.1306,-20.00962],[-44.13301,-20.00894],[-44.13415,-20.00869],[-44.13448,-20.00878],[-44.13488,-20.00849],[-44.13539,-20.00837],[-44.13653,-20.00762],[-44.13708,-20.00713],[-44.13803,-20.00674],[-44.1385,-20.0065],[-44.13898,-20.00601],[-44.13945,-20.0058],[-44.13966,-20.00566],[-44.13965,-20.00549],[-44.13968,-20.00537],[-44.13973,-20.00508],[-44.1399,-20.00477],[-44.13995,-20.00438],[-44.13993,-20.00418],[-44.13989,-20.00405],[-44.13977,-20.00389],[-44.13956,-20.00379],[-44.13938,-20.00376],[-44.13916,-20.0037],[-44.13856,-20.00344],[-44.13795,-20.00334],[-44.1372,-20.00328],[-44.13618,-20.00289],[-44.13544,-20.00264],[-44.13504,-20.00252],[-44.13495,-20.00242],[-44.13465,-20.00188],[-44.13445,-20.00177],[-44.13421,-20.00169],[-44.134,-20.00167],[-44.13375,-20.0016],[-44.13363,-20.00154],[-44.13348,-20.00151],[-44.13333,-20.00144],[-44.13319,-20.00134],[-44.13304,-20.00131],[-44.13289,-20.00133],[-44.13272,-20.0014],[-44.13251,-20.00142],[-44.13212,-20.00158],[-44.13193,-20.00157],[-44.13174,-20.00125],[-44.13173,-20.00112],[-44.13167,-20.00091],[-44.13159,-20.00075],[-44.13155,-20.00052],[-44.13154,-20.00038],[-44.1316,-20.00005],[-44.13152,-19.99957],[-44.13158,-19.99907],[-44.13143,-19.99886],[-44.13131,-19.99876],[-44.13118,-19.99869],[-44.13091,-19.99862],[-44.13066,-19.99865],[-44.13007,-19.9988],[-44.12983,-19.99875],[-44.12914,-19.99867],[-44.12858,-19.99854],[-44.12834,-19.99844],[-44.1277,-19.99833],[-44.12733,-19.99722],[-44.12748,-19.99723],[-44.12822,-19.99708],[-44.12851,-19.99694],[-44.12878,-19.99684],[-44.129,-19.9968],[-44.12922,-19.99684],[-44.12994,-19.9968],[-44.13063,-19.99694],[-44.13078,-19.99694],[-44.13101,-19.99675],[-44.13125,-19.99664],[-44.1314,-19.9965],[-44.1312,-19.99583],[-44.13095,-19.99539],[-44.13074,-19.99489],[-44.13073,-19.99452],[-44.13095,-19.99367],[-44.13117,-19.99349],[-44.13131,-19.99325],[-44.13137,-19.99305],[-44.13154,-19.99291],[-44.13163,-19.99273],[-44.13165,-19.99255],[-44.13143,-19.99228],[-44.13124,-19.99188],[-44.1309,-19.99157],[-44.13045,-19.99106],[-44.13004,-19.99065],[-44.12957,-19.98998],[-44.12932,-19.9895],[-44.12907,-19.98912],[-44.12884,-19.98893],[-44.12861,-19.98867],[-44.12827,-19.98765],[-44.12821,-19.98756],[-44.12811,-19.98706],[-44.12792,-19.98573],[-44.12784,-19.9847],[-44.12767,-19.98331],[-44.12765,-19.9832],[-44.12759,-19.98309],[-44.12752,-19.983],[-44.12743,-19.98292],[-44.12687,-19.98253],[-44.12637,-19.98211],[-44.12627,-19.982],[-44.12618,-19.98183],[-44.12616,-19.98145],[-44.12613,-19.98128],[-44.12602,-19.98109],[-44.12585,-19.9809],[-44.1256,-19.98068],[-44.12547,-19.98059],[-44.12465,-19.98019],[-44.12451,-19.98004],[-44.12441,-19.97989],[-44.12419,-19.97945],[-44.124,-19.979],[-44.1238,-19.97873],[-44.1236,-19.97854],[-44.12345,-19.97825],[-44.12332,-19.97787],[-44.12315,-19.97755],[-44.12285,-19.97706],[-44.12247,-19.97633],[-44.12232,-19.97616],[-44.12209,-19.97604],[-44.12192,-19.97603],[-44.12172,-19.97605],[-44.12129,-19.97618],[-44.1209,-19.97625],[-44.12056,-19.97627],[-44.12042,-19.97631],[-44.12028,-19.97649],[-44.12002,-19.97711],[-44.11972,-19.97776],[-44.1196,-19.97782],[-44.11922,-19.97783],[-44.11911,-19.9779],[-44.11875,-19.97839],[-44.11845,-19.97874],[-44.11814,-19.97904],[-44.1179,-19.97912],[-44.11766,-19.97914],[-44.11707,-19.97912],[-44.11695,-19.97914],[-44.11586,-19.97855],[-44.11547,-19.97836],[-44.11489,-19.97849],[-44.1126,-19.97986],[-44.11181,-19.98063],[-44.11115,-19.98143],[-44.11092,-19.98209],[-44.11093,-19.9831],[-44.11123,-19.98524],[-44.11016,-19.98517],[-44.10891,-19.98639],[-44.10873,-19.98682],[-44.10905,-19.98708],[-44.10931,-19.9866],[-44.10935,-19.98656],[-44.10944,-19.98654],[-44.10958,-19.9867],[-44.10961,-19.98681],[-44.10993,-19.98697],[-44.11005,-19.98708],[-44.11025,-19.98738],[-44.11028,-19.98745],[-44.11094,-19.9879],[-44.11077,-19.9882],[-44.11154,-19.98824],[-44.11153,-19.98888],[-44.11173,-19.98897],[-44.11169,-19.98939],[-44.11153,-19.98952],[-44.11169,-19.98962],[-44.11168,-19.99006],[-44.1115,-19.99016],[-44.11163,-19.99026],[-44.11161,-19.99071],[-44.11146,-19.99084],[-44.11087,-19.9909],[-44.11072,-19.99093],[-44.11043,-19.99119],[-44.11051,-19.99132],[-44.11038,-19.99162],[-44.11038,-19.99185],[-44.11057,-19.99219],[-44.11092,-19.99265],[-44.11132,-19.99261],[-44.11125,-19.99287],[-44.11216,-19.99405],[-44.11248,-19.99415]]]]}},{"type":"Feature","properties":{"territory_id":"mg-3106705-pimentas","name":"Pimentas","municipality_id":"mg-3106705","polling_places":1,"approx":false,"official":true,"method":"official-ibge-cd2022","whole_municipality":false,"approx_coords_only":false,"official_name":"Pimentas","official_code":"3106705091","match":"direct"},"geometry":{"type":"MultiPolygon","coordinates":[[[[-44.29383,-19.9455],[-44.29549,-19.94554],[-44.29595,-19.94553],[-44.29627,-19.94549],[-44.29653,-19.94543],[-44.29775,-19.9451],[-44.29805,-19.94503],[-44.29857,-19.945],[-44.29875,-19.94501],[-44.29916,-19.94511],[-44.29935,-19.94518],[-44.29947,-19.94524],[-44.30175,-19.94667],[-44.30437,-19.94836],[-44.30434,-19.94838],[-44.30491,-19.94874],[-44.30513,-19.94862],[-44.30672,-19.94757],[-44.30813,-19.94662],[-44.30877,-19.94597],[-44.30975,-19.94504],[-44.31048,-19.94447],[-44.31116,-19.94434],[-44.31194,-19.94459],[-44.31271,-19.94476],[-44.31342,-19.94466],[-44.31356,-19.94447],[-44.314,-19.94367],[-44.31409,-19.943],[-44.31419,-19.9424],[-44.31453,-19.94148],[-44.31483,-19.94071],[-44.31508,-19.93993],[-44.31531,-19.93897],[-44.31579,-19.93838],[-44.31649,-19.93833],[-44.31633,-19.93821],[-44.3161,-19.93811],[-44.31527,-19.93791],[-44.31504,-19.93769],[-44.31485,-19.93755],[-44.31476,-19.93745],[-44.31508,-19.9373],[-44.31502,-19.93676],[-44.31461,-19.9364],[-44.31423,-19.93614],[-44.31386,-19.93575],[-44.31308,-19.93522],[-44.3126,-19.93478],[-44.31202,-19.93421],[-44.31144,-19.9339],[-44.31093,-19.93369],[-44.31036,-19.93364],[-44.31021,-19.93367],[-44.30986,-19.93377],[-44.30966,-19.93378],[-44.30932,-19.93388],[-44.30911,-19.93398],[-44.30892,-19.93411],[-44.30868,-19.9342],[-44.30829,-19.93424],[-44.30787,-19.93424],[-44.30706,-19.93417],[-44.30661,-19.93401],[-44.30617,-19.93381],[-44.30579,-19.93358],[-44.30549,-19.93316],[-44.3053,-19.93278],[-44.30504,-19.93238],[-44.30486,-19.93203],[-44.30479,-19.93181],[-44.30469,-19.93158],[-44.3046,-19.93111],[-44.30451,-19.93075],[-44.3045,-19.93049],[-44.30462,-19.93029],[-44.30489,-19.92995],[-44.30607,-19.92901],[-44.3064,-19.9287],[-44.30656,-19.92844],[-44.3067,-19.92817],[-44.3068,-19.9276],[-44.30677,-19.92731],[-44.30676,-19.92692],[-44.30662,-19.926],[-44.30664,-19.92579],[-44.30669,-19.92566],[-44.30692,-19.92552],[-44.30713,-19.92548],[-44.30737,-19.92554],[-44.30756,-19.92564],[-44.30794,-19.92574],[-44.30838,-19.92577],[-44.30876,-19.92594],[-44.30898,-19.92612],[-44.30916,-19.92633],[-44.30937,-19.9264],[-44.30965,-19.9264],[-44.3099,-19.92643],[-44.31015,-19.92644],[-44.31038,-19.92641],[-44.31075,-19.92618],[-44.31111,-19.92608],[-44.31144,-19.92605],[-44.31179,-19.92595],[-44.31218,-19.92577],[-44.31239,-19.92559],[-44.31258,-19.92538],[-44.31275,-19.92505],[-44.31286,-19.92487],[-44.3132,-19.92443],[-44.31349,-19.92416],[-44.31393,-19.92387],[-44.31429,-19.92346],[-44.31444,-19.92326],[-44.31456,-19.92295],[-44.31472,-19.92266],[-44.31491,-19.9224],[-44.31504,-19.92214],[-44.31512,-19.92178],[-44.3154,-19.92093],[-44.31542,-19.92004],[-44.31554,-19.91975],[-44.3157,-19.91959],[-44.3163,-19.91921],[-44.31647,-19.91909],[-44.31686,-19.91872],[-44.31734,-19.91798],[-44.31738,-19.9177],[-44.31734,-19.91738],[-44.31715,-19.91714],[-44.31668,-19.91692],[-44.31634,-19.91667],[-44.31621,-19.9166],[-44.31599,-19.9159],[-44.31593,-19.91552],[-44.3159,-19.91509],[-44.31593,-19.91477],[-44.31599,-19.9144],[-44.316,-19.91406],[-44.31591,-19.91365],[-44.31587,-19.9132],[-44.31593,-19.9127],[-44.31609,-19.91197],[-44.31614,-19.91153],[-44.31609,-19.91093],[-44.31606,-19.90998],[-44.316,-19.90925],[-44.3159,-19.90884],[-44.31581,-19.9083],[-44.31579,-19.90802],[-44.31568,-19.90752],[-44.31561,-19.90695],[-44.3155,-19.90674],[-44.31514,-19.90651],[-44.31426,-19.90638],[-44.31302,-19.90637],[-44.31258,-19.90638],[-44.31201,-19.90662],[-44.31085,-19.90704],[-44.31051,-19.90711],[-44.30969,-19.90731],[-44.30934,-19.90743],[-44.30834,-19.90791],[-44.30762,-19.90834],[-44.30693,-19.90869],[-44.30667,-19.90881],[-44.30602,-19.90903],[-44.30506,-19.90942],[-44.30459,-19.90968],[-44.30409,-19.90993],[-44.30351,-19.91026],[-44.30288,-19.91044],[-44.30258,-19.91047],[-44.3022,-19.91044],[-44.30191,-19.91047],[-44.30145,-19.91046],[-44.30107,-19.91053],[-44.30059,-19.91058],[-44.30015,-19.91059],[-44.29974,-19.91049],[-44.29927,-19.91021],[-44.29959,-19.91086],[-44.29986,-19.91135],[-44.30023,-19.9121],[-44.30124,-19.91266],[-44.3015,-19.9136],[-44.30153,-19.91426],[-44.30153,-19.91503],[-44.30115,-19.91597],[-44.29924,-19.91663],[-44.29809,-19.91753],[-44.29757,-19.9182],[-44.29593,-19.92042],[-44.29418,-19.91993],[-44.29367,-19.91977],[-44.29258,-19.91945],[-44.29165,-19.9192],[-44.28998,-19.91882],[-44.29032,-19.91833],[-44.29057,-19.91787],[-44.2906,-19.91778],[-44.29063,-19.91735],[-44.29069,-19.91708],[-44.2907,-19.91697],[-44.29069,-19.91683],[-44.29061,-19.91654],[-44.29057,-19.91627],[-44.29046,-19.916],[-44.28937,-19.91459],[-44.28879,-19.91374],[-44.28863,-19.91345],[-44.28856,-19.91331],[-44.28849,-19.91307],[-44.28841,-19.91292],[-44.28825,-19.91278],[-44.288,-19.91264],[-44.28729,-19.91312],[-44.2875,-19.91327],[-44.28767,-19.91332],[-44.28781,-19.9133],[-44.28793,-19.91325],[-44.28802,-19.91319],[-44.28808,-19.91318],[-44.28817,-19.91324],[-44.28824,-19.91338],[-44.28833,-19.91376],[-44.28842,-19.91395],[-44.2884,-19.91416],[-44.28826,-19.9143],[-44.28825,-19.91449],[-44.28832,-19.91466],[-44.28845,-19.91482],[-44.28861,-19.91519],[-44.2888,-19.91537],[-44.28888,-19.9155],[-44.28907,-19.91607],[-44.28908,-19.91631],[-44.28904,-19.91648],[-44.28907,-19.91666],[-44.28725,-19.9171],[-44.28628,-19.91771],[-44.28612,-19.91781],[-44.28602,-19.9179],[-44.28592,-19.91801],[-44.2855,-19.91857],[-44.28523,-19.91897],[-44.28497,-19.91909],[-44.2844,-19.91927],[-44.28322,-19.91971],[-44.28305,-19.91976],[-44.2829,-19.91978],[-44.28265,-19.92],[-44.28235,-19.92113],[-44.28234,-19.92153],[-44.28236,-19.92213],[-44.28075,-19.92206],[-44.28036,-19.92241],[-44.28009,-19.92278],[-44.27996,-19.92299],[-44.27978,-19.92323],[-44.27962,-19.92352],[-44.27953,-19.92372],[-44.27908,-19.92404],[-44.27871,-19.92435],[-44.27854,-19.9247],[-44.27834,-19.92491],[-44.27814,-19.92519],[-44.27761,-19.9258],[-44.27729,-19.92602],[-44.27694,-19.92609],[-44.27655,-19.92623],[-44.27628,-19.92638],[-44.27603,-19.9266],[-44.27592,-19.92681],[-44.27564,-19.92721],[-44.27543,-19.92746],[-44.27517,-19.92767],[-44.27494,-19.92797],[-44.27476,-19.92828],[-44.2747,-19.92853],[-44.27472,-19.92869],[-44.275,-19.92876],[-44.27512,-19.9289],[-44.27507,-19.929],[-44.27494,-19.92908],[-44.27483,-19.92918],[-44.27477,-19.92958],[-44.27463,-19.9298],[-44.27451,-19.93004],[-44.27445,-19.9302],[-44.27437,-19.93052],[-44.27427,-19.93074],[-44.27413,-19.93096],[-44.27394,-19.93105],[-44.2738,-19.93118],[-44.27385,-19.93133],[-44.27398,-19.93146],[-44.27426,-19.93187],[-44.27436,-19.93206],[-44.27436,-19.93227],[-44.27433,-19.93246],[-44.27412,-19.93254],[-44.27401,-19.93264],[-44.27426,-19.93337],[-44.27456,-19.93391],[-44.2747,-19.93413],[-44.27481,-19.93426],[-44.27501,-19.93437],[-44.27471,-19.93451],[-44.27435,-19.93473],[-44.27406,-19.93502],[-44.27333,-19.93594],[-44.27328,-19.93597],[-44.27336,-19.93622],[-44.27369,-19.93781],[-44.27384,-19.93837],[-44.27391,-19.93925],[-44.27408,-19.93987],[-44.27418,-19.94066],[-44.27496,-19.93969],[-44.27512,-19.93955],[-44.27534,-19.93944],[-44.27554,-19.93937],[-44.27571,-19.93933],[-44.27608,-19.93931],[-44.27621,-19.93932],[-44.2765,-19.93938],[-44.27673,-19.93949],[-44.27692,-19.93961],[-44.27767,-19.94016],[-44.27783,-19.94031],[-44.27792,-19.94044],[-44.27807,-19.94071],[-44.27813,-19.94088],[-44.27815,-19.94104],[-44.27814,-19.94136],[-44.27797,-19.94225],[-44.27795,-19.9425],[-44.27797,-19.94264],[-44.27804,-19.94292],[-44.2781,-19.94306],[-44.27827,-19.94328],[-44.2784,-19.94344],[-44.27895,-19.94397],[-44.27902,-19.94405],[-44.27913,-19.94422],[-44.27925,-19.94452],[-44.27956,-19.94537],[-44.27976,-19.94577],[-44.27987,-19.94591],[-44.27987,-19.94623],[-44.27986,-19.94635],[-44.285,-19.94766],[-44.28528,-19.94771],[-44.28566,-19.94772],[-44.28588,-19.9477],[-44.2861,-19.94764],[-44.28639,-19.94753],[-44.28662,-19.94741],[-44.28786,-19.94643],[-44.2884,-19.94611],[-44.28889,-19.94586],[-44.28955,-19.94563],[-44.2899,-19.94555],[-44.29042,-19.94546],[-44.29102,-19.94544],[-44.29383,-19.9455]]]]}},{"type":"Feature","properties":{"territory_id":"mg-3106705-pingo-dagua","name":"Pingo Dagua","municipality_id":"mg-3106705","polling_places":1,"approx":true,"official":false,"method":"voronoi-polling-places","whole_municipality":false,"approx_coords_only":false},"geometry":{"type":"MultiPolygon","coordinates":[[[[-44.3165,-19.9383],[-44.31648,-19.93832],[-44.31633,-19.93821],[-44.3161,-19.93811],[-44.31527,-19.93791],[-44.31504,-19.93769],[-44.31485,-19.93755],[-44.31476,-19.93745],[-44.31508,-19.9373],[-44.31502,-19.93676],[-44.31461,-19.9364],[-44.31423,-19.93614],[-44.31386,-19.93575],[-44.31308,-19.93522],[-44.3126,-19.93478],[-44.31202,-19.93421],[-44.31144,-19.9339],[-44.31093,-19.93369],[-44.31036,-19.93364],[-44.31021,-19.93367],[-44.30986,-19.93377],[-44.30966,-19.93378],[-44.30932,-19.93388],[-44.30911,-19.93398],[-44.30892,-19.93411],[-44.30868,-19.9342],[-44.30829,-19.93424],[-44.30787,-19.93424],[-44.30706,-19.93417],[-44.30661,-19.93401],[-44.30617,-19.93381],[-44.30579,-19.93358],[-44.30549,-19.93316],[-44.3053,-19.93278],[-44.30504,-19.93238],[-44.30486,-19.93203],[-44.30479,-19.93181],[-44.30469,-19.93158],[-44.3046,-19.93111],[-44.30451,-19.93075],[-44.3045,-19.93049],[-44.30462,-19.93029],[-44.30489,-19.92995],[-44.30584,-19.92919],[-44.31618,-19.92705],[-44.3165,-19.9383]]],[[[-44.31646,-19.93834],[-44.31522,-19.93933],[-44.31531,-19.93897],[-44.31579,-19.93838],[-44.31646,-19.93834]]],[[[-44.30418,-19.94823],[-44.2763,-19.9707],[-44.2703,-20.0039],[-44.2638,-20.01471],[-44.2109,-20.00524],[-44.18466,-19.9989],[-44.18908,-19.98923],[-44.18936,-19.98937],[-44.18982,-19.98956],[-44.1904,-19.98974],[-44.19076,-19.9898],[-44.19123,-19.98985],[-44.19188,-19.98988],[-44.19261,-19.98983],[-44.19327,-19.9897],[-44.19396,-19.98949],[-44.19468,-19.98921],[-44.19473,-19.98918],[-44.19638,-19.98834],[-44.19665,-19.98824],[-44.19664,-19.98806],[-44.19722,-19.98777],[-44.19782,-19.98756],[-44.19965,-19.98703],[-44.20111,-19.98657],[-44.20218,-19.98615],[-44.20306,-19.98586],[-44.20335,-19.98646],[-44.20429,-19.98784],[-44.20462,-19.98829],[-44.20507,-19.98876],[-44.20627,-19.98992],[-44.20665,-19.9904],[-44.20693,-19.99085],[-44.20727,-19.99155],[-44.20828,-19.99417],[-44.2087,-19.99513],[-44.20895,-19.99567],[-44.20953,-19.99662],[-44.21,-19.99635],[-44.21063,-19.99635],[-44.21093,-19.99644],[-44.21131,-19.99667],[-44.21165,-19.99674],[-44.21191,-19.99713],[-44.21215,-19.99732],[-44.2123,-19.99767],[-44.21242,-19.99772],[-44.21297,-19.99788],[-44.21407,-19.99789],[-44.2154,-19.99867],[-44.2171,-19.99974],[-44.21742,-19.99972],[-44.218,-19.99934],[-44.2182,-19.99909],[-44.21912,-19.99858],[-44.22062,-19.99771],[-44.22145,-19.99725],[-44.22196,-19.99672],[-44.22265,-19.99643],[-44.2237,-19.99622],[-44.22408,-19.99583],[-44.22402,-19.9951],[-44.22843,-19.99743],[-44.23094,-19.99873],[-44.23025,-20.00108],[-44.23033,-20.00097],[-44.23045,-20.00087],[-44.23221,-19.99972],[-44.2324,-19.99962],[-44.23302,-19.99946],[-44.23322,-19.99939],[-44.23352,-19.99919],[-44.23373,-19.99902],[-44.23387,-19.99886],[-44.23394,-19.99874],[-44.23412,-19.99828],[-44.23418,-19.99806],[-44.23418,-19.99793],[-44.23394,-19.99716],[-44.23395,-19.99704],[-44.23405,-19.99695],[-44.23467,-19.99655],[-44.23618,-19.99534],[-44.23699,-19.99463],[-44.23726,-19.99444],[-44.23755,-19.99426],[-44.23789,-19.9942],[-44.23854,-19.99373],[-44.23811,-19.9935],[-44.23802,-19.99284],[-44.23717,-19.99213],[-44.23514,-19.99067],[-44.23469,-19.99149],[-44.22888,-19.99356],[-44.23009,-19.98564],[-44.23046,-19.98439],[-44.23189,-19.98293],[-44.23217,-19.98254],[-44.23101,-19.98212],[-44.22915,-19.98133],[-44.22656,-19.98026],[-44.22636,-19.98012],[-44.2263,-19.97995],[-44.22614,-19.97976],[-44.22622,-19.97947],[-44.22652,-19.97872],[-44.2266,-19.97827],[-44.22652,-19.97788],[-44.22634,-19.97746],[-44.22602,-19.97703],[-44.22561,-19.97675],[-44.22536,-19.97665],[-44.22511,-19.97659],[-44.22519,-19.97619],[-44.22522,-19.97595],[-44.22519,-19.97571],[-44.22533,-19.97553],[-44.22543,-19.97544],[-44.22548,-19.97527],[-44.22548,-19.9751],[-44.22551,-19.97498],[-44.22543,-19.97473],[-44.2253,-19.97458],[-44.22532,-19.97432],[-44.22547,-19.97435],[-44.22562,-19.97435],[-44.22568,-19.97425],[-44.22585,-19.97382],[-44.22593,-19.97371],[-44.22596,-19.97351],[-44.22612,-19.97299],[-44.22638,-19.97252],[-44.22639,-19.97234],[-44.22665,-19.97187],[-44.22676,-19.97156],[-44.22691,-19.97144],[-44.22711,-19.97145],[-44.22732,-19.97129],[-44.22762,-19.97115],[-44.22782,-19.97112],[-44.22795,-19.97113],[-44.22811,-19.97118],[-44.22834,-19.97115],[-44.22862,-19.97103],[-44.2288,-19.97098],[-44.229,-19.97087],[-44.22916,-19.97083],[-44.22965,-19.97076],[-44.22982,-19.97071],[-44.23027,-19.97049],[-44.23037,-19.97037],[-44.23026,-19.97013],[-44.23006,-19.97009],[-44.22975,-19.96998],[-44.22954,-19.96988],[-44.2294,-19.96967],[-44.22942,-19.96948],[-44.22951,-19.96931],[-44.22964,-19.96916],[-44.22977,-19.96876],[-44.22999,-19.9687],[-44.23015,-19.9687],[-44.23061,-19.96882],[-44.23087,-19.96881],[-44.23109,-19.96874],[-44.23133,-19.96855],[-44.23168,-19.96852],[-44.2317,-19.96837],[-44.2317,-19.9681],[-44.23187,-19.968],[-44.23208,-19.96784],[-44.23214,-19.96772],[-44.23227,-19.96757],[-44.23242,-19.96754],[-44.23264,-19.96742],[-44.2328,-19.96744],[-44.23313,-19.96758],[-44.23336,-19.96759],[-44.23355,-19.96766],[-44.23386,-19.96768],[-44.23402,-19.96761],[-44.23414,-19.96751],[-44.23435,-19.96744],[-44.23465,-19.96724],[-44.2348,-19.96728],[-44.23493,-19.96742],[-44.23507,-19.96753],[-44.23512,-19.9677],[-44.23512,-19.96789],[-44.2352,-19.96823],[-44.23529,-19.96855],[-44.23544,-19.96869],[-44.2356,-19.96872],[-44.23576,-19.96857],[-44.23588,-19.96842],[-44.2361,-19.9684],[-44.23624,-19.96845],[-44.23639,-19.96857],[-44.23651,-19.96863],[-44.23672,-19.96889],[-44.23697,-19.96898],[-44.23722,-19.96904],[-44.23742,-19.96902],[-44.23745,-19.96887],[-44.23739,-19.96873],[-44.23737,-19.96855],[-44.23746,-19.96843],[-44.23759,-19.96838],[-44.23773,-19.96826],[-44.23791,-19.96826],[-44.23837,-19.96856],[-44.23864,-19.96853],[-44.23864,-19.96836],[-44.2386,-19.96806],[-44.23875,-19.96799],[-44.23888,-19.96798],[-44.23904,-19.96808],[-44.23919,-19.96806],[-44.23927,-19.96793],[-44.2393,-19.96767],[-44.23947,-19.96761],[-44.23957,-19.96771],[-44.23977,-19.96761],[-44.23999,-19.96761],[-44.24019,-19.96745],[-44.24067,-19.96736],[-44.24084,-19.96727],[-44.24102,-19.96713],[-44.2411,-19.96697],[-44.24087,-19.96704],[-44.24074,-19.96696],[-44.24074,-19.96671],[-44.24066,-19.96649],[-44.24063,-19.96637],[-44.24063,-19.96623],[-44.24056,-19.96608],[-44.24073,-19.96595],[-44.24082,-19.96579],[-44.24085,-19.96559],[-44.24079,-19.96523],[-44.2407,-19.96509],[-44.24069,-19.9649],[-44.24066,-19.96468],[-44.24076,-19.96448],[-44.24094,-19.96437],[-44.2411,-19.9644],[-44.24136,-19.96429],[-44.24147,-19.96413],[-44.24148,-19.96393],[-44.24163,-19.96394],[-44.24178,-19.96384],[-44.24195,-19.96361],[-44.24194,-19.96348],[-44.24186,-19.96332],[-44.24167,-19.9633],[-44.24154,-19.9632],[-44.24155,-19.96275],[-44.24136,-19.9626],[-44.24105,-19.96251],[-44.2409,-19.96266],[-44.24072,-19.96266],[-44.24095,-19.96246],[-44.24118,-19.96242],[-44.24142,-19.9625],[-44.2417,-19.96241],[-44.24233,-19.96166],[-44.24244,-19.96146],[-44.24236,-19.96131],[-44.24208,-19.96116],[-44.24162,-19.96099],[-44.24127,-19.96067],[-44.24101,-19.96028],[-44.24086,-19.95997],[-44.24078,-19.95973],[-44.24073,-19.95888],[-44.24082,-19.95853],[-44.24094,-19.95822],[-44.24102,-19.9578],[-44.24111,-19.95747],[-44.24125,-19.95713],[-44.24136,-19.95677],[-44.24016,-19.95616],[-44.23927,-19.95436],[-44.23964,-19.95418],[-44.23914,-19.95304],[-44.23913,-19.95294],[-44.23877,-19.95222],[-44.23984,-19.94868],[-44.23998,-19.94658],[-44.2403,-19.9439],[-44.23997,-19.94283],[-44.27327,-19.93594],[-44.27328,-19.93597],[-44.27336,-19.93622],[-44.27369,-19.93781],[-44.27308,-19.93803],[-44.27272,-19.93826],[-44.27281,-19.93871],[-44.27283,-19.93899],[-44.27291,-19.93922],[-44.27307,-19.93953],[-44.27325,-19.93978],[-44.27337,-19.94012],[-44.27319,-19.94042],[-44.27281,-19.9408],[-44.27199,-19.94083],[-44.27162,-19.94086],[-44.27123,-19.94063],[-44.27109,-19.94092],[-44.27107,-19.94111],[-44.27086,-19.94153],[-44.27061,-19.94168],[-44.27071,-19.94216],[-44.26878,-19.94188],[-44.26834,-19.94183],[-44.26811,-19.94182],[-44.26789,-19.94183],[-44.26768,-19.94188],[-44.26674,-19.94223],[-44.26649,-19.94228],[-44.26611,-19.9423],[-44.26483,-19.94218],[-44.26444,-19.94218],[-44.26431,-19.9422],[-44.26303,-19.94257],[-44.26292,-19.94259],[-44.26266,-19.94259],[-44.26242,-19.94256],[-44.26212,-19.94245],[-44.26192,-19.94236],[-44.26041,-19.94134],[-44.26019,-19.9412],[-44.25967,-19.94095],[-44.25933,-19.94084],[-44.25883,-19.94073],[-44.25851,-19.94069],[-44.25791,-19.94066],[-44.25767,-19.94067],[-44.25631,-19.94083],[-44.25643,-19.9409],[-44.25654,-19.94092],[-44.25699,-19.94093],[-44.25708,-19.94095],[-44.25714,-19.94098],[-44.2572,-19.94103],[-44.25722,-19.94112],[-44.25767,-19.94112],[-44.25811,-19.94117],[-44.25847,-19.94124],[-44.25908,-19.94141],[-44.25949,-19.94156],[-44.25983,-19.94172],[-44.26145,-19.94253],[-44.26169,-19.94261],[-44.26193,-19.94266],[-44.26264,-19.94272],[-44.26639,-19.94287],[-44.2664,-19.9431],[-44.26658,-19.94357],[-44.26662,-19.94384],[-44.26669,-19.94407],[-44.26678,-19.9443],[-44.26694,-19.94444],[-44.26718,-19.94474],[-44.26726,-19.94495],[-44.26725,-19.94518],[-44.26716,-19.94539],[-44.26705,-19.94556],[-44.26696,-19.94575],[-44.26691,-19.94592],[-44.2669,-19.94614],[-44.26692,-19.94636],[-44.26691,-19.94661],[-44.26686,-19.94687],[-44.26687,-19.94721],[-44.26679,-19.94741],[-44.26668,-19.94803],[-44.26678,-19.94816],[-44.26698,-19.94865],[-44.26703,-19.9487],[-44.2671,-19.94873],[-44.26735,-19.94868],[-44.26738,-19.9487],[-44.26735,-19.94888],[-44.26782,-19.94909],[-44.26819,-19.94936],[-44.2685,-19.94962],[-44.26879,-19.94994],[-44.26904,-19.95018],[-44.26909,-19.95038],[-44.26924,-19.95074],[-44.26939,-19.95082],[-44.26935,-19.95093],[-44.26929,-19.95121],[-44.26929,-19.95143],[-44.26938,-19.95171],[-44.2696,-19.95219],[-44.27024,-19.9519],[-44.27245,-19.95104],[-44.27399,-19.95048],[-44.27431,-19.95035],[-44.27491,-19.95004],[-44.27533,-19.94976],[-44.27393,-19.94903],[-44.27363,-19.94867],[-44.27533,-19.94805],[-44.27586,-19.94826],[-44.27647,-19.94871],[-44.27737,-19.94872],[-44.27766,-19.94859],[-44.27854,-19.94798],[-44.27883,-19.94764],[-44.27909,-19.94738],[-44.27935,-19.94702],[-44.27958,-19.94674],[-44.27986,-19.94635],[-44.285,-19.94766],[-44.28528,-19.94771],[-44.28566,-19.94772],[-44.28588,-19.9477],[-44.2861,-19.94764],[-44.28639,-19.94753],[-44.28662,-19.94741],[-44.28786,-19.94643],[-44.2884,-19.94611],[-44.28889,-19.94586],[-44.28955,-19.94563],[-44.2899,-19.94555],[-44.29042,-19.94546],[-44.29102,-19.94544],[-44.29383,-19.9455],[-44.29549,-19.94554],[-44.29595,-19.94553],[-44.29627,-19.94549],[-44.29653,-19.94543],[-44.29775,-19.9451],[-44.29805,-19.94503],[-44.29857,-19.945],[-44.29875,-19.94501],[-44.29916,-19.94511],[-44.29935,-19.94518],[-44.29947,-19.94524],[-44.30175,-19.94667],[-44.30418,-19.94823]]],[[[-44.27629,-19.93934],[-44.27608,-19.93931],[-44.27621,-19.93932],[-44.27629,-19.93934]]],[[[-44.23617,-19.95725],[-44.23591,-19.95737],[-44.23555,-19.95751],[-44.2351,-19.9576],[-44.23446,-19.95775],[-44.23244,-19.95813],[-44.23059,-19.95878],[-44.2296,-19.9591],[-44.2282,-19.95773],[-44.22794,-19.95496],[-44.22989,-19.95371],[-44.23031,-19.95387],[-44.23049,-19.95388],[-44.23061,-19.95387],[-44.2307,-19.95385],[-44.2308,-19.95379],[-44.23117,-19.95356],[-44.23143,-19.95343],[-44.23197,-19.95323],[-44.23231,-19.95307],[-44.23251,-19.95297],[-44.23261,-19.9531],[-44.23251,-19.95324],[-44.23254,-19.95338],[-44.23273,-19.95355],[-44.23301,-19.95398],[-44.23343,-19.95427],[-44.23361,-19.95443],[-44.23383,-19.95452],[-44.23393,-19.95464],[-44.23407,-19.95471],[-44.23421,-19.95498],[-44.23438,-19.9552],[-44.23478,-19.95541],[-44.23507,-19.95576],[-44.23516,-19.95603],[-44.23519,-19.95616],[-44.23533,-19.95632],[-44.23555,-19.95653],[-44.2357,-19.95661],[-44.23587,-19.95676],[-44.23594,-19.9569],[-44.23603,-19.957],[-44.23617,-19.95725]]],[[[-44.23212,-19.94969],[-44.23201,-19.94955],[-44.23176,-19.94973],[-44.2316,-19.94982],[-44.23132,-19.94993],[-44.23112,-19.94996],[-44.23088,-19.94996],[-44.23063,-19.94992],[-44.22953,-19.94956],[-44.22918,-19.9495],[-44.22878,-19.94948],[-44.2284,-19.94953],[-44.22809,-19.94961],[-44.22787,-19.9497],[-44.22754,-19.94987],[-44.2274,-19.94997],[-44.22712,-19.95021],[-44.22703,-19.95031],[-44.22593,-19.95187],[-44.22578,-19.95205],[-44.22547,-19.9523],[-44.22435,-19.95294],[-44.22404,-19.95313],[-44.22381,-19.95333],[-44.22362,-19.95358],[-44.22352,-19.95383],[-44.22324,-19.955],[-44.22319,-19.95519],[-44.22311,-19.95537],[-44.22294,-19.95564],[-44.22282,-19.95579],[-44.22223,-19.95643],[-44.22211,-19.95662],[-44.22198,-19.95693],[-44.22193,-19.95733],[-44.22191,-19.95986],[-44.22188,-19.96021],[-44.2218,-19.96045],[-44.22174,-19.96059],[-44.22166,-19.96071],[-44.22155,-19.96085],[-44.22139,-19.961],[-44.2212,-19.96112],[-44.22071,-19.96139],[-44.22052,-19.96149],[-44.22018,-19.96173],[-44.22004,-19.96187],[-44.21991,-19.96202],[-44.2198,-19.96219],[-44.21973,-19.96231],[-44.21942,-19.96314],[-44.2193,-19.96337],[-44.2192,-19.96353],[-44.21903,-19.96372],[-44.21898,-19.96353],[-44.21898,-19.96345],[-44.21879,-19.96294],[-44.21819,-19.96215],[-44.21775,-19.96154],[-44.21849,-19.9607],[-44.21862,-19.96048],[-44.21846,-19.9602],[-44.21676,-19.96021],[-44.21665,-19.96019],[-44.21659,-19.96012],[-44.21653,-19.95999],[-44.21653,-19.95991],[-44.215,-19.95993],[-44.21495,-19.95994],[-44.21486,-19.96004],[-44.21477,-19.96023],[-44.21419,-19.96012],[-44.21359,-19.95996],[-44.21292,-19.95976],[-44.21202,-19.95946],[-44.21202,-19.95833],[-44.21199,-19.95836],[-44.21174,-19.95892],[-44.21164,-19.9591],[-44.21093,-19.95969],[-44.20926,-19.96103],[-44.20907,-19.96111],[-44.20839,-19.96126],[-44.21902,-19.94717],[-44.22897,-19.94511],[-44.22903,-19.94528],[-44.22903,-19.94543],[-44.22911,-19.94592],[-44.22907,-19.94605],[-44.22907,-19.94638],[-44.22905,-19.94673],[-44.2292,-19.94676],[-44.22935,-19.94695],[-44.22939,-19.94719],[-44.22936,-19.94739],[-44.22939,-19.94752],[-44.22959,-19.94762],[-44.2298,-19.94795],[-44.22993,-19.94798],[-44.23008,-19.94806],[-44.23018,-19.94821],[-44.23001,-19.94832],[-44.23005,-19.94845],[-44.23022,-19.94848],[-44.23042,-19.94847],[-44.2303,-19.94868],[-44.23046,-19.94869],[-44.23066,-19.9486],[-44.23084,-19.94863],[-44.23075,-19.94874],[-44.2308,-19.9489],[-44.23099,-19.94882],[-44.23112,-19.94881],[-44.23125,-19.94883],[-44.23124,-19.94897],[-44.23135,-19.94911],[-44.2315,-19.94902],[-44.23163,-19.94899],[-44.23182,-19.94905],[-44.232,-19.94916],[-44.23191,-19.94934],[-44.23201,-19.94954],[-44.23212,-19.94969]]],[[[-44.21845,-19.96451],[-44.21844,-19.96462],[-44.21841,-19.96467],[-44.21812,-19.96489],[-44.21798,-19.96497],[-44.21788,-19.96501],[-44.2175,-19.96512],[-44.21742,-19.96516],[-44.21729,-19.96524],[-44.21661,-19.96575],[-44.21654,-19.96583],[-44.2162,-19.96632],[-44.21608,-19.9668],[-44.21542,-19.9673],[-44.21436,-19.96818],[-44.21232,-19.96999],[-44.21256,-19.97023],[-44.21229,-19.96996],[-44.20973,-19.9679],[-44.20943,-19.96775],[-44.20909,-19.96767],[-44.20884,-19.96768],[-44.20869,-19.96771],[-44.20838,-19.96784],[-44.20808,-19.96803],[-44.20784,-19.96814],[-44.20763,-19.9682],[-44.20734,-19.9682],[-44.20708,-19.96814],[-44.2068,-19.96802],[-44.2067,-19.96794],[-44.20639,-19.96775],[-44.20588,-19.96738],[-44.2046,-19.96659],[-44.20443,-19.9665],[-44.20485,-19.96595],[-44.20553,-19.96594],[-44.20692,-19.96584],[-44.20748,-19.96582],[-44.20763,-19.96585],[-44.20779,-19.96592],[-44.20865,-19.96644],[-44.20902,-19.96635],[-44.20936,-19.9663],[-44.20982,-19.96627],[-44.21275,-19.96635],[-44.2128,-19.96635],[-44.21383,-19.96637],[-44.2141,-19.96636],[-44.21438,-19.96632],[-44.21458,-19.96627],[-44.21478,-19.96619],[-44.21529,-19.96593],[-44.21831,-19.96421],[-44.21843,-19.96444],[-44.21845,-19.96451]]],[[[-44.21513,-19.97978],[-44.21469,-19.97991],[-44.21409,-19.98007],[-44.21379,-19.98015],[-44.21513,-19.97978]]],[[[-44.20575,-19.9793],[-44.20575,-19.97955],[-44.20562,-19.97977],[-44.20564,-19.97995],[-44.20562,-19.98009],[-44.20568,-19.98026],[-44.20567,-19.9803],[-44.20553,-19.98042],[-44.20549,-19.98056],[-44.20538,-19.9807],[-44.20538,-19.98084],[-44.20535,-19.98091],[-44.20522,-19.98103],[-44.20519,-19.9811],[-44.20517,-19.98124],[-44.20517,-19.98128],[-44.20516,-19.98143],[-44.20511,-19.98148],[-44.20506,-19.98162],[-44.20501,-19.98168],[-44.20473,-19.98186],[-44.20362,-19.98216],[-44.20324,-19.98235],[-44.20282,-19.98248],[-44.20211,-19.98276],[-44.20169,-19.98278],[-44.20124,-19.98155],[-44.2008,-19.98051],[-44.20015,-19.97885],[-44.20004,-19.97847],[-44.19988,-19.97763],[-44.20012,-19.97756],[-44.20067,-19.97752],[-44.20115,-19.97736],[-44.20161,-19.97735],[-44.20219,-19.97728],[-44.20275,-19.97704],[-44.20287,-19.97701],[-44.20316,-19.97702],[-44.20368,-19.97725],[-44.20394,-19.97765],[-44.20403,-19.97775],[-44.20434,-19.978],[-44.20454,-19.97819],[-44.20472,-19.97839],[-44.2049,-19.97864],[-44.20505,-19.97877],[-44.2051,-19.97877],[-44.20519,-19.97883],[-44.2054,-19.97906],[-44.20555,-19.97908],[-44.20575,-19.9793]]]]}},{"type":"Feature","properties":{"territory_id":"mg-3106705-residencial-taquaril","name":"Residencial Taquaril","municipality_id":"mg-3106705","polling_places":2,"approx":false,"official":true,"method":"official-ibge-cd2022","whole_municipality":false,"approx_coords_only":false,"official_name":"Residencial Taquaril","official_code":"3106705033","match":"direct"},"geometry":{"type":"MultiPolygon","coordinates":[[[[-44.20347,-19.92754],[-44.20249,-19.92876],[-44.20234,-19.92897],[-44.20207,-19.92928],[-44.20191,-19.92943],[-44.20222,-19.92978],[-44.20266,-19.93035],[-44.20284,-19.93066],[-44.2029,-19.93073],[-44.20296,-19.93077],[-44.20443,-19.93144],[-44.20603,-19.93221],[-44.20623,-19.93207],[-44.2068,-19.93134],[-44.20688,-19.9311],[-44.2069,-19.93058],[-44.20684,-19.93037],[-44.20674,-19.93021],[-44.20666,-19.92988],[-44.20664,-19.92943],[-44.20659,-19.92907],[-44.20662,-19.92882],[-44.20657,-19.92861],[-44.20619,-19.92818],[-44.20616,-19.92798],[-44.20622,-19.92779],[-44.20635,-19.92765],[-44.20644,-19.92753],[-44.20646,-19.92735],[-44.20641,-19.92718],[-44.20618,-19.92697],[-44.20614,-19.92682],[-44.20616,-19.92664],[-44.20643,-19.92604],[-44.20655,-19.9259],[-44.20647,-19.92577],[-44.20618,-19.92557],[-44.20615,-19.92543],[-44.2062,-19.92528],[-44.20627,-19.92514],[-44.20638,-19.92503],[-44.20625,-19.92465],[-44.20614,-19.92444],[-44.20427,-19.92657],[-44.20385,-19.92709],[-44.20347,-19.92754]]]]}},{"type":"Feature","properties":{"territory_id":"mg-3106705-riacho-iii","name":"Riacho Iii","municipality_id":"mg-3106705","polling_places":1,"approx":false,"official":true,"method":"official-ibge-cd2022","whole_municipality":false,"approx_coords_only":false,"official_name":"Riacho III","official_code":"3106705070","match":"direct"},"geometry":{"type":"MultiPolygon","coordinates":[[[[-44.07462,-19.94856],[-44.07552,-19.94787],[-44.07562,-19.94767],[-44.07558,-19.94736],[-44.07571,-19.94725],[-44.07639,-19.9464],[-44.07826,-19.94554],[-44.07847,-19.94546],[-44.07885,-19.94525],[-44.07914,-19.94504],[-44.07932,-19.94481],[-44.08015,-19.94349],[-44.08014,-19.94342],[-44.07993,-19.94324],[-44.07969,-19.94305],[-44.0791,-19.94329],[-44.07861,-19.94345],[-44.07808,-19.94353],[-44.07783,-19.94353],[-44.07737,-19.94349],[-44.07723,-19.94349],[-44.07718,-19.94362],[-44.07717,-19.94372],[-44.07689,-19.94343],[-44.07668,-19.94333],[-44.07652,-19.94358],[-44.07587,-19.94442],[-44.07527,-19.94524],[-44.07518,-19.9454],[-44.0751,-19.9455],[-44.07499,-19.94559],[-44.07492,-19.94574],[-44.07336,-19.94729],[-44.07315,-19.94749],[-44.07298,-19.9476],[-44.07276,-19.94773],[-44.07239,-19.9479],[-44.07226,-19.94794],[-44.07206,-19.94798],[-44.07186,-19.94799],[-44.06988,-19.94799],[-44.06967,-19.94802],[-44.06947,-19.94814],[-44.06971,-19.94846],[-44.07007,-19.94843],[-44.07124,-19.94837],[-44.07171,-19.94838],[-44.07237,-19.94823],[-44.07294,-19.948],[-44.07352,-19.9489],[-44.07377,-19.94921],[-44.07392,-19.94908],[-44.07423,-19.94886],[-44.07462,-19.94856]]]]}},{"type":"Feature","properties":{"territory_id":"mg-3106705-santa-cruz-ptb","name":"Santa Cruz (ptb)","municipality_id":"mg-3106705","polling_places":2,"approx":true,"official":false,"method":"voronoi-polling-places","whole_municipality":false,"approx_coords_only":false},"geometry":{"type":"MultiPolygon","coordinates":[[[[-44.16967,-19.99542],[-44.1695,-19.99544],[-44.16932,-19.99556],[-44.16917,-19.99561],[-44.16901,-19.99573],[-44.16864,-19.99591],[-44.16849,-19.99596],[-44.16793,-19.99635],[-44.16781,-19.99655],[-44.1672,-19.99719],[-44.16683,-19.99738],[-44.16616,-19.99761],[-44.16476,-19.9976],[-44.16491,-19.99887],[-44.16489,-19.99921],[-44.16483,-19.99939],[-44.16466,-19.99975],[-44.16448,-20.00043],[-44.16449,-20.00048],[-44.16446,-20.00091],[-44.16442,-20.00104],[-44.16419,-20.00153],[-44.16417,-20.00166],[-44.1642,-20.00195],[-44.16427,-20.00211],[-44.16448,-20.00234],[-44.16527,-20.00308],[-44.16534,-20.00322],[-44.16543,-20.00388],[-44.16546,-20.00393],[-44.16579,-20.00413],[-44.16597,-20.0042],[-44.16562,-20.005],[-44.16558,-20.005],[-44.16461,-20.00524],[-44.16512,-20.00772],[-44.16444,-20.00797],[-44.16409,-20.00811],[-44.16384,-20.00826],[-44.16305,-20.00939],[-44.16282,-20.00963],[-44.16272,-20.00973],[-44.16262,-20.00977],[-44.16245,-20.00984],[-44.16234,-20.00987],[-44.16223,-20.00988],[-44.16202,-20.00988],[-44.1618,-20.00985],[-44.16141,-20.00975],[-44.16124,-20.00968],[-44.16096,-20.00969],[-44.16076,-20.00972],[-44.16064,-20.00976],[-44.1603,-20.01002],[-44.16035,-20.01005],[-44.16061,-20.01031],[-44.16075,-20.01045],[-44.1609,-20.01054],[-44.161,-20.01071],[-44.16115,-20.01111],[-44.16144,-20.01143],[-44.16155,-20.01151],[-44.16164,-20.01161],[-44.1617,-20.01172],[-44.16173,-20.01185],[-44.16185,-20.01196],[-44.16196,-20.01214],[-44.16196,-20.01237],[-44.16191,-20.01257],[-44.16201,-20.01269],[-44.16218,-20.01298],[-44.16228,-20.01306],[-44.1627,-20.01327],[-44.16296,-20.01342],[-44.16308,-20.01354],[-44.16316,-20.01368],[-44.1632,-20.01387],[-44.1633,-20.014],[-44.15769,-20.01907],[-44.14904,-20.02741],[-44.1161,-20.0236],[-44.11577,-20.02176],[-44.11961,-20.00465],[-44.11997,-20.00485],[-44.12132,-20.0057],[-44.12213,-20.00619],[-44.12364,-20.00734],[-44.12439,-20.00801],[-44.12497,-20.00841],[-44.12526,-20.00864],[-44.12549,-20.00864],[-44.12584,-20.00868],[-44.12617,-20.00861],[-44.1263,-20.00859],[-44.12641,-20.00862],[-44.12655,-20.00868],[-44.127,-20.00902],[-44.12734,-20.00946],[-44.12762,-20.00952],[-44.12896,-20.0092],[-44.12943,-20.00915],[-44.12994,-20.00905],[-44.13009,-20.00907],[-44.13045,-20.0093],[-44.1306,-20.00962],[-44.13301,-20.00894],[-44.13415,-20.00869],[-44.13448,-20.00878],[-44.13488,-20.00849],[-44.13539,-20.00837],[-44.13653,-20.00762],[-44.13708,-20.00713],[-44.13803,-20.00674],[-44.1385,-20.0065],[-44.13898,-20.00601],[-44.13945,-20.0058],[-44.13966,-20.00566],[-44.13965,-20.00549],[-44.13968,-20.00537],[-44.13973,-20.00508],[-44.1399,-20.00477],[-44.13995,-20.00438],[-44.13993,-20.00418],[-44.13989,-20.00405],[-44.13977,-20.00389],[-44.13956,-20.00379],[-44.13938,-20.00376],[-44.13916,-20.0037],[-44.13856,-20.00344],[-44.13831,-20.00309],[-44.1382,-20.00279],[-44.13815,-20.00251],[-44.13819,-20.00234],[-44.13817,-20.00204],[-44.13805,-20.00136],[-44.13809,-20.00097],[-44.13809,-20.0007],[-44.13807,-20.00006],[-44.13802,-19.99976],[-44.13789,-19.99947],[-44.13775,-19.99891],[-44.13767,-19.99872],[-44.13756,-19.99861],[-44.13746,-19.99848],[-44.13736,-19.99817],[-44.13737,-19.99801],[-44.13732,-19.99784],[-44.13723,-19.99769],[-44.137,-19.99708],[-44.13697,-19.99686],[-44.1368,-19.99629],[-44.13676,-19.99605],[-44.13418,-19.99368],[-44.1334,-19.99491],[-44.13334,-19.99505],[-44.13331,-19.99519],[-44.13331,-19.99523],[-44.1314,-19.9965],[-44.1312,-19.99583],[-44.13095,-19.99539],[-44.13074,-19.99489],[-44.13073,-19.99452],[-44.13095,-19.99367],[-44.13117,-19.99349],[-44.13131,-19.99325],[-44.13137,-19.99305],[-44.13154,-19.99291],[-44.13163,-19.99273],[-44.13165,-19.99255],[-44.13143,-19.99228],[-44.13124,-19.99188],[-44.1309,-19.99157],[-44.13045,-19.99106],[-44.13004,-19.99065],[-44.12957,-19.98998],[-44.12932,-19.9895],[-44.12907,-19.98912],[-44.12884,-19.98893],[-44.12861,-19.98867],[-44.12827,-19.98765],[-44.12821,-19.98756],[-44.12811,-19.98706],[-44.12792,-19.98573],[-44.12784,-19.9847],[-44.12767,-19.98331],[-44.12765,-19.9832],[-44.12759,-19.98309],[-44.12752,-19.983],[-44.12743,-19.98292],[-44.12687,-19.98253],[-44.12637,-19.98211],[-44.12627,-19.982],[-44.12618,-19.98183],[-44.12616,-19.98145],[-44.12613,-19.98128],[-44.12602,-19.98109],[-44.12585,-19.9809],[-44.1256,-19.98068],[-44.12547,-19.98059],[-44.12506,-19.98039],[-44.12892,-19.96319],[-44.12918,-19.96382],[-44.12951,-19.96503],[-44.12978,-19.96521],[-44.13011,-19.96535],[-44.13056,-19.9655],[-44.1309,-19.96556],[-44.1312,-19.96545],[-44.13143,-19.96538],[-44.1322,-19.96508],[-44.13226,-19.96504],[-44.1323,-19.965],[-44.13235,-19.96503],[-44.13244,-19.96504],[-44.13288,-19.96498],[-44.13299,-19.96499],[-44.13314,-19.96503],[-44.13323,-19.96506],[-44.1334,-19.96517],[-44.13351,-19.96531],[-44.13369,-19.96576],[-44.13411,-19.96662],[-44.13105,-19.96655],[-44.13084,-19.9674],[-44.13089,-19.96772],[-44.13094,-19.96779],[-44.13097,-19.9679],[-44.13095,-19.968],[-44.13102,-19.96821],[-44.13098,-19.96833],[-44.13086,-19.96851],[-44.13151,-19.96844],[-44.13184,-19.96864],[-44.13238,-19.96926],[-44.13323,-19.97017],[-44.13489,-19.97159],[-44.13602,-19.97244],[-44.1364,-19.97268],[-44.13705,-19.97353],[-44.13761,-19.97369],[-44.13822,-19.97399],[-44.1387,-19.97412],[-44.13911,-19.97485],[-44.13912,-19.97489],[-44.13884,-19.97519],[-44.13849,-19.97551],[-44.13903,-19.97579],[-44.13928,-19.97597],[-44.13945,-19.97579],[-44.13869,-19.97665],[-44.1386,-19.97683],[-44.13858,-19.97701],[-44.13858,-19.97708],[-44.13863,-19.97724],[-44.13878,-19.9776],[-44.13885,-19.9778],[-44.1389,-19.97803],[-44.13902,-19.97872],[-44.13902,-19.97889],[-44.13894,-19.97921],[-44.13895,-19.97928],[-44.139,-19.97939],[-44.13892,-19.97948],[-44.13876,-19.97976],[-44.13946,-19.98017],[-44.142,-19.98142],[-44.14139,-19.98234],[-44.14043,-19.98373],[-44.13904,-19.98588],[-44.14229,-19.98549],[-44.14285,-19.98538],[-44.14286,-19.98557],[-44.14294,-19.98571],[-44.14299,-19.98598],[-44.14309,-19.98615],[-44.1431,-19.98635],[-44.14325,-19.98633],[-44.14339,-19.98637],[-44.14353,-19.98638],[-44.14373,-19.98668],[-44.14378,-19.98686],[-44.14402,-19.98691],[-44.14416,-19.98687],[-44.1447,-19.98706],[-44.14479,-19.98721],[-44.14493,-19.98723],[-44.14504,-19.9873],[-44.14526,-19.98731],[-44.14527,-19.98746],[-44.14542,-19.98748],[-44.14555,-19.98763],[-44.14583,-19.98762],[-44.14594,-19.98796],[-44.1461,-19.98818],[-44.14637,-19.9883],[-44.14647,-19.9884],[-44.14658,-19.98854],[-44.1467,-19.98894],[-44.14689,-19.98904],[-44.14679,-19.9892],[-44.14662,-19.98932],[-44.14679,-19.98943],[-44.14675,-19.98962],[-44.14694,-19.98979],[-44.14715,-19.98989],[-44.14731,-19.99002],[-44.14738,-19.9902],[-44.14743,-19.99051],[-44.14731,-19.9906],[-44.14726,-19.99075],[-44.14738,-19.99096],[-44.14767,-19.99116],[-44.1478,-19.99123],[-44.14795,-19.99145],[-44.14809,-19.99155],[-44.14817,-19.99177],[-44.14843,-19.99209],[-44.14859,-19.99215],[-44.14881,-19.99211],[-44.14889,-19.99224],[-44.14874,-19.99253],[-44.14885,-19.99262],[-44.14902,-19.99257],[-44.14912,-19.99269],[-44.14932,-19.9927],[-44.14964,-19.99265],[-44.14984,-19.99281],[-44.14995,-19.99293],[-44.14992,-19.99314],[-44.15007,-19.99326],[-44.15028,-19.99323],[-44.15038,-19.99314],[-44.15056,-19.9933],[-44.15069,-19.99315],[-44.1508,-19.99328],[-44.15093,-19.99337],[-44.15103,-19.99349],[-44.15097,-19.99363],[-44.15124,-19.9942],[-44.15135,-19.99436],[-44.1514,-19.99452],[-44.15161,-19.99451],[-44.15164,-19.99467],[-44.15175,-19.99476],[-44.15191,-19.99476],[-44.15205,-19.99471],[-44.15219,-19.9946],[-44.15241,-19.99454],[-44.15278,-19.99451],[-44.15251,-19.99396],[-44.15245,-19.99367],[-44.15228,-19.99313],[-44.15198,-19.99191],[-44.15494,-19.98685],[-44.15506,-19.9868],[-44.15486,-19.98652],[-44.15486,-19.98626],[-44.15492,-19.98585],[-44.1551,-19.9856],[-44.15514,-19.98547],[-44.15524,-19.98533],[-44.15543,-19.98513],[-44.15547,-19.98494],[-44.15556,-19.98479],[-44.15561,-19.9846],[-44.15576,-19.98457],[-44.15588,-19.98444],[-44.15607,-19.98434],[-44.1563,-19.9843],[-44.15644,-19.98425],[-44.15664,-19.98426],[-44.15682,-19.9843],[-44.15701,-19.98431],[-44.15721,-19.9843],[-44.15741,-19.98416],[-44.15758,-19.98408],[-44.1579,-19.98402],[-44.15812,-19.9841],[-44.15824,-19.98416],[-44.15848,-19.98433],[-44.15857,-19.9845],[-44.15875,-19.98449],[-44.15907,-19.98433],[-44.1592,-19.98425],[-44.15932,-19.984],[-44.15944,-19.98386],[-44.15974,-19.98357],[-44.15989,-19.98347],[-44.16016,-19.98323],[-44.16024,-19.98307],[-44.1604,-19.98294],[-44.16082,-19.98277],[-44.16093,-19.98266],[-44.16121,-19.98244],[-44.16156,-19.98214],[-44.16154,-19.98206],[-44.16143,-19.98204],[-44.16138,-19.98187],[-44.16121,-19.98169],[-44.16124,-19.98147],[-44.1611,-19.98136],[-44.16089,-19.98108],[-44.16051,-19.98098],[-44.16039,-19.98082],[-44.16047,-19.98052],[-44.16048,-19.98032],[-44.1603,-19.9801],[-44.1601,-19.97992],[-44.15991,-19.97949],[-44.15983,-19.97915],[-44.15999,-19.97903],[-44.16005,-19.97887],[-44.15995,-19.97871],[-44.15998,-19.97857],[-44.16012,-19.97821],[-44.16008,-19.97804],[-44.15994,-19.97768],[-44.15988,-19.97744],[-44.15975,-19.97727],[-44.15989,-19.97714],[-44.15999,-19.97698],[-44.15993,-19.97672],[-44.15983,-19.97652],[-44.1598,-19.9763],[-44.1598,-19.97607],[-44.15985,-19.97593],[-44.15972,-19.97558],[-44.15993,-19.97511],[-44.15999,-19.97467],[-44.16007,-19.9744],[-44.1601,-19.97415],[-44.15996,-19.97401],[-44.15998,-19.97377],[-44.16,-19.97361],[-44.16078,-19.97537],[-44.16076,-19.97653],[-44.1605,-19.97638],[-44.16045,-19.97835],[-44.16048,-19.97873],[-44.16059,-19.97931],[-44.16069,-19.9796],[-44.16084,-19.97985],[-44.16099,-19.98004],[-44.16118,-19.98021],[-44.16283,-19.98151],[-44.16326,-19.98097],[-44.16967,-19.99542]]],[[[-44.15424,-19.98102],[-44.1535,-19.98182],[-44.15347,-19.98249],[-44.15316,-19.98264],[-44.15279,-19.98259],[-44.15274,-19.98255],[-44.1527,-19.98248],[-44.15206,-19.98233],[-44.1515,-19.98216],[-44.15134,-19.98219],[-44.15123,-19.98226],[-44.15093,-19.98231],[-44.15077,-19.98227],[-44.15065,-19.98214],[-44.15028,-19.98198],[-44.14971,-19.98184],[-44.14931,-19.98166],[-44.14887,-19.98134],[-44.1488,-19.98132],[-44.14874,-19.98133],[-44.14851,-19.98159],[-44.14795,-19.98099],[-44.14788,-19.98085],[-44.14785,-19.98072],[-44.14783,-19.98054],[-44.14787,-19.98036],[-44.14803,-19.97999],[-44.14805,-19.97983],[-44.14804,-19.97968],[-44.148,-19.97951],[-44.14756,-19.97879],[-44.14743,-19.97839],[-44.1464,-19.97687],[-44.1452,-19.97515],[-44.14504,-19.97495],[-44.14476,-19.97465],[-44.14421,-19.97408],[-44.14394,-19.97379],[-44.14386,-19.97366],[-44.14377,-19.97348],[-44.14329,-19.97264],[-44.14245,-19.9712],[-44.14205,-19.97058],[-44.14196,-19.97041],[-44.14181,-19.97008],[-44.14162,-19.96975],[-44.14039,-19.96868],[-44.14017,-19.96843],[-44.14003,-19.96823],[-44.13925,-19.96771],[-44.13907,-19.96752],[-44.13866,-19.96642],[-44.13856,-19.96579],[-44.13428,-19.96633],[-44.13411,-19.96662],[-44.1347,-19.96561],[-44.13508,-19.96491],[-44.13512,-19.96477],[-44.13512,-19.96451],[-44.13521,-19.96334],[-44.13563,-19.96339],[-44.13574,-19.96278],[-44.13608,-19.96286],[-44.13625,-19.96214],[-44.13694,-19.95877],[-44.13758,-19.95869],[-44.13741,-19.95744],[-44.1374,-19.95733],[-44.13743,-19.95666],[-44.13493,-19.95635],[-44.13398,-19.95619],[-44.13382,-19.95682],[-44.1326,-19.95671],[-44.13217,-19.95673],[-44.13186,-19.95687],[-44.13163,-19.95705],[-44.13148,-19.95725],[-44.13113,-19.95858],[-44.131,-19.95866],[-44.13027,-19.95863],[-44.1305,-19.9592],[-44.13138,-19.96105],[-44.13061,-19.96144],[-44.12987,-19.96183],[-44.12935,-19.96212],[-44.12913,-19.96226],[-44.13071,-19.95524],[-44.13455,-19.94902],[-44.13515,-19.94927],[-44.13551,-19.94966],[-44.13618,-19.95053],[-44.137,-19.94993],[-44.13689,-19.94979],[-44.13763,-19.94933],[-44.13884,-19.94955],[-44.13907,-19.94953],[-44.14061,-19.95057],[-44.141,-19.95077],[-44.14155,-19.951],[-44.14178,-19.95112],[-44.14206,-19.95135],[-44.14347,-19.95272],[-44.14387,-19.95232],[-44.14364,-19.95221],[-44.14363,-19.95209],[-44.14361,-19.95205],[-44.14355,-19.95201],[-44.14332,-19.95195],[-44.14321,-19.9519],[-44.14317,-19.95185],[-44.14313,-19.95168],[-44.1432,-19.95153],[-44.14312,-19.95145],[-44.1428,-19.95094],[-44.14204,-19.94968],[-44.14182,-19.94938],[-44.14628,-19.94912],[-44.14996,-19.95475],[-44.14989,-19.95487],[-44.14979,-19.95515],[-44.14976,-19.95535],[-44.14976,-19.95552],[-44.14981,-19.95584],[-44.14991,-19.95607],[-44.15,-19.95623],[-44.15013,-19.95641],[-44.15024,-19.95652],[-44.15075,-19.95691],[-44.15081,-19.95699],[-44.14955,-19.95651],[-44.14881,-19.95627],[-44.14778,-19.95606],[-44.14658,-19.9559],[-44.14548,-19.95586],[-44.14588,-19.95594],[-44.14578,-19.95638],[-44.14579,-19.95647],[-44.14579,-19.95726],[-44.14583,-19.95769],[-44.14578,-19.9577],[-44.14581,-19.95829],[-44.14581,-19.95843],[-44.14584,-19.95894],[-44.14596,-19.95894],[-44.14596,-19.95923],[-44.14537,-19.95939],[-44.14509,-19.95961],[-44.14472,-19.96009],[-44.14461,-19.96051],[-44.14474,-19.9606],[-44.14461,-19.9613],[-44.14444,-19.96122],[-44.14435,-19.96136],[-44.14424,-19.96175],[-44.14413,-19.96241],[-44.14377,-19.96284],[-44.14304,-19.96348],[-44.14256,-19.96379],[-44.1423,-19.96394],[-44.14196,-19.96411],[-44.14145,-19.9643],[-44.1409,-19.9644],[-44.1399,-19.96562],[-44.13996,-19.96567],[-44.14003,-19.96583],[-44.14044,-19.96719],[-44.14047,-19.96722],[-44.14052,-19.96723],[-44.14068,-19.96718],[-44.14071,-19.96718],[-44.14098,-19.96774],[-44.14122,-19.96764],[-44.14176,-19.96739],[-44.14216,-19.96779],[-44.14256,-19.96809],[-44.14314,-19.9683],[-44.14332,-19.96832],[-44.14349,-19.96841],[-44.14371,-19.96845],[-44.14388,-19.96853],[-44.14411,-19.96851],[-44.14461,-19.96886],[-44.1449,-19.96922],[-44.14504,-19.96933],[-44.14522,-19.96956],[-44.14551,-19.97],[-44.14591,-19.9703],[-44.146,-19.97049],[-44.14611,-19.97059],[-44.14643,-19.97078],[-44.14678,-19.97085],[-44.14693,-19.97094],[-44.14704,-19.97132],[-44.14718,-19.97146],[-44.14732,-19.97166],[-44.14739,-19.97187],[-44.14757,-19.97214],[-44.1476,-19.97233],[-44.14776,-19.97252],[-44.14788,-19.97271],[-44.14792,-19.97283],[-44.14805,-19.97293],[-44.14812,-19.97304],[-44.14816,-19.97331],[-44.14829,-19.97335],[-44.14842,-19.97335],[-44.14863,-19.97346],[-44.14875,-19.97355],[-44.14891,-19.9736],[-44.14905,-19.9737],[-44.14915,-19.97381],[-44.14928,-19.97387],[-44.14938,-19.97397],[-44.14958,-19.97406],[-44.14996,-19.97431],[-44.15019,-19.9745],[-44.15067,-19.97499],[-44.15084,-19.97512],[-44.15091,-19.97526],[-44.15124,-19.97558],[-44.15128,-19.97569],[-44.15137,-19.97622],[-44.15134,-19.9766],[-44.15135,-19.97666],[-44.15141,-19.97672],[-44.15149,-19.97675],[-44.15154,-19.97681],[-44.15154,-19.97688],[-44.1515,-19.97695],[-44.15148,-19.97703],[-44.15152,-19.97721],[-44.15151,-19.97741],[-44.15158,-19.97752],[-44.15144,-19.97754],[-44.15135,-19.97759],[-44.1509,-19.97789],[-44.15075,-19.97797],[-44.15052,-19.97802],[-44.15038,-19.97801],[-44.15019,-19.97806],[-44.14999,-19.97815],[-44.1498,-19.97821],[-44.14969,-19.9783],[-44.14916,-19.97879],[-44.14899,-19.97918],[-44.14888,-19.97971],[-44.14897,-19.98018],[-44.14927,-19.98019],[-44.14927,-19.98027],[-44.14957,-19.98031],[-44.14966,-19.98035],[-44.14967,-19.98039],[-44.14968,-19.981],[-44.14974,-19.98108],[-44.15068,-19.98144],[-44.15092,-19.98119],[-44.15103,-19.98103],[-44.15112,-19.98083],[-44.15118,-19.98049],[-44.15123,-19.98037],[-44.15152,-19.98004],[-44.1516,-19.97999],[-44.15165,-19.97998],[-44.15231,-19.98013],[-44.15327,-19.98039],[-44.15341,-19.98046],[-44.15395,-19.9809],[-44.15402,-19.98084],[-44.15424,-19.98102]]],[[[-44.1478,-19.98231],[-44.14778,-19.98252],[-44.14777,-19.98256],[-44.1478,-19.98231]]],[[[-44.14775,-19.98259],[-44.14774,-19.98262],[-44.14759,-19.98278],[-44.14775,-19.98259]]],[[[-44.14086,-19.97586],[-44.14063,-19.97579],[-44.14068,-19.9758],[-44.14086,-19.97586]]],[[[-44.14042,-19.97576],[-44.14013,-19.97573],[-44.13974,-19.97567],[-44.14042,-19.97576]]],[[[-44.13974,-19.97567],[-44.13966,-19.97568],[-44.13968,-19.97567],[-44.13974,-19.97567]]]]}},{"type":"Feature","properties":{"territory_id":"mg-3106705-santa-ines","name":"Santa Ines","municipality_id":"mg-3106705","polling_places":1,"approx":false,"official":true,"method":"official-ibge-cd2022","whole_municipality":false,"approx_coords_only":false,"official_name":"Santa Inês","official_code":"3106705022","match":"direct"},"geometry":{"type":"MultiPolygon","coordinates":[[[[-44.2128,-19.96635],[-44.21383,-19.96637],[-44.2141,-19.96636],[-44.21438,-19.96632],[-44.21458,-19.96627],[-44.21478,-19.96619],[-44.21529,-19.96593],[-44.21863,-19.96403],[-44.21881,-19.96391],[-44.21903,-19.96372],[-44.21898,-19.96353],[-44.21898,-19.96345],[-44.21879,-19.96294],[-44.21819,-19.96215],[-44.21806,-19.96228],[-44.21785,-19.96244],[-44.21764,-19.96268],[-44.21731,-19.96294],[-44.21675,-19.96324],[-44.21553,-19.96396],[-44.21542,-19.9641],[-44.21518,-19.96454],[-44.2151,-19.96462],[-44.21406,-19.96529],[-44.21208,-19.96441],[-44.21175,-19.96431],[-44.21153,-19.96421],[-44.21083,-19.96389],[-44.20916,-19.96304],[-44.20885,-19.96363],[-44.20779,-19.96592],[-44.20865,-19.96644],[-44.20902,-19.96635],[-44.20936,-19.9663],[-44.20982,-19.96627],[-44.21275,-19.96635],[-44.2128,-19.96635]]]]}},{"type":"Feature","properties":{"territory_id":"mg-3106705-santo-afonso","name":"Santo Afonso","municipality_id":"mg-3106705","polling_places":1,"approx":false,"official":true,"method":"official-ibge-cd2022","whole_municipality":false,"approx_coords_only":false,"official_name":"Santo Afonso","official_code":"3106705096","match":"direct"},"geometry":{"type":"MultiPolygon","coordinates":[[[[-44.27629,-19.90189],[-44.27632,-19.9032],[-44.2763,-19.90346],[-44.27627,-19.90366],[-44.27616,-19.9039],[-44.27599,-19.90419],[-44.27572,-19.90444],[-44.27221,-19.90702],[-44.27181,-19.90738],[-44.2716,-19.90761],[-44.27151,-19.90775],[-44.27139,-19.90806],[-44.27134,-19.90825],[-44.27131,-19.90851],[-44.27134,-19.90881],[-44.27143,-19.90926],[-44.27173,-19.9103],[-44.27173,-19.91041],[-44.27171,-19.91081],[-44.27125,-19.91585],[-44.27126,-19.91609],[-44.27128,-19.91618],[-44.27139,-19.91644],[-44.27156,-19.91667],[-44.27393,-19.91603],[-44.27474,-19.9158],[-44.27542,-19.91556],[-44.27604,-19.91526],[-44.27726,-19.91463],[-44.27751,-19.91443],[-44.27814,-19.91374],[-44.27831,-19.91359],[-44.28254,-19.91062],[-44.28279,-19.91062],[-44.28343,-19.91055],[-44.28355,-19.91056],[-44.28371,-19.91059],[-44.28461,-19.91103],[-44.28496,-19.91116],[-44.28599,-19.91146],[-44.28635,-19.91159],[-44.28651,-19.91167],[-44.28675,-19.91184],[-44.28731,-19.91212],[-44.28744,-19.9122],[-44.28769,-19.91237],[-44.288,-19.91264],[-44.28825,-19.91278],[-44.28841,-19.91292],[-44.28849,-19.91307],[-44.28856,-19.91331],[-44.28863,-19.91345],[-44.28879,-19.91374],[-44.28937,-19.91459],[-44.29046,-19.916],[-44.29057,-19.91627],[-44.29061,-19.91654],[-44.29069,-19.91683],[-44.2907,-19.91697],[-44.29069,-19.91708],[-44.29063,-19.91735],[-44.2906,-19.91778],[-44.29057,-19.91787],[-44.29032,-19.91833],[-44.28998,-19.91882],[-44.29165,-19.9192],[-44.29258,-19.91945],[-44.29367,-19.91977],[-44.29418,-19.91993],[-44.29593,-19.92042],[-44.29757,-19.9182],[-44.29809,-19.91753],[-44.29924,-19.91663],[-44.30115,-19.91597],[-44.30153,-19.91503],[-44.30153,-19.91426],[-44.3015,-19.9136],[-44.30124,-19.91266],[-44.30023,-19.9121],[-44.29986,-19.91135],[-44.29959,-19.91086],[-44.29927,-19.91021],[-44.29913,-19.90996],[-44.29899,-19.90961],[-44.29885,-19.90893],[-44.29885,-19.90841],[-44.29878,-19.9079],[-44.29856,-19.90717],[-44.29857,-19.90678],[-44.29874,-19.90644],[-44.2989,-19.90624],[-44.29907,-19.90583],[-44.29909,-19.90573],[-44.29901,-19.90563],[-44.29883,-19.90565],[-44.2987,-19.9057],[-44.29843,-19.90572],[-44.29798,-19.90558],[-44.29765,-19.90538],[-44.29732,-19.90512],[-44.29704,-19.90482],[-44.29672,-19.90428],[-44.29589,-19.90363],[-44.29558,-19.90321],[-44.29538,-19.90281],[-44.29519,-19.90231],[-44.29484,-19.90096],[-44.29458,-19.90043],[-44.29423,-19.90003],[-44.29396,-19.89963],[-44.29362,-19.89891],[-44.29351,-19.89818],[-44.29363,-19.8976],[-44.29392,-19.89685],[-44.29406,-19.89629],[-44.29438,-19.89556],[-44.2946,-19.89512],[-44.29493,-19.89477],[-44.29511,-19.89454],[-44.29517,-19.89433],[-44.29517,-19.89415],[-44.29509,-19.89408],[-44.29497,-19.89407],[-44.2948,-19.89413],[-44.29462,-19.89424],[-44.29447,-19.8944],[-44.29409,-19.89457],[-44.29353,-19.89458],[-44.29278,-19.89454],[-44.29178,-19.89433],[-44.29109,-19.89403],[-44.29014,-19.89355],[-44.28955,-19.89312],[-44.28897,-19.89289],[-44.28829,-19.89253],[-44.28757,-19.89227],[-44.28697,-19.89229],[-44.28663,-19.89235],[-44.28626,-19.89247],[-44.28538,-19.89278],[-44.28516,-19.89284],[-44.28462,-19.89283],[-44.28428,-19.89279],[-44.28408,-19.89261],[-44.28396,-19.89249],[-44.28377,-19.89214],[-44.28366,-19.892],[-44.28334,-19.89173],[-44.28282,-19.89134],[-44.28254,-19.89108],[-44.28207,-19.89057],[-44.28183,-19.89086],[-44.28172,-19.89104],[-44.28117,-19.8918],[-44.28096,-19.89215],[-44.28076,-19.89253],[-44.28034,-19.89364],[-44.28023,-19.89385],[-44.27994,-19.89427],[-44.27959,-19.89465],[-44.27719,-19.89716],[-44.27694,-19.89744],[-44.27668,-19.89775],[-44.27651,-19.89806],[-44.27633,-19.8985],[-44.27625,-19.89889],[-44.27623,-19.89937],[-44.27629,-19.90146],[-44.27629,-19.90189]]]]}},{"type":"Feature","properties":{"territory_id":"mg-3106705-santo-antonio","name":"Santo Antônio","municipality_id":"mg-3106705","polling_places":2,"approx":false,"official":true,"method":"official-ibge-cd2022","whole_municipality":false,"approx_coords_only":false,"official_name":"Santo Antônio","official_code":"3106705074","match":"direct"},"geometry":{"type":"MultiPolygon","coordinates":[[[[-44.10973,-19.95589],[-44.11087,-19.95582],[-44.11092,-19.95374],[-44.11081,-19.95262],[-44.11074,-19.95231],[-44.11051,-19.95151],[-44.11046,-19.95127],[-44.11047,-19.95104],[-44.11083,-19.95016],[-44.11115,-19.95025],[-44.11141,-19.95026],[-44.1115,-19.95023],[-44.11196,-19.95002],[-44.11228,-19.94999],[-44.11243,-19.94995],[-44.11296,-19.94976],[-44.11316,-19.9497],[-44.11358,-19.94968],[-44.11369,-19.94971],[-44.11357,-19.94888],[-44.11333,-19.94662],[-44.11286,-19.94669],[-44.11099,-19.94705],[-44.11049,-19.94708],[-44.11004,-19.94708],[-44.10984,-19.94706],[-44.10906,-19.94693],[-44.10892,-19.94711],[-44.10865,-19.94729],[-44.10829,-19.94745],[-44.10766,-19.9479],[-44.10724,-19.94809],[-44.10785,-19.94875],[-44.10759,-19.94882],[-44.10742,-19.94883],[-44.10728,-19.94885],[-44.10716,-19.94889],[-44.10697,-19.94899],[-44.10595,-19.95003],[-44.10555,-19.95019],[-44.10538,-19.95021],[-44.10525,-19.95038],[-44.10503,-19.95078],[-44.1046,-19.95183],[-44.10345,-19.95192],[-44.1036,-19.95344],[-44.10205,-19.9533],[-44.1013,-19.95331],[-44.09982,-19.95323],[-44.09726,-19.95298],[-44.09733,-19.9532],[-44.09774,-19.95383],[-44.09789,-19.95398],[-44.09786,-19.95447],[-44.0971,-19.95448],[-44.09671,-19.95525],[-44.09677,-19.95553],[-44.0968,-19.95562],[-44.09712,-19.9556],[-44.09738,-19.9556],[-44.10255,-19.95605],[-44.10386,-19.95615],[-44.10468,-19.95619],[-44.10648,-19.95604],[-44.10773,-19.95596],[-44.10973,-19.95589]]]]}},{"type":"Feature","properties":{"territory_id":"mg-3106705-sao-caetano","name":"Sao Caetano","municipality_id":"mg-3106705","polling_places":1,"approx":false,"official":true,"method":"official-ibge-cd2022","whole_municipality":false,"approx_coords_only":false,"official_name":"São Caetano","official_code":"3106705108","match":"direct"},"geometry":{"type":"MultiPolygon","coordinates":[[[[-44.11344,-19.9383],[-44.11357,-19.93837],[-44.11365,-19.93838],[-44.11402,-19.93837],[-44.11426,-19.93849],[-44.11458,-19.93858],[-44.11447,-19.93886],[-44.11445,-19.93896],[-44.11449,-19.93906],[-44.11468,-19.93929],[-44.11471,-19.93941],[-44.1147,-19.9396],[-44.11459,-19.94022],[-44.11495,-19.94055],[-44.11571,-19.94111],[-44.11598,-19.94133],[-44.11674,-19.94186],[-44.11677,-19.94187],[-44.11683,-19.94187],[-44.1169,-19.94181],[-44.11824,-19.94013],[-44.11817,-19.93938],[-44.11893,-19.9385],[-44.11907,-19.93828],[-44.11944,-19.9368],[-44.11978,-19.93697],[-44.11963,-19.93605],[-44.1194,-19.93495],[-44.11803,-19.93517],[-44.11731,-19.93534],[-44.11421,-19.93591],[-44.11397,-19.93594],[-44.11353,-19.93589],[-44.11331,-19.9359],[-44.1132,-19.93588],[-44.11293,-19.9358],[-44.11267,-19.93561],[-44.11208,-19.93497],[-44.11157,-19.93432],[-44.1113,-19.9339],[-44.11136,-19.93371],[-44.10902,-19.93496],[-44.10922,-19.93519],[-44.10897,-19.93529],[-44.10648,-19.93573],[-44.10609,-19.93573],[-44.10617,-19.93531],[-44.10467,-19.93542],[-44.10465,-19.93568],[-44.10464,-19.936],[-44.10469,-19.93621],[-44.10489,-19.93666],[-44.10561,-19.93799],[-44.10582,-19.93826],[-44.10604,-19.93851],[-44.10633,-19.939],[-44.10647,-19.9393],[-44.10672,-19.93977],[-44.1071,-19.94068],[-44.10751,-19.9405],[-44.10857,-19.94011],[-44.10931,-19.93981],[-44.1113,-19.93897],[-44.11138,-19.93896],[-44.11144,-19.93898],[-44.11206,-19.93936],[-44.11264,-19.93969],[-44.11343,-19.93832],[-44.11344,-19.9383]]]]}},{"type":"Feature","properties":{"territory_id":"mg-3106705-sao-cristovao","name":"São Cristóvão","municipality_id":"mg-3106705","polling_places":2,"approx":false,"official":true,"method":"official-ibge-cd2022","whole_municipality":false,"approx_coords_only":false,"official_name":"São Cristóvão","official_code":"3106705109","match":"direct"},"geometry":{"type":"MultiPolygon","coordinates":[[[[-44.1217,-19.94129],[-44.12233,-19.94043],[-44.12186,-19.94014],[-44.1219,-19.93995],[-44.12197,-19.93975],[-44.12316,-19.93801],[-44.12182,-19.93555],[-44.12147,-19.93521],[-44.121,-19.93496],[-44.12083,-19.93489],[-44.12052,-19.93482],[-44.12038,-19.93481],[-44.11989,-19.93484],[-44.1194,-19.93495],[-44.11963,-19.93605],[-44.11978,-19.93697],[-44.11944,-19.9368],[-44.11907,-19.93828],[-44.11893,-19.9385],[-44.11817,-19.93938],[-44.11824,-19.94013],[-44.1169,-19.94181],[-44.11797,-19.94197],[-44.11828,-19.94197],[-44.12136,-19.94219],[-44.12153,-19.94155],[-44.12162,-19.94142],[-44.12168,-19.94137],[-44.12169,-19.94131],[-44.1217,-19.94129]]]]}},{"type":"Feature","properties":{"territory_id":"mg-3106705-sao-joao","name":"São João","municipality_id":"mg-3106705","polling_places":2,"approx":false,"official":true,"method":"official-ibge-cd2022","whole_municipality":false,"approx_coords_only":false,"official_name":"São João","official_code":"3106705023","match":"direct"},"geometry":{"type":"MultiPolygon","coordinates":[[[[-44.16012,-19.97339],[-44.16081,-19.97388],[-44.16076,-19.97653],[-44.1605,-19.97638],[-44.16045,-19.97835],[-44.16048,-19.97873],[-44.16059,-19.97931],[-44.16069,-19.9796],[-44.16084,-19.97985],[-44.16099,-19.98004],[-44.16118,-19.98021],[-44.16283,-19.98151],[-44.16464,-19.97926],[-44.16509,-19.97858],[-44.16527,-19.97876],[-44.16602,-19.97788],[-44.16611,-19.97764],[-44.16669,-19.97692],[-44.16705,-19.9763],[-44.16715,-19.97609],[-44.16761,-19.97633],[-44.16797,-19.97572],[-44.16802,-19.97556],[-44.16799,-19.97538],[-44.1679,-19.97514],[-44.1679,-19.97503],[-44.16795,-19.97488],[-44.16806,-19.97469],[-44.16841,-19.97449],[-44.16858,-19.97432],[-44.16924,-19.97372],[-44.16967,-19.97327],[-44.17002,-19.97289],[-44.17017,-19.97279],[-44.17017,-19.97274],[-44.1702,-19.97271],[-44.17026,-19.97268],[-44.17031,-19.9726],[-44.17059,-19.97228],[-44.17062,-19.97222],[-44.17061,-19.97214],[-44.17056,-19.972],[-44.17079,-19.97181],[-44.17147,-19.97113],[-44.17177,-19.97136],[-44.17199,-19.97095],[-44.17274,-19.96942],[-44.1737,-19.96742],[-44.17315,-19.96706],[-44.17304,-19.96558],[-44.173,-19.96558],[-44.17307,-19.9653],[-44.17324,-19.96483],[-44.1736,-19.96493],[-44.17239,-19.9646],[-44.17149,-19.96438],[-44.17107,-19.96425],[-44.16783,-19.96342],[-44.15976,-19.96122],[-44.1551,-19.96],[-44.15466,-19.95983],[-44.15436,-19.95966],[-44.15397,-19.95939],[-44.15354,-19.95903],[-44.15313,-19.95864],[-44.15284,-19.95841],[-44.15238,-19.95799],[-44.15169,-19.95749],[-44.15126,-19.95721],[-44.15081,-19.95699],[-44.14955,-19.95651],[-44.14881,-19.95627],[-44.14778,-19.95606],[-44.14658,-19.9559],[-44.14548,-19.95586],[-44.14588,-19.95594],[-44.14578,-19.95638],[-44.14579,-19.95647],[-44.14579,-19.95726],[-44.14583,-19.95769],[-44.14578,-19.9577],[-44.14581,-19.95829],[-44.14581,-19.95843],[-44.14584,-19.95894],[-44.14596,-19.95894],[-44.14596,-19.95923],[-44.14537,-19.95939],[-44.14509,-19.95961],[-44.14472,-19.96009],[-44.14461,-19.96051],[-44.14474,-19.9606],[-44.14461,-19.9613],[-44.14444,-19.96122],[-44.14435,-19.96136],[-44.14424,-19.96175],[-44.14413,-19.96241],[-44.14377,-19.96284],[-44.14304,-19.96348],[-44.14256,-19.96379],[-44.1423,-19.96394],[-44.14196,-19.96411],[-44.14145,-19.9643],[-44.1409,-19.9644],[-44.1399,-19.96562],[-44.13996,-19.96567],[-44.14003,-19.96583],[-44.14044,-19.96719],[-44.14047,-19.96722],[-44.14052,-19.96723],[-44.14068,-19.96718],[-44.14071,-19.96718],[-44.14098,-19.96774],[-44.14122,-19.96764],[-44.14176,-19.96739],[-44.14216,-19.96779],[-44.14256,-19.96809],[-44.14314,-19.9683],[-44.14332,-19.96832],[-44.14349,-19.96841],[-44.14371,-19.96845],[-44.14388,-19.96853],[-44.14411,-19.96851],[-44.14461,-19.96886],[-44.1449,-19.96922],[-44.14504,-19.96933],[-44.14522,-19.96956],[-44.14551,-19.97],[-44.14591,-19.9703],[-44.146,-19.97049],[-44.14611,-19.97059],[-44.14643,-19.97078],[-44.14678,-19.97085],[-44.14693,-19.97094],[-44.14704,-19.97132],[-44.14718,-19.97146],[-44.14732,-19.97166],[-44.14739,-19.97187],[-44.14757,-19.97214],[-44.1476,-19.97233],[-44.14776,-19.97252],[-44.14788,-19.97271],[-44.14792,-19.97283],[-44.14805,-19.97293],[-44.14812,-19.97304],[-44.14816,-19.97331],[-44.14829,-19.97335],[-44.14842,-19.97335],[-44.14863,-19.97346],[-44.14875,-19.97355],[-44.14891,-19.9736],[-44.14905,-19.9737],[-44.14915,-19.97381],[-44.14928,-19.97387],[-44.14938,-19.97397],[-44.14958,-19.97406],[-44.14996,-19.97431],[-44.15019,-19.9745],[-44.15067,-19.97499],[-44.15084,-19.97512],[-44.15091,-19.97526],[-44.15124,-19.97558],[-44.15128,-19.97569],[-44.15137,-19.97622],[-44.15134,-19.9766],[-44.15135,-19.97666],[-44.15141,-19.97672],[-44.15149,-19.97675],[-44.15154,-19.97681],[-44.15154,-19.97688],[-44.1515,-19.97695],[-44.15148,-19.97703],[-44.15152,-19.97721],[-44.15151,-19.97741],[-44.15158,-19.97752],[-44.15144,-19.97754],[-44.15135,-19.97759],[-44.1509,-19.97789],[-44.15075,-19.97797],[-44.15052,-19.97802],[-44.15038,-19.97801],[-44.15019,-19.97806],[-44.14999,-19.97815],[-44.1498,-19.97821],[-44.14969,-19.9783],[-44.14916,-19.97879],[-44.14899,-19.97918],[-44.14888,-19.97971],[-44.14897,-19.98018],[-44.14927,-19.98019],[-44.14927,-19.98027],[-44.14957,-19.98031],[-44.14966,-19.98035],[-44.14967,-19.98039],[-44.14968,-19.981],[-44.14974,-19.98108],[-44.15068,-19.98144],[-44.15092,-19.98119],[-44.15103,-19.98103],[-44.15112,-19.98083],[-44.15118,-19.98049],[-44.15123,-19.98037],[-44.15152,-19.98004],[-44.1516,-19.97999],[-44.15165,-19.97998],[-44.15231,-19.98013],[-44.15327,-19.98039],[-44.15341,-19.98046],[-44.15395,-19.9809],[-44.15402,-19.98084],[-44.15424,-19.98102],[-44.1535,-19.98182],[-44.15347,-19.98249],[-44.15376,-19.98266],[-44.15431,-19.98433],[-44.15389,-19.98488],[-44.15401,-19.98548],[-44.15399,-19.9863],[-44.15416,-19.98644],[-44.15442,-19.98658],[-44.1546,-19.98672],[-44.15472,-19.98677],[-44.15494,-19.98685],[-44.15506,-19.9868],[-44.15486,-19.98652],[-44.15486,-19.98626],[-44.15492,-19.98585],[-44.1551,-19.9856],[-44.15514,-19.98547],[-44.15524,-19.98533],[-44.15543,-19.98513],[-44.15547,-19.98494],[-44.15556,-19.98479],[-44.15561,-19.9846],[-44.15576,-19.98457],[-44.15588,-19.98444],[-44.15607,-19.98434],[-44.1563,-19.9843],[-44.15644,-19.98425],[-44.15664,-19.98426],[-44.15682,-19.9843],[-44.15701,-19.98431],[-44.15721,-19.9843],[-44.15741,-19.98416],[-44.15758,-19.98408],[-44.1579,-19.98402],[-44.15812,-19.9841],[-44.15824,-19.98416],[-44.15848,-19.98433],[-44.15857,-19.9845],[-44.15875,-19.98449],[-44.15907,-19.98433],[-44.1592,-19.98425],[-44.15932,-19.984],[-44.15944,-19.98386],[-44.15974,-19.98357],[-44.15989,-19.98347],[-44.16016,-19.98323],[-44.16024,-19.98307],[-44.1604,-19.98294],[-44.16082,-19.98277],[-44.16093,-19.98266],[-44.16121,-19.98244],[-44.16156,-19.98214],[-44.16154,-19.98206],[-44.16143,-19.98204],[-44.16138,-19.98187],[-44.16121,-19.98169],[-44.16124,-19.98147],[-44.1611,-19.98136],[-44.16089,-19.98108],[-44.16051,-19.98098],[-44.16039,-19.98082],[-44.16047,-19.98052],[-44.16048,-19.98032],[-44.1603,-19.9801],[-44.1601,-19.97992],[-44.15991,-19.97949],[-44.15983,-19.97915],[-44.15999,-19.97903],[-44.16005,-19.97887],[-44.15995,-19.97871],[-44.15998,-19.97857],[-44.16012,-19.97821],[-44.16008,-19.97804],[-44.15994,-19.97768],[-44.15988,-19.97744],[-44.15975,-19.97727],[-44.15989,-19.97714],[-44.15999,-19.97698],[-44.15993,-19.97672],[-44.15983,-19.97652],[-44.1598,-19.9763],[-44.1598,-19.97607],[-44.15985,-19.97593],[-44.15972,-19.97558],[-44.15993,-19.97511],[-44.15999,-19.97467],[-44.16007,-19.9744],[-44.1601,-19.97415],[-44.15996,-19.97401],[-44.15998,-19.97377],[-44.16,-19.9736],[-44.16012,-19.97339]]]]}},{"type":"Feature","properties":{"territory_id":"mg-3106705-sao-luiz","name":"Sao Luiz","municipality_id":"mg-3106705","polling_places":1,"approx":false,"official":true,"method":"official-ibge-cd2022","whole_municipality":false,"approx_coords_only":false,"official_name":"São Luiz","official_code":"3106705110","match":"direct"},"geometry":{"type":"MultiPolygon","coordinates":[[[[-44.12739,-19.93503],[-44.12805,-19.93459],[-44.12854,-19.93434],[-44.12976,-19.93377],[-44.12998,-19.93371],[-44.13026,-19.93366],[-44.13074,-19.93362],[-44.13083,-19.93355],[-44.13259,-19.93346],[-44.13278,-19.93338],[-44.13289,-19.93325],[-44.13281,-19.93257],[-44.13285,-19.93229],[-44.13283,-19.93215],[-44.13278,-19.93202],[-44.13255,-19.93166],[-44.13195,-19.93077],[-44.13182,-19.93049],[-44.1317,-19.93017],[-44.13166,-19.92991],[-44.13164,-19.92946],[-44.13166,-19.92924],[-44.13176,-19.92893],[-44.13181,-19.9287],[-44.13182,-19.92861],[-44.1318,-19.92826],[-44.13171,-19.92784],[-44.1315,-19.9271],[-44.13138,-19.92657],[-44.12979,-19.92659],[-44.12935,-19.92671],[-44.12923,-19.92685],[-44.12948,-19.92746],[-44.12733,-19.92678],[-44.12751,-19.92698],[-44.12742,-19.92729],[-44.12719,-19.92737],[-44.12734,-19.92755],[-44.12717,-19.92789],[-44.12696,-19.92801],[-44.12702,-19.92816],[-44.12691,-19.92851],[-44.12674,-19.92858],[-44.1268,-19.92877],[-44.12667,-19.9291],[-44.12652,-19.92917],[-44.12657,-19.92933],[-44.12644,-19.92974],[-44.12627,-19.92981],[-44.12636,-19.92996],[-44.12622,-19.9304],[-44.12605,-19.93047],[-44.12612,-19.93061],[-44.12597,-19.93096],[-44.12581,-19.93099],[-44.12589,-19.93116],[-44.12568,-19.9316],[-44.12551,-19.93168],[-44.12505,-19.9329],[-44.12436,-19.93266],[-44.12384,-19.93406],[-44.12318,-19.93452],[-44.1222,-19.93523],[-44.12182,-19.93555],[-44.12279,-19.93734],[-44.12393,-19.93666],[-44.12404,-19.93665],[-44.12412,-19.93669],[-44.12424,-19.93666],[-44.12463,-19.93647],[-44.12518,-19.93631],[-44.12569,-19.93609],[-44.12619,-19.93595],[-44.12638,-19.93588],[-44.12739,-19.93503]]]]}},{"type":"Feature","properties":{"territory_id":"mg-3106705-sao-salvador","name":"São Salvador","municipality_id":"mg-3106705","polling_places":1,"approx":false,"official":true,"method":"official-ibge-cd2022","whole_municipality":false,"approx_coords_only":false,"official_name":"São Salvador","official_code":"3106705085","match":"direct"},"geometry":{"type":"MultiPolygon","coordinates":[[[[-44.22956,-20.02233],[-44.22981,-20.02225],[-44.23182,-20.02208],[-44.23176,-20.02179],[-44.23257,-20.02137],[-44.23442,-20.02089],[-44.23531,-20.02068],[-44.23559,-20.01978],[-44.2354,-20.01879],[-44.23505,-20.01808],[-44.23449,-20.01685],[-44.23326,-20.01723],[-44.23283,-20.01733],[-44.23278,-20.01712],[-44.23229,-20.0172],[-44.23195,-20.01728],[-44.23169,-20.01737],[-44.23154,-20.01745],[-44.23166,-20.01775],[-44.23118,-20.01791],[-44.22997,-20.01825],[-44.22961,-20.01832],[-44.22887,-20.01843],[-44.22837,-20.01859],[-44.22839,-20.01848],[-44.22862,-20.01817],[-44.22881,-20.01802],[-44.2294,-20.01764],[-44.22955,-20.01753],[-44.22968,-20.01741],[-44.22979,-20.01726],[-44.22813,-20.01722],[-44.22777,-20.01715],[-44.22624,-20.01662],[-44.22612,-20.01656],[-44.22603,-20.01649],[-44.22587,-20.01617],[-44.22576,-20.01612],[-44.22564,-20.01611],[-44.2255,-20.0162],[-44.22543,-20.01634],[-44.22532,-20.01648],[-44.22473,-20.01656],[-44.22477,-20.01714],[-44.22475,-20.01747],[-44.22584,-20.01792],[-44.22568,-20.01823],[-44.22572,-20.01822],[-44.2258,-20.01824],[-44.22605,-20.01833],[-44.22614,-20.01839],[-44.22624,-20.01844],[-44.22634,-20.01853],[-44.22642,-20.01867],[-44.22647,-20.01881],[-44.22652,-20.01886],[-44.22661,-20.01888],[-44.22677,-20.01898],[-44.22673,-20.0193],[-44.22649,-20.02038],[-44.2264,-20.02055],[-44.22607,-20.0209],[-44.22676,-20.02277],[-44.22793,-20.02243],[-44.2291,-20.02205],[-44.22926,-20.02242],[-44.22956,-20.02233]]]]}},{"type":"Feature","properties":{"territory_id":"mg-3106705-senhora-das-gracas","name":"Senhora das Graças","municipality_id":"mg-3106705","polling_places":1,"approx":false,"official":true,"method":"official-ibge-cd2022","whole_municipality":false,"approx_coords_only":false,"official_name":"Senhora das Graças","official_code":"3106705036","match":"direct"},"geometry":{"type":"MultiPolygon","coordinates":[[[[-44.19232,-19.94484],[-44.19457,-19.94592],[-44.19619,-19.94634],[-44.19619,-19.94638],[-44.19622,-19.94641],[-44.19634,-19.9464],[-44.19632,-19.94625],[-44.19657,-19.94571],[-44.19727,-19.94441],[-44.19758,-19.94347],[-44.19778,-19.943],[-44.19796,-19.94239],[-44.19803,-19.94233],[-44.19792,-19.94231],[-44.19785,-19.94224],[-44.19782,-19.94216],[-44.19783,-19.94202],[-44.19787,-19.94187],[-44.19791,-19.94181],[-44.19789,-19.94177],[-44.19783,-19.94173],[-44.19723,-19.94063],[-44.19626,-19.93895],[-44.19556,-19.93766],[-44.19533,-19.9373],[-44.1943,-19.93635],[-44.19423,-19.93631],[-44.19403,-19.93622],[-44.19231,-19.93563],[-44.19218,-19.93557],[-44.19138,-19.93492],[-44.1913,-19.93484],[-44.19101,-19.93429],[-44.19078,-19.93414],[-44.19038,-19.93427],[-44.19027,-19.93435],[-44.19016,-19.93453],[-44.18993,-19.93475],[-44.18986,-19.93489],[-44.18988,-19.93509],[-44.18983,-19.93526],[-44.18969,-19.93545],[-44.18967,-19.93571],[-44.18951,-19.93583],[-44.18939,-19.93596],[-44.18919,-19.93621],[-44.18904,-19.93644],[-44.18899,-19.93662],[-44.18896,-19.93704],[-44.18891,-19.93719],[-44.18868,-19.93749],[-44.18849,-19.93789],[-44.18841,-19.93802],[-44.18819,-19.93857],[-44.18796,-19.93898],[-44.18784,-19.93927],[-44.18763,-19.93967],[-44.18767,-19.94],[-44.18695,-19.94061],[-44.18677,-19.94084],[-44.18694,-19.94145],[-44.18697,-19.94168],[-44.18702,-19.94183],[-44.18725,-19.94269],[-44.18729,-19.94295],[-44.18739,-19.94324],[-44.18747,-19.94338],[-44.18772,-19.94449],[-44.1878,-19.94466],[-44.18794,-19.94523],[-44.18801,-19.94541],[-44.18807,-19.9456],[-44.18816,-19.94577],[-44.18829,-19.94591],[-44.18863,-19.94639],[-44.18871,-19.94647],[-44.18884,-19.94636],[-44.19018,-19.9457],[-44.19136,-19.94509],[-44.19156,-19.94501],[-44.19232,-19.94484]]]]}},{"type":"Feature","properties":{"territory_id":"mg-3106705-senhora-de-fatima","name":"Senhora de Fatima","municipality_id":"mg-3106705","polling_places":1,"approx":false,"official":true,"method":"official-ibge-cd2022","whole_municipality":false,"approx_coords_only":false,"official_name":"Senhora de Fátima","official_code":"3106705052","match":"direct"},"geometry":{"type":"MultiPolygon","coordinates":[[[[-44.173,-19.942],[-44.17366,-19.9418],[-44.1741,-19.94164],[-44.17466,-19.94205],[-44.17503,-19.9423],[-44.17543,-19.94153],[-44.17567,-19.94119],[-44.17643,-19.94024],[-44.17653,-19.94015],[-44.17662,-19.9401],[-44.17689,-19.94016],[-44.17697,-19.94012],[-44.17701,-19.94009],[-44.17702,-19.94001],[-44.17699,-19.93992],[-44.17633,-19.93967],[-44.17661,-19.93928],[-44.17753,-19.93812],[-44.17763,-19.93804],[-44.17801,-19.9378],[-44.17794,-19.9376],[-44.17791,-19.93741],[-44.178,-19.93729],[-44.1784,-19.93709],[-44.17854,-19.93694],[-44.1785,-19.93675],[-44.17858,-19.93656],[-44.17842,-19.93645],[-44.17833,-19.93658],[-44.17821,-19.93664],[-44.17806,-19.93658],[-44.17815,-19.93628],[-44.17818,-19.93609],[-44.1781,-19.93588],[-44.17792,-19.93574],[-44.17774,-19.9357],[-44.17761,-19.93582],[-44.17712,-19.93614],[-44.17698,-19.9361],[-44.17698,-19.93597],[-44.17718,-19.93547],[-44.17721,-19.93529],[-44.17732,-19.93493],[-44.17734,-19.93475],[-44.17739,-19.93462],[-44.17744,-19.93437],[-44.17753,-19.93424],[-44.17756,-19.93408],[-44.17732,-19.93388],[-44.17707,-19.93405],[-44.17678,-19.93418],[-44.17397,-19.93516],[-44.17345,-19.93406],[-44.1734,-19.93398],[-44.17321,-19.93379],[-44.17296,-19.93359],[-44.17203,-19.9329],[-44.16896,-19.93872],[-44.16894,-19.93889],[-44.16895,-19.93895],[-44.16911,-19.93932],[-44.16926,-19.93987],[-44.16929,-19.9399],[-44.17037,-19.94283],[-44.1709,-19.94232],[-44.17112,-19.9422],[-44.17133,-19.94215],[-44.17157,-19.94215],[-44.1721,-19.94227],[-44.17234,-19.94221],[-44.173,-19.942]]]]}},{"type":"Feature","properties":{"territory_id":"mg-3106705-vargem-das-flores","name":"Vargem das Flores","municipality_id":"mg-3106705","polling_places":1,"approx":true,"official":false,"method":"voronoi-polling-places","whole_municipality":false,"approx_coords_only":false},"geometry":{"type":"MultiPolygon","coordinates":[[[[-44.19502,-19.90534],[-44.18349,-19.92191],[-44.18115,-19.92224],[-44.16635,-19.92382],[-44.16634,-19.9236],[-44.16541,-19.92365],[-44.16363,-19.92359],[-44.16345,-19.9236],[-44.16319,-19.92363],[-44.16245,-19.92376],[-44.16187,-19.92383],[-44.16167,-19.92388],[-44.15405,-19.92165],[-44.15146,-19.91625],[-44.1545,-19.8949],[-44.19257,-19.88376],[-44.19502,-19.90534]]]]}},{"type":"Feature","properties":{"territory_id":"mg-3106705-vianopolis","name":"Vianopolis","municipality_id":"mg-3106705","polling_places":1,"approx":false,"official":true,"method":"official-ibge-cd2022","whole_municipality":false,"approx_coords_only":false,"official_name":"Vianópolis","official_code":"3106705094","match":"direct"},"geometry":{"type":"MultiPolygon","coordinates":[[[[-44.27363,-19.94867],[-44.27533,-19.94805],[-44.27586,-19.94826],[-44.27647,-19.94871],[-44.27737,-19.94872],[-44.27766,-19.94859],[-44.27854,-19.94798],[-44.27883,-19.94764],[-44.27909,-19.94738],[-44.27935,-19.94702],[-44.27958,-19.94674],[-44.27986,-19.94635],[-44.27987,-19.94623],[-44.27987,-19.94591],[-44.27976,-19.94577],[-44.27956,-19.94537],[-44.27925,-19.94452],[-44.27913,-19.94422],[-44.27902,-19.94405],[-44.27895,-19.94397],[-44.2784,-19.94344],[-44.27827,-19.94328],[-44.2781,-19.94306],[-44.27804,-19.94292],[-44.27797,-19.94264],[-44.27795,-19.9425],[-44.27797,-19.94225],[-44.27814,-19.94136],[-44.27815,-19.94104],[-44.27813,-19.94088],[-44.27807,-19.94071],[-44.27792,-19.94044],[-44.27783,-19.94031],[-44.27767,-19.94016],[-44.27692,-19.93961],[-44.27673,-19.93949],[-44.2765,-19.93938],[-44.27635,-19.93935],[-44.27608,-19.93931],[-44.27589,-19.93931],[-44.27571,-19.93933],[-44.27554,-19.93937],[-44.27534,-19.93944],[-44.27512,-19.93955],[-44.27496,-19.93969],[-44.27418,-19.94066],[-44.27408,-19.93987],[-44.27391,-19.93925],[-44.27384,-19.93837],[-44.27369,-19.93781],[-44.27308,-19.93803],[-44.27272,-19.93826],[-44.27281,-19.93871],[-44.27283,-19.93899],[-44.27291,-19.93922],[-44.27307,-19.93953],[-44.27325,-19.93978],[-44.27337,-19.94012],[-44.27319,-19.94042],[-44.27281,-19.9408],[-44.27199,-19.94083],[-44.27162,-19.94086],[-44.27123,-19.94063],[-44.27109,-19.94092],[-44.27107,-19.94111],[-44.27086,-19.94153],[-44.27061,-19.94168],[-44.27071,-19.94216],[-44.26878,-19.94188],[-44.26834,-19.94183],[-44.26811,-19.94182],[-44.26789,-19.94183],[-44.26768,-19.94188],[-44.26674,-19.94223],[-44.26649,-19.94228],[-44.26611,-19.9423],[-44.26483,-19.94218],[-44.26444,-19.94218],[-44.26431,-19.9422],[-44.26303,-19.94257],[-44.26292,-19.94259],[-44.26266,-19.94259],[-44.26242,-19.94256],[-44.26212,-19.94245],[-44.26192,-19.94236],[-44.26041,-19.94134],[-44.26019,-19.9412],[-44.25967,-19.94095],[-44.25933,-19.94084],[-44.25883,-19.94073],[-44.25851,-19.94069],[-44.25791,-19.94066],[-44.25767,-19.94067],[-44.25631,-19.94083],[-44.25643,-19.9409],[-44.25654,-19.94092],[-44.25699,-19.94093],[-44.25708,-19.94095],[-44.25714,-19.94098],[-44.2572,-19.94103],[-44.25722,-19.94112],[-44.25767,-19.94112],[-44.25811,-19.94117],[-44.25847,-19.94124],[-44.25908,-19.94141],[-44.25949,-19.94156],[-44.25983,-19.94172],[-44.26145,-19.94253],[-44.26169,-19.94261],[-44.26193,-19.94266],[-44.26264,-19.94272],[-44.26639,-19.94287],[-44.2664,-19.9431],[-44.26658,-19.94357],[-44.26662,-19.94384],[-44.26669,-19.94407],[-44.26678,-19.9443],[-44.26694,-19.94444],[-44.26718,-19.94474],[-44.26726,-19.94495],[-44.26725,-19.94518],[-44.26716,-19.94539],[-44.26705,-19.94556],[-44.26696,-19.94575],[-44.26691,-19.94592],[-44.2669,-19.94614],[-44.26692,-19.94636],[-44.26691,-19.94661],[-44.26686,-19.94687],[-44.26687,-19.94721],[-44.26679,-19.94741],[-44.26668,-19.94803],[-44.26678,-19.94816],[-44.26698,-19.94865],[-44.26703,-19.9487],[-44.2671,-19.94873],[-44.26735,-19.94868],[-44.26738,-19.9487],[-44.26735,-19.94888],[-44.26782,-19.94909],[-44.26819,-19.94936],[-44.2685,-19.94962],[-44.26879,-19.94994],[-44.26904,-19.95018],[-44.26909,-19.95038],[-44.26924,-19.95074],[-44.26939,-19.95082],[-44.26935,-19.95093],[-44.26929,-19.95121],[-44.26929,-19.95143],[-44.26938,-19.95171],[-44.2696,-19.95219],[-44.27024,-19.9519],[-44.27245,-19.95104],[-44.27399,-19.95048],[-44.27431,-19.95035],[-44.27491,-19.95004],[-44.27533,-19.94976],[-44.27393,-19.94903],[-44.27363,-19.94867]]]]}},{"type":"Feature","properties":{"territory_id":"mg-3106705-vila-cristina","name":"Vila Cristina","municipality_id":"mg-3106705","polling_places":3,"approx":true,"official":false,"method":"voronoi-polling-places","whole_municipality":false,"approx_coords_only":false},"geometry":{"type":"MultiPolygon","coordinates":[[[[-44.15427,-19.9278],[-44.15277,-19.92843],[-44.14872,-19.93015],[-44.14818,-19.93034],[-44.1479,-19.93041],[-44.14764,-19.93045],[-44.14742,-19.93045],[-44.1471,-19.93044],[-44.14675,-19.93041],[-44.1465,-19.93035],[-44.14626,-19.93026],[-44.14593,-19.93011],[-44.14565,-19.92993],[-44.14541,-19.92971],[-44.14513,-19.92937],[-44.14504,-19.92924],[-44.14445,-19.92817],[-44.14418,-19.92781],[-44.14375,-19.92734],[-44.14331,-19.92699],[-44.14302,-19.92679],[-44.14259,-19.92659],[-44.14233,-19.92649],[-44.14208,-19.92642],[-44.14199,-19.9264],[-44.14012,-19.92642],[-44.13663,-19.9265],[-44.13203,-19.92659],[-44.13167,-19.92661],[-44.13198,-19.92673],[-44.13229,-19.92687],[-44.13268,-19.9271],[-44.13288,-19.92726],[-44.13318,-19.92754],[-44.13386,-19.92828],[-44.13404,-19.92843],[-44.13448,-19.92877],[-44.13477,-19.92895],[-44.13526,-19.9292],[-44.1359,-19.92942],[-44.13617,-19.92942],[-44.13662,-19.92949],[-44.13776,-19.92979],[-44.13954,-19.93012],[-44.13984,-19.93019],[-44.14024,-19.93031],[-44.14077,-19.93057],[-44.14118,-19.9308],[-44.14148,-19.93102],[-44.14182,-19.93136],[-44.14214,-19.93176],[-44.14238,-19.93209],[-44.14264,-19.93273],[-44.14279,-19.93318],[-44.14286,-19.93354],[-44.14319,-19.93481],[-44.14357,-19.93646],[-44.14364,-19.93662],[-44.14371,-19.93703],[-44.14403,-19.93827],[-44.14425,-19.93894],[-44.14451,-19.93935],[-44.14466,-19.93955],[-44.14478,-19.93967],[-44.14502,-19.93985],[-44.14581,-19.94032],[-44.14601,-19.94047],[-44.14621,-19.9406],[-44.14644,-19.94071],[-44.1468,-19.94097],[-44.14719,-19.94146],[-44.14742,-19.9419],[-44.14753,-19.94235],[-44.14754,-19.94264],[-44.14752,-19.94317],[-44.14746,-19.94394],[-44.14746,-19.94429],[-44.14743,-19.94452],[-44.14753,-19.94504],[-44.1476,-19.94526],[-44.14803,-19.94601],[-44.14816,-19.94615],[-44.1482,-19.94619],[-44.14628,-19.94912],[-44.14182,-19.94938],[-44.14177,-19.9493],[-44.14162,-19.94913],[-44.14121,-19.94872],[-44.14097,-19.94852],[-44.14088,-19.94841],[-44.14075,-19.94819],[-44.14062,-19.94785],[-44.14047,-19.94763],[-44.1403,-19.94724],[-44.14021,-19.94711],[-44.14019,-19.94696],[-44.14033,-19.9467],[-44.14038,-19.94649],[-44.14026,-19.94622],[-44.14026,-19.94586],[-44.14021,-19.94564],[-44.14024,-19.94548],[-44.14033,-19.94537],[-44.14033,-19.94523],[-44.14023,-19.94509],[-44.14015,-19.94491],[-44.13993,-19.9449],[-44.13975,-19.94485],[-44.13949,-19.94479],[-44.13936,-19.94468],[-44.13921,-19.94448],[-44.13917,-19.94433],[-44.13905,-19.94422],[-44.13889,-19.94391],[-44.13871,-19.9438],[-44.13855,-19.94372],[-44.13845,-19.94349],[-44.13845,-19.94332],[-44.13814,-19.94243],[-44.13791,-19.94224],[-44.13753,-19.94216],[-44.13696,-19.94192],[-44.13645,-19.94159],[-44.13608,-19.9415],[-44.13584,-19.94135],[-44.13577,-19.94111],[-44.13452,-19.94134],[-44.13443,-19.94129],[-44.13426,-19.94126],[-44.13412,-19.94126],[-44.13394,-19.94129],[-44.13334,-19.94385],[-44.13249,-19.94385],[-44.1323,-19.94342],[-44.1266,-19.93953],[-44.12728,-19.93925],[-44.12753,-19.93913],[-44.12798,-19.93891],[-44.13066,-19.9371],[-44.13088,-19.93706],[-44.13079,-19.93521],[-44.13074,-19.93362],[-44.13083,-19.93355],[-44.13259,-19.93346],[-44.13278,-19.93338],[-44.13289,-19.93325],[-44.13281,-19.93257],[-44.13285,-19.93229],[-44.13283,-19.93215],[-44.13278,-19.93202],[-44.13255,-19.93166],[-44.13195,-19.93077],[-44.13182,-19.93049],[-44.1317,-19.93017],[-44.13166,-19.92991],[-44.13164,-19.92946],[-44.13166,-19.92924],[-44.13176,-19.92893],[-44.13181,-19.9287],[-44.13182,-19.92861],[-44.1318,-19.92826],[-44.13171,-19.92784],[-44.1315,-19.9271],[-44.13138,-19.92657],[-44.12979,-19.92659],[-44.12935,-19.92671],[-44.12923,-19.92685],[-44.12948,-19.92746],[-44.12733,-19.92678],[-44.12751,-19.92698],[-44.12742,-19.92729],[-44.12719,-19.92737],[-44.12734,-19.92755],[-44.12717,-19.92789],[-44.12696,-19.92801],[-44.12702,-19.92816],[-44.12691,-19.92851],[-44.12674,-19.92858],[-44.1268,-19.92877],[-44.12667,-19.9291],[-44.12652,-19.92917],[-44.12657,-19.92933],[-44.12644,-19.92974],[-44.12627,-19.92981],[-44.12636,-19.92996],[-44.12622,-19.9304],[-44.12605,-19.93047],[-44.12612,-19.93061],[-44.12597,-19.93096],[-44.12581,-19.93099],[-44.12589,-19.93116],[-44.12568,-19.9316],[-44.12551,-19.93168],[-44.12505,-19.9329],[-44.12436,-19.93266],[-44.12384,-19.93406],[-44.12318,-19.93452],[-44.1222,-19.93523],[-44.12182,-19.93555],[-44.12147,-19.93521],[-44.121,-19.93496],[-44.12083,-19.93489],[-44.12052,-19.93482],[-44.12038,-19.93481],[-44.11989,-19.93484],[-44.11977,-19.93487],[-44.11821,-19.9338],[-44.11087,-19.92749],[-44.1508,-19.9209],[-44.15146,-19.91625],[-44.15405,-19.92165],[-44.15427,-19.9278]]],[[[-44.13907,-19.94953],[-44.13884,-19.94955],[-44.13763,-19.94933],[-44.13837,-19.94887],[-44.1385,-19.94907],[-44.13884,-19.94938],[-44.13907,-19.94953]]],[[[-44.12897,-19.93414],[-44.12805,-19.93459],[-44.12854,-19.93434],[-44.12897,-19.93414]]]]}},{"type":"Feature","properties":{"territory_id":"mg-3106705-vila-recreio-terezopolis","name":"Vila Recreio - Terezopolis","municipality_id":"mg-3106705","polling_places":1,"approx":true,"official":false,"method":"voronoi-polling-places","whole_municipality":false,"approx_coords_only":false},"geometry":{"type":"MultiPolygon","coordinates":[[[[-44.13071,-19.95524],[-44.12913,-19.96226],[-44.12911,-19.96227],[-44.12887,-19.96244],[-44.12874,-19.96256],[-44.12871,-19.96265],[-44.1287,-19.96276],[-44.1288,-19.9629],[-44.12892,-19.96319],[-44.12506,-19.98039],[-44.12465,-19.98019],[-44.12451,-19.98004],[-44.12441,-19.97989],[-44.12419,-19.97945],[-44.124,-19.979],[-44.1238,-19.97873],[-44.1236,-19.97854],[-44.12345,-19.97825],[-44.12332,-19.97787],[-44.12315,-19.97755],[-44.12285,-19.97706],[-44.12247,-19.97633],[-44.12232,-19.97616],[-44.12209,-19.97604],[-44.12192,-19.97603],[-44.12172,-19.97605],[-44.12129,-19.97618],[-44.1209,-19.97625],[-44.12056,-19.97627],[-44.12042,-19.97631],[-44.12028,-19.97649],[-44.12002,-19.97711],[-44.11972,-19.97776],[-44.1196,-19.97782],[-44.11922,-19.97783],[-44.11911,-19.9779],[-44.11875,-19.97839],[-44.11845,-19.97874],[-44.11814,-19.97904],[-44.1179,-19.97912],[-44.11766,-19.97914],[-44.11707,-19.97912],[-44.11695,-19.97914],[-44.11586,-19.97855],[-44.11547,-19.97836],[-44.11489,-19.97849],[-44.1126,-19.97986],[-44.11181,-19.98063],[-44.11115,-19.98143],[-44.11092,-19.98209],[-44.11093,-19.9831],[-44.11123,-19.98524],[-44.11016,-19.98517],[-44.10891,-19.98639],[-44.10873,-19.98682],[-44.10905,-19.98708],[-44.10931,-19.9866],[-44.10935,-19.98656],[-44.10944,-19.98654],[-44.10958,-19.9867],[-44.10961,-19.98681],[-44.10993,-19.98697],[-44.11005,-19.98708],[-44.11025,-19.98738],[-44.11028,-19.98745],[-44.11094,-19.9879],[-44.11077,-19.9882],[-44.11154,-19.98824],[-44.11153,-19.98888],[-44.11173,-19.98897],[-44.11169,-19.98939],[-44.11153,-19.98952],[-44.11169,-19.98962],[-44.11168,-19.99006],[-44.1115,-19.99016],[-44.11163,-19.99026],[-44.11161,-19.99071],[-44.11146,-19.99084],[-44.11087,-19.9909],[-44.11072,-19.99093],[-44.11043,-19.99119],[-44.11051,-19.99132],[-44.11038,-19.99162],[-44.11038,-19.99185],[-44.11057,-19.99219],[-44.11092,-19.99265],[-44.11132,-19.99261],[-44.11125,-19.99287],[-44.11216,-19.99405],[-44.11248,-19.99415],[-44.11226,-19.99495],[-44.11195,-19.99565],[-44.11182,-19.99549],[-44.11153,-19.99548],[-44.11139,-19.9955],[-44.11149,-19.99563],[-44.11123,-19.99582],[-44.11131,-19.99592],[-44.11095,-19.99635],[-44.11091,-19.99647],[-44.11094,-19.99662],[-44.11099,-19.99674],[-44.11112,-19.99702],[-44.11123,-19.99717],[-44.11144,-19.9976],[-44.11148,-19.99784],[-44.1116,-19.99805],[-44.11168,-19.99831],[-44.11177,-19.99843],[-44.11183,-19.99862],[-44.11194,-19.99874],[-44.11202,-19.99888],[-44.11207,-19.99903],[-44.11204,-19.9991],[-44.11192,-19.99921],[-44.11173,-19.99933],[-44.11151,-19.99942],[-44.11132,-19.99954],[-44.11112,-19.99971],[-44.11099,-19.99989],[-44.1109,-20.00028],[-44.11092,-20.0005],[-44.0788,-19.97021],[-44.12215,-19.95246],[-44.12322,-19.95212],[-44.13071,-19.95524]]],[[[-44.11961,-20.00465],[-44.11577,-20.02176],[-44.1122,-20.0017],[-44.11215,-20.00165],[-44.11224,-20.00167],[-44.11327,-20.00169],[-44.11343,-20.00171],[-44.11375,-20.00169],[-44.11404,-20.00163],[-44.1141,-20.00155],[-44.11491,-20.00155],[-44.11527,-20.00164],[-44.11587,-20.00182],[-44.11611,-20.00199],[-44.11624,-20.00245],[-44.11654,-20.00253],[-44.11717,-20.00312],[-44.11729,-20.0037],[-44.11768,-20.00398],[-44.11804,-20.00428],[-44.11877,-20.00463],[-44.11915,-20.00475],[-44.11941,-20.00453],[-44.11961,-20.00465]]]]}},{"type":"Feature","properties":{"territory_id":"mg-3106705-vila-universal","name":"Vila Universal","municipality_id":"mg-3106705","polling_places":2,"approx":false,"official":true,"method":"official-ibge-cd2022","whole_municipality":false,"approx_coords_only":false,"official_name":"Vila Universal","official_code":"3106705112","match":"direct"},"geometry":{"type":"MultiPolygon","coordinates":[[[[-44.10621,-19.93218],[-44.10552,-19.93206],[-44.10565,-19.93242],[-44.10523,-19.93357],[-44.1048,-19.93454],[-44.10467,-19.93542],[-44.10617,-19.93531],[-44.10609,-19.93573],[-44.10648,-19.93573],[-44.10897,-19.93529],[-44.10922,-19.93519],[-44.10902,-19.93496],[-44.11136,-19.93371],[-44.11112,-19.93362],[-44.11092,-19.93331],[-44.11099,-19.93315],[-44.11051,-19.93286],[-44.10991,-19.93206],[-44.10989,-19.93168],[-44.10976,-19.93154],[-44.10922,-19.93139],[-44.10932,-19.93093],[-44.10911,-19.93086],[-44.10897,-19.93046],[-44.10886,-19.93002],[-44.10888,-19.92987],[-44.10869,-19.9296],[-44.10867,-19.92899],[-44.10862,-19.92848],[-44.10867,-19.92839],[-44.10856,-19.92817],[-44.10837,-19.9279],[-44.10822,-19.92775],[-44.10792,-19.92754],[-44.10746,-19.92732],[-44.1071,-19.92725],[-44.10686,-19.92724],[-44.10659,-19.92726],[-44.10604,-19.92744],[-44.10361,-19.92866],[-44.1046,-19.9289],[-44.10471,-19.92917],[-44.1054,-19.93053],[-44.10621,-19.93218]]]]}}]}