{"type":"FeatureCollection","features":[{"type":"Feature","properties":{"territory_id":"mg-3106200-aarao-reis","name":"Aarão Reis","municipality_id":"mg-3106200","polling_places":1,"approx":false,"official":true,"method":"official-ibge-cd2022","whole_municipality":false,"approx_coords_only":false,"official_name":"Aarão Reis","official_code":"3106200422","match":"direct"},"geometry":{"type":"MultiPolygon","coordinates":[[[[-43.92073,-19.84803],[-43.92128,-19.84743],[-43.92152,-19.84721],[-43.92176,-19.84704],[-43.92209,-19.84687],[-43.92244,-19.84674],[-43.92263,-19.8467],[-43.92335,-19.8466],[-43.92412,-19.84641],[-43.92446,-19.84636],[-43.92472,-19.84645],[-43.92532,-19.84661],[-43.92556,-19.84673],[-43.92587,-19.84679],[-43.92612,-19.84692],[-43.92653,-19.84704],[-43.92695,-19.84724],[-43.92751,-19.84748],[-43.92755,-19.84761],[-43.9276,-19.84755],[-43.92816,-19.84767],[-43.92835,-19.84765],[-43.92871,-19.84764],[-43.92929,-19.84545],[-43.92867,-19.84479],[-43.92831,-19.84449],[-43.92625,-19.84429],[-43.92605,-19.84429],[-43.92553,-19.84423],[-43.92434,-19.84414],[-43.924,-19.84418],[-43.92361,-19.84429],[-43.92334,-19.84438],[-43.92296,-19.84458],[-43.92209,-19.84509],[-43.92116,-19.84554],[-43.91905,-19.8468],[-43.91883,-19.84657],[-43.91872,-19.84637],[-43.91864,-19.84615],[-43.91852,-19.84619],[-43.91802,-19.84616],[-43.91795,-19.84619],[-43.91753,-19.84723],[-43.91746,-19.84732],[-43.91732,-19.84734],[-43.91717,-19.84759],[-43.91776,-19.84801],[-43.91816,-19.84825],[-43.91859,-19.84853],[-43.91939,-19.8492],[-43.91979,-19.84959],[-43.92018,-19.85022],[-43.92027,-19.84989],[-43.92026,-19.84945],[-43.92086,-19.84944],[-43.92126,-19.8494],[-43.9211,-19.84883],[-43.92096,-19.84843],[-43.9208,-19.84812],[-43.92073,-19.84803]]]]}},{"type":"Feature","properties":{"territory_id":"mg-3106200-acaiaca","name":"Acaiaca","municipality_id":"mg-3106200","polling_places":1,"approx":false,"official":true,"method":"official-ibge-cd2022","whole_municipality":false,"approx_coords_only":false,"official_name":"Acaiaca","official_code":"3106200404","match":"direct"},"geometry":{"type":"MultiPolygon","coordinates":[[[[-43.89663,-19.84714],[-43.89702,-19.84737],[-43.89716,-19.84714],[-43.89767,-19.84649],[-43.8981,-19.84587],[-43.89891,-19.84688],[-43.89925,-19.84705],[-43.89923,-19.84677],[-43.89916,-19.84647],[-43.89902,-19.84603],[-43.89883,-19.84559],[-43.89758,-19.84402],[-43.89705,-19.84421],[-43.89688,-19.8441],[-43.89692,-19.84338],[-43.89691,-19.84319],[-43.89492,-19.84215],[-43.89441,-19.84191],[-43.89397,-19.84167],[-43.89358,-19.84145],[-43.89339,-19.84131],[-43.89188,-19.84225],[-43.89098,-19.84276],[-43.8908,-19.84287],[-43.8908,-19.84293],[-43.89088,-19.843],[-43.891,-19.84318],[-43.89109,-19.84344],[-43.8911,-19.84358],[-43.89109,-19.84404],[-43.89145,-19.84466],[-43.89155,-19.84489],[-43.89159,-19.84506],[-43.89165,-19.8452],[-43.89177,-19.84517],[-43.89184,-19.8455],[-43.89196,-19.84563],[-43.89215,-19.84574],[-43.89247,-19.84587],[-43.89208,-19.84735],[-43.89239,-19.84743],[-43.89356,-19.84757],[-43.89379,-19.84768],[-43.89399,-19.84781],[-43.89414,-19.84783],[-43.89437,-19.84778],[-43.89481,-19.84756],[-43.89508,-19.8475],[-43.89542,-19.84768],[-43.89615,-19.84764],[-43.89642,-19.84778],[-43.89657,-19.84734],[-43.89663,-19.84714]]]]}},{"type":"Feature","properties":{"territory_id":"mg-3106200-aeroporto","name":"Aeroporto","municipality_id":"mg-3106200","polling_places":1,"approx":false,"official":true,"method":"official-ibge-cd2022","whole_municipality":false,"approx_coords_only":false,"official_name":"Aeroporto","official_code":"3106200257","match":"direct"},"geometry":{"type":"MultiPolygon","coordinates":[[[[-43.95607,-19.85649],[-43.95688,-19.8573],[-43.95731,-19.8577],[-43.95738,-19.85838],[-43.95864,-19.85789],[-43.95956,-19.85898],[-43.95968,-19.85861],[-43.96019,-19.85725],[-43.95947,-19.85703],[-43.95945,-19.85682],[-43.95937,-19.85664],[-43.95926,-19.85642],[-43.9589,-19.85662],[-43.95905,-19.85687],[-43.95877,-19.85704],[-43.9586,-19.85713],[-43.95843,-19.85689],[-43.95855,-19.85683],[-43.95838,-19.8566],[-43.95787,-19.85693],[-43.95773,-19.85673],[-43.958,-19.85658],[-43.958,-19.8565],[-43.95803,-19.85647],[-43.95803,-19.8564],[-43.95798,-19.85633],[-43.95847,-19.85608],[-43.9585,-19.85614],[-43.95888,-19.85588],[-43.9579,-19.85451],[-43.95724,-19.85354],[-43.95673,-19.8531],[-43.95611,-19.85278],[-43.95611,-19.85269],[-43.95608,-19.85263],[-43.95719,-19.85117],[-43.95739,-19.85099],[-43.95754,-19.85098],[-43.9581,-19.85116],[-43.963,-19.85015],[-43.96466,-19.84975],[-43.96521,-19.8497],[-43.96596,-19.84904],[-43.96664,-19.8486],[-43.96716,-19.84508],[-43.96612,-19.84515],[-43.9661,-19.84475],[-43.96566,-19.84407],[-43.96545,-19.84397],[-43.9649,-19.84414],[-43.96197,-19.84478],[-43.95689,-19.84586],[-43.95579,-19.8461],[-43.95539,-19.8462],[-43.9544,-19.84641],[-43.9526,-19.84683],[-43.95182,-19.84703],[-43.95116,-19.84716],[-43.9507,-19.84728],[-43.95052,-19.84729],[-43.95047,-19.84726],[-43.94771,-19.84789],[-43.94763,-19.84789],[-43.94747,-19.84795],[-43.94406,-19.84878],[-43.94401,-19.84881],[-43.94339,-19.84942],[-43.94323,-19.84963],[-43.94284,-19.84997],[-43.94199,-19.85079],[-43.93872,-19.85199],[-43.93741,-19.85244],[-43.93598,-19.85301],[-43.9363,-19.85386],[-43.93638,-19.85417],[-43.93638,-19.85423],[-43.9365,-19.85455],[-43.93787,-19.85795],[-43.93881,-19.8576],[-43.93866,-19.8572],[-43.93929,-19.85694],[-43.93948,-19.85734],[-43.93985,-19.85719],[-43.93971,-19.85685],[-43.93992,-19.85675],[-43.94011,-19.85714],[-43.94405,-19.85573],[-43.94399,-19.85557],[-43.94528,-19.85524],[-43.94772,-19.85433],[-43.9483,-19.85475],[-43.94873,-19.85465],[-43.94893,-19.85455],[-43.95031,-19.85398],[-43.95155,-19.85324],[-43.95219,-19.8528],[-43.95243,-19.85366],[-43.95263,-19.85417],[-43.95304,-19.85474],[-43.95337,-19.85493],[-43.95386,-19.85519],[-43.95394,-19.85521],[-43.95481,-19.85567],[-43.95552,-19.85599],[-43.95607,-19.85649]]]]}},{"type":"Feature","properties":{"territory_id":"mg-3106200-alipio-de-melo","name":"Alípio de Melo","municipality_id":"mg-3106200","polling_places":4,"approx":false,"official":true,"method":"official-ibge-cd2022","whole_municipality":false,"approx_coords_only":false,"official_name":"Alípio de Melo","official_code":"3106200191","match":"direct"},"geometry":{"type":"MultiPolygon","coordinates":[[[[-44.0036,-19.90305],[-44.00407,-19.90212],[-44.00571,-19.8987],[-44.00583,-19.8985],[-44.00595,-19.89822],[-44.00624,-19.89791],[-44.00654,-19.89772],[-44.00764,-19.89728],[-44.00812,-19.89689],[-44.00827,-19.89647],[-44.00834,-19.89617],[-44.0087,-19.89451],[-44.0089,-19.89372],[-44.00838,-19.89329],[-44.00803,-19.89286],[-44.00783,-19.89244],[-44.00767,-19.89114],[-44.00739,-19.88978],[-44.00643,-19.88544],[-44.00602,-19.88567],[-44.00547,-19.88617],[-44.00482,-19.88673],[-44.00245,-19.88878],[-44.00207,-19.88909],[-44.00129,-19.88978],[-43.99987,-19.89099],[-43.99977,-19.89105],[-43.99874,-19.89152],[-43.99913,-19.8923],[-43.99924,-19.89249],[-43.99955,-19.89309],[-43.99963,-19.89328],[-43.99998,-19.89449],[-44,-19.89458],[-44.00011,-19.8949],[-44.00088,-19.89739],[-44.00099,-19.89754],[-44.00115,-19.89771],[-44.00129,-19.89779],[-44.00207,-19.89815],[-44.00178,-19.89899],[-44.00138,-19.89909],[-44.00006,-19.8995],[-43.99978,-19.9016],[-44.00151,-19.90325],[-44.00201,-19.90375],[-44.0023,-19.904],[-44.00207,-19.90449],[-44.00257,-19.90432],[-44.00283,-19.90418],[-44.00309,-19.90398],[-44.00324,-19.90378],[-44.00338,-19.90355],[-44.00355,-19.90318],[-44.0036,-19.90305]]]]}},{"type":"Feature","properties":{"territory_id":"mg-3106200-alto-caicaras","name":"Alto Caiçaras","municipality_id":"mg-3106200","polling_places":2,"approx":false,"official":true,"method":"official-ibge-cd2022","whole_municipality":false,"approx_coords_only":false,"official_name":"Alto Caiçaras","official_code":"3106200192","match":"direct"},"geometry":{"type":"MultiPolygon","coordinates":[[[[-43.97201,-19.90178],[-43.97267,-19.90184],[-43.97356,-19.90187],[-43.97361,-19.90193],[-43.97384,-19.90193],[-43.97475,-19.90202],[-43.97499,-19.90185],[-43.97535,-19.90234],[-43.9755,-19.90234],[-43.97556,-19.90224],[-43.97673,-19.90142],[-43.9781,-19.90074],[-43.97881,-19.90037],[-43.97883,-19.90025],[-43.97879,-19.90014],[-43.97862,-19.8998],[-43.97999,-19.89898],[-43.9802,-19.89911],[-43.98024,-19.90019],[-43.98038,-19.89999],[-43.98063,-19.89995],[-43.98096,-19.89995],[-43.98143,-19.89992],[-43.98154,-19.89978],[-43.98144,-19.89917],[-43.98168,-19.89897],[-43.98044,-19.89663],[-43.9792,-19.89457],[-43.97921,-19.89456],[-43.97883,-19.89392],[-43.97795,-19.89302],[-43.97692,-19.89234],[-43.97647,-19.89213],[-43.9759,-19.89183],[-43.97551,-19.89193],[-43.97444,-19.8919],[-43.97394,-19.89181],[-43.97354,-19.89169],[-43.97242,-19.89122],[-43.97188,-19.89204],[-43.97169,-19.89226],[-43.97151,-19.8926],[-43.97132,-19.89313],[-43.9713,-19.89338],[-43.97144,-19.89477],[-43.97148,-19.89499],[-43.97164,-19.89544],[-43.97162,-19.89555],[-43.97159,-19.89564],[-43.97113,-19.89626],[-43.9706,-19.89691],[-43.96904,-19.89822],[-43.96875,-19.89957],[-43.96879,-19.89967],[-43.96871,-19.89975],[-43.96823,-19.90007],[-43.96996,-19.90126],[-43.97013,-19.90144],[-43.97183,-19.90393],[-43.97196,-19.90401],[-43.97199,-19.90295],[-43.97201,-19.90178]]]]}},{"type":"Feature","properties":{"territory_id":"mg-3106200-alto-dos-pinheiros","name":"Alto dos Pinheiros","municipality_id":"mg-3106200","polling_places":2,"approx":false,"official":true,"method":"official-ibge-cd2022","whole_municipality":false,"approx_coords_only":false,"official_name":"Alto dos Pinheiros","official_code":"3106200193","match":"direct"},"geometry":{"type":"MultiPolygon","coordinates":[[[[-43.99989,-19.93136],[-43.99926,-19.9318],[-43.99905,-19.93191],[-43.99861,-19.9322],[-43.99778,-19.93278],[-43.99908,-19.93307],[-43.99923,-19.93308],[-44.00038,-19.93333],[-44.00046,-19.9335],[-44.00035,-19.93398],[-44.00173,-19.93427],[-44.00188,-19.93358],[-44.00322,-19.93311],[-44.00333,-19.93311],[-44.00408,-19.93334],[-44.00462,-19.93358],[-44.00458,-19.934],[-44.0046,-19.9344],[-44.00558,-19.93347],[-44.00601,-19.93318],[-44.0065,-19.93296],[-44.0069,-19.93283],[-44.00729,-19.93278],[-44.00743,-19.93277],[-44.00736,-19.93105],[-44.00731,-19.93042],[-44.00713,-19.92961],[-44.00685,-19.92869],[-44.00624,-19.92691],[-44.00607,-19.92636],[-44.00524,-19.92639],[-44.00477,-19.92625],[-44.00492,-19.9265],[-44.00428,-19.92693],[-44.00466,-19.92743],[-44.00503,-19.92795],[-44.00243,-19.92966],[-44.00181,-19.93009],[-44.00053,-19.93094],[-43.99989,-19.93136]]]]}},{"type":"Feature","properties":{"territory_id":"mg-3106200-anchieta","name":"Anchieta","municipality_id":"mg-3106200","polling_places":1,"approx":false,"official":true,"method":"official-ibge-cd2022","whole_municipality":false,"approx_coords_only":false,"official_name":"Anchieta","official_code":"3106200120","match":"direct"},"geometry":{"type":"MultiPolygon","coordinates":[[[[-43.92766,-19.95406],[-43.92896,-19.95385],[-43.92914,-19.9539],[-43.92953,-19.95296],[-43.93145,-19.94817],[-43.93027,-19.94395],[-43.92997,-19.94436],[-43.92975,-19.94437],[-43.9293,-19.94443],[-43.92895,-19.94453],[-43.92844,-19.94481],[-43.9284,-19.94488],[-43.92839,-19.94494],[-43.92721,-19.94548],[-43.92701,-19.94578],[-43.92682,-19.94596],[-43.92658,-19.94609],[-43.92591,-19.94637],[-43.92562,-19.94653],[-43.92534,-19.94673],[-43.92489,-19.94718],[-43.9247,-19.94752],[-43.92372,-19.94834],[-43.92306,-19.94895],[-43.92266,-19.94856],[-43.92264,-19.94874],[-43.9226,-19.94944],[-43.92245,-19.94925],[-43.92236,-19.94917],[-43.92228,-19.94913],[-43.92215,-19.94911],[-43.92146,-19.94915],[-43.92133,-19.9492],[-43.92121,-19.94929],[-43.92105,-19.94959],[-43.92134,-19.94974],[-43.92163,-19.94987],[-43.92183,-19.95],[-43.922,-19.95013],[-43.92217,-19.95037],[-43.92222,-19.95049],[-43.92227,-19.95085],[-43.92225,-19.95135],[-43.92224,-19.95151],[-43.92226,-19.95163],[-43.92242,-19.952],[-43.92253,-19.95218],[-43.92277,-19.95237],[-43.92307,-19.9525],[-43.92318,-19.95253],[-43.92396,-19.95266],[-43.92443,-19.9529],[-43.92606,-19.9539],[-43.92625,-19.95403],[-43.92652,-19.95411],[-43.92683,-19.95417],[-43.92739,-19.95412],[-43.92766,-19.95406]]]]}},{"type":"Feature","properties":{"territory_id":"mg-3106200-aparecida","name":"Aparecida","municipality_id":"mg-3106200","polling_places":4,"approx":false,"official":true,"method":"official-ibge-cd2022","whole_municipality":false,"approx_coords_only":false,"official_name":"Aparecida","official_code":"3106200195","match":"direct"},"geometry":{"type":"MultiPolygon","coordinates":[[[[-43.95098,-19.90021],[-43.9511,-19.90025],[-43.95123,-19.90024],[-43.9515,-19.90004],[-43.95162,-19.89999],[-43.95164,-19.89992],[-43.95223,-19.89937],[-43.95227,-19.8993],[-43.95232,-19.89917],[-43.95245,-19.89913],[-43.95257,-19.89907],[-43.95313,-19.89848],[-43.95316,-19.89767],[-43.9528,-19.89765],[-43.95242,-19.89764],[-43.95099,-19.89755],[-43.95091,-19.89664],[-43.95102,-19.8962],[-43.95167,-19.89324],[-43.95345,-19.89402],[-43.95338,-19.89496],[-43.95406,-19.89502],[-43.95779,-19.8957],[-43.95726,-19.89819],[-43.95763,-19.89826],[-43.95816,-19.89771],[-43.95831,-19.89758],[-43.95868,-19.89716],[-43.95879,-19.89693],[-43.95891,-19.89654],[-43.95916,-19.89533],[-43.95972,-19.89421],[-43.95985,-19.89411],[-43.95957,-19.89364],[-43.95927,-19.89328],[-43.95843,-19.89249],[-43.95798,-19.89205],[-43.95774,-19.89175],[-43.9567,-19.89026],[-43.95646,-19.88989],[-43.95578,-19.88902],[-43.95555,-19.8888],[-43.95542,-19.88863],[-43.95412,-19.8876],[-43.95369,-19.88761],[-43.95286,-19.88759],[-43.95267,-19.88754],[-43.9525,-19.88745],[-43.95218,-19.88718],[-43.95208,-19.88714],[-43.95184,-19.8871],[-43.95146,-19.88712],[-43.95117,-19.88718],[-43.95083,-19.88766],[-43.95,-19.88885],[-43.94986,-19.88913],[-43.94973,-19.8895],[-43.9497,-19.88962],[-43.94963,-19.89021],[-43.94963,-19.89046],[-43.94966,-19.8907],[-43.94994,-19.8919],[-43.94999,-19.89217],[-43.95002,-19.89243],[-43.95003,-19.89264],[-43.95,-19.89298],[-43.94996,-19.89331],[-43.94986,-19.89365],[-43.94911,-19.89579],[-43.94886,-19.89643],[-43.94852,-19.89699],[-43.94831,-19.89726],[-43.9475,-19.89817],[-43.94721,-19.89857],[-43.94702,-19.89887],[-43.94615,-19.9005],[-43.9482,-19.90128],[-43.94833,-19.901],[-43.9483,-19.90098],[-43.94824,-19.90086],[-43.94808,-19.90081],[-43.94806,-19.90074],[-43.94732,-19.9005],[-43.94739,-19.90012],[-43.94708,-19.90003],[-43.94725,-19.89969],[-43.94742,-19.89951],[-43.94868,-19.90026],[-43.95053,-19.9014],[-43.95053,-19.9013],[-43.95035,-19.90023],[-43.95079,-19.90024],[-43.95098,-19.90021]]]]}},{"type":"Feature","properties":{"territory_id":"mg-3106200-bandeirantes-pampulha","name":"Bandeirantes (pampulha)","municipality_id":"mg-3106200","polling_places":1,"approx":true,"official":false,"method":"voronoi-polling-places","whole_municipality":false,"approx_coords_only":false},"geometry":{"type":"MultiPolygon","coordinates":[[[[-44.0168,-19.8308],[-44.01617,-19.83257],[-44.01546,-19.83169],[-44.01542,-19.83176],[-44.01533,-19.8318],[-44.01506,-19.83176],[-44.01453,-19.8316],[-44.01429,-19.83149],[-44.0138,-19.83115],[-44.01307,-19.83061],[-44.0123,-19.82982],[-44.013,-19.82828],[-44.01442,-19.82801],[-44.0168,-19.8308]]],[[[-44.01367,-19.83949],[-44.01337,-19.8399],[-44.01352,-19.83999],[-44.0087,-19.8535],[-44.01102,-19.85987],[-44.00732,-19.86522],[-44.00252,-19.86466],[-43.98464,-19.85406],[-43.98472,-19.84715],[-43.985,-19.84693],[-43.9856,-19.84654],[-43.9865,-19.84533],[-43.98675,-19.84492],[-43.987,-19.84459],[-43.98736,-19.84418],[-43.98835,-19.8435],[-43.98979,-19.84257],[-43.98976,-19.84253],[-43.98974,-19.84246],[-43.98976,-19.84239],[-43.98833,-19.84139],[-43.98898,-19.84184],[-43.98941,-19.8406],[-43.99339,-19.83827],[-43.99393,-19.83854],[-43.99411,-19.83837],[-43.99433,-19.83825],[-43.99452,-19.83822],[-43.99474,-19.83826],[-43.99499,-19.83733],[-44.00438,-19.83183],[-44.005,-19.83181],[-44.00507,-19.83143],[-44.00496,-19.832],[-44.00479,-19.8328],[-44.00478,-19.83287],[-44.00492,-19.83634],[-44.00488,-19.83705],[-44.00477,-19.83728],[-44.0049,-19.83765],[-44.0049,-19.8377],[-44.00451,-19.83757],[-44.00406,-19.83752],[-44.00386,-19.83751],[-44.00357,-19.8376],[-44.00321,-19.83753],[-44.00293,-19.83744],[-44.00273,-19.83731],[-44.0025,-19.83713],[-44.00235,-19.83695],[-44.00213,-19.83656],[-44.0021,-19.83644],[-44.00201,-19.83634],[-44.00192,-19.8363],[-44.00178,-19.83632],[-44.00125,-19.83691],[-44.00075,-19.8375],[-43.99967,-19.8388],[-43.9996,-19.83891],[-43.99994,-19.84056],[-44.00006,-19.84053],[-44.00017,-19.84029],[-44.00025,-19.84003],[-44.00043,-19.83961],[-44.00065,-19.83929],[-44.00168,-19.83807],[-44.00185,-19.8381],[-44.00199,-19.83809],[-44.00223,-19.83825],[-44.00248,-19.83838],[-44.00285,-19.8385],[-44.00336,-19.83861],[-44.0031,-19.83907],[-44.00311,-19.83912],[-44.00343,-19.83972],[-44.00347,-19.83982],[-44.00333,-19.83976],[-44.00295,-19.83964],[-44.0025,-19.83964],[-44.00227,-19.83973],[-44.00205,-19.83989],[-44.0019,-19.84008],[-44.00164,-19.84085],[-44.00163,-19.84101],[-44.00167,-19.84112],[-44.00198,-19.84151],[-44.00234,-19.84201],[-44.00251,-19.84229],[-44.00263,-19.84245],[-44.00291,-19.84258],[-44.00309,-19.84261],[-44.00434,-19.8424],[-44.00453,-19.84235],[-44.00554,-19.84221],[-44.00972,-19.84149],[-44.01,-19.84142],[-44.01022,-19.84122],[-44.01042,-19.84096],[-44.01053,-19.84082],[-44.01111,-19.84117],[-44.01273,-19.83893],[-44.01344,-19.83932],[-44.01367,-19.83949]]],[[[-44.01197,-19.83079],[-44.01166,-19.83199],[-44.01136,-19.83197],[-44.01072,-19.83176],[-44.01065,-19.83148],[-44.01052,-19.83099],[-44.01197,-19.83079]]]]}},{"type":"Feature","properties":{"territory_id":"mg-3106200-barreiro","name":"Barreiro","municipality_id":"mg-3106200","polling_places":4,"approx":false,"official":true,"method":"official-ibge-cd2022","whole_municipality":false,"approx_coords_only":false,"official_name":"Barreiro","official_code":"3106200356","match":"direct"},"geometry":{"type":"MultiPolygon","coordinates":[[[[-44.01182,-19.97734],[-44.01133,-19.97873],[-44.01112,-19.97922],[-44.01068,-19.98049],[-44.01047,-19.98126],[-44.01242,-19.98175],[-44.01517,-19.98262],[-44.01529,-19.98229],[-44.01586,-19.98242],[-44.01737,-19.98271],[-44.01747,-19.98268],[-44.01872,-19.98194],[-44.01934,-19.98162],[-44.01951,-19.98151],[-44.01953,-19.98142],[-44.02129,-19.98186],[-44.02258,-19.98222],[-44.02246,-19.98265],[-44.02227,-19.98305],[-44.02214,-19.98317],[-44.02195,-19.98327],[-44.02201,-19.98337],[-44.02435,-19.98388],[-44.02432,-19.98383],[-44.02401,-19.98368],[-44.02415,-19.98317],[-44.02446,-19.98322],[-44.02451,-19.98319],[-44.02448,-19.98315],[-44.02418,-19.98303],[-44.02461,-19.98127],[-44.02491,-19.9813],[-44.02495,-19.98127],[-44.02546,-19.98137],[-44.02718,-19.98174],[-44.02774,-19.97939],[-44.02718,-19.97885],[-44.02678,-19.9785],[-44.02663,-19.97839],[-44.02638,-19.97816],[-44.02794,-19.97655],[-44.0283,-19.97619],[-44.02845,-19.97606],[-44.02839,-19.97592],[-44.02838,-19.97573],[-44.02788,-19.97581],[-44.02672,-19.97595],[-44.02652,-19.97595],[-44.02618,-19.97592],[-44.02576,-19.97581],[-44.02538,-19.97566],[-44.0252,-19.97556],[-44.02491,-19.9753],[-44.02486,-19.97528],[-44.02379,-19.97419],[-44.0234,-19.97385],[-44.02321,-19.9737],[-44.02295,-19.97354],[-44.02268,-19.97342],[-44.02237,-19.97331],[-44.02207,-19.97322],[-44.02071,-19.97293],[-44.02021,-19.97278],[-44.01956,-19.97261],[-44.01663,-19.97202],[-44.01638,-19.97201],[-44.01599,-19.97192],[-44.0157,-19.97176],[-44.01542,-19.97156],[-44.01534,-19.97176],[-44.01504,-19.97219],[-44.01482,-19.97242],[-44.01393,-19.97317],[-44.01393,-19.97323],[-44.01372,-19.97337],[-44.01329,-19.97387],[-44.01305,-19.97422],[-44.01278,-19.97478],[-44.01212,-19.97663],[-44.01182,-19.97734]]]]}},{"type":"Feature","properties":{"territory_id":"mg-3106200-barro-preto","name":"Barro Preto","municipality_id":"mg-3106200","polling_places":4,"approx":false,"official":true,"method":"official-ibge-cd2022","whole_municipality":false,"approx_coords_only":false,"official_name":"Barro Preto","official_code":"3106200091","match":"direct"},"geometry":{"type":"MultiPolygon","coordinates":[[[[-43.94796,-19.91823],[-43.94625,-19.921],[-43.94602,-19.92133],[-43.9456,-19.92203],[-43.94589,-19.92229],[-43.94599,-19.9225],[-43.94602,-19.92266],[-43.946,-19.92288],[-43.94592,-19.9232],[-43.95011,-19.92551],[-43.95312,-19.92721],[-43.95329,-19.92733],[-43.955,-19.92825],[-43.95649,-19.92911],[-43.95708,-19.92942],[-43.95719,-19.92945],[-43.95844,-19.92615],[-43.95845,-19.92606],[-43.95843,-19.92586],[-43.95712,-19.92112],[-43.95653,-19.91889],[-43.95656,-19.91863],[-43.95487,-19.91796],[-43.95456,-19.9168],[-43.95382,-19.9167],[-43.952,-19.91691],[-43.94961,-19.9173],[-43.94847,-19.91738],[-43.94796,-19.91823]]]]}},{"type":"Feature","properties":{"territory_id":"mg-3106200-barroca","name":"Barroca","municipality_id":"mg-3106200","polling_places":1,"approx":false,"official":true,"method":"official-ibge-cd2022","whole_municipality":false,"approx_coords_only":false,"official_name":"Barroca","official_code":"3106200129","match":"direct"},"geometry":{"type":"MultiPolygon","coordinates":[[[[-43.96488,-19.93108],[-43.96443,-19.931],[-43.96155,-19.93039],[-43.96125,-19.93188],[-43.96204,-19.93476],[-43.96226,-19.93477],[-43.96304,-19.93498],[-43.96444,-19.93531],[-43.96573,-19.93563],[-43.96694,-19.93112],[-43.96587,-19.93117],[-43.96519,-19.93114],[-43.96488,-19.93108]]]]}},{"type":"Feature","properties":{"territory_id":"mg-3106200-belvedere","name":"Belvedere","municipality_id":"mg-3106200","polling_places":3,"approx":false,"official":true,"method":"official-ibge-cd2022","whole_municipality":false,"approx_coords_only":false,"official_name":"Belvedere","official_code":"3106200101","match":"direct"},"geometry":{"type":"MultiPolygon","coordinates":[[[[-43.93604,-19.97483],[-43.93614,-19.97486],[-43.93709,-19.97477],[-43.93785,-19.97473],[-43.9384,-19.97476],[-43.93901,-19.97495],[-43.93971,-19.97537],[-43.94771,-19.98248],[-43.94739,-19.9829],[-43.94722,-19.9832],[-43.94716,-19.98336],[-43.94717,-19.98344],[-43.94719,-19.98352],[-43.94727,-19.98364],[-43.94733,-19.98378],[-43.9475,-19.98398],[-43.94755,-19.98407],[-43.94759,-19.98426],[-43.94761,-19.98442],[-43.9476,-19.98451],[-43.94741,-19.98498],[-43.94741,-19.98508],[-43.94749,-19.98522],[-43.94761,-19.98525],[-43.94777,-19.98523],[-43.94811,-19.98512],[-43.94852,-19.98509],[-43.94878,-19.98511],[-43.94899,-19.98522],[-43.94908,-19.98537],[-43.94906,-19.9855],[-43.94896,-19.98571],[-43.9489,-19.98591],[-43.94885,-19.98599],[-43.94862,-19.98627],[-43.94853,-19.98653],[-43.94854,-19.98657],[-43.94861,-19.98671],[-43.9487,-19.98683],[-43.94889,-19.98698],[-43.94906,-19.98703],[-43.94933,-19.98707],[-43.94953,-19.98712],[-43.94989,-19.98727],[-43.94996,-19.98733],[-43.95006,-19.9875],[-43.95018,-19.98787],[-43.95022,-19.98805],[-43.95026,-19.98863],[-43.95031,-19.98873],[-43.95048,-19.98882],[-43.95052,-19.98887],[-43.95072,-19.989],[-43.95187,-19.98981],[-43.95211,-19.99],[-43.95273,-19.99031],[-43.95334,-19.99047],[-43.95403,-19.99063],[-43.95452,-19.99072],[-43.95466,-19.99117],[-43.95475,-19.99127],[-43.95482,-19.9914],[-43.95494,-19.99174],[-43.95521,-19.992],[-43.95542,-19.99231],[-43.9557,-19.99263],[-43.95575,-19.99271],[-43.95584,-19.9928],[-43.95618,-19.99293],[-43.95638,-19.99296],[-43.9566,-19.99296],[-43.95689,-19.99306],[-43.95708,-19.99352],[-43.95733,-19.99399],[-43.95735,-19.99405],[-43.95734,-19.99457],[-43.95874,-19.99623],[-43.95908,-19.99676],[-43.95911,-19.99687],[-43.95909,-19.99717],[-43.95911,-19.9973],[-43.95914,-19.99739],[-43.95929,-19.99748],[-43.95939,-19.99764],[-43.95944,-19.99782],[-43.95945,-19.99818],[-43.95948,-19.99828],[-43.95954,-19.99837],[-43.95966,-19.9985],[-43.95994,-19.99871],[-43.96004,-19.99883],[-43.96016,-19.99906],[-43.96055,-19.99955],[-43.96064,-19.99969],[-43.96075,-19.99979],[-43.96104,-20.00016],[-43.96122,-20.00031],[-43.96156,-20.0005],[-43.96187,-20.00071],[-43.96206,-20.00087],[-43.96219,-20.00104],[-43.96217,-20.00105],[-43.96223,-20.00117],[-43.96245,-20.00152],[-43.9625,-20.00164],[-43.96251,-20.00174],[-43.96254,-20.00178],[-43.9626,-20.00187],[-43.96277,-20.00204],[-43.96293,-20.00217],[-43.96326,-20.00239],[-43.96343,-20.00252],[-43.96354,-20.00262],[-43.96372,-20.00288],[-43.96379,-20.00294],[-43.96391,-20.003],[-43.96408,-20.00301],[-43.96433,-20.00308],[-43.96446,-20.00314],[-43.96454,-20.0032],[-43.96465,-20.00331],[-43.96496,-20.0034],[-43.96513,-20.0026],[-43.96506,-20.00183],[-43.9648,-20.00129],[-43.96457,-20.00096],[-43.96439,-20.00075],[-43.96329,-19.99926],[-43.96239,-19.99809],[-43.96148,-19.99676],[-43.95885,-19.99256],[-43.95841,-19.99189],[-43.95801,-19.99138],[-43.94977,-19.9822],[-43.94945,-19.98178],[-43.94908,-19.98119],[-43.94889,-19.98085],[-43.94866,-19.98039],[-43.94847,-19.97985],[-43.9482,-19.97923],[-43.94738,-19.97712],[-43.94716,-19.9765],[-43.94514,-19.97118],[-43.94388,-19.96795],[-43.94359,-19.96728],[-43.94344,-19.967],[-43.94309,-19.96672],[-43.94289,-19.96662],[-43.94231,-19.96641],[-43.94067,-19.9659],[-43.93973,-19.96551],[-43.93954,-19.96537],[-43.9394,-19.96518],[-43.9392,-19.96485],[-43.93913,-19.96455],[-43.93913,-19.96418],[-43.93933,-19.96364],[-43.93947,-19.96346],[-43.93968,-19.96325],[-43.94011,-19.96303],[-43.94042,-19.96295],[-43.94107,-19.96285],[-43.94156,-19.96282],[-43.94354,-19.96255],[-43.94382,-19.96246],[-43.94406,-19.96234],[-43.94422,-19.96221],[-43.94433,-19.96209],[-43.94453,-19.96186],[-43.94461,-19.96169],[-43.94467,-19.96153],[-43.94473,-19.96116],[-43.94471,-19.96099],[-43.94466,-19.96076],[-43.94459,-19.96059],[-43.94452,-19.96045],[-43.94432,-19.96019],[-43.94349,-19.95921],[-43.94328,-19.95902],[-43.94256,-19.9582],[-43.94243,-19.95833],[-43.94237,-19.95836],[-43.9423,-19.95836],[-43.94124,-19.95762],[-43.94121,-19.95769],[-43.94105,-19.9579],[-43.94094,-19.9581],[-43.94075,-19.95853],[-43.94068,-19.95888],[-43.94066,-19.95932],[-43.94074,-19.96064],[-43.94074,-19.96125],[-43.94062,-19.96147],[-43.94039,-19.96163],[-43.94009,-19.96166],[-43.93954,-19.96161],[-43.93836,-19.96143],[-43.93815,-19.96146],[-43.93704,-19.96195],[-43.93652,-19.96193],[-43.9355,-19.96185],[-43.93531,-19.96179],[-43.93515,-19.96154],[-43.93426,-19.96204],[-43.93403,-19.96233],[-43.93396,-19.96252],[-43.93394,-19.96325],[-43.93419,-19.96327],[-43.9342,-19.96318],[-43.93433,-19.96317],[-43.93428,-19.96509],[-43.93453,-19.9666],[-43.93455,-19.96668],[-43.93463,-19.96729],[-43.9347,-19.9675],[-43.9341,-19.96737],[-43.93385,-19.96736],[-43.9337,-19.96743],[-43.93358,-19.96757],[-43.93353,-19.96779],[-43.93358,-19.96796],[-43.93403,-19.96882],[-43.93373,-19.96877],[-43.93347,-19.96876],[-43.9333,-19.96877],[-43.93285,-19.9695],[-43.93272,-19.96978],[-43.93259,-19.97029],[-43.93259,-19.97083],[-43.9327,-19.97132],[-43.9328,-19.97142],[-43.93305,-19.97186],[-43.93279,-19.97187],[-43.93267,-19.9719],[-43.9324,-19.97206],[-43.93231,-19.97208],[-43.93079,-19.97231],[-43.93082,-19.97263],[-43.93085,-19.97273],[-43.93091,-19.97283],[-43.931,-19.97288],[-43.9311,-19.97289],[-43.93161,-19.97278],[-43.93199,-19.97272],[-43.93223,-19.97276],[-43.93245,-19.97284],[-43.93261,-19.97313],[-43.93276,-19.97366],[-43.93292,-19.97387],[-43.93355,-19.97412],[-43.93365,-19.97503],[-43.93594,-19.9748],[-43.93604,-19.97483]]]]}},{"type":"Feature","properties":{"territory_id":"mg-3106200-betania","name":"Betânia","municipality_id":"mg-3106200","polling_places":3,"approx":false,"official":true,"method":"official-ibge-cd2022","whole_municipality":false,"approx_coords_only":false,"official_name":"Betânia","official_code":"3106200142","match":"direct"},"geometry":{"type":"MultiPolygon","coordinates":[[[[-43.98644,-19.95543],[-43.98636,-19.95555],[-43.98613,-19.95647],[-43.98609,-19.95694],[-43.98599,-19.95713],[-43.98572,-19.95818],[-43.98538,-19.95865],[-43.98497,-19.95926],[-43.98489,-19.95937],[-43.98478,-19.95947],[-43.98465,-19.95954],[-43.98456,-19.95956],[-43.98335,-19.9598],[-43.98322,-19.95989],[-43.98312,-19.95999],[-43.98262,-19.96094],[-43.98264,-19.96103],[-43.98337,-19.96169],[-43.98671,-19.95819],[-43.98697,-19.9583],[-43.9874,-19.95842],[-43.98814,-19.95882],[-43.98896,-19.9594],[-43.98915,-19.95961],[-43.98939,-19.95999],[-43.98987,-19.96103],[-43.99009,-19.96144],[-43.99069,-19.96267],[-43.99109,-19.9638],[-43.99145,-19.96457],[-43.99165,-19.96509],[-43.99171,-19.96524],[-43.99193,-19.9662],[-43.99213,-19.9677],[-43.99217,-19.96841],[-43.99213,-19.96889],[-43.99215,-19.96898],[-43.99225,-19.96914],[-43.99238,-19.96923],[-43.99273,-19.96935],[-43.99632,-19.96663],[-43.99692,-19.96611],[-43.99716,-19.96586],[-43.99765,-19.96531],[-43.99806,-19.96473],[-43.99844,-19.9641],[-43.99872,-19.96354],[-43.99961,-19.96205],[-43.99934,-19.96205],[-43.99833,-19.96234],[-43.99798,-19.96258],[-43.99779,-19.96277],[-43.99785,-19.96248],[-43.99785,-19.96225],[-43.99783,-19.96216],[-43.99768,-19.96188],[-43.99753,-19.96148],[-43.99752,-19.96115],[-43.9978,-19.96039],[-43.99795,-19.95989],[-43.99796,-19.95974],[-43.99785,-19.95973],[-43.99768,-19.9597],[-43.99724,-19.95957],[-43.99678,-19.95934],[-43.99664,-19.95859],[-43.99761,-19.95864],[-43.99854,-19.95859],[-43.99814,-19.95779],[-43.99778,-19.95788],[-43.99746,-19.95793],[-43.99714,-19.95793],[-43.99685,-19.9579],[-43.99633,-19.95779],[-43.99614,-19.95772],[-43.99572,-19.9575],[-43.99536,-19.95725],[-43.99513,-19.95705],[-43.99448,-19.95641],[-43.9939,-19.95599],[-43.99322,-19.95552],[-43.99307,-19.95544],[-43.99284,-19.95541],[-43.99238,-19.95528],[-43.99154,-19.95522],[-43.99099,-19.95521],[-43.99059,-19.95517],[-43.9901,-19.95505],[-43.98948,-19.95505],[-43.98937,-19.95503],[-43.98927,-19.95497],[-43.98917,-19.95493],[-43.98895,-19.95489],[-43.98863,-19.95479],[-43.98818,-19.95458],[-43.98807,-19.95446],[-43.98776,-19.95422],[-43.98735,-19.95402],[-43.98608,-19.95299],[-43.98565,-19.95259],[-43.98542,-19.95231],[-43.98522,-19.952],[-43.98513,-19.95174],[-43.98506,-19.95148],[-43.98503,-19.95128],[-43.98502,-19.95096],[-43.98505,-19.95071],[-43.98518,-19.95024],[-43.98536,-19.94995],[-43.98586,-19.94941],[-43.98591,-19.9494],[-43.98606,-19.94928],[-43.98686,-19.94873],[-43.98727,-19.94842],[-43.9872,-19.94815],[-43.98715,-19.94811],[-43.98714,-19.94787],[-43.98695,-19.94799],[-43.9865,-19.94816],[-43.98528,-19.94846],[-43.98494,-19.94861],[-43.9848,-19.9487],[-43.98437,-19.94903],[-43.98319,-19.95007],[-43.983,-19.95027],[-43.98283,-19.95053],[-43.98276,-19.95077],[-43.98275,-19.95102],[-43.98282,-19.95135],[-43.98295,-19.95159],[-43.98321,-19.95187],[-43.98384,-19.95221],[-43.98422,-19.95243],[-43.9849,-19.95279],[-43.98522,-19.95303],[-43.98537,-19.95323],[-43.98556,-19.95361],[-43.98572,-19.95402],[-43.98601,-19.95491],[-43.98612,-19.95512],[-43.98628,-19.95532],[-43.98644,-19.95543]]]]}},{"type":"Feature","properties":{"territory_id":"mg-3106200-boa-vista","name":"Boa Vista","municipality_id":"mg-3106200","polling_places":4,"approx":false,"official":true,"method":"official-ibge-cd2022","whole_municipality":false,"approx_coords_only":false,"official_name":"Boa Vista","official_code":"3106200006","match":"direct"},"geometry":{"type":"MultiPolygon","coordinates":[[[[-43.89081,-19.89455],[-43.89074,-19.89459],[-43.89097,-19.89491],[-43.89104,-19.89507],[-43.89189,-19.89487],[-43.89222,-19.89578],[-43.89238,-19.89581],[-43.89243,-19.89587],[-43.89253,-19.89605],[-43.89305,-19.89579],[-43.89297,-19.89558],[-43.89323,-19.89551],[-43.89337,-19.89524],[-43.8934,-19.89512],[-43.89338,-19.89508],[-43.89347,-19.89494],[-43.8935,-19.89478],[-43.89355,-19.89473],[-43.8936,-19.89472],[-43.89379,-19.89433],[-43.89375,-19.89424],[-43.8939,-19.89419],[-43.89384,-19.89391],[-43.89407,-19.89384],[-43.89425,-19.89343],[-43.89438,-19.89336],[-43.89767,-19.8943],[-43.89787,-19.89431],[-43.90128,-19.8951],[-43.90236,-19.8965],[-43.9039,-19.89863],[-43.90455,-19.8994],[-43.90472,-19.89935],[-43.90476,-19.89933],[-43.90484,-19.89925],[-43.90492,-19.89909],[-43.90499,-19.899],[-43.90508,-19.89895],[-43.90549,-19.89884],[-43.90582,-19.89873],[-43.9061,-19.89859],[-43.90633,-19.89843],[-43.90653,-19.89827],[-43.90665,-19.89815],[-43.90686,-19.89785],[-43.90707,-19.89752],[-43.90733,-19.89722],[-43.90778,-19.89688],[-43.90829,-19.8966],[-43.90862,-19.89643],[-43.90902,-19.89619],[-43.9097,-19.89581],[-43.91005,-19.89553],[-43.91026,-19.89526],[-43.91047,-19.89479],[-43.91067,-19.89423],[-43.90896,-19.89298],[-43.90799,-19.89223],[-43.90762,-19.89187],[-43.90702,-19.89126],[-43.9061,-19.89016],[-43.90603,-19.89003],[-43.90598,-19.88985],[-43.90381,-19.89047],[-43.90401,-19.89104],[-43.90397,-19.89119],[-43.90159,-19.89071],[-43.90123,-19.89074],[-43.90054,-19.89064],[-43.89776,-19.89008],[-43.89497,-19.8895],[-43.89285,-19.88903],[-43.89135,-19.88872],[-43.89062,-19.88858],[-43.8903,-19.8911],[-43.89025,-19.89109],[-43.88992,-19.89137],[-43.88983,-19.89186],[-43.88986,-19.89204],[-43.88984,-19.89212],[-43.88992,-19.89228],[-43.88992,-19.89237],[-43.88995,-19.8927],[-43.89009,-19.89308],[-43.89031,-19.89317],[-43.8906,-19.89394],[-43.89081,-19.89455]]]]}},{"type":"Feature","properties":{"territory_id":"mg-3106200-bom-jesus","name":"Bom Jesus","municipality_id":"mg-3106200","polling_places":1,"approx":false,"official":true,"method":"official-ibge-cd2022","whole_municipality":false,"approx_coords_only":false,"official_name":"Bom Jesus","official_code":"3106200197","match":"direct"},"geometry":{"type":"MultiPolygon","coordinates":[[[[-43.95091,-19.89681],[-43.95099,-19.89755],[-43.95242,-19.89764],[-43.9528,-19.89765],[-43.95316,-19.89767],[-43.95313,-19.89848],[-43.95593,-19.89902],[-43.9567,-19.89914],[-43.95685,-19.89912],[-43.95706,-19.89912],[-43.95716,-19.89873],[-43.95779,-19.8957],[-43.95406,-19.89502],[-43.95338,-19.89496],[-43.95345,-19.89402],[-43.95167,-19.89324],[-43.95102,-19.8962],[-43.95091,-19.89664],[-43.95091,-19.89672],[-43.95091,-19.89681]]]]}},{"type":"Feature","properties":{"territory_id":"mg-3106200-bonsucesso","name":"Bonsucesso","municipality_id":"mg-3106200","polling_places":1,"approx":false,"official":true,"method":"official-ibge-cd2022","whole_municipality":false,"approx_coords_only":false,"official_name":"Bonsucesso","official_code":"3106200306","match":"direct"},"geometry":{"type":"MultiPolygon","coordinates":[[[[-43.97824,-19.9976],[-43.97912,-19.99761],[-43.97995,-19.998],[-43.98106,-19.99856],[-43.98386,-20.00011],[-43.9872,-20.00126],[-43.98829,-20.00176],[-43.98927,-20.00126],[-43.98972,-20.00035],[-43.9897,-20.00011],[-43.9895,-19.99981],[-43.98942,-19.99956],[-43.98932,-19.99943],[-43.98903,-19.99931],[-43.98855,-19.99893],[-43.98852,-19.99885],[-43.98842,-19.99871],[-43.98827,-19.99862],[-43.98822,-19.99851],[-43.98809,-19.99844],[-43.98783,-19.99818],[-43.98768,-19.99806],[-43.98734,-19.99798],[-43.98715,-19.9979],[-43.98709,-19.99782],[-43.98706,-19.99764],[-43.98712,-19.99746],[-43.98726,-19.99727],[-43.98728,-19.99716],[-43.98713,-19.99703],[-43.98704,-19.99699],[-43.98694,-19.99685],[-43.98694,-19.99672],[-43.987,-19.9966],[-43.98701,-19.99644],[-43.98692,-19.99626],[-43.98693,-19.9962],[-43.98702,-19.99611],[-43.98707,-19.99599],[-43.98704,-19.99592],[-43.98706,-19.99578],[-43.9871,-19.99567],[-43.98729,-19.99559],[-43.98734,-19.99548],[-43.98732,-19.99528],[-43.98737,-19.99516],[-43.98733,-19.99506],[-43.9873,-19.99492],[-43.9874,-19.99472],[-43.98741,-19.99456],[-43.98727,-19.99432],[-43.98729,-19.99422],[-43.98735,-19.99419],[-43.98746,-19.99398],[-43.98739,-19.99364],[-43.98743,-19.99347],[-43.98741,-19.99327],[-43.98735,-19.99311],[-43.98741,-19.99302],[-43.98735,-19.99289],[-43.98729,-19.9928],[-43.98727,-19.99257],[-43.98732,-19.99244],[-43.98741,-19.99239],[-43.98754,-19.99235],[-43.98759,-19.99227],[-43.98765,-19.99207],[-43.98773,-19.99197],[-43.98793,-19.99196],[-43.98801,-19.99188],[-43.98813,-19.99167],[-43.98811,-19.99151],[-43.98821,-19.99123],[-43.98833,-19.99104],[-43.98848,-19.99096],[-43.98855,-19.99083],[-43.98856,-19.99061],[-43.98853,-19.99045],[-43.98842,-19.99036],[-43.98842,-19.99028],[-43.98831,-19.99021],[-43.98827,-19.99011],[-43.98839,-19.98995],[-43.98811,-19.9899],[-43.98807,-19.98983],[-43.98797,-19.98945],[-43.9879,-19.98938],[-43.98767,-19.98932],[-43.98761,-19.98922],[-43.98819,-19.98874],[-43.98842,-19.98848],[-43.9887,-19.98801],[-43.98898,-19.98724],[-43.98908,-19.98706],[-43.98933,-19.98726],[-43.98964,-19.98748],[-43.99041,-19.98681],[-43.99122,-19.98614],[-43.99094,-19.98601],[-43.99081,-19.98598],[-43.99029,-19.98597],[-43.99192,-19.98443],[-43.99265,-19.98378],[-43.9932,-19.9832],[-43.99328,-19.98309],[-43.99334,-19.98313],[-43.99405,-19.98326],[-43.99472,-19.9834],[-43.99484,-19.98344],[-43.99524,-19.98176],[-43.99534,-19.98173],[-43.99539,-19.9817],[-43.99544,-19.98163],[-43.99546,-19.98157],[-43.99542,-19.98153],[-43.99534,-19.9815],[-43.99517,-19.98149],[-43.9951,-19.98155],[-43.99463,-19.98145],[-43.99442,-19.98137],[-43.99431,-19.98129],[-43.99428,-19.98123],[-43.99425,-19.98115],[-43.9943,-19.98101],[-43.99453,-19.98081],[-43.99471,-19.98072],[-43.99479,-19.98063],[-43.99483,-19.98055],[-43.99483,-19.98046],[-43.99481,-19.98036],[-43.99453,-19.9802],[-43.99379,-19.97993],[-43.99343,-19.97983],[-43.99337,-19.97944],[-43.99327,-19.97896],[-43.99317,-19.97861],[-43.99272,-19.97883],[-43.99264,-19.97869],[-43.99234,-19.97887],[-43.99202,-19.97894],[-43.99167,-19.9789],[-43.99131,-19.97872],[-43.99097,-19.97843],[-43.99057,-19.97856],[-43.99059,-19.97861],[-43.99041,-19.97872],[-43.99034,-19.97853],[-43.99033,-19.97842],[-43.99035,-19.97833],[-43.99044,-19.97812],[-43.99083,-19.97779],[-43.99097,-19.97779],[-43.99116,-19.97786],[-43.99121,-19.9778],[-43.99087,-19.97742],[-43.99081,-19.9773],[-43.99073,-19.97704],[-43.9908,-19.97688],[-43.99104,-19.9768],[-43.99121,-19.97663],[-43.99107,-19.97633],[-43.99101,-19.97596],[-43.99079,-19.97558],[-43.99081,-19.97539],[-43.99089,-19.97521],[-43.99121,-19.97496],[-43.99133,-19.97477],[-43.9914,-19.97453],[-43.99139,-19.9743],[-43.99143,-19.97407],[-43.99186,-19.97376],[-43.9919,-19.97357],[-43.99202,-19.97344],[-43.99219,-19.97336],[-43.9923,-19.97318],[-43.9923,-19.9731],[-43.99218,-19.97294],[-43.99207,-19.97286],[-43.99206,-19.97281],[-43.99177,-19.97271],[-43.99133,-19.97311],[-43.99125,-19.97324],[-43.99116,-19.97324],[-43.99112,-19.97312],[-43.99111,-19.97301],[-43.99122,-19.97289],[-43.99134,-19.97281],[-43.99136,-19.97268],[-43.9907,-19.97189],[-43.99063,-19.97178],[-43.9899,-19.9728],[-43.98935,-19.97362],[-43.98906,-19.97411],[-43.98896,-19.97445],[-43.98846,-19.97655],[-43.98828,-19.97712],[-43.98811,-19.97744],[-43.98796,-19.97765],[-43.9877,-19.97791],[-43.98733,-19.97818],[-43.98711,-19.97829],[-43.98573,-19.97885],[-43.98505,-19.97907],[-43.9844,-19.97942],[-43.98406,-19.9797],[-43.9838,-19.98006],[-43.98372,-19.9802],[-43.98358,-19.98051],[-43.98278,-19.98253],[-43.9829,-19.98256],[-43.9835,-19.98305],[-43.9839,-19.98355],[-43.98445,-19.9831],[-43.98466,-19.98296],[-43.98481,-19.98335],[-43.9846,-19.98366],[-43.98439,-19.98448],[-43.98445,-19.98467],[-43.98451,-19.98478],[-43.98488,-19.98504],[-43.98603,-19.98535],[-43.98652,-19.98558],[-43.98608,-19.98606],[-43.9858,-19.98674],[-43.98571,-19.98687],[-43.9852,-19.98707],[-43.98506,-19.98689],[-43.98507,-19.98666],[-43.98497,-19.98664],[-43.98483,-19.98673],[-43.98461,-19.98675],[-43.98451,-19.98661],[-43.98451,-19.9864],[-43.98462,-19.98621],[-43.98464,-19.986],[-43.98444,-19.98582],[-43.98433,-19.98568],[-43.98421,-19.98529],[-43.98404,-19.98532],[-43.98393,-19.98523],[-43.98378,-19.98523],[-43.98361,-19.98518],[-43.98342,-19.98515],[-43.98313,-19.98492],[-43.98292,-19.98471],[-43.98275,-19.98451],[-43.98265,-19.98464],[-43.98234,-19.98453],[-43.98203,-19.98453],[-43.98228,-19.9849],[-43.982,-19.98511],[-43.98137,-19.98504],[-43.98102,-19.98572],[-43.98018,-19.98454],[-43.97723,-19.98595],[-43.97317,-19.98792],[-43.97237,-19.98835],[-43.97219,-19.98846],[-43.97187,-19.98874],[-43.97161,-19.98909],[-43.9709,-19.99019],[-43.97104,-19.9903],[-43.97217,-19.99132],[-43.97194,-19.99156],[-43.97187,-19.9919],[-43.97187,-19.99204],[-43.97196,-19.99239],[-43.97189,-19.99257],[-43.97175,-19.99281],[-43.97159,-19.99298],[-43.9715,-19.99303],[-43.97151,-19.99317],[-43.97164,-19.99341],[-43.97178,-19.99344],[-43.97186,-19.99353],[-43.97196,-19.9936],[-43.97214,-19.99376],[-43.97217,-19.99393],[-43.97251,-19.99473],[-43.97284,-19.99473],[-43.97291,-19.99537],[-43.97306,-19.99571],[-43.97358,-19.9964],[-43.9742,-19.9973],[-43.97423,-19.99743],[-43.97421,-19.99758],[-43.97415,-19.99767],[-43.974,-19.99781],[-43.97404,-19.99805],[-43.97412,-19.99833],[-43.9751,-19.99816],[-43.97824,-19.9976]]]]}},{"type":"Feature","properties":{"territory_id":"mg-3106200-brasil-industrial","name":"Brasil Industrial","municipality_id":"mg-3106200","polling_places":1,"approx":false,"official":true,"method":"official-ibge-cd2022","whole_municipality":false,"approx_coords_only":false,"official_name":"Brasil Industrial","official_code":"3106200346","match":"direct"},"geometry":{"type":"MultiPolygon","coordinates":[[[[-44.01658,-20.00331],[-44.01686,-20.00315],[-44.017,-20.0031],[-44.01761,-20.00277],[-44.01874,-20.0022],[-44.01897,-20.00206],[-44.01906,-20.00184],[-44.01925,-20.00127],[-44.01925,-20.00106],[-44.01903,-19.99994],[-44.01904,-19.99967],[-44.0192,-19.99916],[-44.01939,-19.99868],[-44.01988,-19.99774],[-44.01763,-19.99718],[-44.01717,-19.99704],[-44.01681,-19.99697],[-44.01644,-19.99688],[-44.01377,-19.99615],[-44.01339,-19.99744],[-44.01313,-19.99825],[-44.00923,-19.99704],[-44.01019,-20.00212],[-44.01348,-20.00307],[-44.01573,-20.00374],[-44.01623,-20.0035],[-44.01658,-20.00331]]]]}},{"type":"Feature","properties":{"territory_id":"mg-3106200-buritis","name":"Buritis","municipality_id":"mg-3106200","polling_places":5,"approx":false,"official":true,"method":"official-ibge-cd2022","whole_municipality":false,"approx_coords_only":false,"official_name":"Buritis","official_code":"3106200186","match":"direct"},"geometry":{"type":"MultiPolygon","coordinates":[[[[-43.9647,-19.96715],[-43.96417,-19.96714],[-43.96398,-19.96718],[-43.96382,-19.96725],[-43.96364,-19.96736],[-43.96343,-19.96762],[-43.96334,-19.96778],[-43.96328,-19.96783],[-43.96158,-19.96707],[-43.9612,-19.96777],[-43.96045,-19.96931],[-43.95906,-19.97145],[-43.95936,-19.97167],[-43.95951,-19.97182],[-43.95938,-19.97254],[-43.95925,-19.97272],[-43.95945,-19.97445],[-43.95946,-19.97508],[-43.9585,-19.97884],[-43.95876,-19.97922],[-43.95886,-19.97971],[-43.95882,-19.97991],[-43.95874,-19.98007],[-43.95873,-19.98021],[-43.9589,-19.98108],[-43.95913,-19.98166],[-43.95946,-19.98193],[-43.95981,-19.98208],[-43.96001,-19.98213],[-43.96032,-19.98216],[-43.9606,-19.98229],[-43.9609,-19.98229],[-43.9613,-19.98187],[-43.96134,-19.98173],[-43.96147,-19.98156],[-43.96168,-19.98158],[-43.96183,-19.98162],[-43.96203,-19.98189],[-43.96549,-19.98366],[-43.9671,-19.98441],[-43.96786,-19.98461],[-43.96881,-19.98497],[-43.96977,-19.98524],[-43.97332,-19.98583],[-43.97371,-19.98582],[-43.97412,-19.98575],[-43.9744,-19.98583],[-43.97468,-19.98586],[-43.97657,-19.98553],[-43.97723,-19.98595],[-43.98018,-19.98454],[-43.98034,-19.98442],[-43.98054,-19.98432],[-43.98152,-19.98387],[-43.98111,-19.98313],[-43.98094,-19.98292],[-43.98066,-19.98219],[-43.98051,-19.98195],[-43.98032,-19.98174],[-43.9802,-19.98151],[-43.98016,-19.98138],[-43.97999,-19.9805],[-43.97962,-19.97886],[-43.9792,-19.97674],[-43.97887,-19.97529],[-43.97856,-19.9748],[-43.97782,-19.97356],[-43.97774,-19.97348],[-43.97733,-19.97284],[-43.97615,-19.97093],[-43.97595,-19.97063],[-43.9758,-19.9705],[-43.97581,-19.97039],[-43.97488,-19.96887],[-43.97443,-19.96815],[-43.97422,-19.96789],[-43.97389,-19.96731],[-43.97378,-19.96722],[-43.97376,-19.96699],[-43.97366,-19.96688],[-43.97355,-19.96674],[-43.97351,-19.96665],[-43.97347,-19.96654],[-43.97347,-19.96647],[-43.97359,-19.96606],[-43.97335,-19.9662],[-43.97312,-19.96662],[-43.97216,-19.96654],[-43.97212,-19.96659],[-43.97137,-19.96655],[-43.96566,-19.96613],[-43.96559,-19.96623],[-43.96549,-19.9665],[-43.96537,-19.9669],[-43.9652,-19.9671],[-43.96491,-19.96717],[-43.9647,-19.96715]]]]}},{"type":"Feature","properties":{"territory_id":"mg-3106200-cachoeirinha","name":"Cachoeirinha","municipality_id":"mg-3106200","polling_places":5,"approx":false,"official":true,"method":"official-ibge-cd2022","whole_municipality":false,"approx_coords_only":false,"official_name":"Cachoeirinha","official_code":"3106200056","match":"direct"},"geometry":{"type":"MultiPolygon","coordinates":[[[[-43.94374,-19.8936],[-43.94371,-19.89386],[-43.9434,-19.8943],[-43.94302,-19.89436],[-43.94304,-19.89496],[-43.94323,-19.89607],[-43.9445,-19.89491],[-43.94451,-19.89484],[-43.94509,-19.89585],[-43.94546,-19.89489],[-43.94642,-19.89639],[-43.9465,-19.89644],[-43.94657,-19.89658],[-43.9465,-19.89694],[-43.94655,-19.89748],[-43.9474,-19.89745],[-43.94733,-19.8984],[-43.9475,-19.89817],[-43.94831,-19.89726],[-43.94852,-19.89699],[-43.94886,-19.89643],[-43.94911,-19.89579],[-43.9497,-19.89412],[-43.94986,-19.89365],[-43.94996,-19.89331],[-43.95,-19.89298],[-43.95003,-19.89264],[-43.94999,-19.89217],[-43.94983,-19.8914],[-43.9497,-19.8909],[-43.94963,-19.89046],[-43.94963,-19.89021],[-43.9497,-19.88962],[-43.94973,-19.8895],[-43.94986,-19.88913],[-43.95,-19.88885],[-43.95083,-19.88766],[-43.95117,-19.88718],[-43.95126,-19.88687],[-43.95127,-19.88624],[-43.95123,-19.88588],[-43.95069,-19.88391],[-43.95063,-19.8835],[-43.95063,-19.88308],[-43.95069,-19.88283],[-43.95072,-19.88255],[-43.95082,-19.88221],[-43.95224,-19.87845],[-43.95025,-19.87599],[-43.94991,-19.87543],[-43.94956,-19.87574],[-43.94976,-19.87598],[-43.94932,-19.87632],[-43.94841,-19.87576],[-43.94829,-19.87599],[-43.94805,-19.87692],[-43.94803,-19.87709],[-43.94787,-19.87779],[-43.94789,-19.87788],[-43.94798,-19.87805],[-43.94808,-19.87809],[-43.94834,-19.87814],[-43.94845,-19.87821],[-43.94866,-19.87851],[-43.94857,-19.87863],[-43.94855,-19.87872],[-43.94815,-19.87907],[-43.94803,-19.87922],[-43.948,-19.87928],[-43.94773,-19.88003],[-43.94768,-19.88022],[-43.94769,-19.88047],[-43.94764,-19.88082],[-43.94742,-19.88177],[-43.94699,-19.8827],[-43.94688,-19.88298],[-43.94726,-19.88301],[-43.94726,-19.88292],[-43.94741,-19.88293],[-43.94745,-19.88306],[-43.94746,-19.88322],[-43.94752,-19.88337],[-43.94786,-19.88332],[-43.94795,-19.88324],[-43.94818,-19.88317],[-43.94817,-19.88302],[-43.94825,-19.88301],[-43.94832,-19.88372],[-43.94832,-19.88383],[-43.94805,-19.88381],[-43.94785,-19.88399],[-43.94749,-19.88393],[-43.94744,-19.88428],[-43.94696,-19.88423],[-43.94698,-19.88405],[-43.94693,-19.88401],[-43.94695,-19.88389],[-43.94654,-19.88376],[-43.94603,-19.88476],[-43.94607,-19.88542],[-43.94591,-19.88604],[-43.94543,-19.88683],[-43.94528,-19.88688],[-43.94514,-19.88688],[-43.94453,-19.88682],[-43.94345,-19.88581],[-43.94314,-19.88554],[-43.94276,-19.88517],[-43.94216,-19.88453],[-43.94196,-19.88435],[-43.94157,-19.88411],[-43.94107,-19.88384],[-43.94073,-19.88369],[-43.94002,-19.88331],[-43.94001,-19.88344],[-43.93997,-19.88542],[-43.94083,-19.88556],[-43.94116,-19.8856],[-43.94128,-19.88563],[-43.94162,-19.88579],[-43.94221,-19.88615],[-43.94356,-19.88742],[-43.94366,-19.88746],[-43.94337,-19.88816],[-43.94279,-19.88947],[-43.94283,-19.88955],[-43.94301,-19.88969],[-43.94326,-19.88971],[-43.94334,-19.89056],[-43.94334,-19.89073],[-43.94349,-19.89185],[-43.9438,-19.89256],[-43.94385,-19.89273],[-43.94374,-19.8936]]]]}},{"type":"Feature","properties":{"territory_id":"mg-3106200-caetano-furquim","name":"Caetano Furquim","municipality_id":"mg-3106200","polling_places":1,"approx":false,"official":true,"method":"official-ibge-cd2022","whole_municipality":false,"approx_coords_only":false,"official_name":"Caetano Furquim","official_code":"3106200034","match":"direct"},"geometry":{"type":"MultiPolygon","coordinates":[[[[-43.88647,-19.9019],[-43.88659,-19.90239],[-43.887,-19.90375],[-43.8872,-19.90404],[-43.88735,-19.90419],[-43.8875,-19.9043],[-43.88782,-19.9044],[-43.88824,-19.9044],[-43.88838,-19.90436],[-43.88869,-19.90423],[-43.88973,-19.90365],[-43.89019,-19.9031],[-43.88995,-19.90291],[-43.88988,-19.90284],[-43.88972,-19.90288],[-43.88952,-19.90302],[-43.88948,-19.90307],[-43.88964,-19.90343],[-43.88846,-19.90412],[-43.88841,-19.90414],[-43.88828,-19.90415],[-43.88822,-19.90411],[-43.88794,-19.90402],[-43.88791,-19.90406],[-43.8878,-19.90412],[-43.88766,-19.90411],[-43.88739,-19.90395],[-43.88745,-19.90376],[-43.88749,-19.90348],[-43.88759,-19.90333],[-43.88764,-19.90318],[-43.88737,-19.9031],[-43.88744,-19.90279],[-43.88749,-19.90266],[-43.88753,-19.9026],[-43.88769,-19.90265],[-43.88753,-19.90243],[-43.887,-19.90163],[-43.88668,-19.90182],[-43.88647,-19.9019]]]]}},{"type":"Feature","properties":{"territory_id":"mg-3106200-caicara","name":"Caiçara","municipality_id":"mg-3106200","polling_places":5,"approx":true,"official":false,"method":"voronoi-polling-places","whole_municipality":false,"approx_coords_only":false},"geometry":{"type":"MultiPolygon","coordinates":[[[[-43.98502,-19.91637],[-43.98489,-19.91663],[-43.98489,-19.91699],[-43.98475,-19.91701],[-43.98468,-19.91685],[-43.98459,-19.91648],[-43.98445,-19.91554],[-43.98463,-19.91569],[-43.98465,-19.91591],[-43.98492,-19.91603],[-43.98499,-19.91618],[-43.98502,-19.91637]]],[[[-43.98338,-19.90271],[-43.98232,-19.90283],[-43.98204,-19.90238],[-43.98161,-19.90254],[-43.98132,-19.90271],[-43.98115,-19.90279],[-43.98082,-19.90273],[-43.98053,-19.90306],[-43.98045,-19.90325],[-43.98043,-19.90355],[-43.97993,-19.90382],[-43.97967,-19.90399],[-43.97905,-19.90435],[-43.9788,-19.90456],[-43.97809,-19.90521],[-43.97804,-19.90805],[-43.97843,-19.90804],[-43.97946,-19.90794],[-43.98055,-19.90772],[-43.98064,-19.91039],[-43.98066,-19.91138],[-43.98071,-19.91234],[-43.98052,-19.91245],[-43.98039,-19.91249],[-43.97248,-19.91267],[-43.97151,-19.91233],[-43.97117,-19.91222],[-43.97003,-19.91182],[-43.96757,-19.91097],[-43.96732,-19.91087],[-43.96693,-19.91066],[-43.96544,-19.90975],[-43.96474,-19.90935],[-43.96408,-19.90894],[-43.96358,-19.90871],[-43.96249,-19.90834],[-43.96161,-19.90807],[-43.9611,-19.90799],[-43.96079,-19.90797],[-43.96051,-19.90797],[-43.96012,-19.908],[-43.95977,-19.90655],[-43.96016,-19.90656],[-43.96018,-19.90456],[-43.96189,-19.90454],[-43.96179,-19.90384],[-43.96169,-19.90293],[-43.96152,-19.90168],[-43.96287,-19.90173],[-43.9629,-19.90065],[-43.96262,-19.9005],[-43.96229,-19.90029],[-43.9619,-19.8999],[-43.96168,-19.89959],[-43.96192,-19.89924],[-43.96207,-19.89895],[-43.96212,-19.8988],[-43.96215,-19.89857],[-43.96212,-19.89834],[-43.96204,-19.89811],[-43.96193,-19.89791],[-43.9618,-19.89775],[-43.96129,-19.89726],[-43.96113,-19.89715],[-43.96109,-19.89678],[-43.96098,-19.89632],[-43.96046,-19.89526],[-43.95995,-19.89427],[-43.95985,-19.89411],[-43.95957,-19.89364],[-43.95927,-19.89328],[-43.95843,-19.89249],[-43.95798,-19.89205],[-43.95774,-19.89175],[-43.95781,-19.89165],[-43.95838,-19.89054],[-43.95861,-19.88997],[-43.9587,-19.88986],[-43.9591,-19.88949],[-43.95935,-19.88936],[-43.95968,-19.88904],[-43.96038,-19.88847],[-43.96063,-19.88821],[-43.96107,-19.88782],[-43.96125,-19.88771],[-43.96142,-19.88755],[-43.96221,-19.88688],[-43.96373,-19.88556],[-43.96458,-19.88488],[-43.96492,-19.88459],[-43.96501,-19.88448],[-43.96527,-19.88427],[-43.96552,-19.88401],[-43.96551,-19.88389],[-43.96506,-19.88342],[-43.96438,-19.88304],[-43.96431,-19.88289],[-43.96441,-19.88165],[-43.96422,-19.88147],[-43.96425,-19.88115],[-43.9642,-19.88025],[-43.97579,-19.88028],[-43.98108,-19.88491],[-43.98185,-19.89615],[-43.98311,-19.8989],[-43.98312,-19.89897],[-43.98311,-19.89897],[-43.98287,-19.89905],[-43.98241,-19.89919],[-43.98188,-19.89933],[-43.98254,-19.90056],[-43.98273,-19.90102],[-43.98257,-19.90128],[-43.98261,-19.90169],[-43.98338,-19.90271]],[[-43.98168,-19.89897],[-43.98044,-19.89663],[-43.9792,-19.89457],[-43.97921,-19.89456],[-43.97883,-19.89392],[-43.97795,-19.89302],[-43.97692,-19.89234],[-43.97647,-19.89213],[-43.9759,-19.89183],[-43.97551,-19.89193],[-43.97444,-19.8919],[-43.97394,-19.89181],[-43.97354,-19.89169],[-43.97242,-19.89122],[-43.97188,-19.89204],[-43.97169,-19.89226],[-43.97151,-19.8926],[-43.97132,-19.89313],[-43.9713,-19.89338],[-43.97144,-19.89477],[-43.97148,-19.89499],[-43.97164,-19.89544],[-43.97162,-19.89555],[-43.97159,-19.89564],[-43.97113,-19.89626],[-43.9706,-19.89691],[-43.96904,-19.89822],[-43.96875,-19.89957],[-43.96879,-19.89967],[-43.96871,-19.89975],[-43.96823,-19.90007],[-43.96996,-19.90126],[-43.97013,-19.90144],[-43.97183,-19.90393],[-43.97196,-19.90401],[-43.97199,-19.90295],[-43.97201,-19.90178],[-43.97267,-19.90184],[-43.97356,-19.90187],[-43.97361,-19.90193],[-43.97384,-19.90193],[-43.97475,-19.90202],[-43.97499,-19.90185],[-43.97535,-19.90234],[-43.9755,-19.90234],[-43.97556,-19.90224],[-43.97673,-19.90142],[-43.9781,-19.90074],[-43.97881,-19.90037],[-43.97883,-19.90025],[-43.97879,-19.90014],[-43.97862,-19.8998],[-43.97999,-19.89898],[-43.9802,-19.89911],[-43.98024,-19.90019],[-43.98038,-19.89999],[-43.98063,-19.89995],[-43.98096,-19.89995],[-43.98143,-19.89992],[-43.98154,-19.89978],[-43.98144,-19.89917],[-43.98168,-19.89897]]],[[[-43.96871,-19.91901],[-43.96837,-19.91877],[-43.96851,-19.91886],[-43.96871,-19.91901]]],[[[-43.9644,-19.88391],[-43.95915,-19.88219],[-43.95803,-19.88182],[-43.95881,-19.88207],[-43.9644,-19.88391]]],[[[-43.96335,-19.9145],[-43.96294,-19.91447],[-43.96229,-19.9146],[-43.96257,-19.91527],[-43.96229,-19.91534],[-43.96208,-19.9155],[-43.96214,-19.91559],[-43.9621,-19.91562],[-43.96176,-19.91577],[-43.96169,-19.91568],[-43.96157,-19.91574],[-43.96136,-19.91589],[-43.96118,-19.91568],[-43.96151,-19.91551],[-43.96131,-19.91522],[-43.9617,-19.91495],[-43.96158,-19.9148],[-43.96185,-19.91463],[-43.96158,-19.91417],[-43.9615,-19.91423],[-43.96143,-19.91412],[-43.96135,-19.91383],[-43.96122,-19.91353],[-43.96088,-19.91375],[-43.96074,-19.91355],[-43.96105,-19.91335],[-43.96099,-19.91323],[-43.96067,-19.91343],[-43.96041,-19.91307],[-43.96083,-19.91284],[-43.96074,-19.91269],[-43.96094,-19.91256],[-43.96124,-19.91269],[-43.96132,-19.91267],[-43.96176,-19.91351],[-43.96187,-19.91349],[-43.96223,-19.91453],[-43.96252,-19.91444],[-43.96291,-19.9144],[-43.96316,-19.91442],[-43.96334,-19.91441],[-43.96335,-19.9145]]],[[[-43.96333,-19.88058],[-43.96255,-19.88124],[-43.96245,-19.88114],[-43.96265,-19.88099],[-43.96252,-19.88087],[-43.96284,-19.8806],[-43.96279,-19.88054],[-43.96307,-19.8803],[-43.96326,-19.8805],[-43.96333,-19.88058]]],[[[-43.95908,-19.90827],[-43.95682,-19.90941],[-43.95649,-19.90966],[-43.95638,-19.90976],[-43.95605,-19.91014],[-43.9543,-19.91338],[-43.95421,-19.91349],[-43.95406,-19.91365],[-43.9539,-19.91377],[-43.95369,-19.91389],[-43.95356,-19.91395],[-43.95262,-19.91412],[-43.95212,-19.91415],[-43.9516,-19.91411],[-43.95068,-19.9138],[-43.9506,-19.91378],[-43.95258,-19.90585],[-43.95635,-19.90589],[-43.95713,-19.90592],[-43.95719,-19.90619],[-43.95736,-19.90627],[-43.95876,-19.9083],[-43.9588,-19.90841],[-43.95908,-19.90827]]],[[[-43.95652,-19.91861],[-43.95487,-19.91796],[-43.95621,-19.91848],[-43.95652,-19.91861]]],[[[-43.95616,-19.88834],[-43.95614,-19.88905],[-43.95607,-19.8891],[-43.95591,-19.88918],[-43.95578,-19.88902],[-43.95555,-19.8888],[-43.95564,-19.88868],[-43.95583,-19.88848],[-43.95558,-19.88827],[-43.95564,-19.88785],[-43.9557,-19.8878],[-43.95577,-19.88792],[-43.9559,-19.88809],[-43.95616,-19.88834]]],[[[-43.95593,-19.89902],[-43.95428,-19.89871],[-43.95428,-19.8987],[-43.95593,-19.89902]]],[[[-43.95102,-19.92603],[-43.94943,-19.92513],[-43.95011,-19.92551],[-43.95102,-19.92603]]]]}},{"type":"Feature","properties":{"territory_id":"mg-3106200-calafate","name":"Calafate","municipality_id":"mg-3106200","polling_places":3,"approx":false,"official":true,"method":"official-ibge-cd2022","whole_municipality":false,"approx_coords_only":false,"official_name":"Calafate","official_code":"3106200128","match":"direct"},"geometry":{"type":"MultiPolygon","coordinates":[[[[-43.96709,-19.92678],[-43.96654,-19.92751],[-43.96642,-19.92794],[-43.96707,-19.92808],[-43.96772,-19.92824],[-43.96764,-19.92779],[-43.96772,-19.92763],[-43.96915,-19.92804],[-43.96934,-19.92739],[-43.9696,-19.92739],[-43.96987,-19.92725],[-43.97087,-19.9268],[-43.97151,-19.92697],[-43.97178,-19.92702],[-43.97173,-19.92786],[-43.97171,-19.92865],[-43.97222,-19.92796],[-43.97231,-19.92772],[-43.97239,-19.92738],[-43.97241,-19.92735],[-43.97266,-19.92728],[-43.97271,-19.92745],[-43.97291,-19.9279],[-43.97298,-19.92795],[-43.97305,-19.92797],[-43.97409,-19.92772],[-43.97562,-19.92745],[-43.97635,-19.92734],[-43.97655,-19.92734],[-43.97713,-19.92738],[-43.97744,-19.92744],[-43.97829,-19.92765],[-43.97982,-19.92798],[-43.9808,-19.92841],[-43.9812,-19.92859],[-43.98199,-19.92907],[-43.98215,-19.9292],[-43.98249,-19.92974],[-43.98268,-19.92964],[-43.98294,-19.92954],[-43.98308,-19.92954],[-43.98315,-19.92957],[-43.98322,-19.92969],[-43.98321,-19.92996],[-43.98333,-19.93005],[-43.98337,-19.92977],[-43.98337,-19.92944],[-43.98332,-19.92904],[-43.98292,-19.92753],[-43.98285,-19.92723],[-43.98296,-19.9268],[-43.98306,-19.9266],[-43.98321,-19.92644],[-43.98351,-19.92625],[-43.98352,-19.92621],[-43.9841,-19.92593],[-43.98436,-19.92553],[-43.9844,-19.92512],[-43.98424,-19.92453],[-43.98365,-19.92441],[-43.98321,-19.92429],[-43.98278,-19.92371],[-43.98274,-19.92323],[-43.98279,-19.92307],[-43.98295,-19.92276],[-43.9831,-19.92263],[-43.98326,-19.92255],[-43.98347,-19.92248],[-43.98369,-19.92239],[-43.98347,-19.92234],[-43.98266,-19.92228],[-43.9821,-19.92239],[-43.98102,-19.92294],[-43.97998,-19.92325],[-43.97962,-19.92337],[-43.97878,-19.92363],[-43.97809,-19.92371],[-43.97769,-19.92371],[-43.97711,-19.92364],[-43.97574,-19.9233],[-43.97412,-19.92293],[-43.9734,-19.92273],[-43.97251,-19.92239],[-43.97036,-19.92137],[-43.97018,-19.92126],[-43.96997,-19.92104],[-43.96979,-19.92079],[-43.9695,-19.9202],[-43.9689,-19.91921],[-43.96871,-19.91901],[-43.96822,-19.91866],[-43.96816,-19.91892],[-43.96793,-19.91969],[-43.96798,-19.91976],[-43.96792,-19.91993],[-43.96761,-19.92105],[-43.96736,-19.92149],[-43.96713,-19.92138],[-43.9669,-19.92144],[-43.96724,-19.92258],[-43.96715,-19.92298],[-43.9667,-19.92309],[-43.96687,-19.92369],[-43.9661,-19.92657],[-43.96617,-19.92655],[-43.96674,-19.92669],[-43.96709,-19.92678]],[[-43.97568,-19.9248],[-43.97535,-19.92495],[-43.97487,-19.92533],[-43.97475,-19.92534],[-43.9747,-19.92525],[-43.97439,-19.92528],[-43.97424,-19.92522],[-43.97345,-19.92475],[-43.97337,-19.92464],[-43.97335,-19.92457],[-43.97335,-19.92436],[-43.97351,-19.92419],[-43.97366,-19.92424],[-43.97361,-19.92433],[-43.9736,-19.92439],[-43.97393,-19.92447],[-43.97432,-19.92445],[-43.97481,-19.92439],[-43.97572,-19.92422],[-43.97568,-19.9248]],[[-43.97846,-19.92416],[-43.97845,-19.92403],[-43.98175,-19.92387],[-43.98224,-19.92395],[-43.98238,-19.92399],[-43.98229,-19.92441],[-43.98269,-19.92458],[-43.98265,-19.92476],[-43.98305,-19.92485],[-43.983,-19.92502],[-43.98312,-19.92509],[-43.98304,-19.92521],[-43.98292,-19.92515],[-43.98287,-19.92503],[-43.98192,-19.92462],[-43.98086,-19.92428],[-43.98028,-19.92419],[-43.97967,-19.92421],[-43.97925,-19.92427],[-43.97888,-19.9244],[-43.97846,-19.92457],[-43.97846,-19.92416]]]]}},{"type":"Feature","properties":{"territory_id":"mg-3106200-california","name":"Califórnia","municipality_id":"mg-3106200","polling_places":1,"approx":false,"official":true,"method":"official-ibge-cd2022","whole_municipality":false,"approx_coords_only":false,"official_name":"Califórnia","official_code":"3106200201","match":"direct"},"geometry":{"type":"MultiPolygon","coordinates":[[[[-44.00958,-19.92134],[-44.00991,-19.92179],[-44.01001,-19.92206],[-44.01009,-19.92239],[-44.01007,-19.9224],[-44.01,-19.92243],[-44.01042,-19.92386],[-44.01037,-19.92423],[-44.01025,-19.92453],[-44.00999,-19.92474],[-44.00907,-19.92523],[-44.00907,-19.92531],[-44.00943,-19.92547],[-44.00948,-19.92551],[-44.00952,-19.92565],[-44.00961,-19.92579],[-44.00968,-19.92586],[-44.00808,-19.92629],[-44.00681,-19.92631],[-44.00607,-19.92636],[-44.00624,-19.92691],[-44.00685,-19.92869],[-44.00713,-19.92961],[-44.00731,-19.93042],[-44.00736,-19.93105],[-44.00743,-19.93277],[-44.00766,-19.93277],[-44.00813,-19.9328],[-44.00933,-19.93303],[-44.01052,-19.93323],[-44.01086,-19.93324],[-44.01132,-19.93322],[-44.01182,-19.93313],[-44.01226,-19.933],[-44.01278,-19.93275],[-44.01312,-19.93257],[-44.0135,-19.9323],[-44.01471,-19.93156],[-44.01553,-19.93129],[-44.01623,-19.93121],[-44.01702,-19.9313],[-44.01769,-19.93152],[-44.01922,-19.93237],[-44.0195,-19.93255],[-44.02141,-19.93346],[-44.0231,-19.93476],[-44.02369,-19.93505],[-44.02662,-19.93684],[-44.02705,-19.93709],[-44.02697,-19.93674],[-44.02691,-19.93655],[-44.02686,-19.93629],[-44.02686,-19.93619],[-44.02689,-19.93614],[-44.02689,-19.93606],[-44.02686,-19.93555],[-44.0268,-19.93511],[-44.02675,-19.93504],[-44.02654,-19.93488],[-44.02642,-19.93474],[-44.0261,-19.93451],[-44.02562,-19.93423],[-44.02552,-19.93422],[-44.02526,-19.93397],[-44.0247,-19.93365],[-44.0244,-19.93345],[-44.02455,-19.93287],[-44.02462,-19.93284],[-44.025,-19.93131],[-44.02529,-19.92978],[-44.02521,-19.92964],[-44.02525,-19.92956],[-44.02527,-19.92911],[-44.02516,-19.92869],[-44.02508,-19.92843],[-44.02504,-19.92824],[-44.02481,-19.92741],[-44.02442,-19.92669],[-44.02449,-19.92666],[-44.0242,-19.92622],[-44.02406,-19.92594],[-44.02373,-19.92541],[-44.02365,-19.92528],[-44.02358,-19.92524],[-44.02333,-19.92516],[-44.02285,-19.92511],[-44.02277,-19.92515],[-44.02262,-19.92509],[-44.02113,-19.9253],[-44.02074,-19.92437],[-44.02112,-19.92436],[-44.02163,-19.9242],[-44.02162,-19.9242],[-44.02198,-19.92392],[-44.02215,-19.92368],[-44.02235,-19.92332],[-44.02278,-19.92236],[-44.02287,-19.92211],[-44.02297,-19.92194],[-44.02352,-19.92146],[-44.02358,-19.92133],[-44.02355,-19.92127],[-44.02234,-19.91994],[-44.0212,-19.92],[-44.02089,-19.91996],[-44.02067,-19.9199],[-44.02052,-19.9198],[-44.02035,-19.91963],[-44.02027,-19.9195],[-44.0202,-19.91933],[-44.02012,-19.91889],[-44.02001,-19.91761],[-44.01885,-19.91667],[-44.01858,-19.91634],[-44.01839,-19.916],[-44.01824,-19.91565],[-44.01825,-19.91531],[-44.01843,-19.91489],[-44.01707,-19.91284],[-44.01666,-19.91229],[-44.01609,-19.91134],[-44.01593,-19.91116],[-44.01572,-19.91085],[-44.01516,-19.90996],[-44.01351,-19.909],[-44.01177,-19.90806],[-44.01029,-19.90757],[-44.00959,-19.90967],[-44.0094,-19.91015],[-44.00925,-19.91087],[-44.00912,-19.91116],[-44.00902,-19.91151],[-44.0085,-19.91161],[-44.00791,-19.91168],[-44.00769,-19.91166],[-44.00734,-19.91158],[-44.00719,-19.91162],[-44.00746,-19.91237],[-44.00802,-19.91349],[-44.00866,-19.91509],[-44.00901,-19.91603],[-44.00906,-19.91627],[-44.00954,-19.91705],[-44.00968,-19.91718],[-44.00997,-19.91737],[-44.00994,-19.91768],[-44.01028,-19.91795],[-44.01197,-19.91851],[-44.01335,-19.91886],[-44.01343,-19.91906],[-44.01338,-19.91931],[-44.01336,-19.91955],[-44.0133,-19.91969],[-44.01311,-19.9204],[-44.01017,-19.92062],[-44.00955,-19.92078],[-44.00959,-19.92093],[-44.00932,-19.92109],[-44.00951,-19.92132],[-44.00958,-19.92134]]]]}},{"type":"Feature","properties":{"territory_id":"mg-3106200-camargos","name":"Camargos","municipality_id":"mg-3106200","polling_places":2,"approx":false,"official":true,"method":"official-ibge-cd2022","whole_municipality":false,"approx_coords_only":false,"official_name":"Camargos","official_code":"3106200159","match":"direct"},"geometry":{"type":"MultiPolygon","coordinates":[[[[-44.01167,-19.94418],[-44.01221,-19.94467],[-44.01254,-19.94494],[-44.01288,-19.94518],[-44.01331,-19.94541],[-44.0137,-19.94554],[-44.01354,-19.94597],[-44.01342,-19.94595],[-44.01322,-19.94595],[-44.01301,-19.94598],[-44.01294,-19.94601],[-44.01303,-19.94628],[-44.01278,-19.94634],[-44.01261,-19.94646],[-44.01257,-19.94653],[-44.0127,-19.94649],[-44.01296,-19.94651],[-44.0133,-19.9466],[-44.01413,-19.94688],[-44.01451,-19.94694],[-44.0154,-19.94702],[-44.01579,-19.947],[-44.01614,-19.9469],[-44.01652,-19.94664],[-44.01662,-19.94654],[-44.01662,-19.94641],[-44.01669,-19.94617],[-44.01689,-19.94597],[-44.01691,-19.9459],[-44.01691,-19.94548],[-44.01758,-19.94542],[-44.01875,-19.94527],[-44.01998,-19.94483],[-44.02301,-19.94363],[-44.02382,-19.94352],[-44.02432,-19.94216],[-44.02514,-19.93967],[-44.02551,-19.93867],[-44.02574,-19.93792],[-44.02614,-19.93746],[-44.02627,-19.93747],[-44.02641,-19.93759],[-44.02647,-19.93758],[-44.02651,-19.93734],[-44.02654,-19.93728],[-44.02658,-19.93724],[-44.02665,-19.93722],[-44.02676,-19.93721],[-44.02695,-19.9373],[-44.02703,-19.93729],[-44.02706,-19.93725],[-44.02705,-19.93709],[-44.02662,-19.93684],[-44.02369,-19.93505],[-44.0231,-19.93476],[-44.02141,-19.93346],[-44.0195,-19.93255],[-44.01847,-19.93195],[-44.01816,-19.93229],[-44.01794,-19.93267],[-44.01784,-19.93291],[-44.01778,-19.93328],[-44.0177,-19.9347],[-44.01668,-19.93746],[-44.01656,-19.93784],[-44.01641,-19.93806],[-44.01612,-19.93864],[-44.01629,-19.93876],[-44.01588,-19.93943],[-44.01559,-19.93944],[-44.01488,-19.93897],[-44.01454,-19.93885],[-44.01421,-19.9388],[-44.01417,-19.93873],[-44.01392,-19.93867],[-44.01384,-19.93873],[-44.01313,-19.93882],[-44.01301,-19.9388],[-44.01254,-19.9389],[-44.01242,-19.93889],[-44.01226,-19.93885],[-44.01199,-19.93874],[-44.01162,-19.93867],[-44.01089,-19.93859],[-44.01008,-19.93865],[-44.01008,-19.93851],[-44.0094,-19.93854],[-44.00871,-19.9388],[-44.00797,-19.93892],[-44.00768,-19.939],[-44.00784,-19.94289],[-44.00791,-19.94419],[-44.0079,-19.94487],[-44.00799,-19.9467],[-44.00809,-19.94736],[-44.00811,-19.94766],[-44.00918,-19.94815],[-44.00897,-19.94836],[-44.00885,-19.94909],[-44.00911,-19.9491],[-44.00917,-19.94908],[-44.00927,-19.94912],[-44.0094,-19.94911],[-44.00963,-19.9492],[-44.00995,-19.94942],[-44.01001,-19.94934],[-44.01036,-19.94904],[-44.01054,-19.94871],[-44.0098,-19.94839],[-44.01012,-19.94774],[-44.01019,-19.94754],[-44.01074,-19.94652],[-44.01083,-19.94629],[-44.01105,-19.94585],[-44.01102,-19.94563],[-44.01078,-19.94563],[-44.01089,-19.94544],[-44.01123,-19.94525],[-44.01147,-19.94517],[-44.01142,-19.94514],[-44.01157,-19.94478],[-44.01157,-19.94473],[-44.01127,-19.94473],[-44.01127,-19.94424],[-44.01167,-19.94418]]]]}},{"type":"Feature","properties":{"territory_id":"mg-3106200-campo-alegre","name":"Campo Alegre","municipality_id":"mg-3106200","polling_places":1,"approx":false,"official":true,"method":"official-ibge-cd2022","whole_municipality":false,"approx_coords_only":false,"official_name":"Campo Alegre","official_code":"3106200427","match":"direct"},"geometry":{"type":"MultiPolygon","coordinates":[[[[-43.94756,-19.82925],[-43.94735,-19.82908],[-43.94722,-19.82878],[-43.94713,-19.82847],[-43.94699,-19.82825],[-43.94592,-19.82715],[-43.94566,-19.82684],[-43.94523,-19.82731],[-43.94511,-19.82761],[-43.94497,-19.8282],[-43.94492,-19.82854],[-43.94488,-19.82925],[-43.94566,-19.83235],[-43.94611,-19.83336],[-43.94631,-19.83388],[-43.94699,-19.83362],[-43.94713,-19.83351],[-43.9477,-19.83336],[-43.9486,-19.83316],[-43.9489,-19.83305],[-43.94897,-19.83301],[-43.94903,-19.83289],[-43.94906,-19.83278],[-43.94925,-19.8325],[-43.9493,-19.83239],[-43.94935,-19.83207],[-43.94936,-19.83189],[-43.94935,-19.83156],[-43.94931,-19.8312],[-43.94917,-19.83079],[-43.94906,-19.83041],[-43.94891,-19.83022],[-43.94807,-19.8296],[-43.9479,-19.82945],[-43.94776,-19.82938],[-43.94756,-19.82925]]]]}},{"type":"Feature","properties":{"territory_id":"mg-3106200-capitao-eduardo","name":"Capitão Eduardo","municipality_id":"mg-3106200","polling_places":1,"approx":false,"official":true,"method":"official-ibge-cd2022","whole_municipality":false,"approx_coords_only":false,"official_name":"Capitão Eduardo","official_code":"3106200411","match":"direct"},"geometry":{"type":"MultiPolygon","coordinates":[[[[-43.88199,-19.83786],[-43.88228,-19.83786],[-43.88307,-19.83799],[-43.88417,-19.83829],[-43.88463,-19.83847],[-43.88496,-19.83875],[-43.88512,-19.83897],[-43.8852,-19.8391],[-43.88536,-19.8397],[-43.88539,-19.83972],[-43.88544,-19.83972],[-43.88551,-19.83968],[-43.88551,-19.83963],[-43.88539,-19.83898],[-43.88529,-19.83866],[-43.88526,-19.83848],[-43.88514,-19.83817],[-43.88549,-19.83773],[-43.88613,-19.83705],[-43.88604,-19.83689],[-43.88647,-19.83658],[-43.88659,-19.83668],[-43.88689,-19.83631],[-43.88696,-19.83602],[-43.88691,-19.83579],[-43.88671,-19.8358],[-43.88647,-19.83564],[-43.88639,-19.83569],[-43.88629,-19.83572],[-43.88616,-19.83569],[-43.88581,-19.83542],[-43.88604,-19.83517],[-43.88592,-19.83506],[-43.88623,-19.8346],[-43.88641,-19.83437],[-43.88655,-19.83403],[-43.88673,-19.83373],[-43.88613,-19.83298],[-43.88584,-19.83302],[-43.88573,-19.8331],[-43.88511,-19.83344],[-43.88475,-19.83354],[-43.88466,-19.83358],[-43.88436,-19.8336],[-43.88382,-19.83377],[-43.88376,-19.83373],[-43.88359,-19.83375],[-43.88333,-19.83375],[-43.88323,-19.83374],[-43.88304,-19.83366],[-43.88273,-19.83366],[-43.88245,-19.8337],[-43.88211,-19.83379],[-43.88185,-19.83384],[-43.88154,-19.83361],[-43.88172,-19.83339],[-43.88179,-19.83344],[-43.88186,-19.83335],[-43.88203,-19.83347],[-43.88335,-19.83182],[-43.88369,-19.83143],[-43.88392,-19.83114],[-43.88402,-19.83099],[-43.88436,-19.83057],[-43.88441,-19.83053],[-43.88447,-19.83051],[-43.88461,-19.83053],[-43.88469,-19.83032],[-43.88473,-19.83032],[-43.88508,-19.83043],[-43.88586,-19.83057],[-43.88625,-19.83059],[-43.88648,-19.83057],[-43.88678,-19.83058],[-43.88694,-19.83056],[-43.88755,-19.83014],[-43.88912,-19.82932],[-43.8895,-19.82912],[-43.88967,-19.82933],[-43.88958,-19.83],[-43.88946,-19.83154],[-43.88945,-19.83179],[-43.88955,-19.83208],[-43.88999,-19.83208],[-43.89043,-19.83212],[-43.89043,-19.83209],[-43.89073,-19.83208],[-43.89073,-19.83218],[-43.89086,-19.83219],[-43.89097,-19.8321],[-43.89099,-19.83197],[-43.89107,-19.83186],[-43.89117,-19.83176],[-43.89152,-19.83145],[-43.89169,-19.83157],[-43.89185,-19.83129],[-43.89204,-19.83109],[-43.89219,-19.83097],[-43.8924,-19.83089],[-43.89254,-19.83087],[-43.89268,-19.83086],[-43.89337,-19.83092],[-43.89348,-19.83091],[-43.89361,-19.83087],[-43.89383,-19.83073],[-43.89405,-19.8305],[-43.89418,-19.83032],[-43.89426,-19.83007],[-43.89431,-19.82984],[-43.89437,-19.82967],[-43.89447,-19.82953],[-43.89479,-19.82926],[-43.89495,-19.82918],[-43.8951,-19.82915],[-43.8952,-19.82914],[-43.89542,-19.82918],[-43.89555,-19.82918],[-43.89582,-19.82915],[-43.89595,-19.82912],[-43.89606,-19.82909],[-43.89617,-19.82903],[-43.89639,-19.82888],[-43.89646,-19.82881],[-43.89657,-19.82864],[-43.89668,-19.82827],[-43.89671,-19.8281],[-43.89671,-19.82797],[-43.89676,-19.82775],[-43.89689,-19.82742],[-43.89698,-19.8273],[-43.8971,-19.82719],[-43.89724,-19.82711],[-43.89749,-19.82704],[-43.89779,-19.8269],[-43.89797,-19.8268],[-43.89807,-19.82673],[-43.89825,-19.82656],[-43.89832,-19.82646],[-43.89838,-19.82632],[-43.89847,-19.82578],[-43.89841,-19.82561],[-43.89833,-19.82549],[-43.89816,-19.82529],[-43.89751,-19.82488],[-43.89736,-19.8247],[-43.89729,-19.82455],[-43.89725,-19.82433],[-43.89723,-19.82417],[-43.89727,-19.82398],[-43.89731,-19.82385],[-43.89744,-19.82366],[-43.89756,-19.82353],[-43.89774,-19.82341],[-43.89869,-19.82306],[-43.89936,-19.82278],[-43.89932,-19.82269],[-43.89898,-19.82159],[-43.89889,-19.82165],[-43.8987,-19.82166],[-43.89839,-19.82193],[-43.89777,-19.82209],[-43.89696,-19.82193],[-43.89642,-19.82188],[-43.89503,-19.822],[-43.89381,-19.82205],[-43.89338,-19.82211],[-43.89304,-19.82214],[-43.89247,-19.82213],[-43.89181,-19.82227],[-43.89137,-19.82222],[-43.89078,-19.8221],[-43.89012,-19.82204],[-43.88983,-19.82179],[-43.88943,-19.82155],[-43.88913,-19.82141],[-43.88847,-19.82123],[-43.88818,-19.82117],[-43.88709,-19.82139],[-43.88673,-19.82156],[-43.88628,-19.82148],[-43.88595,-19.82153],[-43.8856,-19.82173],[-43.88525,-19.82176],[-43.88432,-19.82171],[-43.88371,-19.82218],[-43.88317,-19.82248],[-43.88296,-19.82285],[-43.88272,-19.82322],[-43.88147,-19.82308],[-43.88076,-19.82314],[-43.8801,-19.82293],[-43.87947,-19.82233],[-43.87908,-19.82168],[-43.87941,-19.82155],[-43.88047,-19.82092],[-43.88118,-19.82007],[-43.88113,-19.81988],[-43.8808,-19.8197],[-43.87949,-19.81929],[-43.87924,-19.81782],[-43.87898,-19.81703],[-43.87909,-19.81601],[-43.87907,-19.81565],[-43.87849,-19.81519],[-43.87842,-19.81516],[-43.87888,-19.81461],[-43.8791,-19.81429],[-43.87921,-19.81399],[-43.87897,-19.8137],[-43.87865,-19.81375],[-43.87853,-19.81394],[-43.87836,-19.81395],[-43.87802,-19.81378],[-43.87784,-19.81375],[-43.87762,-19.81346],[-43.87738,-19.81327],[-43.87703,-19.81313],[-43.87673,-19.81314],[-43.87655,-19.81328],[-43.87641,-19.81385],[-43.87635,-19.81438],[-43.8763,-19.81469],[-43.87616,-19.81804],[-43.8756,-19.81921],[-43.87444,-19.82022],[-43.87343,-19.82037],[-43.8712,-19.82029],[-43.87004,-19.81974],[-43.86937,-19.82021],[-43.86901,-19.82081],[-43.86885,-19.82149],[-43.86891,-19.82295],[-43.86892,-19.82435],[-43.86873,-19.82516],[-43.86823,-19.82564],[-43.86709,-19.82569],[-43.86577,-19.82568],[-43.8645,-19.82564],[-43.86332,-19.82577],[-43.86273,-19.8259],[-43.86227,-19.82604],[-43.86194,-19.82626],[-43.86179,-19.82652],[-43.8617,-19.82692],[-43.8618,-19.82752],[-43.86199,-19.82777],[-43.86214,-19.82809],[-43.86225,-19.8283],[-43.86236,-19.82844],[-43.86375,-19.82979],[-43.8647,-19.83081],[-43.86519,-19.83118],[-43.8656,-19.83081],[-43.86618,-19.83136],[-43.86648,-19.83184],[-43.86688,-19.83265],[-43.86707,-19.83256],[-43.86717,-19.83254],[-43.86701,-19.8324],[-43.86685,-19.83212],[-43.86665,-19.83166],[-43.86646,-19.83116],[-43.86618,-19.83067],[-43.86609,-19.83045],[-43.86604,-19.83026],[-43.86602,-19.82999],[-43.86604,-19.82963],[-43.86611,-19.82924],[-43.86636,-19.82858],[-43.86653,-19.82831],[-43.8667,-19.8281],[-43.86692,-19.82789],[-43.86716,-19.82769],[-43.86757,-19.82741],[-43.86843,-19.82691],[-43.86933,-19.82857],[-43.86961,-19.82891],[-43.86967,-19.82932],[-43.86972,-19.8295],[-43.86987,-19.8297],[-43.87001,-19.82969],[-43.87006,-19.8298],[-43.86999,-19.83006],[-43.86998,-19.8303],[-43.86971,-19.83038],[-43.86967,-19.83073],[-43.86976,-19.83084],[-43.86981,-19.83088],[-43.87051,-19.82999],[-43.87073,-19.8301],[-43.87111,-19.83042],[-43.8722,-19.83108],[-43.87298,-19.8316],[-43.8733,-19.83189],[-43.87353,-19.83268],[-43.87382,-19.83302],[-43.87391,-19.8332],[-43.87389,-19.8338],[-43.87398,-19.83388],[-43.87448,-19.83411],[-43.8746,-19.83431],[-43.87458,-19.83445],[-43.87318,-19.83589],[-43.87247,-19.8363],[-43.87121,-19.83864],[-43.87152,-19.83897],[-43.8716,-19.83922],[-43.87164,-19.83945],[-43.87171,-19.83967],[-43.87181,-19.83984],[-43.87196,-19.84],[-43.87223,-19.84017],[-43.8724,-19.84025],[-43.8726,-19.84031],[-43.87281,-19.84034],[-43.87295,-19.84039],[-43.87336,-19.84074],[-43.87342,-19.84084],[-43.87371,-19.84112],[-43.87441,-19.84091],[-43.87586,-19.84029],[-43.87879,-19.83909],[-43.8801,-19.83851],[-43.88122,-19.83805],[-43.88143,-19.83797],[-43.88187,-19.83787],[-43.88199,-19.83786]]]]}},{"type":"Feature","properties":{"territory_id":"mg-3106200-cardoso-barreiro-de-cima","name":"Cardoso - Barreiro de Cima","municipality_id":"mg-3106200","polling_places":2,"approx":true,"official":false,"method":"voronoi-polling-places","whole_municipality":false,"approx_coords_only":false},"geometry":{"type":"MultiPolygon","coordinates":[[[[-44.01555,-20.00368],[-44.015,-20.01607],[-43.99791,-20.04717],[-43.995,-20.03847],[-44.00537,-20.00159],[-44.00357,-19.99877],[-44.0037,-19.99864],[-44.00384,-19.99855],[-44.00387,-19.99847],[-44.00386,-19.99839],[-44.00371,-19.9983],[-44.00365,-19.99832],[-44.00362,-19.99817],[-44.00371,-19.99814],[-44.00379,-19.99815],[-44.00388,-19.99803],[-44.00393,-19.99801],[-44.00399,-19.99802],[-44.004,-19.99807],[-44.00398,-19.99812],[-44.00403,-19.99818],[-44.00441,-19.99828],[-44.0045,-19.99828],[-44.00456,-19.99824],[-44.00466,-19.99806],[-44.00492,-19.99792],[-44.00502,-19.99793],[-44.00506,-19.99801],[-44.00517,-19.99808],[-44.00536,-19.99827],[-44.00539,-19.99834],[-44.00542,-19.99834],[-44.00551,-19.99832],[-44.00575,-19.99809],[-44.00604,-19.99791],[-44.0064,-19.99763],[-44.00648,-19.99734],[-44.00651,-19.99729],[-44.00635,-19.9972],[-44.00607,-19.99724],[-44.00582,-19.99724],[-44.00583,-19.99716],[-44.00594,-19.99705],[-44.006,-19.99679],[-44.00612,-19.99641],[-44.00617,-19.99632],[-44.00629,-19.99629],[-44.00657,-19.99631],[-44.00673,-19.99638],[-44.0069,-19.99637],[-44.00692,-19.99633],[-44.00695,-19.99632],[-44.0069,-19.99615],[-44.00673,-19.9961],[-44.01362,-19.99668],[-44.01339,-19.99744],[-44.01313,-19.99825],[-44.00923,-19.99704],[-44.01019,-20.00212],[-44.01348,-20.00307],[-44.01555,-20.00368]]]]}},{"type":"Feature","properties":{"territory_id":"mg-3106200-cardoso-urucuia","name":"Cardoso/urucuia","municipality_id":"mg-3106200","polling_places":1,"approx":true,"official":false,"method":"voronoi-polling-places","whole_municipality":false,"approx_coords_only":false},"geometry":{"type":"MultiPolygon","coordinates":[[[[-44.00537,-20.00159],[-43.995,-20.03847],[-43.9934,-20.0337],[-43.96506,-20.00293],[-43.96513,-20.0026],[-43.96506,-20.00183],[-43.9648,-20.00129],[-43.96464,-20.00106],[-43.96663,-19.99935],[-43.96684,-19.99939],[-43.96851,-20.00035],[-43.96974,-20.0011],[-43.97727,-20.00541],[-43.98049,-20.00457],[-43.97987,-20.00401],[-43.98043,-20.004],[-43.98074,-20.00389],[-43.98094,-20.00374],[-43.98111,-20.0035],[-43.9811,-20.00301],[-43.98049,-20.00205],[-43.98047,-20.00167],[-43.98064,-20.00132],[-43.98073,-20.00101],[-43.98074,-20.00031],[-43.98079,-19.99963],[-43.98106,-19.99925],[-43.98117,-19.999],[-43.98106,-19.99856],[-43.98386,-20.00011],[-43.9872,-20.00126],[-43.98829,-20.00176],[-43.98927,-20.00126],[-43.99184,-20.00239],[-43.99282,-20.00191],[-43.99331,-20.00093],[-43.99344,-20.00058],[-43.99359,-20.00027],[-43.99403,-19.99936],[-43.99455,-19.9995],[-43.99512,-19.99861],[-43.99524,-19.99851],[-43.99539,-19.99829],[-43.99615,-19.99772],[-43.99835,-19.99664],[-43.99855,-19.99663],[-43.99864,-19.99666],[-43.99873,-19.99662],[-43.99901,-19.9967],[-43.99952,-19.99692],[-43.99962,-19.99715],[-44.00067,-19.99887],[-44.00092,-19.99873],[-44.00113,-19.99915],[-44.00126,-19.99934],[-44.00153,-19.99958],[-44.00253,-19.99988],[-44.00269,-19.99946],[-44.00277,-19.99941],[-44.00286,-19.99938],[-44.00306,-19.99936],[-44.00343,-19.99925],[-44.00337,-19.99906],[-44.00339,-19.99892],[-44.00353,-19.99881],[-44.00357,-19.99877],[-44.00537,-20.00159]]],[[[-43.99691,-19.99463],[-43.99541,-19.99524],[-43.99554,-19.99548],[-43.9953,-19.9956],[-43.99516,-19.99537],[-43.99365,-19.99622],[-43.99335,-19.99645],[-43.99322,-19.9966],[-43.99309,-19.99686],[-43.99275,-19.99743],[-43.99239,-19.9982],[-43.99221,-19.99817],[-43.9921,-19.9985],[-43.99162,-19.99842],[-43.99143,-19.99834],[-43.99125,-19.99824],[-43.99116,-19.99821],[-43.99094,-19.99823],[-43.99077,-19.99822],[-43.99074,-19.99828],[-43.99064,-19.99837],[-43.99072,-19.99847],[-43.99021,-19.99953],[-43.98972,-20.00035],[-43.9897,-20.00011],[-43.9895,-19.99981],[-43.98942,-19.99956],[-43.98932,-19.99943],[-43.98903,-19.99931],[-43.98855,-19.99893],[-43.98852,-19.99885],[-43.98842,-19.99871],[-43.98827,-19.99862],[-43.98822,-19.99851],[-43.98809,-19.99844],[-43.98783,-19.99818],[-43.98768,-19.99806],[-43.98734,-19.99798],[-43.98715,-19.9979],[-43.98709,-19.99782],[-43.98706,-19.99764],[-43.98712,-19.99746],[-43.98726,-19.99727],[-43.98728,-19.99716],[-43.98713,-19.99703],[-43.98704,-19.99699],[-43.98694,-19.99685],[-43.98694,-19.99672],[-43.987,-19.9966],[-43.98701,-19.99644],[-43.98692,-19.99626],[-43.98693,-19.9962],[-43.98702,-19.99611],[-43.98707,-19.99599],[-43.98704,-19.99592],[-43.98706,-19.99578],[-43.9871,-19.99567],[-43.98729,-19.99559],[-43.98734,-19.99548],[-43.98732,-19.99528],[-43.98737,-19.99516],[-43.98733,-19.99506],[-43.9873,-19.99492],[-43.9874,-19.99472],[-43.98741,-19.99456],[-43.98727,-19.99432],[-43.98729,-19.99422],[-43.98735,-19.99419],[-43.98746,-19.99398],[-43.98739,-19.99364],[-43.98743,-19.99347],[-43.98741,-19.99327],[-43.98735,-19.99311],[-43.98741,-19.99302],[-43.98735,-19.99289],[-43.98729,-19.9928],[-43.98727,-19.99257],[-43.98732,-19.99244],[-43.98741,-19.99239],[-43.98754,-19.99235],[-43.98759,-19.99227],[-43.98765,-19.99207],[-43.98773,-19.99197],[-43.98793,-19.99196],[-43.98801,-19.99188],[-43.98826,-19.99201],[-43.98863,-19.99162],[-43.98883,-19.99158],[-43.98903,-19.99157],[-43.98939,-19.99158],[-43.98974,-19.99165],[-43.99037,-19.99189],[-43.99075,-19.99207],[-43.99115,-19.99214],[-43.99127,-19.99219],[-43.99144,-19.99231],[-43.99162,-19.99238],[-43.99219,-19.99249],[-43.99252,-19.9926],[-43.99269,-19.99253],[-43.99296,-19.99271],[-43.99336,-19.993],[-43.9936,-19.99284],[-43.99368,-19.99294],[-43.9939,-19.99304],[-43.99411,-19.99296],[-43.99467,-19.99326],[-43.99488,-19.99345],[-43.99505,-19.99346],[-43.99529,-19.99368],[-43.99565,-19.99386],[-43.99691,-19.99463]]],[[[-43.98523,-19.98706],[-43.9852,-19.98707],[-43.98516,-19.98702],[-43.98523,-19.98706]]],[[[-43.98465,-19.98675],[-43.98461,-19.98675],[-43.98459,-19.98672],[-43.98465,-19.98675]]],[[[-43.97824,-19.9976],[-43.97412,-19.99833],[-43.9751,-19.99816],[-43.97824,-19.9976]]],[[[-43.97423,-19.99743],[-43.97421,-19.99758],[-43.97415,-19.99767],[-43.974,-19.99781],[-43.97404,-19.99805],[-43.97248,-19.99853],[-43.97243,-19.99833],[-43.97286,-19.99822],[-43.97287,-19.9981],[-43.97269,-19.99793],[-43.9731,-19.99748],[-43.9724,-19.99689],[-43.97255,-19.99676],[-43.97237,-19.99656],[-43.97209,-19.99623],[-43.97209,-19.99618],[-43.97182,-19.99593],[-43.97148,-19.9955],[-43.97151,-19.9953],[-43.97149,-19.99516],[-43.97237,-19.99439],[-43.97251,-19.99473],[-43.97284,-19.99473],[-43.97291,-19.99537],[-43.97306,-19.99571],[-43.97358,-19.9964],[-43.9742,-19.9973],[-43.97423,-19.99743]]],[[[-43.96831,-19.99806],[-43.96814,-19.9985],[-43.96765,-19.99846],[-43.96829,-19.99792],[-43.96831,-19.99806]]]]}},{"type":"Feature","properties":{"territory_id":"mg-3106200-carlos-prates","name":"Carlos Prates","municipality_id":"mg-3106200","polling_places":6,"approx":false,"official":true,"method":"official-ibge-cd2022","whole_municipality":false,"approx_coords_only":false,"official_name":"Carlos Prates","official_code":"3106200203","match":"direct"},"geometry":{"type":"MultiPolygon","coordinates":[[[[-43.96082,-19.91842],[-43.96123,-19.9178],[-43.96178,-19.91731],[-43.96215,-19.91706],[-43.96292,-19.91678],[-43.96327,-19.91674],[-43.96352,-19.9168],[-43.96377,-19.91682],[-43.96407,-19.91692],[-43.96471,-19.91709],[-43.966,-19.91738],[-43.96637,-19.91752],[-43.96661,-19.91765],[-43.96746,-19.9182],[-43.96772,-19.9173],[-43.96853,-19.91429],[-43.9688,-19.91443],[-43.9693,-19.91458],[-43.97003,-19.91182],[-43.96757,-19.91097],[-43.96732,-19.91087],[-43.96693,-19.91066],[-43.96544,-19.90975],[-43.96474,-19.90935],[-43.96408,-19.90894],[-43.96358,-19.90871],[-43.96249,-19.90834],[-43.96161,-19.90807],[-43.9611,-19.90799],[-43.96079,-19.90797],[-43.96051,-19.90797],[-43.96012,-19.908],[-43.95959,-19.9081],[-43.95908,-19.90827],[-43.95682,-19.90941],[-43.95649,-19.90966],[-43.95638,-19.90976],[-43.95605,-19.91014],[-43.9543,-19.91338],[-43.95421,-19.91349],[-43.95406,-19.91365],[-43.9539,-19.91377],[-43.95369,-19.91389],[-43.95356,-19.91395],[-43.95262,-19.91412],[-43.95212,-19.91415],[-43.9516,-19.91411],[-43.95068,-19.9138],[-43.95033,-19.91372],[-43.95018,-19.91366],[-43.94989,-19.91357],[-43.94888,-19.91306],[-43.9488,-19.913],[-43.94864,-19.91294],[-43.94831,-19.91284],[-43.94796,-19.91281],[-43.94528,-19.91292],[-43.94422,-19.91289],[-43.94401,-19.91294],[-43.94359,-19.9133],[-43.94345,-19.91351],[-43.94399,-19.91381],[-43.94425,-19.91403],[-43.94495,-19.91477],[-43.94544,-19.91535],[-43.94645,-19.91646],[-43.94678,-19.91676],[-43.94721,-19.91701],[-43.94757,-19.9172],[-43.94796,-19.91734],[-43.94847,-19.91738],[-43.94961,-19.9173],[-43.952,-19.91691],[-43.95382,-19.9167],[-43.95456,-19.9168],[-43.95487,-19.91796],[-43.95621,-19.91848],[-43.95756,-19.91904],[-43.95776,-19.91914],[-43.95823,-19.91916],[-43.95954,-19.91898],[-43.96018,-19.91886],[-43.96052,-19.91871],[-43.96064,-19.9186],[-43.96082,-19.91842]],[[-43.96335,-19.9145],[-43.96294,-19.91447],[-43.96229,-19.9146],[-43.96257,-19.91527],[-43.96229,-19.91534],[-43.96208,-19.9155],[-43.96214,-19.91559],[-43.9621,-19.91562],[-43.96176,-19.91577],[-43.96169,-19.91568],[-43.96157,-19.91574],[-43.96136,-19.91589],[-43.96118,-19.91568],[-43.96151,-19.91551],[-43.96131,-19.91522],[-43.9617,-19.91495],[-43.96158,-19.9148],[-43.96185,-19.91463],[-43.96158,-19.91417],[-43.9615,-19.91423],[-43.96143,-19.91412],[-43.96135,-19.91383],[-43.96122,-19.91353],[-43.96088,-19.91375],[-43.96074,-19.91355],[-43.96105,-19.91335],[-43.96099,-19.91323],[-43.96067,-19.91343],[-43.96041,-19.91307],[-43.96083,-19.91284],[-43.96074,-19.91269],[-43.96094,-19.91256],[-43.96124,-19.91269],[-43.96132,-19.91267],[-43.96176,-19.91351],[-43.96187,-19.91349],[-43.96223,-19.91453],[-43.96252,-19.91444],[-43.96291,-19.9144],[-43.96316,-19.91442],[-43.96334,-19.91441],[-43.96335,-19.9145]]]]}},{"type":"Feature","properties":{"territory_id":"mg-3106200-carmo","name":"Carmo","municipality_id":"mg-3106200","polling_places":2,"approx":false,"official":true,"method":"official-ibge-cd2022","whole_municipality":false,"approx_coords_only":false,"official_name":"Carmo","official_code":"3106200118","match":"direct"},"geometry":{"type":"MultiPolygon","coordinates":[[[[-43.93005,-19.94314],[-43.93112,-19.94699],[-43.93357,-19.94641],[-43.93375,-19.94641],[-43.93479,-19.94615],[-43.93448,-19.94499],[-43.93352,-19.94154],[-43.93317,-19.94022],[-43.93316,-19.9401],[-43.93308,-19.93988],[-43.93087,-19.93964],[-43.93002,-19.93957],[-43.92901,-19.93945],[-43.92976,-19.94215],[-43.93005,-19.94314]]]]}},{"type":"Feature","properties":{"territory_id":"mg-3106200-casa-branca","name":"Casa Branca","municipality_id":"mg-3106200","polling_places":1,"approx":false,"official":true,"method":"official-ibge-cd2022","whole_municipality":false,"approx_coords_only":false,"official_name":"Casa Branca","official_code":"3106200008","match":"direct"},"geometry":{"type":"MultiPolygon","coordinates":[[[[-43.88794,-19.90402],[-43.88822,-19.90411],[-43.88828,-19.90415],[-43.88841,-19.90414],[-43.88846,-19.90412],[-43.88964,-19.90343],[-43.88948,-19.90307],[-43.88952,-19.90302],[-43.88972,-19.90288],[-43.88988,-19.90284],[-43.88993,-19.90278],[-43.8902,-19.90184],[-43.89052,-19.90047],[-43.89091,-19.89899],[-43.89114,-19.89797],[-43.89124,-19.89792],[-43.89094,-19.89774],[-43.89072,-19.89763],[-43.88985,-19.89731],[-43.88972,-19.89724],[-43.88963,-19.89714],[-43.88944,-19.89669],[-43.88914,-19.89573],[-43.88904,-19.89547],[-43.88866,-19.89407],[-43.88801,-19.89217],[-43.88769,-19.89213],[-43.88744,-19.89215],[-43.88734,-19.89217],[-43.88707,-19.8923],[-43.88714,-19.89233],[-43.88607,-19.89337],[-43.88601,-19.89353],[-43.88575,-19.89469],[-43.88572,-19.8949],[-43.88584,-19.89526],[-43.88589,-19.89556],[-43.88571,-19.89607],[-43.88546,-19.89708],[-43.8854,-19.89812],[-43.8853,-19.89816],[-43.88523,-19.89836],[-43.8851,-19.89843],[-43.88495,-19.89863],[-43.88493,-19.89878],[-43.8848,-19.89887],[-43.88468,-19.89898],[-43.88458,-19.89899],[-43.88444,-19.89907],[-43.88435,-19.89913],[-43.88434,-19.89922],[-43.88443,-19.8993],[-43.88455,-19.89937],[-43.88458,-19.89945],[-43.88457,-19.89952],[-43.88448,-19.89957],[-43.88446,-19.89962],[-43.88443,-19.89974],[-43.88443,-19.8998],[-43.88447,-19.89988],[-43.88455,-19.89996],[-43.88455,-19.90005],[-43.8845,-19.9002],[-43.88446,-19.90026],[-43.88432,-19.90042],[-43.88423,-19.9005],[-43.88417,-19.90058],[-43.88416,-19.90068],[-43.88409,-19.9008],[-43.88399,-19.90108],[-43.88398,-19.90116],[-43.88399,-19.90124],[-43.88402,-19.90129],[-43.88416,-19.90139],[-43.88417,-19.90146],[-43.88403,-19.9015],[-43.88436,-19.90193],[-43.88448,-19.90212],[-43.88477,-19.9029],[-43.88477,-19.90316],[-43.88471,-19.90409],[-43.88474,-19.90445],[-43.8849,-19.90464],[-43.88501,-19.90473],[-43.88582,-19.90512],[-43.8861,-19.90535],[-43.88634,-19.9057],[-43.88658,-19.90594],[-43.88696,-19.90617],[-43.88715,-19.90622],[-43.88743,-19.90623],[-43.88781,-19.90607],[-43.88792,-19.90619],[-43.88824,-19.90584],[-43.88852,-19.90562],[-43.88877,-19.90537],[-43.88934,-19.90488],[-43.88891,-19.90449],[-43.88881,-19.90434],[-43.88869,-19.90423],[-43.88838,-19.90436],[-43.88824,-19.9044],[-43.88782,-19.9044],[-43.8875,-19.9043],[-43.88735,-19.90419],[-43.8872,-19.90404],[-43.887,-19.90375],[-43.88693,-19.90356],[-43.88659,-19.90239],[-43.88647,-19.9019],[-43.88668,-19.90182],[-43.887,-19.90163],[-43.88753,-19.90243],[-43.88769,-19.90265],[-43.88753,-19.9026],[-43.88749,-19.90266],[-43.88744,-19.90279],[-43.88737,-19.9031],[-43.88764,-19.90318],[-43.88759,-19.90333],[-43.88749,-19.90348],[-43.88745,-19.90376],[-43.88739,-19.90395],[-43.88766,-19.90411],[-43.8878,-19.90412],[-43.88793,-19.90404],[-43.88794,-19.90402]]]]}},{"type":"Feature","properties":{"territory_id":"mg-3106200-castanheirasconjunto-taquaril","name":"Castanheiras(conjunto Taquaril)","municipality_id":"mg-3106200","polling_places":1,"approx":true,"official":false,"method":"voronoi-polling-places","whole_municipality":false,"approx_coords_only":false},"geometry":{"type":"MultiPolygon","coordinates":[[[[-43.90128,-19.94068],[-43.90077,-19.94067],[-43.90055,-19.94064],[-43.90021,-19.94068],[-43.89982,-19.94061],[-43.89877,-19.94004],[-43.89775,-19.93978],[-43.89764,-19.93977],[-43.89753,-19.93983],[-43.89744,-19.93991],[-43.89725,-19.94024],[-43.89689,-19.94057],[-43.89689,-19.94066],[-43.89695,-19.94075],[-43.89712,-19.94085],[-43.89722,-19.94099],[-43.89703,-19.94197],[-43.89663,-19.94243],[-43.89645,-19.9425],[-43.89587,-19.94262],[-43.89567,-19.94269],[-43.8952,-19.94267],[-43.8945,-19.94251],[-43.89441,-19.94251],[-43.89435,-19.94253],[-43.89419,-19.94278],[-43.89413,-19.94283],[-43.89405,-19.94287],[-43.89298,-19.94295],[-43.8928,-19.94307],[-43.89276,-19.94317],[-43.89279,-19.94326],[-43.89289,-19.94341],[-43.89297,-19.94351],[-43.8701,-19.9279],[-43.87895,-19.91108],[-43.87905,-19.91119],[-43.87954,-19.91135],[-43.8804,-19.91108],[-43.88079,-19.91099],[-43.88129,-19.91157],[-43.88138,-19.9116],[-43.88147,-19.91161],[-43.88159,-19.91155],[-43.88164,-19.91201],[-43.88181,-19.91204],[-43.88192,-19.9121],[-43.88202,-19.91216],[-43.88209,-19.91224],[-43.88225,-19.91226],[-43.88254,-19.91238],[-43.88251,-19.91249],[-43.88264,-19.91262],[-43.88274,-19.91266],[-43.88285,-19.91275],[-43.88289,-19.91282],[-43.88361,-19.91304],[-43.8841,-19.91329],[-43.88422,-19.91419],[-43.88341,-19.91383],[-43.88333,-19.91416],[-43.88318,-19.91445],[-43.88302,-19.91464],[-43.88281,-19.91523],[-43.88292,-19.91586],[-43.88303,-19.91681],[-43.88339,-19.91697],[-43.88354,-19.91701],[-43.88349,-19.91725],[-43.88335,-19.91774],[-43.88297,-19.91772],[-43.88271,-19.91774],[-43.88217,-19.91787],[-43.88201,-19.91792],[-43.88174,-19.91817],[-43.88172,-19.91822],[-43.88151,-19.91934],[-43.88127,-19.92024],[-43.88097,-19.92162],[-43.88172,-19.92166],[-43.88219,-19.92166],[-43.88257,-19.92158],[-43.8834,-19.92145],[-43.88429,-19.92128],[-43.88444,-19.92127],[-43.88457,-19.92121],[-43.88476,-19.92107],[-43.88488,-19.92094],[-43.88634,-19.91952],[-43.88642,-19.91941],[-43.88683,-19.91901],[-43.88689,-19.91904],[-43.88802,-19.91946],[-43.88852,-19.9175],[-43.88858,-19.91737],[-43.8886,-19.91716],[-43.88816,-19.91687],[-43.88789,-19.91672],[-43.88779,-19.91671],[-43.88771,-19.91674],[-43.88762,-19.91682],[-43.88767,-19.9164],[-43.88771,-19.91628],[-43.88799,-19.9157],[-43.88805,-19.91524],[-43.88812,-19.91498],[-43.88804,-19.91443],[-43.88807,-19.91399],[-43.88812,-19.91368],[-43.88818,-19.9134],[-43.88825,-19.91323],[-43.88834,-19.91314],[-43.88848,-19.91292],[-43.88852,-19.91276],[-43.88855,-19.91259],[-43.88857,-19.91216],[-43.88852,-19.91151],[-43.88848,-19.91125],[-43.8884,-19.91106],[-43.88827,-19.91091],[-43.88792,-19.91033],[-43.88783,-19.91001],[-43.88773,-19.90951],[-43.88762,-19.90867],[-43.8876,-19.90856],[-43.88755,-19.90846],[-43.88737,-19.90819],[-43.88736,-19.908],[-43.88746,-19.90779],[-43.88754,-19.90768],[-43.88773,-19.90751],[-43.88828,-19.90686],[-43.88834,-19.90671],[-43.88831,-19.90657],[-43.88823,-19.90643],[-43.88792,-19.90619],[-43.88824,-19.90584],[-43.88852,-19.90562],[-43.88877,-19.90537],[-43.88934,-19.90488],[-43.88953,-19.90486],[-43.88966,-19.90479],[-43.88981,-19.90468],[-43.89001,-19.90449],[-43.89083,-19.90403],[-43.89115,-19.90388],[-43.89203,-19.90357],[-43.89241,-19.90348],[-43.8928,-19.90345],[-43.89311,-19.90351],[-43.89326,-19.90357],[-43.89343,-19.90367],[-43.89368,-19.9039],[-43.8945,-19.90476],[-43.89482,-19.90495],[-43.89507,-19.90507],[-43.89522,-19.90511],[-43.8953,-19.90519],[-43.89536,-19.90521],[-43.89509,-19.90627],[-43.89474,-19.9075],[-43.89478,-19.90759],[-43.8932,-19.91419],[-43.89239,-19.9154],[-43.89381,-19.91574],[-43.89324,-19.91818],[-43.89415,-19.91826],[-43.89575,-19.91897],[-43.89591,-19.91906],[-43.89594,-19.91913],[-43.89696,-19.91956],[-43.8972,-19.91964],[-43.89733,-19.91965],[-43.89757,-19.91965],[-43.9,-19.91936],[-43.90007,-19.91934],[-43.90067,-19.91927],[-43.9007,-19.92035],[-43.90069,-19.92036],[-43.90059,-19.92029],[-43.90049,-19.92034],[-43.90017,-19.92072],[-43.90007,-19.9208],[-43.89995,-19.92086],[-43.8998,-19.92085],[-43.89964,-19.92081],[-43.89954,-19.92056],[-43.8995,-19.9205],[-43.89905,-19.92103],[-43.89859,-19.92212],[-43.89805,-19.92281],[-43.89795,-19.923],[-43.89791,-19.92372],[-43.89792,-19.92408],[-43.89806,-19.92431],[-43.89855,-19.92473],[-43.89902,-19.92503],[-43.89942,-19.92538],[-43.90029,-19.92592],[-43.90088,-19.92638],[-43.90089,-19.92639],[-43.90125,-19.93804],[-43.90128,-19.94068]]],[[[-43.90034,-19.90878],[-43.8991,-19.90858],[-43.89903,-19.90857],[-43.90034,-19.90878]]],[[[-43.9001,-19.90087],[-43.90002,-19.90091],[-43.89976,-19.90099],[-43.89969,-19.90078],[-43.89959,-19.90067],[-43.89938,-19.90044],[-43.89982,-19.90002],[-43.89991,-19.89991],[-43.90007,-19.90001],[-43.9001,-19.90087]]],[[[-43.90009,-19.90343],[-43.89992,-19.90352],[-43.90002,-19.90346],[-43.90009,-19.90343]]],[[[-43.89942,-19.91096],[-43.89882,-19.90781],[-43.89896,-19.90853],[-43.89942,-19.91096]]],[[[-43.89929,-19.89543],[-43.89924,-19.89561],[-43.89898,-19.89638],[-43.89873,-19.89631],[-43.89874,-19.89611],[-43.89876,-19.89603],[-43.89866,-19.89542],[-43.8989,-19.8955],[-43.89894,-19.89532],[-43.89929,-19.89543]]],[[[-43.89874,-19.90738],[-43.89822,-19.90729],[-43.89831,-19.90696],[-43.89868,-19.90703],[-43.89839,-19.9057],[-43.89867,-19.90701],[-43.89868,-19.90703],[-43.89874,-19.90738]]],[[[-43.89829,-19.90523],[-43.89828,-19.90524],[-43.8982,-19.90527],[-43.89829,-19.90523]]],[[[-43.8981,-19.90527],[-43.89779,-19.90532],[-43.89767,-19.90533],[-43.8981,-19.90527]]],[[[-43.89799,-19.90644],[-43.89789,-19.90685],[-43.89781,-19.90684],[-43.89763,-19.9068],[-43.89769,-19.9065],[-43.89756,-19.90644],[-43.89756,-19.90634],[-43.89771,-19.90632],[-43.89774,-19.90638],[-43.89799,-19.90644]]],[[[-43.89787,-19.91104],[-43.89779,-19.91136],[-43.89734,-19.91126],[-43.89742,-19.91095],[-43.89787,-19.91104]]],[[[-43.89733,-19.90676],[-43.89728,-19.90704],[-43.89732,-19.9071],[-43.89728,-19.90728],[-43.89684,-19.90719],[-43.89686,-19.9071],[-43.89634,-19.90699],[-43.89636,-19.9069],[-43.89652,-19.90694],[-43.89659,-19.9066],[-43.89733,-19.90676]]],[[[-43.89492,-19.89561],[-43.89481,-19.89597],[-43.8948,-19.896],[-43.89439,-19.89588],[-43.89431,-19.8961],[-43.89417,-19.89606],[-43.89407,-19.89609],[-43.89391,-19.89605],[-43.89385,-19.89613],[-43.89375,-19.89614],[-43.89363,-19.89656],[-43.8932,-19.89796],[-43.89295,-19.89864],[-43.89165,-19.89826],[-43.89136,-19.898],[-43.89124,-19.89792],[-43.89094,-19.89774],[-43.89072,-19.89763],[-43.88985,-19.89731],[-43.88972,-19.89724],[-43.88963,-19.89714],[-43.88944,-19.89669],[-43.88914,-19.89573],[-43.88904,-19.89547],[-43.88866,-19.89407],[-43.88837,-19.8932],[-43.89057,-19.88902],[-43.8903,-19.8911],[-43.89025,-19.89109],[-43.88992,-19.89137],[-43.88983,-19.89186],[-43.88986,-19.89204],[-43.88984,-19.89212],[-43.88992,-19.89228],[-43.88992,-19.89237],[-43.88995,-19.8927],[-43.89009,-19.89308],[-43.89031,-19.89317],[-43.8906,-19.89394],[-43.89081,-19.89455],[-43.89074,-19.89459],[-43.89097,-19.89491],[-43.89104,-19.89507],[-43.89189,-19.89487],[-43.89222,-19.89578],[-43.89238,-19.89581],[-43.89243,-19.89587],[-43.89253,-19.89605],[-43.89305,-19.89579],[-43.89297,-19.89558],[-43.89323,-19.89551],[-43.89337,-19.89524],[-43.8934,-19.89512],[-43.89338,-19.89508],[-43.89347,-19.89494],[-43.8935,-19.89478],[-43.89355,-19.89473],[-43.8936,-19.89472],[-43.89379,-19.89433],[-43.89375,-19.89424],[-43.8939,-19.89419],[-43.89384,-19.89391],[-43.89407,-19.89384],[-43.89425,-19.89343],[-43.89438,-19.89336],[-43.89466,-19.89344],[-43.89441,-19.89416],[-43.89451,-19.89419],[-43.89442,-19.89451],[-43.89436,-19.8945],[-43.89435,-19.89458],[-43.89437,-19.89461],[-43.89401,-19.89577],[-43.89439,-19.89585],[-43.89443,-19.89572],[-43.89476,-19.89573],[-43.89482,-19.89558],[-43.89492,-19.89561]]],[[[-43.88792,-19.90405],[-43.88791,-19.90406],[-43.8878,-19.90412],[-43.88792,-19.90405]]],[[[-43.887,-19.90375],[-43.88693,-19.90356],[-43.88659,-19.90239],[-43.887,-19.90375]]],[[[-43.88417,-19.90146],[-43.88403,-19.9015],[-43.88399,-19.90152],[-43.88408,-19.90134],[-43.88416,-19.90139],[-43.88417,-19.90146]]],[[[-43.88182,-19.90563],[-43.88182,-19.90567],[-43.8818,-19.90567],[-43.88182,-19.90563]]]]}},{"type":"Feature","properties":{"territory_id":"mg-3106200-castelo","name":"Castelo","municipality_id":"mg-3106200","polling_places":4,"approx":false,"official":true,"method":"official-ibge-cd2022","whole_municipality":false,"approx_coords_only":false,"official_name":"Castelo","official_code":"3106200262","match":"direct"},"geometry":{"type":"MultiPolygon","coordinates":[[[[-43.99635,-19.89238],[-43.99874,-19.89152],[-43.99977,-19.89105],[-43.99987,-19.89099],[-44.00129,-19.88978],[-44.00207,-19.88909],[-44.00245,-19.88878],[-44.00482,-19.88673],[-44.00547,-19.88617],[-44.00602,-19.88567],[-44.00643,-19.88544],[-44.00632,-19.88497],[-44.00607,-19.88373],[-44.00592,-19.88292],[-44.00587,-19.87956],[-44.0058,-19.87923],[-44.00559,-19.87875],[-44.00545,-19.8785],[-44.00533,-19.87833],[-44.00433,-19.87676],[-44.00411,-19.87653],[-44.00386,-19.87632],[-44.00362,-19.8762],[-44.0032,-19.87602],[-44.00125,-19.87527],[-44.00061,-19.87501],[-44.00018,-19.87482],[-43.99999,-19.87472],[-43.99983,-19.87461],[-43.99944,-19.8743],[-43.99916,-19.87392],[-43.99905,-19.87369],[-43.99896,-19.87345],[-43.99889,-19.87306],[-43.99887,-19.87256],[-43.99894,-19.87203],[-43.99912,-19.871],[-43.99886,-19.87143],[-43.99852,-19.87188],[-43.99691,-19.87245],[-43.99671,-19.87254],[-43.9953,-19.87159],[-43.99488,-19.87183],[-43.99467,-19.87202],[-43.99448,-19.87226],[-43.99367,-19.87344],[-43.99309,-19.87421],[-43.99265,-19.87494],[-43.99238,-19.8756],[-43.99233,-19.87595],[-43.99229,-19.87629],[-43.99229,-19.87668],[-43.99243,-19.87755],[-43.99252,-19.87783],[-43.99255,-19.87804],[-43.99257,-19.87861],[-43.99256,-19.87921],[-43.99271,-19.88048],[-43.99387,-19.88606],[-43.99395,-19.88695],[-43.99393,-19.88727],[-43.9933,-19.88947],[-43.99325,-19.88969],[-43.99323,-19.88993],[-43.99322,-19.89055],[-43.99325,-19.89111],[-43.99322,-19.89145],[-43.99325,-19.89281],[-43.99318,-19.89346],[-43.99304,-19.89392],[-43.99478,-19.89297],[-43.99495,-19.89289],[-43.99565,-19.89262],[-43.99602,-19.8925],[-43.99635,-19.89238]]]]}},{"type":"Feature","properties":{"territory_id":"mg-3106200-celestino","name":"Celestino","municipality_id":"mg-3106200","polling_places":1,"approx":true,"official":false,"method":"voronoi-polling-places","whole_municipality":false,"approx_coords_only":false},"geometry":{"type":"MultiPolygon","coordinates":[[[[-43.94854,-19.8146],[-43.94764,-19.81724],[-43.94763,-19.81726],[-43.94713,-19.81835],[-43.94688,-19.81884],[-43.94593,-19.82086],[-43.94556,-19.82171],[-43.94478,-19.82333],[-43.9445,-19.82331],[-43.94421,-19.82343],[-43.9433,-19.82355],[-43.94317,-19.82374],[-43.94304,-19.82437],[-43.9417,-19.8254],[-43.94123,-19.82527],[-43.94074,-19.8251],[-43.94017,-19.82469],[-43.93889,-19.82349],[-43.93838,-19.82303],[-43.93819,-19.82307],[-43.93795,-19.82286],[-43.93791,-19.82271],[-43.93788,-19.82266],[-43.93709,-19.82206],[-43.93701,-19.82205],[-43.93655,-19.82179],[-43.93638,-19.82172],[-43.93619,-19.82166],[-43.93605,-19.82168],[-43.9359,-19.82167],[-43.93567,-19.82154],[-43.9355,-19.82141],[-43.93492,-19.82107],[-43.93459,-19.82102],[-43.9339,-19.82095],[-43.9336,-19.82101],[-43.9325,-19.82148],[-43.93171,-19.8219],[-43.93147,-19.82198],[-43.93114,-19.82212],[-43.93099,-19.82225],[-43.93019,-19.8224],[-43.93013,-19.82243],[-43.93006,-19.82239],[-43.92994,-19.82227],[-43.92981,-19.8222],[-43.92955,-19.82186],[-43.92938,-19.82178],[-43.92929,-19.82172],[-43.92905,-19.8215],[-43.9289,-19.82132],[-43.9288,-19.82116],[-43.92808,-19.82051],[-43.92789,-19.82026],[-43.92759,-19.81993],[-43.92753,-19.81983],[-43.92734,-19.81939],[-43.92712,-19.81908],[-43.92708,-19.81889],[-43.92697,-19.81874],[-43.92687,-19.81857],[-43.92659,-19.81837],[-43.93351,-19.81139],[-43.94339,-19.81031],[-43.94763,-19.81109],[-43.94854,-19.8146]]],[[[-43.94053,-19.83265],[-43.94051,-19.83291],[-43.94052,-19.8327],[-43.94053,-19.83265]]]]}},{"type":"Feature","properties":{"territory_id":"mg-3106200-centro","name":"Centro","municipality_id":"mg-3106200","polling_places":6,"approx":false,"official":true,"method":"official-ibge-cd2022","whole_municipality":false,"approx_coords_only":false,"official_name":"Centro","official_code":"3106200083","match":"direct"},"geometry":{"type":"MultiPolygon","coordinates":[[[[-43.94032,-19.92525],[-43.94375,-19.92439],[-43.94385,-19.92435],[-43.94392,-19.92438],[-43.94396,-19.92443],[-43.9441,-19.92443],[-43.94425,-19.92421],[-43.94471,-19.92346],[-43.94492,-19.92353],[-43.94516,-19.92357],[-43.94537,-19.92353],[-43.94556,-19.92346],[-43.94592,-19.9232],[-43.946,-19.92288],[-43.94602,-19.92266],[-43.94599,-19.9225],[-43.94589,-19.92229],[-43.9456,-19.92203],[-43.94602,-19.92133],[-43.94625,-19.921],[-43.94796,-19.91823],[-43.94847,-19.91738],[-43.94796,-19.91734],[-43.94757,-19.9172],[-43.94721,-19.91701],[-43.94678,-19.91676],[-43.94645,-19.91646],[-43.94544,-19.91535],[-43.94495,-19.91477],[-43.94425,-19.91403],[-43.94399,-19.91381],[-43.94208,-19.91273],[-43.94107,-19.91219],[-43.94071,-19.91205],[-43.9403,-19.91193],[-43.93997,-19.91189],[-43.93946,-19.9119],[-43.93928,-19.91206],[-43.9391,-19.9121],[-43.93867,-19.91224],[-43.9378,-19.91269],[-43.93698,-19.91304],[-43.93695,-19.91293],[-43.9365,-19.91302],[-43.93592,-19.91305],[-43.93537,-19.91305],[-43.9342,-19.91303],[-43.9338,-19.91306],[-43.93343,-19.91315],[-43.93315,-19.91328],[-43.93296,-19.91342],[-43.93304,-19.91362],[-43.93288,-19.91384],[-43.93277,-19.91415],[-43.93155,-19.91347],[-43.93185,-19.9146],[-43.93285,-19.91826],[-43.93303,-19.91901],[-43.93301,-19.9191],[-43.93404,-19.91968],[-43.93344,-19.92071],[-43.93297,-19.92114],[-43.93276,-19.92126],[-43.93224,-19.9214],[-43.93194,-19.92142],[-43.93145,-19.92135],[-43.93107,-19.92199],[-43.93128,-19.92208],[-43.93126,-19.92242],[-43.93168,-19.92401],[-43.93255,-19.92714],[-43.93357,-19.92691],[-43.93387,-19.92678],[-43.93421,-19.92673],[-43.93512,-19.92652],[-43.93609,-19.92497],[-43.93642,-19.92621],[-43.93903,-19.92557],[-43.94032,-19.92525]]]]}},{"type":"Feature","properties":{"territory_id":"mg-3106200-ceu-azul","name":"Céu Azul","municipality_id":"mg-3106200","polling_places":5,"approx":false,"official":true,"method":"official-ibge-cd2022","whole_municipality":false,"approx_coords_only":false,"official_name":"Céu Azul","official_code":"3106200190","match":"direct"},"geometry":{"type":"MultiPolygon","coordinates":[[[[-43.99439,-19.82471],[-43.99373,-19.8305],[-43.99624,-19.83079],[-43.99691,-19.83086],[-43.99706,-19.83085],[-43.99693,-19.8318],[-43.99694,-19.83192],[-43.99708,-19.83193],[-43.99907,-19.83151],[-43.99925,-19.83149],[-43.99919,-19.83139],[-43.99863,-19.83091],[-43.99948,-19.83087],[-44.00043,-19.8308],[-44.00042,-19.83177],[-44.00047,-19.83187],[-44.00058,-19.83198],[-44.00126,-19.83195],[-44.00156,-19.83196],[-44.00356,-19.83185],[-44.005,-19.83181],[-44.00541,-19.82965],[-44.00568,-19.82877],[-44.00619,-19.82776],[-44.00645,-19.82707],[-44.00682,-19.82698],[-44.00867,-19.82639],[-44.00926,-19.82627],[-44.01041,-19.82601],[-44.01,-19.82477],[-44.00968,-19.82343],[-44.00978,-19.82309],[-44.00953,-19.82281],[-44.00925,-19.82289],[-44.00921,-19.82259],[-44.00825,-19.82207],[-44.008,-19.82214],[-44.00701,-19.82157],[-44.00681,-19.82149],[-44.00677,-19.82144],[-44.00657,-19.82097],[-44.00651,-19.8209],[-44.00639,-19.82082],[-44.00593,-19.82063],[-44.00565,-19.82038],[-44.00572,-19.82013],[-44.00584,-19.81985],[-44.00619,-19.8188],[-44.00633,-19.81853],[-44.0069,-19.81769],[-44.00705,-19.8174],[-44.00717,-19.81703],[-44.00728,-19.81663],[-44.00739,-19.81613],[-44.00737,-19.81581],[-44.00733,-19.81548],[-44.00732,-19.81513],[-44.00734,-19.81504],[-44.0074,-19.81493],[-44.00754,-19.81477],[-44.00806,-19.81429],[-44.00816,-19.81422],[-44.00845,-19.81413],[-44.00745,-19.81146],[-44.00723,-19.81138],[-44.00702,-19.81111],[-44.00682,-19.81099],[-44.00677,-19.81088],[-44.00673,-19.81088],[-44.00673,-19.81087],[-44.00623,-19.81062],[-44.00605,-19.81019],[-44.00578,-19.81014],[-44.00544,-19.81026],[-44.00528,-19.81034],[-44.00513,-19.81044],[-44.00491,-19.81067],[-44.00488,-19.81077],[-44.0044,-19.81152],[-44.00293,-19.8121],[-44.00236,-19.81214],[-44.0016,-19.81225],[-44.0014,-19.81231],[-44.0015,-19.81253],[-44.00015,-19.81319],[-44.00077,-19.81387],[-44.00094,-19.81488],[-44.00118,-19.81505],[-44.00137,-19.8154],[-43.9993,-19.81557],[-43.99915,-19.81525],[-43.99896,-19.815],[-43.99878,-19.81472],[-43.99862,-19.81443],[-43.99856,-19.81423],[-43.9984,-19.81397],[-43.99771,-19.81421],[-43.99696,-19.81445],[-43.99651,-19.81462],[-43.99601,-19.81477],[-43.99584,-19.8149],[-43.99566,-19.81516],[-43.99541,-19.81591],[-43.99533,-19.81603],[-43.99514,-19.8164],[-43.99484,-19.81705],[-43.99474,-19.81735],[-43.99464,-19.81752],[-43.99439,-19.81773],[-43.99458,-19.81801],[-43.99431,-19.81824],[-43.99424,-19.81836],[-43.99431,-19.81843],[-43.99395,-19.81872],[-43.99345,-19.81903],[-43.9933,-19.8192],[-43.99315,-19.81942],[-43.99305,-19.81962],[-43.9929,-19.82006],[-43.99284,-19.82043],[-43.99349,-19.82048],[-43.99339,-19.82146],[-43.99407,-19.82154],[-43.9942,-19.82082],[-43.99424,-19.82069],[-43.99452,-19.82026],[-43.99451,-19.82017],[-43.99441,-19.82005],[-43.99461,-19.81984],[-43.9945,-19.81979],[-43.99457,-19.81967],[-43.99484,-19.81943],[-43.99495,-19.81949],[-43.99506,-19.8195],[-43.99529,-19.81941],[-43.99582,-19.8191],[-43.9958,-19.81941],[-43.99555,-19.82095],[-43.99462,-19.82183],[-43.99466,-19.82198],[-43.99466,-19.82233],[-43.99459,-19.82288],[-43.99439,-19.82471]]]]}},{"type":"Feature","properties":{"territory_id":"mg-3106200-cidade-jardim","name":"Cidade Jardim","municipality_id":"mg-3106200","polling_places":4,"approx":false,"official":true,"method":"official-ibge-cd2022","whole_municipality":false,"approx_coords_only":false,"official_name":"Cidade Jardim","official_code":"3106200112","match":"direct"},"geometry":{"type":"MultiPolygon","coordinates":[[[[-43.94817,-19.94078],[-43.94887,-19.94163],[-43.94913,-19.94205],[-43.95143,-19.94192],[-43.95143,-19.94204],[-43.95156,-19.94213],[-43.95192,-19.94228],[-43.95246,-19.94245],[-43.95273,-19.94243],[-43.95258,-19.94217],[-43.95282,-19.94202],[-43.95278,-19.94195],[-43.95286,-19.94185],[-43.95295,-19.94159],[-43.95316,-19.94141],[-43.95351,-19.94148],[-43.95355,-19.94129],[-43.95365,-19.94104],[-43.95382,-19.94101],[-43.95397,-19.94],[-43.95395,-19.9395],[-43.95332,-19.93618],[-43.95317,-19.9357],[-43.95279,-19.93488],[-43.95233,-19.93406],[-43.95147,-19.93427],[-43.95066,-19.93445],[-43.94656,-19.93548],[-43.94768,-19.93883],[-43.94779,-19.93933],[-43.94789,-19.94021],[-43.94798,-19.94048],[-43.94804,-19.94058],[-43.94817,-19.94078]]]]}},{"type":"Feature","properties":{"territory_id":"mg-3106200-cidade-nova","name":"Cidade Nova","municipality_id":"mg-3106200","polling_places":3,"approx":false,"official":true,"method":"official-ibge-cd2022","whole_municipality":false,"approx_coords_only":false,"official_name":"Cidade Nova","official_code":"3106200077","match":"direct"},"geometry":{"type":"MultiPolygon","coordinates":[[[[-43.92049,-19.88719],[-43.91998,-19.88748],[-43.91991,-19.88748],[-43.91988,-19.88753],[-43.91929,-19.88786],[-43.91923,-19.88791],[-43.91921,-19.88805],[-43.91922,-19.88818],[-43.91931,-19.88857],[-43.9195,-19.88905],[-43.91949,-19.88912],[-43.91958,-19.88933],[-43.91957,-19.8894],[-43.91945,-19.88952],[-43.9202,-19.89093],[-43.92051,-19.89155],[-43.92106,-19.89259],[-43.92154,-19.89316],[-43.92178,-19.89333],[-43.92194,-19.89344],[-43.92234,-19.89358],[-43.92374,-19.89365],[-43.92398,-19.8937],[-43.92445,-19.89382],[-43.92597,-19.89425],[-43.92754,-19.89465],[-43.92788,-19.89351],[-43.92813,-19.89252],[-43.92908,-19.88966],[-43.92923,-19.88917],[-43.92931,-19.88856],[-43.92933,-19.88776],[-43.92932,-19.88687],[-43.92927,-19.88557],[-43.92932,-19.8851],[-43.92941,-19.8847],[-43.92915,-19.88439],[-43.92891,-19.88352],[-43.92824,-19.88369],[-43.92789,-19.88369],[-43.92759,-19.88359],[-43.92721,-19.8834],[-43.92705,-19.88328],[-43.92685,-19.88307],[-43.92674,-19.88327],[-43.9267,-19.88346],[-43.92586,-19.8841],[-43.92559,-19.88427],[-43.92536,-19.88433],[-43.92446,-19.8844],[-43.92408,-19.88457],[-43.92382,-19.88477],[-43.92338,-19.88504],[-43.92311,-19.88539],[-43.92292,-19.88567],[-43.92275,-19.88584],[-43.92203,-19.88623],[-43.92179,-19.88639],[-43.92051,-19.88713],[-43.92049,-19.88719]]]]}},{"type":"Feature","properties":{"territory_id":"mg-3106200-cinquentenario","name":"Cinquentenário","municipality_id":"mg-3106200","polling_places":1,"approx":false,"official":true,"method":"official-ibge-cd2022","whole_municipality":false,"approx_coords_only":false,"official_name":"Cinquentenário","official_code":"3106200139","match":"direct"},"geometry":{"type":"MultiPolygon","coordinates":[[[[-43.98335,-19.9598],[-43.98465,-19.95954],[-43.98478,-19.95947],[-43.98489,-19.95937],[-43.98497,-19.95926],[-43.98538,-19.95865],[-43.98572,-19.95818],[-43.98599,-19.95713],[-43.98609,-19.95694],[-43.98613,-19.95647],[-43.98636,-19.95555],[-43.98644,-19.95543],[-43.98628,-19.95532],[-43.98612,-19.95512],[-43.98601,-19.95491],[-43.98572,-19.95402],[-43.98556,-19.95361],[-43.98537,-19.95323],[-43.98522,-19.95303],[-43.9849,-19.95279],[-43.98422,-19.95243],[-43.98384,-19.95221],[-43.98321,-19.95187],[-43.98295,-19.95159],[-43.98282,-19.95135],[-43.98275,-19.95102],[-43.98276,-19.95077],[-43.98283,-19.95053],[-43.983,-19.95027],[-43.98283,-19.95019],[-43.982,-19.94923],[-43.98163,-19.9495],[-43.9813,-19.94977],[-43.98132,-19.95046],[-43.98136,-19.95067],[-43.98142,-19.95087],[-43.98149,-19.95101],[-43.982,-19.95127],[-43.98193,-19.95144],[-43.98184,-19.95147],[-43.98149,-19.95149],[-43.98142,-19.95153],[-43.98138,-19.95157],[-43.98136,-19.95169],[-43.98136,-19.95182],[-43.98129,-19.95187],[-43.98116,-19.9519],[-43.98064,-19.95214],[-43.98049,-19.95224],[-43.98039,-19.95237],[-43.98035,-19.95245],[-43.9804,-19.9533],[-43.98022,-19.95361],[-43.97999,-19.95413],[-43.97986,-19.95435],[-43.97964,-19.95496],[-43.97964,-19.95502],[-43.98015,-19.95556],[-43.98104,-19.95659],[-43.98193,-19.95754],[-43.98239,-19.95805],[-43.98253,-19.95823],[-43.98179,-19.95919],[-43.98166,-19.9594],[-43.98127,-19.96037],[-43.9806,-19.96162],[-43.98024,-19.96235],[-43.9802,-19.96289],[-43.98024,-19.96329],[-43.98029,-19.96358],[-43.98047,-19.96406],[-43.98066,-19.96436],[-43.9818,-19.96529],[-43.98177,-19.96542],[-43.98188,-19.96553],[-43.98207,-19.96548],[-43.98304,-19.96612],[-43.98412,-19.96673],[-43.98446,-19.96556],[-43.98469,-19.96469],[-43.98477,-19.9645],[-43.98499,-19.96425],[-43.98554,-19.96369],[-43.9834,-19.96171],[-43.98264,-19.96103],[-43.98262,-19.96094],[-43.98312,-19.95999],[-43.98322,-19.95989],[-43.98335,-19.9598]]]]}},{"type":"Feature","properties":{"territory_id":"mg-3106200-colegio-batista","name":"Colégio Batista","municipality_id":"mg-3106200","polling_places":1,"approx":false,"official":true,"method":"official-ibge-cd2022","whole_municipality":false,"approx_coords_only":false,"official_name":"Colégio Batista","official_code":"3106200009","match":"direct"},"geometry":{"type":"MultiPolygon","coordinates":[[[[-43.93695,-19.91293],[-43.93698,-19.91304],[-43.9378,-19.91269],[-43.93867,-19.91224],[-43.9391,-19.9121],[-43.93928,-19.91206],[-43.94037,-19.91108],[-43.94028,-19.91072],[-43.94033,-19.91063],[-43.9403,-19.91054],[-43.93995,-19.91023],[-43.93978,-19.90996],[-43.93978,-19.90983],[-43.93991,-19.90947],[-43.94067,-19.9087],[-43.9413,-19.908],[-43.94,-19.9079],[-43.94024,-19.90764],[-43.94088,-19.907],[-43.94186,-19.90599],[-43.94133,-19.9056],[-43.94001,-19.90452],[-43.93631,-19.90507],[-43.93254,-19.90381],[-43.93228,-19.90455],[-43.93206,-19.9051],[-43.93205,-19.90519],[-43.93223,-19.90636],[-43.93232,-19.90882],[-43.93232,-19.90944],[-43.93237,-19.91037],[-43.9324,-19.91148],[-43.93261,-19.91238],[-43.93288,-19.91323],[-43.93296,-19.91342],[-43.93315,-19.91328],[-43.93343,-19.91315],[-43.9338,-19.91306],[-43.9342,-19.91303],[-43.93537,-19.91305],[-43.93592,-19.91305],[-43.9365,-19.91302],[-43.9369,-19.91295],[-43.93695,-19.91293]]]]}},{"type":"Feature","properties":{"territory_id":"mg-3106200-concordia","name":"Concórdia","municipality_id":"mg-3106200","polling_places":4,"approx":false,"official":true,"method":"official-ibge-cd2022","whole_municipality":false,"approx_coords_only":false,"official_name":"Concórdia","official_code":"3106200059","match":"direct"},"geometry":{"type":"MultiPolygon","coordinates":[[[[-43.94034,-19.90445],[-43.9405,-19.90444],[-43.94063,-19.90438],[-43.9421,-19.90234],[-43.94224,-19.90208],[-43.94241,-19.9019],[-43.94255,-19.90165],[-43.94281,-19.90134],[-43.94317,-19.90079],[-43.94354,-19.90028],[-43.94386,-19.89979],[-43.94447,-19.89894],[-43.94463,-19.89857],[-43.94455,-19.89849],[-43.9445,-19.89838],[-43.94449,-19.89831],[-43.94361,-19.89807],[-43.94358,-19.898],[-43.94343,-19.89723],[-43.94312,-19.89546],[-43.94279,-19.89566],[-43.93975,-19.89595],[-43.9398,-19.89644],[-43.93975,-19.89676],[-43.9392,-19.89641],[-43.93934,-19.89625],[-43.93911,-19.89602],[-43.9388,-19.89607],[-43.93848,-19.89586],[-43.93828,-19.89576],[-43.93848,-19.89477],[-43.93632,-19.89385],[-43.93631,-19.89407],[-43.93632,-19.89469],[-43.9363,-19.89518],[-43.93602,-19.89558],[-43.93559,-19.89591],[-43.93538,-19.89608],[-43.93529,-19.89623],[-43.93505,-19.89684],[-43.93478,-19.8974],[-43.93423,-19.89834],[-43.93405,-19.89869],[-43.934,-19.89962],[-43.93393,-19.8999],[-43.93373,-19.90044],[-43.93359,-19.90078],[-43.93344,-19.90125],[-43.93254,-19.90381],[-43.93631,-19.90507],[-43.94001,-19.90452],[-43.94034,-19.90445]],[[-43.9406,-19.89717],[-43.94084,-19.89692],[-43.94107,-19.89677],[-43.94121,-19.89697],[-43.94128,-19.89693],[-43.94138,-19.89698],[-43.94133,-19.89725],[-43.94197,-19.89745],[-43.94248,-19.89767],[-43.94292,-19.89784],[-43.94282,-19.89796],[-43.94237,-19.89842],[-43.94182,-19.89903],[-43.94143,-19.89943],[-43.94131,-19.89952],[-43.9412,-19.89964],[-43.94099,-19.89987],[-43.94049,-19.89898],[-43.9403,-19.89861],[-43.94099,-19.89826],[-43.94084,-19.89799],[-43.94071,-19.89788],[-43.94072,-19.89785],[-43.94067,-19.89773],[-43.94068,-19.89771],[-43.94033,-19.89757],[-43.94027,-19.89761],[-43.94018,-19.89763],[-43.9406,-19.89717]]]]}},{"type":"Feature","properties":{"territory_id":"mg-3106200-concordia-sao-cristovao","name":"Concórdia/são Cristovão","municipality_id":"mg-3106200","polling_places":1,"approx":true,"official":false,"method":"voronoi-polling-places","whole_municipality":false,"approx_coords_only":false},"geometry":{"type":"MultiPolygon","coordinates":[[[[-43.95577,-19.8811],[-43.95542,-19.88098],[-43.95516,-19.88089],[-43.95577,-19.8811]]],[[[-43.95564,-19.88785],[-43.95558,-19.88827],[-43.95538,-19.8881],[-43.9556,-19.88788],[-43.95564,-19.88785]]],[[[-43.95467,-19.88489],[-43.95437,-19.88556],[-43.95416,-19.88525],[-43.95405,-19.88515],[-43.95385,-19.88475],[-43.95356,-19.88473],[-43.95346,-19.88487],[-43.95345,-19.88482],[-43.95304,-19.88509],[-43.95298,-19.88517],[-43.95296,-19.88516],[-43.95279,-19.88553],[-43.95268,-19.88559],[-43.95228,-19.88488],[-43.95219,-19.88477],[-43.95193,-19.88459],[-43.95181,-19.88463],[-43.95187,-19.88385],[-43.95144,-19.88385],[-43.95137,-19.88378],[-43.95166,-19.88356],[-43.95187,-19.88331],[-43.95186,-19.88324],[-43.95156,-19.88265],[-43.95155,-19.88256],[-43.95158,-19.88249],[-43.95134,-19.88239],[-43.95143,-19.8821],[-43.95132,-19.88206],[-43.95139,-19.88193],[-43.95169,-19.88203],[-43.95171,-19.88209],[-43.95161,-19.88234],[-43.952,-19.88243],[-43.95235,-19.88257],[-43.95259,-19.88269],[-43.95298,-19.8832],[-43.95336,-19.88365],[-43.95344,-19.88342],[-43.95354,-19.88337],[-43.95366,-19.88357],[-43.9536,-19.8837],[-43.95384,-19.88417],[-43.95414,-19.88402],[-43.95422,-19.88417],[-43.95426,-19.88417],[-43.95424,-19.88419],[-43.95446,-19.88463],[-43.9546,-19.88484],[-43.95467,-19.88489]]],[[[-43.95457,-19.88069],[-43.95444,-19.88064],[-43.95424,-19.88054],[-43.95457,-19.88069]]],[[[-43.95428,-19.8987],[-43.95428,-19.89871],[-43.95424,-19.8987],[-43.95313,-19.89848],[-43.95428,-19.8987]]],[[[-43.95413,-19.87894],[-43.95412,-19.87895],[-43.95408,-19.87899],[-43.95394,-19.87884],[-43.95413,-19.87894]]],[[[-43.95338,-19.87999],[-43.95337,-19.88011],[-43.95331,-19.88028],[-43.95319,-19.88041],[-43.95263,-19.88076],[-43.95257,-19.88078],[-43.95251,-19.88077],[-43.95223,-19.88069],[-43.95215,-19.88059],[-43.952,-19.88034],[-43.95199,-19.88019],[-43.95207,-19.87988],[-43.9522,-19.87958],[-43.95224,-19.87845],[-43.95258,-19.8789],[-43.95337,-19.87987],[-43.95338,-19.87999]]],[[[-43.95258,-19.90585],[-43.9506,-19.91378],[-43.95033,-19.91372],[-43.95018,-19.91366],[-43.94989,-19.91357],[-43.94888,-19.91306],[-43.9488,-19.913],[-43.94864,-19.91294],[-43.94831,-19.91284],[-43.94796,-19.91281],[-43.94528,-19.91292],[-43.94422,-19.91289],[-43.94401,-19.91294],[-43.94359,-19.9133],[-43.94344,-19.91321],[-43.94333,-19.91309],[-43.94316,-19.91289],[-43.94293,-19.91258],[-43.94295,-19.91248],[-43.94226,-19.91182],[-43.94204,-19.91156],[-43.94343,-19.91084],[-43.94344,-19.91084],[-43.94433,-19.91043],[-43.94548,-19.90983],[-43.9497,-19.90774],[-43.94959,-19.90763],[-43.94937,-19.90775],[-43.94934,-19.90767],[-43.94897,-19.9078],[-43.94878,-19.90765],[-43.94855,-19.90784],[-43.94843,-19.90788],[-43.94822,-19.90798],[-43.9483,-19.90816],[-43.9478,-19.90841],[-43.9477,-19.90829],[-43.94765,-19.90834],[-43.94746,-19.90817],[-43.94744,-19.90811],[-43.94733,-19.908],[-43.9472,-19.90779],[-43.94716,-19.90782],[-43.94711,-19.90761],[-43.94698,-19.90751],[-43.94713,-19.90733],[-43.94699,-19.90719],[-43.94705,-19.90708],[-43.94698,-19.90573],[-43.94709,-19.90539],[-43.94682,-19.90521],[-43.94688,-19.90516],[-43.94645,-19.90497],[-43.94673,-19.90482],[-43.94684,-19.9048],[-43.94707,-19.90473],[-43.94724,-19.90471],[-43.94794,-19.90499],[-43.94819,-19.90507],[-43.94842,-19.9051],[-43.94865,-19.90507],[-43.94883,-19.90501],[-43.94982,-19.90454],[-43.94924,-19.9043],[-43.94869,-19.90456],[-43.94867,-19.90408],[-43.94853,-19.90409],[-43.94826,-19.90397],[-43.94849,-19.90357],[-43.94745,-19.90314],[-43.94744,-19.90297],[-43.94778,-19.90245],[-43.9483,-19.90156],[-43.9482,-19.90128],[-43.94833,-19.901],[-43.9483,-19.90098],[-43.94824,-19.90086],[-43.94808,-19.90081],[-43.94806,-19.90074],[-43.94732,-19.9005],[-43.94739,-19.90012],[-43.94708,-19.90003],[-43.94725,-19.89969],[-43.94742,-19.89951],[-43.94868,-19.90026],[-43.95053,-19.9014],[-43.95164,-19.90141],[-43.95165,-19.90227],[-43.95164,-19.90235],[-43.95161,-19.9028],[-43.95157,-19.90421],[-43.95158,-19.9043],[-43.95156,-19.90452],[-43.95097,-19.9046],[-43.95097,-19.90472],[-43.95084,-19.90473],[-43.95101,-19.90538],[-43.95019,-19.9056],[-43.95009,-19.90573],[-43.95024,-19.90627],[-43.95031,-19.90646],[-43.95044,-19.90658],[-43.95058,-19.90666],[-43.95031,-19.90703],[-43.95014,-19.90719],[-43.95007,-19.90731],[-43.94966,-19.90756],[-43.94979,-19.9077],[-43.95101,-19.90707],[-43.95149,-19.90708],[-43.95152,-19.90583],[-43.95258,-19.90585]]],[[[-43.95127,-19.88624],[-43.95123,-19.88588],[-43.95125,-19.88604],[-43.95127,-19.88624]]],[[[-43.95077,-19.90024],[-43.95071,-19.90025],[-43.95035,-19.90023],[-43.95077,-19.90024]]],[[[-43.95003,-19.89264],[-43.94999,-19.89217],[-43.95002,-19.89243],[-43.95003,-19.89264]]],[[[-43.94999,-19.89217],[-43.94989,-19.89168],[-43.94994,-19.8919],[-43.94999,-19.89217]]],[[[-43.94977,-19.89117],[-43.9497,-19.8909],[-43.94969,-19.89081],[-43.94977,-19.89117]]],[[[-43.94933,-19.87631],[-43.94932,-19.87632],[-43.94909,-19.87618],[-43.94933,-19.87631]]],[[[-43.94832,-19.88372],[-43.94832,-19.88383],[-43.94805,-19.88381],[-43.94785,-19.88399],[-43.94749,-19.88393],[-43.94744,-19.88428],[-43.94696,-19.88423],[-43.94698,-19.88405],[-43.94693,-19.88401],[-43.94695,-19.88389],[-43.94654,-19.88376],[-43.94603,-19.88476],[-43.94657,-19.88369],[-43.94699,-19.8827],[-43.94688,-19.88298],[-43.94726,-19.88301],[-43.94726,-19.88292],[-43.94741,-19.88293],[-43.94745,-19.88306],[-43.94746,-19.88322],[-43.94752,-19.88337],[-43.94786,-19.88332],[-43.94795,-19.88324],[-43.94818,-19.88317],[-43.94817,-19.88302],[-43.94825,-19.88301],[-43.94832,-19.88372]]],[[[-43.9482,-19.90128],[-43.94752,-19.90102],[-43.94705,-19.90084],[-43.94615,-19.9005],[-43.9482,-19.90128]]],[[[-43.94784,-19.87971],[-43.94773,-19.88003],[-43.94768,-19.88002],[-43.94752,-19.88007],[-43.94738,-19.88014],[-43.94729,-19.88016],[-43.94719,-19.88027],[-43.94707,-19.88028],[-43.94687,-19.88052],[-43.94677,-19.8805],[-43.94654,-19.8808],[-43.94645,-19.88095],[-43.94615,-19.88123],[-43.94448,-19.88183],[-43.94447,-19.88159],[-43.94418,-19.88147],[-43.94429,-19.8813],[-43.94439,-19.88121],[-43.94458,-19.88114],[-43.94591,-19.88097],[-43.94614,-19.88086],[-43.9464,-19.88064],[-43.94623,-19.88024],[-43.94674,-19.88014],[-43.9471,-19.88005],[-43.94705,-19.87978],[-43.94747,-19.87971],[-43.94753,-19.87997],[-43.94775,-19.87995],[-43.94784,-19.87971]]],[[[-43.9475,-19.89817],[-43.9473,-19.89845],[-43.94733,-19.8984],[-43.9475,-19.89817]]],[[[-43.94657,-19.89658],[-43.9465,-19.89694],[-43.94644,-19.89699],[-43.94621,-19.89728],[-43.94558,-19.89814],[-43.94553,-19.89817],[-43.94496,-19.8983],[-43.94491,-19.89845],[-43.94484,-19.89854],[-43.94476,-19.89858],[-43.94463,-19.89857],[-43.94455,-19.89849],[-43.9445,-19.89838],[-43.94449,-19.89831],[-43.94361,-19.89807],[-43.94358,-19.898],[-43.94343,-19.89723],[-43.94312,-19.89546],[-43.94304,-19.89496],[-43.94323,-19.89607],[-43.9445,-19.89491],[-43.94451,-19.89484],[-43.94509,-19.89585],[-43.94546,-19.89489],[-43.94642,-19.89639],[-43.9465,-19.89644],[-43.94657,-19.89658]]],[[[-43.94385,-19.89273],[-43.94374,-19.8936],[-43.94371,-19.89386],[-43.94385,-19.89273]]],[[[-43.94292,-19.89784],[-43.94282,-19.89796],[-43.94237,-19.89842],[-43.94182,-19.89903],[-43.94143,-19.89943],[-43.94131,-19.89952],[-43.9412,-19.89964],[-43.94099,-19.89987],[-43.94049,-19.89898],[-43.9403,-19.89861],[-43.94099,-19.89826],[-43.94084,-19.89799],[-43.94071,-19.89788],[-43.94072,-19.89785],[-43.94067,-19.89773],[-43.94068,-19.89771],[-43.94033,-19.89757],[-43.94027,-19.89761],[-43.94018,-19.89763],[-43.9406,-19.89717],[-43.94084,-19.89692],[-43.94107,-19.89677],[-43.94121,-19.89697],[-43.94128,-19.89693],[-43.94138,-19.89698],[-43.94133,-19.89725],[-43.94197,-19.89745],[-43.94248,-19.89767],[-43.94292,-19.89784]]],[[[-43.94208,-19.91273],[-43.94107,-19.91219],[-43.94141,-19.91237],[-43.94208,-19.91273]]],[[[-43.94085,-19.88374],[-43.94073,-19.88369],[-43.94002,-19.88331],[-43.94085,-19.88374]]],[[[-43.9398,-19.89644],[-43.93975,-19.89676],[-43.9392,-19.89641],[-43.93934,-19.89625],[-43.93912,-19.89603],[-43.93975,-19.89595],[-43.9398,-19.89644]]],[[[-43.93773,-19.87199],[-43.93766,-19.87278],[-43.93757,-19.87273],[-43.93706,-19.87259],[-43.93773,-19.87199]]],[[[-43.93632,-19.89385],[-43.93631,-19.89394],[-43.93629,-19.89271],[-43.93632,-19.89385]]],[[[-43.93545,-19.87531],[-43.93403,-19.87531],[-43.93404,-19.87531],[-43.93545,-19.87531]]],[[[-43.93478,-19.8974],[-43.93423,-19.89834],[-43.93405,-19.89869],[-43.934,-19.89962],[-43.93393,-19.8999],[-43.93373,-19.90044],[-43.93359,-19.90078],[-43.93344,-19.90125],[-43.93254,-19.90381],[-43.93127,-19.90337],[-43.93007,-19.90298],[-43.92946,-19.90276],[-43.92912,-19.90256],[-43.92896,-19.90243],[-43.92869,-19.90213],[-43.92851,-19.90187],[-43.92841,-19.90168],[-43.92832,-19.90133],[-43.92825,-19.90089],[-43.92815,-19.90033],[-43.9277,-19.89756],[-43.92754,-19.89676],[-43.9274,-19.89558],[-43.92741,-19.89523],[-43.92745,-19.89499],[-43.92754,-19.89465],[-43.92788,-19.89351],[-43.92813,-19.89252],[-43.92908,-19.88966],[-43.92923,-19.88917],[-43.92931,-19.88856],[-43.92933,-19.88776],[-43.92932,-19.88687],[-43.92927,-19.88557],[-43.9295,-19.88581],[-43.9296,-19.88597],[-43.92978,-19.88621],[-43.93055,-19.8876],[-43.93066,-19.88783],[-43.93172,-19.8882],[-43.93261,-19.88846],[-43.93287,-19.88857],[-43.93293,-19.88926],[-43.93229,-19.88962],[-43.93165,-19.88994],[-43.93142,-19.89018],[-43.93106,-19.89119],[-43.93103,-19.89132],[-43.93094,-19.89163],[-43.93182,-19.89154],[-43.932,-19.89326],[-43.93204,-19.89369],[-43.93142,-19.89489],[-43.93062,-19.89518],[-43.93052,-19.89541],[-43.93073,-19.89628],[-43.93078,-19.89632],[-43.93085,-19.89634],[-43.93217,-19.89702],[-43.93228,-19.89715],[-43.93243,-19.8972],[-43.93337,-19.8974],[-43.93478,-19.8974]]],[[[-43.93427,-19.88718],[-43.93422,-19.88724],[-43.93418,-19.88722],[-43.93414,-19.88724],[-43.93402,-19.88738],[-43.93378,-19.88745],[-43.93379,-19.88752],[-43.93346,-19.88754],[-43.93342,-19.88739],[-43.93337,-19.88731],[-43.93313,-19.88716],[-43.93326,-19.88679],[-43.93356,-19.88669],[-43.93363,-19.88704],[-43.93368,-19.88702],[-43.93393,-19.88716],[-43.93421,-19.88709],[-43.93424,-19.88714],[-43.93427,-19.88718]]],[[[-43.93367,-19.8774],[-43.93311,-19.87719],[-43.93231,-19.87686],[-43.93367,-19.8774]]]]}},{"type":"Feature","properties":{"territory_id":"mg-3106200-conjunto-ademar-maldonado","name":"Conjunto Ademar Maldonado","municipality_id":"mg-3106200","polling_places":1,"approx":true,"official":false,"method":"voronoi-polling-places","whole_municipality":false,"approx_coords_only":false},"geometry":{"type":"MultiPolygon","coordinates":[[[[-44.03864,-19.98326],[-44.03804,-19.98354],[-44.03751,-19.98371],[-44.03682,-19.98377],[-44.03659,-19.98378],[-44.03619,-19.98372],[-44.03602,-19.98367],[-44.0359,-19.98437],[-44.03562,-19.98433],[-44.03554,-19.98427],[-44.03516,-19.9843],[-44.03517,-19.98425],[-44.03545,-19.98391],[-44.03541,-19.98379],[-44.03508,-19.9836],[-44.035,-19.98374],[-44.03512,-19.98405],[-44.0351,-19.98416],[-44.03497,-19.98438],[-44.03484,-19.98432],[-44.03439,-19.98419],[-44.03408,-19.98415],[-44.03376,-19.98423],[-44.03377,-19.98441],[-44.03381,-19.98451],[-44.03381,-19.98456],[-44.03371,-19.98457],[-44.03362,-19.98471],[-44.03359,-19.98492],[-44.03359,-19.98526],[-44.03423,-19.98625],[-44.03428,-19.98638],[-44.03429,-19.98651],[-44.03414,-19.98696],[-44.03408,-19.98709],[-44.03399,-19.9872],[-44.03382,-19.98734],[-44.03343,-19.98747],[-44.03294,-19.9874],[-44.03228,-19.98728],[-44.03225,-19.98784],[-44.03226,-19.98786],[-44.02885,-19.98899],[-44.02854,-19.98891],[-44.02787,-19.98872],[-44.02749,-19.9886],[-44.02718,-19.98852],[-44.02701,-19.98856],[-44.02684,-19.98862],[-44.02479,-19.98923],[-44.02411,-19.98899],[-44.02362,-19.98888],[-44.02253,-19.99046],[-44.02247,-19.99057],[-44.02226,-19.99117],[-44.02037,-19.9918],[-44.01891,-19.98849],[-44.01939,-19.9886],[-44.01944,-19.98861],[-44.01947,-19.98853],[-44.01953,-19.98851],[-44.01985,-19.98853],[-44.01989,-19.9884],[-44.01996,-19.98836],[-44.02037,-19.98696],[-44.02058,-19.98701],[-44.02131,-19.98702],[-44.02134,-19.98688],[-44.0215,-19.98642],[-44.02173,-19.98589],[-44.02204,-19.98464],[-44.02216,-19.98436],[-44.02222,-19.98413],[-44.02224,-19.9839],[-44.02221,-19.98376],[-44.02201,-19.98337],[-44.02435,-19.98388],[-44.02432,-19.98383],[-44.02401,-19.98368],[-44.02415,-19.98317],[-44.02446,-19.98322],[-44.02451,-19.98319],[-44.02448,-19.98315],[-44.02418,-19.98303],[-44.02461,-19.98127],[-44.02491,-19.9813],[-44.02495,-19.98127],[-44.02546,-19.98137],[-44.02718,-19.98174],[-44.02758,-19.98008],[-44.03848,-19.98274],[-44.03847,-19.98281],[-44.03849,-19.9829],[-44.03858,-19.98311],[-44.03864,-19.98326]]]]}},{"type":"Feature","properties":{"territory_id":"mg-3106200-conjunto-atila-de-paiva","name":"Conjunto Átila de Paiva","municipality_id":"mg-3106200","polling_places":1,"approx":true,"official":false,"method":"voronoi-polling-places","whole_municipality":false,"approx_coords_only":false},"geometry":{"type":"MultiPolygon","coordinates":[[[[-44.04212,-19.97389],[-44.04131,-19.97954],[-44.03987,-19.98112],[-44.03919,-19.98184],[-44.0385,-19.98267],[-44.03848,-19.98274],[-44.02758,-19.98008],[-44.02774,-19.97939],[-44.02718,-19.97885],[-44.02678,-19.9785],[-44.02663,-19.97839],[-44.02638,-19.97816],[-44.02794,-19.97655],[-44.0283,-19.97619],[-44.02845,-19.97606],[-44.02839,-19.97592],[-44.02838,-19.97573],[-44.02788,-19.97581],[-44.02672,-19.97595],[-44.02652,-19.97595],[-44.02618,-19.97592],[-44.02576,-19.97581],[-44.02538,-19.97566],[-44.0252,-19.97556],[-44.02491,-19.9753],[-44.02486,-19.97528],[-44.02379,-19.97419],[-44.0234,-19.97385],[-44.02321,-19.9737],[-44.02295,-19.97354],[-44.02268,-19.97342],[-44.02237,-19.97331],[-44.02207,-19.97322],[-44.02071,-19.97293],[-44.02021,-19.97278],[-44.01956,-19.97261],[-44.01943,-19.97258],[-44.01931,-19.97071],[-44.04212,-19.97389]]]]}},{"type":"Feature","properties":{"territory_id":"mg-3106200-conjunto-california","name":"Conjunto California","municipality_id":"mg-3106200","polling_places":1,"approx":true,"official":false,"method":"voronoi-polling-places","whole_municipality":false,"approx_coords_only":false},"geometry":{"type":"MultiPolygon","coordinates":[[[[-44.02491,-19.90479],[-44.02491,-19.9048],[-44.02347,-19.90425],[-44.02491,-19.90479]]],[[[-44.02229,-19.92343],[-44.02204,-19.92518],[-44.02113,-19.9253],[-44.02074,-19.92437],[-44.02112,-19.92436],[-44.02163,-19.9242],[-44.02162,-19.9242],[-44.02198,-19.92392],[-44.02215,-19.92368],[-44.02229,-19.92343]]],[[[-44.0195,-19.93255],[-44.01856,-19.93201],[-44.01922,-19.93237],[-44.0195,-19.93255]]],[[[-44.01813,-19.90477],[-44.01785,-19.9052],[-44.01759,-19.90578],[-44.0173,-19.90639],[-44.01706,-19.90697],[-44.01656,-19.90799],[-44.01635,-19.90831],[-44.01593,-19.90881],[-44.01558,-19.90935],[-44.01516,-19.90996],[-44.01351,-19.909],[-44.01177,-19.90806],[-44.01174,-19.90805],[-44.01813,-19.90477]]],[[[-44.0174,-19.93552],[-44.01692,-19.9368],[-44.01671,-19.93669],[-44.01701,-19.93619],[-44.01685,-19.93609],[-44.01721,-19.93563],[-44.01725,-19.93554],[-44.01712,-19.93544],[-44.01714,-19.93539],[-44.01727,-19.93541],[-44.0174,-19.93552]]],[[[-44.01343,-19.91906],[-44.01338,-19.91931],[-44.01336,-19.91955],[-44.0133,-19.91969],[-44.01311,-19.9204],[-44.01017,-19.92062],[-44.00955,-19.92078],[-44.00959,-19.92093],[-44.00932,-19.92109],[-44.00951,-19.92132],[-44.00958,-19.92134],[-44.00991,-19.92179],[-44.01001,-19.92206],[-44.01009,-19.92239],[-44.01007,-19.9224],[-44.01,-19.92243],[-44.01042,-19.92386],[-44.01037,-19.92423],[-44.01025,-19.92453],[-44.00999,-19.92474],[-44.00907,-19.92523],[-44.00907,-19.92531],[-44.00943,-19.92547],[-44.00948,-19.92551],[-44.00952,-19.92565],[-44.00961,-19.92579],[-44.00968,-19.92586],[-44.00808,-19.92629],[-44.00681,-19.92631],[-44.00607,-19.92636],[-44.00568,-19.92523],[-44.00553,-19.9253],[-44.00539,-19.92554],[-44.00497,-19.92574],[-44.00487,-19.92573],[-44.00481,-19.92571],[-44.00473,-19.92565],[-44.00465,-19.92555],[-44.00452,-19.92499],[-44.00439,-19.92479],[-44.00415,-19.92459],[-44.00392,-19.92448],[-44.00365,-19.92446],[-44.00332,-19.92449],[-44.00304,-19.92466],[-44.00276,-19.92489],[-44.00268,-19.92473],[-44.00242,-19.92435],[-44.00257,-19.92428],[-44.0028,-19.92419],[-44.00279,-19.9241],[-44.00305,-19.92393],[-44.00301,-19.92387],[-44.00301,-19.9238],[-44.00306,-19.9236],[-44.0031,-19.92355],[-44.00311,-19.92344],[-44.00325,-19.92331],[-44.00318,-19.92314],[-44.00354,-19.92281],[-44.00457,-19.92362],[-44.00497,-19.92402],[-44.00528,-19.92444],[-44.00552,-19.92433],[-44.00579,-19.92416],[-44.00549,-19.92412],[-44.00534,-19.92392],[-44.00532,-19.92347],[-44.00556,-19.92331],[-44.00551,-19.92308],[-44.00543,-19.92294],[-44.00544,-19.92271],[-44.00561,-19.92259],[-44.00574,-19.92258],[-44.00544,-19.92212],[-44.00566,-19.92133],[-44.00605,-19.92126],[-44.00597,-19.92122],[-44.00583,-19.92103],[-44.00577,-19.92087],[-44.00578,-19.92077],[-44.00581,-19.92069],[-44.00614,-19.92011],[-44.00576,-19.92012],[-44.00574,-19.91958],[-44.00552,-19.91961],[-44.00552,-19.91939],[-44.0056,-19.91923],[-44.00565,-19.91887],[-44.00547,-19.9183],[-44.00532,-19.91773],[-44.00527,-19.91734],[-44.005,-19.91703],[-44.00519,-19.91682],[-44.0044,-19.91606],[-44.00397,-19.91554],[-44.0047,-19.91494],[-44.00526,-19.91445],[-44.00442,-19.9143],[-44.0053,-19.91349],[-44.00606,-19.91283],[-44.00608,-19.91253],[-44.00618,-19.91235],[-44.00599,-19.91221],[-44.00835,-19.9098],[-44.0098,-19.90905],[-44.00959,-19.90967],[-44.0094,-19.91015],[-44.00925,-19.91087],[-44.00912,-19.91116],[-44.00902,-19.91151],[-44.0085,-19.91161],[-44.00791,-19.91168],[-44.00769,-19.91166],[-44.00734,-19.91158],[-44.00719,-19.91162],[-44.00746,-19.91237],[-44.00802,-19.91349],[-44.00866,-19.91509],[-44.00901,-19.91603],[-44.00906,-19.91627],[-44.00954,-19.91705],[-44.00968,-19.91718],[-44.00997,-19.91737],[-44.00994,-19.91768],[-44.01028,-19.91795],[-44.01197,-19.91851],[-44.01335,-19.91886],[-44.01343,-19.91906]]],[[[-44.00771,-19.93964],[-44.0008,-19.93979],[-44.00063,-19.93931],[-44.00047,-19.9389],[-44.00047,-19.93885],[-44.00064,-19.93863],[-44.00082,-19.93883],[-44.00123,-19.93939],[-44.0017,-19.93921],[-44.00154,-19.93866],[-44.00156,-19.9386],[-44.00138,-19.93798],[-44.00138,-19.93783],[-44.00144,-19.93756],[-44.00157,-19.93738],[-44.0013,-19.93726],[-44.00087,-19.93713],[-44.00055,-19.93708],[-44.00004,-19.93705],[-43.99953,-19.93711],[-43.99805,-19.93748],[-43.9977,-19.93755],[-43.99735,-19.93756],[-43.99728,-19.93756],[-43.99609,-19.9346],[-43.99645,-19.93497],[-43.99672,-19.93519],[-43.99709,-19.93546],[-43.99712,-19.9353],[-43.99759,-19.93338],[-43.99778,-19.93278],[-43.99908,-19.93307],[-43.99923,-19.93308],[-44.00038,-19.93333],[-44.00046,-19.9335],[-44.00035,-19.93398],[-44.00173,-19.93427],[-44.00188,-19.93358],[-44.00322,-19.93311],[-44.00333,-19.93311],[-44.00408,-19.93334],[-44.00462,-19.93358],[-44.00458,-19.934],[-44.0046,-19.9344],[-44.00558,-19.93347],[-44.00601,-19.93318],[-44.0065,-19.93296],[-44.0069,-19.93283],[-44.00729,-19.93278],[-44.00743,-19.93277],[-44.00763,-19.93735],[-44.00768,-19.939],[-44.00771,-19.93964]]],[[[-44.00173,-19.92186],[-44.00166,-19.92195],[-44.00165,-19.92205],[-44.00158,-19.92197],[-44.00152,-19.92196],[-44.00108,-19.92249],[-44.00099,-19.92237],[-44.00095,-19.92233],[-44.00095,-19.92228],[-44.00081,-19.92216],[-44.00081,-19.92212],[-44.00067,-19.922],[-44.00021,-19.92165],[-44.00024,-19.9216],[-43.99993,-19.92132],[-43.99993,-19.92122],[-43.9999,-19.92112],[-43.99982,-19.92103],[-43.99968,-19.9209],[-43.99932,-19.92063],[-43.99944,-19.92047],[-43.99937,-19.9204],[-43.99949,-19.92024],[-43.99969,-19.92003],[-43.99988,-19.92016],[-44.00149,-19.91871],[-44.0015,-19.91922],[-44.00155,-19.91981],[-44.00152,-19.92037],[-44.00155,-19.92053],[-44.00153,-19.92094],[-44.00164,-19.92147],[-44.00173,-19.92186]]],[[[-43.99813,-19.93946],[-43.99809,-19.93957],[-43.99782,-19.93891],[-43.99782,-19.9389],[-43.99797,-19.93892],[-43.99811,-19.93897],[-43.99813,-19.93946]]],[[[-43.99683,-19.92669],[-43.99645,-19.92711],[-43.99659,-19.92694],[-43.99683,-19.92669]]],[[[-43.99607,-19.92367],[-43.99604,-19.92386],[-43.996,-19.92401],[-43.99607,-19.92367]]],[[[-43.99553,-19.92801],[-43.99471,-19.92859],[-43.99494,-19.92842],[-43.99553,-19.92801]]]]}},{"type":"Feature","properties":{"territory_id":"mg-3106200-conjunto-paulo-vi","name":"Conjunto Paulo Vi","municipality_id":"mg-3106200","polling_places":1,"approx":false,"official":true,"method":"official-ibge-cd2022","whole_municipality":false,"approx_coords_only":false,"official_name":"Conjunto Paulo VI","official_code":"3106200412","match":"direct"},"geometry":{"type":"MultiPolygon","coordinates":[[[[-43.88852,-19.83228],[-43.88873,-19.8322],[-43.88952,-19.83199],[-43.88945,-19.83179],[-43.88946,-19.83154],[-43.88958,-19.83],[-43.88967,-19.82933],[-43.8895,-19.82912],[-43.88912,-19.82932],[-43.88755,-19.83014],[-43.88694,-19.83056],[-43.88678,-19.83058],[-43.88648,-19.83057],[-43.88625,-19.83059],[-43.88586,-19.83057],[-43.88508,-19.83043],[-43.88473,-19.83032],[-43.88469,-19.83032],[-43.88461,-19.83053],[-43.88447,-19.83051],[-43.88441,-19.83053],[-43.88436,-19.83057],[-43.88402,-19.83099],[-43.88392,-19.83114],[-43.88369,-19.83143],[-43.88335,-19.83182],[-43.88203,-19.83347],[-43.88186,-19.83335],[-43.88179,-19.83344],[-43.88172,-19.83339],[-43.88154,-19.83361],[-43.88185,-19.83384],[-43.88211,-19.83379],[-43.88245,-19.8337],[-43.88273,-19.83366],[-43.88304,-19.83366],[-43.88323,-19.83374],[-43.88333,-19.83375],[-43.88359,-19.83375],[-43.88376,-19.83373],[-43.88382,-19.83377],[-43.88436,-19.8336],[-43.88466,-19.83358],[-43.88475,-19.83354],[-43.88511,-19.83344],[-43.88573,-19.8331],[-43.88584,-19.83302],[-43.88613,-19.83298],[-43.88673,-19.83373],[-43.88756,-19.83287],[-43.88785,-19.83261],[-43.8885,-19.83229],[-43.88852,-19.83228]]]]}},{"type":"Feature","properties":{"territory_id":"mg-3106200-conjunto-santa-maria","name":"Conjunto Santa Maria","municipality_id":"mg-3106200","polling_places":1,"approx":false,"official":true,"method":"official-ibge-cd2022","whole_municipality":false,"approx_coords_only":false,"official_name":"Conjunto Santa Maria","official_code":"3106200106","match":"direct"},"geometry":{"type":"MultiPolygon","coordinates":[[[[-43.9571,-19.9523],[-43.95758,-19.95224],[-43.95817,-19.95235],[-43.95893,-19.95229],[-43.95915,-19.95232],[-43.95946,-19.95208],[-43.9597,-19.95185],[-43.95983,-19.95191],[-43.96051,-19.95213],[-43.96087,-19.95142],[-43.96121,-19.95059],[-43.96126,-19.95044],[-43.96128,-19.95029],[-43.96059,-19.95024],[-43.96056,-19.9504],[-43.96047,-19.95038],[-43.96039,-19.9507],[-43.96031,-19.95057],[-43.96026,-19.95053],[-43.96017,-19.95055],[-43.95976,-19.95074],[-43.95968,-19.9507],[-43.95952,-19.95074],[-43.95948,-19.95077],[-43.9595,-19.95092],[-43.95942,-19.95096],[-43.95926,-19.95093],[-43.95915,-19.95132],[-43.95741,-19.95128],[-43.95722,-19.95132],[-43.95691,-19.95141],[-43.95647,-19.95177],[-43.95597,-19.9523],[-43.95589,-19.95235],[-43.95582,-19.95237],[-43.9546,-19.95205],[-43.9544,-19.95235],[-43.9543,-19.95285],[-43.95439,-19.95299],[-43.95533,-19.95316],[-43.95635,-19.95289],[-43.9569,-19.95257],[-43.9571,-19.9523]]]]}},{"type":"Feature","properties":{"territory_id":"mg-3106200-copacabana","name":"Copacabana","municipality_id":"mg-3106200","polling_places":1,"approx":false,"official":true,"method":"official-ibge-cd2022","whole_municipality":false,"approx_coords_only":false,"official_name":"Copacabana","official_code":"3106200266","match":"direct"},"geometry":{"type":"MultiPolygon","coordinates":[[[[-43.9882,-19.83018],[-43.98405,-19.82976],[-43.98359,-19.82967],[-43.98353,-19.82991],[-43.98338,-19.82989],[-43.98333,-19.83001],[-43.98331,-19.83012],[-43.98325,-19.83011],[-43.98301,-19.8301],[-43.98227,-19.83086],[-43.98239,-19.83096],[-43.98238,-19.83118],[-43.982,-19.83116],[-43.98173,-19.8315],[-43.98171,-19.8318],[-43.98166,-19.83206],[-43.98178,-19.83208],[-43.98173,-19.8324],[-43.98161,-19.83238],[-43.98161,-19.83272],[-43.98136,-19.83263],[-43.98121,-19.83248],[-43.98108,-19.83209],[-43.98086,-19.83205],[-43.98053,-19.83233],[-43.98023,-19.83249],[-43.98013,-19.83248],[-43.97997,-19.83253],[-43.97998,-19.8327],[-43.97976,-19.83275],[-43.97973,-19.83278],[-43.97991,-19.83328],[-43.98001,-19.83348],[-43.98016,-19.8336],[-43.9804,-19.83368],[-43.98068,-19.83368],[-43.9812,-19.83364],[-43.98132,-19.83371],[-43.98143,-19.83385],[-43.98148,-19.83407],[-43.98153,-19.83459],[-43.98152,-19.83472],[-43.98147,-19.83499],[-43.98104,-19.83548],[-43.98092,-19.83568],[-43.98084,-19.83588],[-43.98079,-19.83607],[-43.98078,-19.83618],[-43.98081,-19.83646],[-43.98118,-19.83839],[-43.98136,-19.83832],[-43.98167,-19.83823],[-43.9819,-19.83824],[-43.98268,-19.83855],[-43.98352,-19.83892],[-43.98567,-19.83984],[-43.98686,-19.84033],[-43.98701,-19.84038],[-43.98719,-19.84054],[-43.98833,-19.84139],[-43.98898,-19.84184],[-43.98943,-19.84054],[-43.98956,-19.84008],[-43.98988,-19.83921],[-43.99006,-19.83864],[-43.99074,-19.83667],[-43.99165,-19.83738],[-43.99393,-19.83854],[-43.99411,-19.83837],[-43.99433,-19.83825],[-43.99452,-19.83822],[-43.99474,-19.83826],[-43.99531,-19.83616],[-43.99556,-19.83528],[-43.99572,-19.83451],[-43.99576,-19.8341],[-43.99624,-19.83079],[-43.9934,-19.83045],[-43.99277,-19.83039],[-43.99241,-19.83037],[-43.99174,-19.8303],[-43.9917,-19.83059],[-43.99002,-19.83038],[-43.9882,-19.83018]],[[-43.98529,-19.83744],[-43.98533,-19.83746],[-43.98632,-19.83755],[-43.98621,-19.83853],[-43.98654,-19.83857],[-43.98646,-19.83926],[-43.98592,-19.83875],[-43.98585,-19.8387],[-43.98583,-19.8389],[-43.98551,-19.83885],[-43.98551,-19.83875],[-43.98545,-19.83872],[-43.98539,-19.83855],[-43.98515,-19.83851],[-43.98522,-19.83803],[-43.98525,-19.838],[-43.98529,-19.83744]],[[-43.98473,-19.8366],[-43.98517,-19.83652],[-43.98517,-19.8355],[-43.98502,-19.83522],[-43.9849,-19.83521],[-43.98491,-19.83498],[-43.98531,-19.83505],[-43.98553,-19.83506],[-43.98548,-19.83545],[-43.98546,-19.83583],[-43.98552,-19.83588],[-43.98542,-19.83678],[-43.98472,-19.83672],[-43.98473,-19.8366]]]]}},{"type":"Feature","properties":{"territory_id":"mg-3106200-coqueiros","name":"Coqueiros","municipality_id":"mg-3106200","polling_places":1,"approx":false,"official":true,"method":"official-ibge-cd2022","whole_municipality":false,"approx_coords_only":false,"official_name":"Coqueiros","official_code":"3106200209","match":"direct"},"geometry":{"type":"MultiPolygon","coordinates":[[[[-44.01843,-19.89512],[-44.01637,-19.8972],[-44.01626,-19.8973],[-44.01609,-19.89737],[-44.0164,-19.89763],[-44.01691,-19.89818],[-44.01729,-19.89869],[-44.0179,-19.8994],[-44.01814,-19.90009],[-44.01827,-19.90056],[-44.0186,-19.90129],[-44.01891,-19.90167],[-44.0191,-19.90183],[-44.01916,-19.90187],[-44.01934,-19.90215],[-44.01953,-19.90238],[-44.01962,-19.90254],[-44.01964,-19.90278],[-44.02091,-19.90325],[-44.02347,-19.90425],[-44.02536,-19.90496],[-44.02571,-19.90417],[-44.02594,-19.90387],[-44.02636,-19.90258],[-44.02591,-19.90142],[-44.02591,-19.90131],[-44.02623,-19.90118],[-44.02562,-19.8999],[-44.0259,-19.89909],[-44.02397,-19.89849],[-44.02423,-19.89772],[-44.02233,-19.89714],[-44.0226,-19.89636],[-44.02068,-19.89577],[-44.02096,-19.89501],[-44.01905,-19.89441],[-44.01898,-19.89455],[-44.01885,-19.89468],[-44.01843,-19.89512]]]]}},{"type":"Feature","properties":{"territory_id":"mg-3106200-coracao-de-jesus","name":"Coracao de Jesus","municipality_id":"mg-3106200","polling_places":1,"approx":false,"official":true,"method":"official-ibge-cd2022","whole_municipality":false,"approx_coords_only":false,"official_name":"Coração de Jesus","official_code":"3106200109","match":"direct"},"geometry":{"type":"MultiPolygon","coordinates":[[[[-43.95261,-19.94782],[-43.95268,-19.94778],[-43.95307,-19.9475],[-43.95314,-19.94743],[-43.95282,-19.94708],[-43.95344,-19.94661],[-43.95307,-19.94611],[-43.95305,-19.94601],[-43.95304,-19.94515],[-43.95313,-19.94506],[-43.95266,-19.94476],[-43.95267,-19.94468],[-43.95262,-19.94366],[-43.95265,-19.94347],[-43.95259,-19.9435],[-43.95212,-19.94352],[-43.95192,-19.94332],[-43.95161,-19.94333],[-43.95143,-19.94332],[-43.95143,-19.94192],[-43.94913,-19.94205],[-43.94905,-19.9419],[-43.94911,-19.94218],[-43.94909,-19.94235],[-43.949,-19.94263],[-43.9486,-19.94311],[-43.94852,-19.94324],[-43.94846,-19.94344],[-43.94843,-19.94382],[-43.94857,-19.94414],[-43.94872,-19.94433],[-43.9491,-19.94472],[-43.94927,-19.94503],[-43.94929,-19.94519],[-43.94933,-19.94572],[-43.94931,-19.946],[-43.94924,-19.94623],[-43.94918,-19.9464],[-43.94909,-19.94655],[-43.94854,-19.94737],[-43.94863,-19.94737],[-43.94965,-19.94799],[-43.94939,-19.94837],[-43.94922,-19.9487],[-43.95015,-19.94981],[-43.95088,-19.94848],[-43.95168,-19.94845],[-43.95206,-19.94849],[-43.95216,-19.94853],[-43.95235,-19.94865],[-43.95241,-19.94872],[-43.95253,-19.94889],[-43.95259,-19.94882],[-43.95261,-19.94782]]]]}},{"type":"Feature","properties":{"territory_id":"mg-3106200-coracao-eucaristico","name":"Coracao Eucaristico","municipality_id":"mg-3106200","polling_places":1,"approx":false,"official":true,"method":"official-ibge-cd2022","whole_municipality":false,"approx_coords_only":false,"official_name":"Coração Eucarístico","official_code":"3106200210","match":"direct"},"geometry":{"type":"MultiPolygon","coordinates":[[[[-43.99271,-19.92978],[-43.9937,-19.92927],[-43.99404,-19.92902],[-43.99434,-19.92885],[-43.99494,-19.92842],[-43.99408,-19.92752],[-43.99343,-19.92678],[-43.99312,-19.9264],[-43.99366,-19.92599],[-43.99584,-19.92426],[-43.996,-19.92401],[-43.99607,-19.92367],[-43.99606,-19.92348],[-43.99602,-19.92329],[-43.99564,-19.92226],[-43.99559,-19.92197],[-43.99431,-19.92196],[-43.99432,-19.92086],[-43.99443,-19.92039],[-43.99441,-19.92027],[-43.99382,-19.91936],[-43.99375,-19.91912],[-43.99409,-19.91884],[-43.99398,-19.91863],[-43.99393,-19.91848],[-43.99394,-19.91836],[-43.99324,-19.918],[-43.99287,-19.91815],[-43.99278,-19.91794],[-43.99307,-19.91713],[-43.99285,-19.91692],[-43.99115,-19.91926],[-43.99031,-19.92013],[-43.9887,-19.92142],[-43.98717,-19.91968],[-43.98717,-19.91987],[-43.98713,-19.92013],[-43.98685,-19.92073],[-43.98681,-19.92079],[-43.9867,-19.9209],[-43.98661,-19.92097],[-43.98649,-19.92102],[-43.98535,-19.92122],[-43.98524,-19.92215],[-43.98524,-19.92223],[-43.98527,-19.9223],[-43.98556,-19.92262],[-43.98515,-19.92294],[-43.98488,-19.92275],[-43.98455,-19.92258],[-43.98424,-19.92248],[-43.98385,-19.92239],[-43.98369,-19.92239],[-43.98347,-19.92248],[-43.98326,-19.92255],[-43.9831,-19.92263],[-43.98295,-19.92276],[-43.98279,-19.92307],[-43.98274,-19.92323],[-43.98278,-19.92371],[-43.98321,-19.92429],[-43.98365,-19.92441],[-43.98424,-19.92453],[-43.9844,-19.92512],[-43.98438,-19.92541],[-43.98436,-19.92553],[-43.9841,-19.92593],[-43.98576,-19.92657],[-43.98611,-19.92673],[-43.98665,-19.92698],[-43.9875,-19.92745],[-43.98818,-19.92786],[-43.98846,-19.92799],[-43.99007,-19.929],[-43.99048,-19.9293],[-43.99097,-19.92972],[-43.99138,-19.93018],[-43.99163,-19.9302],[-43.99179,-19.93033],[-43.99302,-19.93082],[-43.99325,-19.93097],[-43.99351,-19.93125],[-43.99349,-19.93091],[-43.99271,-19.92978]]]]}},{"type":"Feature","properties":{"territory_id":"mg-3106200-cruzeiro","name":"Cruzeiro","municipality_id":"mg-3106200","polling_places":2,"approx":false,"official":true,"method":"official-ibge-cd2022","whole_municipality":false,"approx_coords_only":false,"official_name":"Cruzeiro","official_code":"3106200119","match":"direct"},"geometry":{"type":"MultiPolygon","coordinates":[[[[-43.92482,-19.94729],[-43.92489,-19.94718],[-43.92534,-19.94673],[-43.92562,-19.94653],[-43.92591,-19.94637],[-43.92658,-19.94609],[-43.92682,-19.94596],[-43.92701,-19.94578],[-43.92721,-19.94548],[-43.92839,-19.94494],[-43.9284,-19.94488],[-43.92844,-19.94481],[-43.92895,-19.94453],[-43.9293,-19.94443],[-43.92975,-19.94437],[-43.92997,-19.94436],[-43.93027,-19.94395],[-43.92901,-19.93945],[-43.9271,-19.93926],[-43.92689,-19.93922],[-43.92672,-19.93916],[-43.92631,-19.93897],[-43.92582,-19.93978],[-43.92559,-19.94009],[-43.92255,-19.945],[-43.92164,-19.94642],[-43.92022,-19.94874],[-43.9203,-19.94881],[-43.92037,-19.94899],[-43.92037,-19.94905],[-43.92035,-19.94923],[-43.92105,-19.94959],[-43.92121,-19.94929],[-43.92133,-19.9492],[-43.92146,-19.94915],[-43.92215,-19.94911],[-43.92228,-19.94913],[-43.92236,-19.94917],[-43.92245,-19.94925],[-43.9226,-19.94944],[-43.92264,-19.94874],[-43.92266,-19.94856],[-43.92306,-19.94895],[-43.92372,-19.94834],[-43.9247,-19.94752],[-43.92482,-19.94729]],[[-43.92481,-19.94428],[-43.92442,-19.94424],[-43.92423,-19.94356],[-43.92461,-19.94347],[-43.92481,-19.94428]],[[-43.92673,-19.94427],[-43.92668,-19.94402],[-43.92661,-19.94401],[-43.92642,-19.94392],[-43.92677,-19.94314],[-43.92703,-19.94322],[-43.92691,-19.94368],[-43.92687,-19.94377],[-43.92701,-19.9442],[-43.92673,-19.94427]]]]}},{"type":"Feature","properties":{"territory_id":"mg-3106200-dom-bosco","name":"Dom Bosco","municipality_id":"mg-3106200","polling_places":1,"approx":false,"official":true,"method":"official-ibge-cd2022","whole_municipality":false,"approx_coords_only":false,"official_name":"Dom Bosco","official_code":"3106200212","match":"direct"},"geometry":{"type":"MultiPolygon","coordinates":[[[[-43.99364,-19.91373],[-43.99364,-19.91383],[-43.99371,-19.91419],[-43.99379,-19.91441],[-43.9939,-19.91468],[-43.99419,-19.91507],[-43.99627,-19.91737],[-43.99658,-19.91767],[-43.99693,-19.91799],[-43.99728,-19.91826],[-43.99852,-19.91918],[-43.99988,-19.92016],[-44.00149,-19.91871],[-44.0015,-19.91922],[-44.00155,-19.91981],[-44.00152,-19.92037],[-44.00155,-19.92053],[-44.00153,-19.92094],[-44.00164,-19.92147],[-44.00196,-19.92168],[-44.00354,-19.92281],[-44.00457,-19.92362],[-44.00497,-19.92402],[-44.00528,-19.92444],[-44.00552,-19.92433],[-44.00579,-19.92416],[-44.00549,-19.92412],[-44.00534,-19.92392],[-44.00532,-19.92347],[-44.00556,-19.92331],[-44.00551,-19.92308],[-44.00543,-19.92294],[-44.00544,-19.92271],[-44.00561,-19.92259],[-44.00574,-19.92258],[-44.00544,-19.92212],[-44.00566,-19.92133],[-44.00605,-19.92126],[-44.00597,-19.92122],[-44.00583,-19.92103],[-44.00577,-19.92087],[-44.00578,-19.92077],[-44.00581,-19.92069],[-44.00614,-19.92011],[-44.00576,-19.92012],[-44.00574,-19.91958],[-44.00552,-19.91961],[-44.00552,-19.91939],[-44.0056,-19.91923],[-44.00565,-19.91887],[-44.00547,-19.9183],[-44.00532,-19.91773],[-44.00527,-19.91734],[-44.005,-19.91703],[-44.00519,-19.91682],[-44.0044,-19.91606],[-44.00397,-19.91554],[-44.0047,-19.91494],[-44.00382,-19.91466],[-44.0035,-19.91418],[-44.00212,-19.91183],[-44.00207,-19.91164],[-44.00192,-19.91127],[-44.00185,-19.91103],[-44.00184,-19.91082],[-44.00185,-19.91062],[-44.00191,-19.91039],[-44.00214,-19.90971],[-44.00252,-19.90842],[-44.00234,-19.90841],[-44.0023,-19.90833],[-44.00194,-19.90798],[-44.00181,-19.90792],[-44.00166,-19.90789],[-44.00038,-19.90803],[-43.99892,-19.90824],[-43.9987,-19.90824],[-43.99847,-19.90879],[-43.99838,-19.9091],[-43.99835,-19.90926],[-43.99835,-19.90959],[-43.99842,-19.91022],[-43.99841,-19.91039],[-43.99834,-19.91064],[-43.99824,-19.91086],[-43.99805,-19.91108],[-43.99772,-19.91138],[-43.99739,-19.91163],[-43.99712,-19.91169],[-43.99415,-19.91196],[-43.99378,-19.91291],[-43.99368,-19.9133],[-43.99364,-19.91373]]]]}},{"type":"Feature","properties":{"territory_id":"mg-3106200-dom-cabral","name":"Dom Cabral","municipality_id":"mg-3106200","polling_places":2,"approx":false,"official":true,"method":"official-ibge-cd2022","whole_municipality":false,"approx_coords_only":false,"official_name":"Dom Cabral","official_code":"3106200213","match":"direct"},"geometry":{"type":"MultiPolygon","coordinates":[[[[-43.99659,-19.92694],[-43.99683,-19.92669],[-43.99702,-19.92643],[-43.99734,-19.92592],[-43.99742,-19.92582],[-43.99752,-19.92573],[-43.99761,-19.92564],[-43.99783,-19.92552],[-43.9979,-19.9254],[-43.99941,-19.92419],[-43.99986,-19.92397],[-43.99997,-19.9239],[-44.00007,-19.92377],[-44.00032,-19.92331],[-44.00069,-19.9227],[-44.00099,-19.92237],[-44.00095,-19.92233],[-44.00095,-19.92228],[-44.00081,-19.92216],[-44.00081,-19.92212],[-44.00067,-19.922],[-44.00021,-19.92165],[-44.00024,-19.9216],[-43.99993,-19.92132],[-43.99993,-19.92122],[-43.9999,-19.92112],[-43.99982,-19.92103],[-43.99968,-19.9209],[-43.99932,-19.92063],[-43.99944,-19.92047],[-43.99937,-19.9204],[-43.99949,-19.92024],[-43.9997,-19.92002],[-43.99852,-19.91918],[-43.99693,-19.91799],[-43.99658,-19.91767],[-43.99627,-19.91737],[-43.99474,-19.91568],[-43.99457,-19.91612],[-43.99435,-19.91651],[-43.99415,-19.91693],[-43.99342,-19.91615],[-43.99285,-19.91692],[-43.99307,-19.91713],[-43.99278,-19.91794],[-43.99287,-19.91815],[-43.99324,-19.918],[-43.99394,-19.91836],[-43.99393,-19.91848],[-43.99398,-19.91863],[-43.99409,-19.91884],[-43.99375,-19.91912],[-43.99382,-19.91936],[-43.99428,-19.92007],[-43.99486,-19.91979],[-43.99483,-19.92023],[-43.99443,-19.92081],[-43.99432,-19.92086],[-43.99431,-19.92196],[-43.99559,-19.92197],[-43.99564,-19.92226],[-43.99602,-19.92329],[-43.99606,-19.92348],[-43.99607,-19.92367],[-43.99604,-19.92386],[-43.996,-19.92401],[-43.99584,-19.92426],[-43.99366,-19.92599],[-43.99312,-19.9264],[-43.99343,-19.92678],[-43.99408,-19.92752],[-43.99494,-19.92842],[-43.99553,-19.92801],[-43.99583,-19.92774],[-43.99645,-19.92711],[-43.99659,-19.92694]]]]}},{"type":"Feature","properties":{"territory_id":"mg-3106200-ermelinda","name":"Ermelinda","municipality_id":"mg-3106200","polling_places":1,"approx":false,"official":true,"method":"official-ibge-cd2022","whole_municipality":false,"approx_coords_only":false,"official_name":"Ermelinda","official_code":"3106200215","match":"direct"},"geometry":{"type":"MultiPolygon","coordinates":[[[[-43.96221,-19.88688],[-43.96373,-19.88556],[-43.96458,-19.88488],[-43.96492,-19.88459],[-43.96501,-19.88448],[-43.96527,-19.88427],[-43.96501,-19.88415],[-43.9644,-19.88391],[-43.95915,-19.88219],[-43.95918,-19.88255],[-43.95932,-19.88279],[-43.95977,-19.88384],[-43.95987,-19.88398],[-43.95956,-19.88408],[-43.95928,-19.88405],[-43.95858,-19.88369],[-43.95851,-19.88377],[-43.95841,-19.88382],[-43.95855,-19.88419],[-43.95855,-19.88448],[-43.95845,-19.88474],[-43.95827,-19.8851],[-43.95823,-19.88531],[-43.9579,-19.88597],[-43.95784,-19.88616],[-43.95782,-19.88657],[-43.95785,-19.88697],[-43.95779,-19.8872],[-43.95762,-19.8875],[-43.9574,-19.88798],[-43.95698,-19.88878],[-43.95673,-19.88905],[-43.95621,-19.88957],[-43.95646,-19.88989],[-43.9567,-19.89026],[-43.95774,-19.89175],[-43.95781,-19.89165],[-43.95838,-19.89054],[-43.95861,-19.88997],[-43.9587,-19.88986],[-43.9591,-19.88949],[-43.95935,-19.88936],[-43.95968,-19.88904],[-43.96038,-19.88847],[-43.96063,-19.88821],[-43.96107,-19.88782],[-43.96125,-19.88771],[-43.96142,-19.88755],[-43.96221,-19.88688]]]]}},{"type":"Feature","properties":{"territory_id":"mg-3106200-esplanada","name":"Esplanada","municipality_id":"mg-3106200","polling_places":2,"approx":false,"official":true,"method":"official-ibge-cd2022","whole_municipality":false,"approx_coords_only":false,"official_name":"Esplanada","official_code":"3106200021","match":"direct"},"geometry":{"type":"MultiPolygon","coordinates":[[[[-43.89868,-19.90703],[-43.89896,-19.90853],[-43.89903,-19.90857],[-43.90165,-19.90899],[-43.90189,-19.909],[-43.90326,-19.90923],[-43.90472,-19.90946],[-43.90516,-19.90927],[-43.90525,-19.90938],[-43.90575,-19.90935],[-43.90564,-19.90907],[-43.90575,-19.90905],[-43.90588,-19.90928],[-43.90612,-19.90923],[-43.90612,-19.90917],[-43.90642,-19.90916],[-43.90666,-19.9091],[-43.90672,-19.90938],[-43.9068,-19.90943],[-43.90704,-19.90941],[-43.90705,-19.90948],[-43.90987,-19.90904],[-43.9101,-19.90857],[-43.91029,-19.90812],[-43.91047,-19.90735],[-43.91045,-19.90656],[-43.91041,-19.90628],[-43.91036,-19.90606],[-43.91018,-19.90555],[-43.90997,-19.90521],[-43.9095,-19.90459],[-43.90921,-19.90429],[-43.90881,-19.90394],[-43.90842,-19.90364],[-43.90817,-19.90346],[-43.90788,-19.90321],[-43.90728,-19.90263],[-43.90671,-19.90205],[-43.90639,-19.90185],[-43.9061,-19.9017],[-43.90585,-19.90165],[-43.90569,-19.90166],[-43.90529,-19.90178],[-43.90433,-19.90229],[-43.90388,-19.90249],[-43.9005,-19.90328],[-43.90013,-19.90341],[-43.89992,-19.90352],[-43.89977,-19.90365],[-43.89932,-19.90412],[-43.89929,-19.90428],[-43.89901,-19.90464],[-43.89878,-19.90489],[-43.89863,-19.90501],[-43.89828,-19.90524],[-43.89839,-19.9057],[-43.89867,-19.90701],[-43.89868,-19.90703]]]]}},{"type":"Feature","properties":{"territory_id":"mg-3106200-estrela-dalva","name":"Estrela Dalva","municipality_id":"mg-3106200","polling_places":1,"approx":true,"official":false,"method":"voronoi-polling-places","whole_municipality":false,"approx_coords_only":false},"geometry":{"type":"MultiPolygon","coordinates":[[[[-43.98533,-19.95963],[-43.98527,-19.96344],[-43.9834,-19.96171],[-43.98338,-19.96168],[-43.98533,-19.95963]]],[[[-43.98526,-19.96397],[-43.98516,-19.96946],[-43.98429,-19.96967],[-43.98416,-19.96933],[-43.98415,-19.9691],[-43.98417,-19.96877],[-43.9843,-19.96767],[-43.98433,-19.9676],[-43.98423,-19.96762],[-43.9827,-19.96732],[-43.98215,-19.9672],[-43.98142,-19.96717],[-43.97729,-19.96693],[-43.97706,-19.96695],[-43.97707,-19.96571],[-43.97699,-19.96525],[-43.97663,-19.96425],[-43.97648,-19.96345],[-43.97637,-19.96261],[-43.97637,-19.96207],[-43.97632,-19.9618],[-43.9763,-19.96149],[-43.97619,-19.96109],[-43.97611,-19.96088],[-43.97609,-19.96072],[-43.97608,-19.96055],[-43.9761,-19.96027],[-43.97615,-19.9601],[-43.97617,-19.96],[-43.97617,-19.95981],[-43.97613,-19.9594],[-43.97621,-19.95924],[-43.97638,-19.95894],[-43.9764,-19.95885],[-43.97639,-19.95862],[-43.97632,-19.95836],[-43.97642,-19.95824],[-43.97668,-19.95816],[-43.97696,-19.95816],[-43.97716,-19.95834],[-43.97742,-19.95825],[-43.97748,-19.95829],[-43.97756,-19.95823],[-43.97768,-19.95819],[-43.97814,-19.95769],[-43.97793,-19.95763],[-43.97789,-19.95721],[-43.97792,-19.95689],[-43.97796,-19.95679],[-43.97827,-19.95661],[-43.97835,-19.95653],[-43.97848,-19.95644],[-43.97863,-19.95637],[-43.97877,-19.95628],[-43.97895,-19.95613],[-43.97922,-19.95583],[-43.97933,-19.95564],[-43.97945,-19.95542],[-43.97958,-19.95504],[-43.97964,-19.95502],[-43.98015,-19.95556],[-43.98104,-19.95659],[-43.98193,-19.95754],[-43.98239,-19.95805],[-43.98253,-19.95823],[-43.98179,-19.95919],[-43.98166,-19.9594],[-43.98127,-19.96037],[-43.9806,-19.96162],[-43.98024,-19.96235],[-43.9802,-19.96289],[-43.98024,-19.96329],[-43.98029,-19.96358],[-43.98047,-19.96406],[-43.98066,-19.96436],[-43.9818,-19.96529],[-43.98177,-19.96542],[-43.98188,-19.96553],[-43.98207,-19.96548],[-43.98304,-19.96612],[-43.98412,-19.96673],[-43.98446,-19.96556],[-43.98469,-19.96469],[-43.98477,-19.9645],[-43.98499,-19.96425],[-43.98526,-19.96397]]],[[[-43.98502,-19.97719],[-43.985,-19.97804],[-43.98481,-19.97784],[-43.98493,-19.9778],[-43.98489,-19.97774],[-43.98486,-19.97746],[-43.98496,-19.97731],[-43.98494,-19.97729],[-43.98502,-19.97719]]],[[[-43.98465,-19.95954],[-43.98456,-19.95956],[-43.98335,-19.9598],[-43.98465,-19.95954]]],[[[-43.9846,-19.983],[-43.9831,-19.9849],[-43.98292,-19.98471],[-43.98275,-19.98451],[-43.98265,-19.98464],[-43.98234,-19.98453],[-43.98203,-19.98453],[-43.98228,-19.9849],[-43.982,-19.98511],[-43.98137,-19.98504],[-43.98102,-19.98572],[-43.98018,-19.98454],[-43.98034,-19.98442],[-43.98054,-19.98432],[-43.98152,-19.98387],[-43.98196,-19.9836],[-43.98207,-19.98351],[-43.98231,-19.9833],[-43.98251,-19.98306],[-43.98278,-19.98253],[-43.9829,-19.98256],[-43.9835,-19.98305],[-43.9839,-19.98355],[-43.98445,-19.9831],[-43.9846,-19.983]]],[[[-43.98406,-19.9797],[-43.98381,-19.98004],[-43.98385,-19.97998],[-43.98406,-19.9797]]],[[[-43.97962,-19.97886],[-43.9792,-19.97674],[-43.97961,-19.97883],[-43.97962,-19.97886]]],[[[-43.97723,-19.98595],[-43.97317,-19.98792],[-43.97237,-19.98835],[-43.97219,-19.98846],[-43.97187,-19.98874],[-43.97161,-19.98909],[-43.9709,-19.99019],[-43.97104,-19.9903],[-43.97217,-19.99132],[-43.97194,-19.99156],[-43.97187,-19.9919],[-43.97187,-19.99204],[-43.97196,-19.99239],[-43.97189,-19.99257],[-43.97175,-19.99281],[-43.97159,-19.99298],[-43.9715,-19.99303],[-43.9713,-19.99308],[-43.97112,-19.99307],[-43.97099,-19.99309],[-43.97083,-19.99316],[-43.97038,-19.99357],[-43.97028,-19.99362],[-43.9701,-19.99367],[-43.96981,-19.99364],[-43.96941,-19.99364],[-43.96935,-19.99363],[-43.96926,-19.99369],[-43.96924,-19.99374],[-43.96927,-19.99384],[-43.96938,-19.994],[-43.96936,-19.99409],[-43.96931,-19.99415],[-43.96926,-19.99433],[-43.96909,-19.99467],[-43.96908,-19.99477],[-43.96902,-19.99498],[-43.96898,-19.99505],[-43.96882,-19.99514],[-43.96869,-19.99528],[-43.96859,-19.99533],[-43.96851,-19.99545],[-43.96838,-19.99581],[-43.96824,-19.99663],[-43.96821,-19.9975],[-43.96829,-19.99792],[-43.96765,-19.99846],[-43.96737,-19.99844],[-43.96746,-19.99858],[-43.96574,-19.99827],[-43.96486,-19.99798],[-43.96423,-19.99746],[-43.96372,-19.99693],[-43.96279,-19.996],[-43.96239,-19.99555],[-43.96205,-19.99509],[-43.96161,-19.99439],[-43.96112,-19.99374],[-43.96105,-19.99409],[-43.96105,-19.99436],[-43.96107,-19.9948],[-43.96114,-19.99545],[-43.96116,-19.99563],[-43.96122,-19.99587],[-43.96132,-19.99614],[-43.96149,-19.99649],[-43.96153,-19.99663],[-43.96148,-19.99676],[-43.95885,-19.99256],[-43.95841,-19.99189],[-43.95801,-19.99138],[-43.94977,-19.9822],[-43.94945,-19.98178],[-43.94908,-19.98119],[-43.94889,-19.98085],[-43.94866,-19.98039],[-43.94847,-19.97985],[-43.9482,-19.97923],[-43.94738,-19.97712],[-43.94716,-19.9765],[-43.94685,-19.97567],[-43.94734,-19.97558],[-43.94745,-19.97575],[-43.94783,-19.9758],[-43.94825,-19.97559],[-43.94923,-19.97494],[-43.94933,-19.97503],[-43.95266,-19.97299],[-43.95331,-19.97253],[-43.95451,-19.97131],[-43.95514,-19.97074],[-43.95662,-19.97082],[-43.95642,-19.97055],[-43.9563,-19.97035],[-43.95614,-19.97057],[-43.95586,-19.97062],[-43.95531,-19.97008],[-43.95498,-19.96959],[-43.95459,-19.96892],[-43.95464,-19.96858],[-43.95449,-19.96825],[-43.95447,-19.96814],[-43.95424,-19.96642],[-43.95425,-19.96618],[-43.95432,-19.9657],[-43.9545,-19.96531],[-43.95497,-19.9647],[-43.9555,-19.96408],[-43.95502,-19.96372],[-43.95543,-19.96403],[-43.95609,-19.96327],[-43.95648,-19.96279],[-43.95672,-19.96254],[-43.95691,-19.96229],[-43.9571,-19.96198],[-43.95728,-19.96162],[-43.95738,-19.96089],[-43.95749,-19.95981],[-43.95746,-19.95957],[-43.95709,-19.95837],[-43.95704,-19.95809],[-43.95704,-19.95787],[-43.9571,-19.95755],[-43.95721,-19.95723],[-43.95738,-19.95695],[-43.95899,-19.95465],[-43.95977,-19.95343],[-43.96019,-19.95267],[-43.96051,-19.95213],[-43.96087,-19.95142],[-43.96121,-19.95059],[-43.96126,-19.95044],[-43.96128,-19.95029],[-43.96059,-19.95024],[-43.96056,-19.9504],[-43.96047,-19.95038],[-43.96039,-19.9507],[-43.96031,-19.95057],[-43.96026,-19.95053],[-43.96017,-19.95055],[-43.95976,-19.95074],[-43.95968,-19.9507],[-43.95952,-19.95074],[-43.95948,-19.95077],[-43.9595,-19.95092],[-43.95942,-19.95096],[-43.95926,-19.95093],[-43.95915,-19.95132],[-43.95942,-19.95035],[-43.95948,-19.95008],[-43.95941,-19.95006],[-43.95945,-19.94992],[-43.95956,-19.94994],[-43.95978,-19.94993],[-43.95993,-19.9498],[-43.96011,-19.94957],[-43.96034,-19.94918],[-43.96042,-19.94924],[-43.96039,-19.94936],[-43.96048,-19.94937],[-43.96049,-19.94951],[-43.96128,-19.9495],[-43.9613,-19.94966],[-43.96137,-19.94971],[-43.96148,-19.94973],[-43.96152,-19.94958],[-43.96162,-19.94788],[-43.96145,-19.9477],[-43.96131,-19.94758],[-43.9616,-19.94728],[-43.9615,-19.94713],[-43.9614,-19.94707],[-43.96133,-19.94708],[-43.9612,-19.94645],[-43.96098,-19.94647],[-43.95963,-19.94529],[-43.95943,-19.9451],[-43.95936,-19.945],[-43.95935,-19.94497],[-43.96775,-19.94771],[-43.96774,-19.94776],[-43.96772,-19.9479],[-43.96814,-19.94801],[-43.96805,-19.94835],[-43.96845,-19.94844],[-43.96839,-19.94868],[-43.9692,-19.94913],[-43.96907,-19.94935],[-43.96829,-19.95049],[-43.96802,-19.95094],[-43.9679,-19.95123],[-43.96784,-19.95143],[-43.96754,-19.9525],[-43.96692,-19.95457],[-43.96795,-19.95494],[-43.9687,-19.95524],[-43.96871,-19.95521],[-43.97045,-19.9559],[-43.97055,-19.95568],[-43.97089,-19.95601],[-43.97068,-19.95626],[-43.97064,-19.95646],[-43.97066,-19.95658],[-43.97057,-19.9568],[-43.97045,-19.95673],[-43.97024,-19.95732],[-43.97008,-19.95753],[-43.96874,-19.95868],[-43.96796,-19.95932],[-43.9673,-19.96015],[-43.96711,-19.96037],[-43.96713,-19.96042],[-43.96723,-19.96045],[-43.96733,-19.96065],[-43.96739,-19.96068],[-43.96784,-19.96116],[-43.96773,-19.96128],[-43.96764,-19.96128],[-43.96755,-19.96137],[-43.96743,-19.96155],[-43.96735,-19.9616],[-43.9672,-19.96189],[-43.96678,-19.9623],[-43.96666,-19.96263],[-43.96652,-19.96274],[-43.96643,-19.96275],[-43.96636,-19.9627],[-43.96629,-19.9627],[-43.96618,-19.96278],[-43.96608,-19.963],[-43.96596,-19.9634],[-43.966,-19.96364],[-43.966,-19.96397],[-43.96602,-19.96404],[-43.96614,-19.96409],[-43.96617,-19.96421],[-43.96628,-19.96431],[-43.96618,-19.96452],[-43.96588,-19.96495],[-43.96564,-19.96518],[-43.96541,-19.96553],[-43.96544,-19.96568],[-43.96552,-19.96578],[-43.96566,-19.96581],[-43.96566,-19.96613],[-43.96559,-19.96623],[-43.96549,-19.9665],[-43.96537,-19.9669],[-43.9652,-19.9671],[-43.96491,-19.96717],[-43.9647,-19.96715],[-43.96417,-19.96714],[-43.96398,-19.96718],[-43.96382,-19.96725],[-43.96364,-19.96736],[-43.96343,-19.96762],[-43.96334,-19.96778],[-43.96328,-19.96783],[-43.96158,-19.96707],[-43.9612,-19.96777],[-43.96045,-19.96931],[-43.95906,-19.97145],[-43.95936,-19.97167],[-43.95951,-19.97182],[-43.95938,-19.97254],[-43.95925,-19.97272],[-43.95945,-19.97445],[-43.95946,-19.97508],[-43.9585,-19.97884],[-43.95876,-19.97922],[-43.95886,-19.97971],[-43.95882,-19.97991],[-43.95874,-19.98007],[-43.95873,-19.98021],[-43.9589,-19.98108],[-43.95913,-19.98166],[-43.95946,-19.98193],[-43.95981,-19.98208],[-43.96001,-19.98213],[-43.96032,-19.98216],[-43.9606,-19.98229],[-43.9609,-19.98229],[-43.9613,-19.98187],[-43.96134,-19.98173],[-43.96147,-19.98156],[-43.96168,-19.98158],[-43.96183,-19.98162],[-43.96203,-19.98189],[-43.96549,-19.98366],[-43.9671,-19.98441],[-43.96786,-19.98461],[-43.96881,-19.98497],[-43.96977,-19.98524],[-43.97332,-19.98583],[-43.97371,-19.98582],[-43.97412,-19.98575],[-43.9744,-19.98583],[-43.97468,-19.98586],[-43.97657,-19.98553],[-43.97723,-19.98595]]],[[[-43.97591,-19.95036],[-43.9759,-19.95046],[-43.97579,-19.95077],[-43.97567,-19.95075],[-43.97555,-19.95059],[-43.97516,-19.95015],[-43.97504,-19.95074],[-43.97473,-19.95068],[-43.97454,-19.95131],[-43.97468,-19.95135],[-43.97466,-19.95151],[-43.97451,-19.95149],[-43.97443,-19.95185],[-43.97446,-19.95186],[-43.97444,-19.95196],[-43.97439,-19.95218],[-43.9743,-19.9527],[-43.97426,-19.95283],[-43.97423,-19.95281],[-43.97385,-19.9531],[-43.97311,-19.95375],[-43.97282,-19.95377],[-43.97261,-19.95385],[-43.9722,-19.95402],[-43.97171,-19.9542],[-43.9716,-19.95431],[-43.97157,-19.95453],[-43.97188,-19.95454],[-43.97185,-19.95458],[-43.97201,-19.95496],[-43.97166,-19.95508],[-43.97162,-19.95563],[-43.97178,-19.95591],[-43.97198,-19.95602],[-43.97191,-19.95617],[-43.9714,-19.95601],[-43.97113,-19.95583],[-43.97128,-19.95557],[-43.97066,-19.95534],[-43.97055,-19.95568],[-43.97057,-19.95532],[-43.97056,-19.95513],[-43.97011,-19.95502],[-43.9705,-19.95411],[-43.96999,-19.95392],[-43.97077,-19.95208],[-43.9712,-19.95132],[-43.97159,-19.95154],[-43.9723,-19.95156],[-43.97242,-19.95159],[-43.97258,-19.95164],[-43.97276,-19.95176],[-43.97289,-19.95164],[-43.97307,-19.95143],[-43.97307,-19.9512],[-43.97296,-19.95109],[-43.97279,-19.95102],[-43.97311,-19.95025],[-43.97293,-19.94992],[-43.97302,-19.94993],[-43.9732,-19.94999],[-43.9734,-19.95002],[-43.97368,-19.94995],[-43.97377,-19.94967],[-43.97591,-19.95036]]],[[[-43.97366,-19.96688],[-43.97355,-19.96674],[-43.97351,-19.96665],[-43.97366,-19.96688]]],[[[-43.97237,-19.99439],[-43.97149,-19.99516],[-43.97145,-19.99494],[-43.97168,-19.99453],[-43.97171,-19.99408],[-43.97217,-19.99393],[-43.97237,-19.99439]]],[[[-43.97202,-19.96155],[-43.9719,-19.9617],[-43.97162,-19.96151],[-43.97156,-19.96159],[-43.97139,-19.96147],[-43.97114,-19.96173],[-43.97133,-19.96189],[-43.97099,-19.96233],[-43.97078,-19.96238],[-43.97084,-19.96232],[-43.97058,-19.96192],[-43.97058,-19.96184],[-43.97047,-19.96166],[-43.97069,-19.96147],[-43.97096,-19.96135],[-43.97116,-19.96134],[-43.97148,-19.9612],[-43.9716,-19.96122],[-43.9717,-19.96125],[-43.97181,-19.96133],[-43.97186,-19.96141],[-43.97202,-19.96155]]],[[[-43.97137,-19.96655],[-43.96566,-19.96613],[-43.96602,-19.96615],[-43.97137,-19.96655]]],[[[-43.9694,-19.94827],[-43.9694,-19.9484],[-43.96939,-19.94858],[-43.9694,-19.94827]]],[[[-43.96663,-19.99935],[-43.96464,-20.00106],[-43.96457,-20.00096],[-43.96439,-20.00075],[-43.96329,-19.99926],[-43.96239,-19.99809],[-43.96271,-19.99796],[-43.96306,-19.99799],[-43.96411,-19.99853],[-43.96499,-19.99896],[-43.96545,-19.9991],[-43.96663,-19.99935]]],[[[-43.95895,-19.94629],[-43.95779,-19.94561],[-43.95756,-19.94547],[-43.95895,-19.94629]]],[[[-43.95735,-19.99405],[-43.95734,-19.99455],[-43.95365,-19.99054],[-43.95403,-19.99063],[-43.95452,-19.99072],[-43.95466,-19.99117],[-43.95475,-19.99127],[-43.95482,-19.9914],[-43.95494,-19.99174],[-43.95521,-19.992],[-43.95542,-19.99231],[-43.9557,-19.99263],[-43.95575,-19.99271],[-43.95584,-19.9928],[-43.95618,-19.99293],[-43.95638,-19.99296],[-43.9566,-19.99296],[-43.95689,-19.99306],[-43.95708,-19.99352],[-43.95733,-19.99399],[-43.95735,-19.99405]]],[[[-43.95702,-19.95138],[-43.95691,-19.95141],[-43.95698,-19.95139],[-43.95702,-19.95138]]],[[[-43.95691,-19.95141],[-43.95654,-19.95171],[-43.95665,-19.95162],[-43.95691,-19.95141]]],[[[-43.9564,-19.95185],[-43.95597,-19.9523],[-43.95629,-19.95195],[-43.9564,-19.95185]]],[[[-43.95371,-19.95175],[-43.95366,-19.95181],[-43.9536,-19.95187],[-43.95371,-19.95175]]],[[[-43.9534,-19.94303],[-43.95339,-19.94308],[-43.95311,-19.94328],[-43.95278,-19.94345],[-43.95265,-19.94347],[-43.95259,-19.9435],[-43.95212,-19.94352],[-43.95192,-19.94332],[-43.95161,-19.94333],[-43.95143,-19.94332],[-43.95143,-19.94239],[-43.9534,-19.94303]]],[[[-43.9522,-19.95353],[-43.95148,-19.95307],[-43.95214,-19.95349],[-43.9522,-19.95353]]],[[[-43.95189,-19.95389],[-43.95147,-19.9539],[-43.95087,-19.95389],[-43.95189,-19.95389]]],[[[-43.95015,-19.94981],[-43.94969,-19.94927],[-43.94922,-19.9487],[-43.95015,-19.94981]]],[[[-43.94908,-19.98537],[-43.94906,-19.9855],[-43.94904,-19.98555],[-43.94863,-19.9851],[-43.94878,-19.98511],[-43.94899,-19.98522],[-43.94908,-19.98537]]],[[[-43.94771,-19.98248],[-43.94739,-19.9829],[-43.94722,-19.9832],[-43.94716,-19.98336],[-43.94717,-19.98344],[-43.94719,-19.98352],[-43.94722,-19.98356],[-43.9397,-19.9754],[-43.9393,-19.97513],[-43.93971,-19.97537],[-43.94771,-19.98248]]],[[[-43.94656,-19.95549],[-43.94628,-19.95562],[-43.94643,-19.95589],[-43.94607,-19.9562],[-43.94565,-19.95637],[-43.94583,-19.9565],[-43.94629,-19.95685],[-43.94579,-19.95704],[-43.94549,-19.95722],[-43.94516,-19.95738],[-43.94479,-19.95764],[-43.94468,-19.95775],[-43.94458,-19.95815],[-43.94461,-19.9584],[-43.94506,-19.95851],[-43.94503,-19.95856],[-43.9447,-19.95868],[-43.94445,-19.95887],[-43.94444,-19.95887],[-43.9442,-19.95892],[-43.94389,-19.95887],[-43.94349,-19.95921],[-43.94328,-19.95902],[-43.94256,-19.9582],[-43.94164,-19.95714],[-43.94043,-19.95552],[-43.94045,-19.95531],[-43.94047,-19.9542],[-43.94043,-19.95408],[-43.94028,-19.95382],[-43.93988,-19.95325],[-43.9398,-19.953],[-43.93979,-19.95282],[-43.93984,-19.95264],[-43.9401,-19.95216],[-43.94014,-19.95202],[-43.94013,-19.95185],[-43.94005,-19.95162],[-43.93954,-19.95081],[-43.93975,-19.95062],[-43.93972,-19.95056],[-43.94003,-19.95033],[-43.94024,-19.95012],[-43.94016,-19.94999],[-43.93994,-19.94978],[-43.93955,-19.94956],[-43.93918,-19.94931],[-43.93911,-19.94929],[-43.93903,-19.9493],[-43.93882,-19.94941],[-43.93852,-19.94923],[-43.93839,-19.94879],[-43.93835,-19.9486],[-43.93884,-19.9485],[-43.93919,-19.94888],[-43.9396,-19.94866],[-43.93981,-19.94892],[-43.9401,-19.94923],[-43.94054,-19.94865],[-43.94044,-19.94848],[-43.94053,-19.94843],[-43.94075,-19.94824],[-43.94141,-19.94786],[-43.94146,-19.94789],[-43.94155,-19.948],[-43.94167,-19.94795],[-43.94193,-19.94778],[-43.94214,-19.94769],[-43.94235,-19.94766],[-43.94245,-19.94807],[-43.94242,-19.94863],[-43.94242,-19.94905],[-43.94251,-19.94922],[-43.94251,-19.94934],[-43.94247,-19.94946],[-43.94213,-19.94927],[-43.94142,-19.94895],[-43.94123,-19.94924],[-43.94114,-19.94953],[-43.94141,-19.94996],[-43.94188,-19.95027],[-43.94213,-19.95038],[-43.9427,-19.95099],[-43.94305,-19.95094],[-43.94332,-19.95093],[-43.94341,-19.95095],[-43.94399,-19.95092],[-43.94404,-19.9509],[-43.94553,-19.95088],[-43.94553,-19.95103],[-43.94561,-19.95103],[-43.94588,-19.9511],[-43.94549,-19.95135],[-43.94536,-19.95155],[-43.94524,-19.95203],[-43.94527,-19.95226],[-43.94541,-19.9526],[-43.94552,-19.95293],[-43.94554,-19.95319],[-43.94541,-19.95439],[-43.9454,-19.95497],[-43.94568,-19.9552],[-43.94598,-19.95519],[-43.94621,-19.95507],[-43.94633,-19.95533],[-43.94647,-19.9553],[-43.94656,-19.95549]]],[[[-43.94473,-19.96116],[-43.94471,-19.96132],[-43.94467,-19.96153],[-43.94473,-19.96116]]],[[[-43.94406,-19.96234],[-43.94394,-19.9624],[-43.94382,-19.96246],[-43.94406,-19.96234]]],[[[-43.93045,-19.96284],[-43.93033,-19.96289],[-43.93013,-19.96256],[-43.92981,-19.96256],[-43.9296,-19.96267],[-43.92941,-19.96272],[-43.92921,-19.96243],[-43.92915,-19.96208],[-43.92906,-19.96195],[-43.92881,-19.96193],[-43.92862,-19.96173],[-43.92847,-19.96161],[-43.92832,-19.96165],[-43.92826,-19.96173],[-43.92808,-19.96184],[-43.928,-19.96185],[-43.92764,-19.96179],[-43.92744,-19.96161],[-43.92734,-19.96126],[-43.92739,-19.96109],[-43.92742,-19.96072],[-43.92702,-19.96063],[-43.92675,-19.96046],[-43.92657,-19.96038],[-43.92606,-19.96018],[-43.92603,-19.96007],[-43.92649,-19.95985],[-43.9267,-19.95958],[-43.92698,-19.95933],[-43.92724,-19.95929],[-43.9273,-19.95913],[-43.92731,-19.95895],[-43.92724,-19.95898],[-43.92709,-19.95845],[-43.92706,-19.95823],[-43.92973,-19.95528],[-43.92975,-19.95544],[-43.92979,-19.95637],[-43.92995,-19.95677],[-43.92984,-19.95692],[-43.9298,-19.9571],[-43.92984,-19.95771],[-43.92983,-19.95792],[-43.9298,-19.95807],[-43.92951,-19.95867],[-43.92941,-19.95884],[-43.92926,-19.959],[-43.92867,-19.95982],[-43.9287,-19.96002],[-43.92913,-19.9601],[-43.92905,-19.96047],[-43.92922,-19.96063],[-43.92908,-19.96078],[-43.92925,-19.96104],[-43.92948,-19.96158],[-43.92965,-19.96138],[-43.92975,-19.96131],[-43.92996,-19.96122],[-43.93005,-19.96143],[-43.93018,-19.9622],[-43.93026,-19.9625],[-43.93045,-19.96284]]]]}},{"type":"Feature","properties":{"territory_id":"mg-3106200-europa","name":"Europa","municipality_id":"mg-3106200","polling_places":3,"approx":true,"official":false,"method":"voronoi-polling-places","whole_municipality":false,"approx_coords_only":false},"geometry":{"type":"MultiPolygon","coordinates":[[[[-43.97541,-19.79347],[-43.96922,-19.80196],[-43.96923,-19.802],[-43.97305,-19.80546],[-43.97226,-19.81463],[-43.97198,-19.81463],[-43.9716,-19.81467],[-43.97118,-19.81475],[-43.97159,-19.81524],[-43.97204,-19.81571],[-43.97179,-19.81597],[-43.96253,-19.8121],[-43.96243,-19.81199],[-43.96336,-19.80501],[-43.95833,-19.80118],[-43.9595,-19.79737],[-43.96251,-19.79185],[-43.96252,-19.79153],[-43.97541,-19.79347]]]]}},{"type":"Feature","properties":{"territory_id":"mg-3106200-eymard","name":"Eymard","municipality_id":"mg-3106200","polling_places":1,"approx":false,"official":true,"method":"official-ibge-cd2022","whole_municipality":false,"approx_coords_only":false,"official_name":"Eymard","official_code":"3106200383","match":"direct"},"geometry":{"type":"MultiPolygon","coordinates":[[[[-43.91277,-19.86126],[-43.91242,-19.86152],[-43.91211,-19.86151],[-43.91208,-19.86159],[-43.91218,-19.86168],[-43.91306,-19.86225],[-43.91398,-19.86289],[-43.9147,-19.86334],[-43.91507,-19.86361],[-43.91604,-19.86425],[-43.91782,-19.86438],[-43.91788,-19.8644],[-43.92033,-19.86458],[-43.92112,-19.86459],[-43.9209,-19.8653],[-43.92088,-19.86595],[-43.92061,-19.86671],[-43.92091,-19.86691],[-43.92101,-19.86687],[-43.92103,-19.86696],[-43.92117,-19.86704],[-43.92148,-19.86704],[-43.92241,-19.86625],[-43.92267,-19.86588],[-43.92508,-19.86401],[-43.92515,-19.86376],[-43.92431,-19.86329],[-43.92288,-19.86238],[-43.92234,-19.86207],[-43.92204,-19.86193],[-43.92127,-19.86153],[-43.92003,-19.86097],[-43.91857,-19.86036],[-43.91731,-19.85975],[-43.91617,-19.85924],[-43.91516,-19.85894],[-43.91428,-19.8587],[-43.91315,-19.85856],[-43.91291,-19.85855],[-43.91252,-19.8585],[-43.91122,-19.8584],[-43.91131,-19.85929],[-43.9113,-19.85948],[-43.91167,-19.8598],[-43.91143,-19.86033],[-43.91277,-19.86126]]]]}},{"type":"Feature","properties":{"territory_id":"mg-3106200-fernao-dias","name":"Fernão Dias","municipality_id":"mg-3106200","polling_places":2,"approx":false,"official":true,"method":"official-ibge-cd2022","whole_municipality":false,"approx_coords_only":false,"official_name":"Fernão Dias","official_code":"3106200082","match":"direct"},"geometry":{"type":"MultiPolygon","coordinates":[[[[-43.91834,-19.87458],[-43.91919,-19.8746],[-43.91934,-19.87458],[-43.92048,-19.87409],[-43.92082,-19.87388],[-43.92098,-19.87372],[-43.92155,-19.87307],[-43.92175,-19.8729],[-43.92202,-19.87276],[-43.9231,-19.87079],[-43.92137,-19.87002],[-43.92078,-19.86974],[-43.92029,-19.86925],[-43.91996,-19.86897],[-43.91967,-19.86916],[-43.91943,-19.86928],[-43.91916,-19.86939],[-43.91904,-19.86896],[-43.91822,-19.86916],[-43.91796,-19.86911],[-43.91745,-19.8688],[-43.9169,-19.86938],[-43.9164,-19.8688],[-43.91631,-19.86891],[-43.91624,-19.86954],[-43.91599,-19.86969],[-43.91544,-19.86994],[-43.91464,-19.87047],[-43.91368,-19.87115],[-43.91347,-19.87127],[-43.91344,-19.87134],[-43.91297,-19.87189],[-43.91236,-19.87288],[-43.91402,-19.87398],[-43.91448,-19.87337],[-43.91447,-19.87348],[-43.9145,-19.87364],[-43.91451,-19.87384],[-43.91466,-19.87428],[-43.91483,-19.87462],[-43.91573,-19.87601],[-43.9166,-19.87508],[-43.91671,-19.87502],[-43.91739,-19.87484],[-43.91834,-19.87458]]]]}},{"type":"Feature","properties":{"territory_id":"mg-3106200-flavio-marques-lisboa","name":"Flávio Marques Lisboa","municipality_id":"mg-3106200","polling_places":1,"approx":false,"official":true,"method":"official-ibge-cd2022","whole_municipality":false,"approx_coords_only":false,"official_name":"Flávio Marques Lisboa","official_code":"3106200311","match":"direct"},"geometry":{"type":"MultiPolygon","coordinates":[[[[-43.99403,-19.99936],[-43.99455,-19.9995],[-43.99512,-19.99861],[-43.99524,-19.99851],[-43.99539,-19.99829],[-43.99615,-19.99772],[-43.99835,-19.99664],[-43.99855,-19.99663],[-43.99864,-19.99666],[-43.99873,-19.99662],[-43.99901,-19.9967],[-43.99952,-19.99692],[-43.99962,-19.99715],[-44.00067,-19.99887],[-44.00092,-19.99873],[-44.00113,-19.99915],[-44.00126,-19.99934],[-44.00153,-19.99958],[-44.00253,-19.99988],[-44.00269,-19.99946],[-44.00277,-19.99941],[-44.00286,-19.99938],[-44.00306,-19.99936],[-44.00343,-19.99925],[-44.00337,-19.99906],[-44.00339,-19.99892],[-44.00353,-19.99881],[-44.0037,-19.99864],[-44.00384,-19.99855],[-44.00387,-19.99847],[-44.00386,-19.99839],[-44.00371,-19.9983],[-44.00365,-19.99832],[-44.00362,-19.99817],[-44.00371,-19.99814],[-44.00379,-19.99815],[-44.00388,-19.99803],[-44.00393,-19.99801],[-44.00399,-19.99802],[-44.004,-19.99807],[-44.00398,-19.99812],[-44.00403,-19.99818],[-44.00441,-19.99828],[-44.0045,-19.99828],[-44.00456,-19.99824],[-44.00466,-19.99806],[-44.00492,-19.99792],[-44.00502,-19.99793],[-44.00506,-19.99801],[-44.00517,-19.99808],[-44.00536,-19.99827],[-44.00539,-19.99834],[-44.00542,-19.99834],[-44.00551,-19.99832],[-44.00575,-19.99809],[-44.00604,-19.99791],[-44.0064,-19.99763],[-44.00648,-19.99734],[-44.00651,-19.99729],[-44.00635,-19.9972],[-44.00607,-19.99724],[-44.00582,-19.99724],[-44.00583,-19.99716],[-44.00594,-19.99705],[-44.006,-19.99679],[-44.00612,-19.99641],[-44.00617,-19.99632],[-44.00629,-19.99629],[-44.00657,-19.99631],[-44.00673,-19.99638],[-44.0069,-19.99637],[-44.00692,-19.99633],[-44.00695,-19.99632],[-44.0069,-19.99615],[-44.00604,-19.99589],[-44.00546,-19.99563],[-44.00529,-19.99559],[-44.00505,-19.99545],[-44.00486,-19.99537],[-44.00403,-19.99508],[-44.00127,-19.99402],[-44.00131,-19.99397],[-44.0013,-19.99386],[-44.00119,-19.99341],[-44.00099,-19.99297],[-44.00088,-19.99281],[-43.99945,-19.99117],[-43.99795,-19.98958],[-43.99776,-19.9894],[-43.99763,-19.98933],[-43.99617,-19.98909],[-43.99575,-19.98899],[-43.99553,-19.98899],[-43.99523,-19.98904],[-43.99458,-19.98952],[-43.99445,-19.98959],[-43.99416,-19.98968],[-43.99364,-19.98968],[-43.99322,-19.98964],[-43.99291,-19.98954],[-43.99247,-19.98929],[-43.99192,-19.98892],[-43.99135,-19.98858],[-43.98964,-19.98748],[-43.98933,-19.98726],[-43.98908,-19.98706],[-43.98898,-19.98724],[-43.9887,-19.98801],[-43.98842,-19.98848],[-43.98819,-19.98874],[-43.98761,-19.98922],[-43.98767,-19.98932],[-43.9879,-19.98938],[-43.98797,-19.98945],[-43.98807,-19.98983],[-43.98811,-19.9899],[-43.98839,-19.98995],[-43.98827,-19.99011],[-43.98831,-19.99021],[-43.98842,-19.99028],[-43.98842,-19.99036],[-43.98853,-19.99045],[-43.98856,-19.99061],[-43.98855,-19.99083],[-43.98848,-19.99096],[-43.98833,-19.99104],[-43.98821,-19.99123],[-43.98811,-19.99151],[-43.98813,-19.99167],[-43.98801,-19.99188],[-43.98826,-19.99201],[-43.98863,-19.99162],[-43.98883,-19.99158],[-43.98903,-19.99157],[-43.98939,-19.99158],[-43.98974,-19.99165],[-43.99037,-19.99189],[-43.99075,-19.99207],[-43.99115,-19.99214],[-43.99127,-19.99219],[-43.99144,-19.99231],[-43.99162,-19.99238],[-43.99219,-19.99249],[-43.99252,-19.9926],[-43.99269,-19.99253],[-43.99296,-19.99271],[-43.99336,-19.993],[-43.9936,-19.99284],[-43.99368,-19.99294],[-43.9939,-19.99304],[-43.99411,-19.99296],[-43.99467,-19.99326],[-43.99488,-19.99345],[-43.99505,-19.99346],[-43.99529,-19.99368],[-43.99565,-19.99386],[-43.99691,-19.99463],[-43.99541,-19.99524],[-43.99554,-19.99548],[-43.9953,-19.9956],[-43.99516,-19.99537],[-43.99365,-19.99622],[-43.99335,-19.99645],[-43.99322,-19.9966],[-43.99309,-19.99686],[-43.99275,-19.99743],[-43.99239,-19.9982],[-43.99221,-19.99817],[-43.9921,-19.9985],[-43.99162,-19.99842],[-43.99143,-19.99834],[-43.99125,-19.99824],[-43.99116,-19.99821],[-43.99094,-19.99823],[-43.99077,-19.99822],[-43.99074,-19.99828],[-43.99064,-19.99837],[-43.99072,-19.99847],[-43.99021,-19.99953],[-43.98972,-20.00035],[-43.98927,-20.00126],[-43.99184,-20.00239],[-43.99282,-20.00191],[-43.99331,-20.00093],[-43.99344,-20.00058],[-43.99359,-20.00027],[-43.99403,-19.99936]]]]}},{"type":"Feature","properties":{"territory_id":"mg-3106200-floramar","name":"Floramar","municipality_id":"mg-3106200","polling_places":2,"approx":false,"official":true,"method":"official-ibge-cd2022","whole_municipality":false,"approx_coords_only":false,"official_name":"Floramar","official_code":"3106200432","match":"direct"},"geometry":{"type":"MultiPolygon","coordinates":[[[[-43.93345,-19.83373],[-43.93242,-19.83322],[-43.93117,-19.83267],[-43.93083,-19.8333],[-43.93047,-19.83404],[-43.9302,-19.83454],[-43.93046,-19.83603],[-43.93029,-19.83738],[-43.93025,-19.8376],[-43.93018,-19.83784],[-43.93005,-19.838],[-43.9299,-19.83816],[-43.92972,-19.83829],[-43.92948,-19.83844],[-43.92778,-19.83934],[-43.92713,-19.83977],[-43.92684,-19.84032],[-43.92677,-19.84066],[-43.92726,-19.84074],[-43.92746,-19.84079],[-43.92767,-19.84087],[-43.92872,-19.84146],[-43.9299,-19.84206],[-43.9316,-19.84297],[-43.93282,-19.8436],[-43.93339,-19.84385],[-43.93382,-19.84313],[-43.93439,-19.84245],[-43.93498,-19.84181],[-43.93565,-19.84092],[-43.93636,-19.83982],[-43.93661,-19.83945],[-43.93687,-19.83911],[-43.93721,-19.83878],[-43.93784,-19.83825],[-43.93868,-19.8377],[-43.93945,-19.83712],[-43.93972,-19.83681],[-43.93983,-19.83663],[-43.93999,-19.83631],[-43.94004,-19.83618],[-43.94022,-19.83529],[-43.94036,-19.83451],[-43.94044,-19.83358],[-43.94048,-19.83332],[-43.94052,-19.8327],[-43.9406,-19.8323],[-43.94077,-19.83177],[-43.94097,-19.83129],[-43.94049,-19.83117],[-43.94025,-19.83109],[-43.93821,-19.83054],[-43.93747,-19.83069],[-43.93663,-19.83082],[-43.93651,-19.83107],[-43.93657,-19.83222],[-43.93654,-19.83231],[-43.93611,-19.83314],[-43.9359,-19.83348],[-43.9357,-19.8339],[-43.93486,-19.83425],[-43.93468,-19.83431],[-43.93407,-19.83401],[-43.93345,-19.83373]]]]}},{"type":"Feature","properties":{"territory_id":"mg-3106200-floresta","name":"Floresta","municipality_id":"mg-3106200","polling_places":4,"approx":false,"official":true,"method":"official-ibge-cd2022","whole_municipality":false,"approx_coords_only":false,"official_name":"Floresta","official_code":"3106200010","match":"direct"},"geometry":{"type":"MultiPolygon","coordinates":[[[[-43.92871,-19.9081],[-43.92709,-19.90927],[-43.92703,-19.90935],[-43.92696,-19.90947],[-43.92633,-19.9107],[-43.92628,-19.91078],[-43.92612,-19.91095],[-43.92588,-19.91109],[-43.92511,-19.91149],[-43.92488,-19.9116],[-43.92463,-19.91168],[-43.92436,-19.91178],[-43.9242,-19.91183],[-43.92405,-19.91184],[-43.92325,-19.9118],[-43.92333,-19.91244],[-43.92439,-19.9124],[-43.92467,-19.91462],[-43.92552,-19.91451],[-43.92561,-19.91503],[-43.92563,-19.91522],[-43.92576,-19.91525],[-43.92617,-19.9154],[-43.92669,-19.91572],[-43.92726,-19.91602],[-43.92722,-19.91612],[-43.92621,-19.91769],[-43.92555,-19.91875],[-43.92552,-19.91883],[-43.92413,-19.92105],[-43.92424,-19.9211],[-43.92478,-19.92022],[-43.9253,-19.92021],[-43.92595,-19.92025],[-43.92838,-19.92064],[-43.92887,-19.92069],[-43.92962,-19.92081],[-43.93059,-19.921],[-43.93145,-19.92135],[-43.93194,-19.92142],[-43.93224,-19.9214],[-43.93276,-19.92126],[-43.93297,-19.92114],[-43.93344,-19.92071],[-43.93404,-19.91968],[-43.93301,-19.9191],[-43.93303,-19.91901],[-43.93285,-19.91826],[-43.93185,-19.9146],[-43.93155,-19.91347],[-43.93277,-19.91415],[-43.93288,-19.91384],[-43.93304,-19.91362],[-43.93288,-19.91323],[-43.93261,-19.91238],[-43.9324,-19.91148],[-43.93237,-19.91037],[-43.93232,-19.90944],[-43.93232,-19.90882],[-43.93223,-19.90636],[-43.93205,-19.90519],[-43.93206,-19.9051],[-43.93228,-19.90455],[-43.93254,-19.90381],[-43.93127,-19.90337],[-43.93073,-19.90503],[-43.92999,-19.90661],[-43.92984,-19.90699],[-43.92965,-19.90734],[-43.92948,-19.90753],[-43.92897,-19.90791],[-43.92871,-19.9081]]]]}},{"type":"Feature","properties":{"territory_id":"mg-3106200-funcionarios","name":"Funcionários","municipality_id":"mg-3106200","polling_places":2,"approx":false,"official":true,"method":"official-ibge-cd2022","whole_municipality":false,"approx_coords_only":false,"official_name":"Funcionários","official_code":"3106200086","match":"direct"},"geometry":{"type":"MultiPolygon","coordinates":[[[[-43.92809,-19.93608],[-43.92987,-19.93321],[-43.93097,-19.93146],[-43.93192,-19.92991],[-43.93355,-19.9308],[-43.93346,-19.93052],[-43.93288,-19.92837],[-43.93299,-19.92822],[-43.93387,-19.92678],[-43.93357,-19.92691],[-43.93255,-19.92714],[-43.93126,-19.92747],[-43.92885,-19.92805],[-43.92867,-19.92811],[-43.92832,-19.92818],[-43.92477,-19.92905],[-43.92351,-19.92934],[-43.92243,-19.92963],[-43.92223,-19.92974],[-43.92317,-19.93074],[-43.92407,-19.93176],[-43.92414,-19.9318],[-43.92582,-19.93795],[-43.92597,-19.9386],[-43.92604,-19.93876],[-43.92611,-19.93885],[-43.92631,-19.93897],[-43.92809,-19.93608]]]]}},{"type":"Feature","properties":{"territory_id":"mg-3106200-gameleira","name":"Gameleira","municipality_id":"mg-3106200","polling_places":1,"approx":false,"official":true,"method":"official-ibge-cd2022","whole_municipality":false,"approx_coords_only":false,"official_name":"Gameleira","official_code":"3106200166","match":"direct"},"geometry":{"type":"MultiPolygon","coordinates":[[[[-43.98352,-19.92621],[-43.98351,-19.92625],[-43.98321,-19.92644],[-43.98306,-19.9266],[-43.98296,-19.9268],[-43.98285,-19.92723],[-43.98292,-19.92753],[-43.98332,-19.92904],[-43.98337,-19.92944],[-43.98337,-19.92977],[-43.98333,-19.93005],[-43.98316,-19.93087],[-43.98276,-19.93261],[-43.98272,-19.93299],[-43.98297,-19.93294],[-43.98302,-19.93283],[-43.98329,-19.93286],[-43.98365,-19.93285],[-43.98383,-19.93184],[-43.98329,-19.93179],[-43.98341,-19.93171],[-43.98357,-19.93165],[-43.98367,-19.93158],[-43.98374,-19.9315],[-43.98386,-19.93153],[-43.98392,-19.93158],[-43.98396,-19.93161],[-43.98401,-19.93173],[-43.98396,-19.93203],[-43.98415,-19.93207],[-43.98401,-19.93253],[-43.98395,-19.93301],[-43.98394,-19.93341],[-43.98398,-19.93376],[-43.98415,-19.93465],[-43.98442,-19.93563],[-43.98453,-19.93598],[-43.98472,-19.93595],[-43.98481,-19.93616],[-43.98497,-19.93644],[-43.98547,-19.93696],[-43.98596,-19.93758],[-43.98611,-19.93789],[-43.98627,-19.93859],[-43.98628,-19.9387],[-43.98623,-19.9387],[-43.98596,-19.93881],[-43.9861,-19.93922],[-43.98629,-19.93916],[-43.98637,-19.93919],[-43.9864,-19.93914],[-43.98811,-19.93856],[-43.98789,-19.93837],[-43.98774,-19.93807],[-43.98772,-19.93798],[-43.98773,-19.93775],[-43.98778,-19.93757],[-43.98783,-19.93746],[-43.98797,-19.93723],[-43.98819,-19.93698],[-43.9883,-19.93688],[-43.9885,-19.93674],[-43.98873,-19.93664],[-43.98923,-19.93651],[-43.98962,-19.93652],[-43.98984,-19.93655],[-43.99005,-19.93661],[-43.99033,-19.93676],[-43.99073,-19.93709],[-43.99095,-19.93745],[-43.9917,-19.93712],[-43.99292,-19.93663],[-43.99464,-19.93586],[-43.99453,-19.93541],[-43.99397,-19.93568],[-43.99323,-19.93402],[-43.99293,-19.93362],[-43.99236,-19.93313],[-43.99198,-19.93296],[-43.99156,-19.93279],[-43.9907,-19.93261],[-43.99077,-19.9325],[-43.99089,-19.93245],[-43.99103,-19.93243],[-43.9912,-19.93244],[-43.99279,-19.93206],[-43.99176,-19.93074],[-43.99164,-19.93053],[-43.99138,-19.93018],[-43.99097,-19.92972],[-43.99048,-19.9293],[-43.99007,-19.929],[-43.98846,-19.92799],[-43.98818,-19.92786],[-43.9875,-19.92745],[-43.98665,-19.92698],[-43.98576,-19.92657],[-43.9841,-19.92593],[-43.98384,-19.92606],[-43.98352,-19.92621]]]]}},{"type":"Feature","properties":{"territory_id":"mg-3106200-gloria","name":"Glória","municipality_id":"mg-3106200","polling_places":6,"approx":false,"official":true,"method":"official-ibge-cd2022","whole_municipality":false,"approx_coords_only":false,"official_name":"Glória","official_code":"3106200216","match":"direct"},"geometry":{"type":"MultiPolygon","coordinates":[[[[-44.0092,-19.90722],[-44.01025,-19.90306],[-44.01029,-19.90299],[-44.01045,-19.90291],[-44.01068,-19.9029],[-44.01144,-19.90294],[-44.01106,-19.90265],[-44.01045,-19.90223],[-44.00983,-19.90087],[-44.01499,-19.90117],[-44.01516,-19.90116],[-44.01516,-19.9011],[-44.01553,-19.90151],[-44.01589,-19.90188],[-44.01635,-19.90165],[-44.01653,-19.90161],[-44.01683,-19.90146],[-44.01774,-19.90109],[-44.01836,-19.90078],[-44.01827,-19.90056],[-44.01814,-19.90009],[-44.0179,-19.8994],[-44.01729,-19.89869],[-44.01691,-19.89818],[-44.0164,-19.89763],[-44.01609,-19.89737],[-44.01417,-19.89626],[-44.01283,-19.89557],[-44.01213,-19.89535],[-44.01129,-19.89518],[-44.01013,-19.89499],[-44.00991,-19.8946],[-44.0089,-19.89372],[-44.0087,-19.89451],[-44.00834,-19.89617],[-44.00827,-19.89647],[-44.00812,-19.89689],[-44.00764,-19.89728],[-44.00654,-19.89772],[-44.00624,-19.89791],[-44.00595,-19.89822],[-44.00583,-19.8985],[-44.00571,-19.8987],[-44.00407,-19.90212],[-44.0036,-19.90305],[-44.00338,-19.90355],[-44.00324,-19.90378],[-44.00309,-19.90398],[-44.00283,-19.90418],[-44.00257,-19.90432],[-44.00166,-19.90465],[-44.00105,-19.90489],[-44.0007,-19.90508],[-44.00039,-19.9053],[-44.00013,-19.90556],[-43.99973,-19.9061],[-43.99952,-19.90649],[-43.9987,-19.90824],[-43.99892,-19.90824],[-44.00038,-19.90803],[-44.00166,-19.90789],[-44.00181,-19.90792],[-44.00194,-19.90798],[-44.0023,-19.90833],[-44.00234,-19.90841],[-44.00252,-19.90842],[-44.00214,-19.90971],[-44.00191,-19.91039],[-44.00185,-19.91062],[-44.00184,-19.91082],[-44.00185,-19.91103],[-44.00192,-19.91127],[-44.00207,-19.91164],[-44.00212,-19.91183],[-44.0035,-19.91418],[-44.00382,-19.91466],[-44.0047,-19.91494],[-44.00526,-19.91445],[-44.00442,-19.9143],[-44.0053,-19.91349],[-44.00606,-19.91283],[-44.00608,-19.91253],[-44.00618,-19.91235],[-44.00584,-19.9121],[-44.00572,-19.91179],[-44.00609,-19.91121],[-44.00663,-19.91047],[-44.00733,-19.90955],[-44.0077,-19.9094],[-44.00816,-19.90911],[-44.00844,-19.90881],[-44.00904,-19.90767],[-44.00915,-19.90739],[-44.0092,-19.90722]]]]}},{"type":"Feature","properties":{"territory_id":"mg-3106200-goiania","name":"Goiânia","municipality_id":"mg-3106200","polling_places":3,"approx":false,"official":true,"method":"official-ibge-cd2022","whole_municipality":false,"approx_coords_only":false,"official_name":"Goiânia","official_code":"3106200376","match":"direct"},"geometry":{"type":"MultiPolygon","coordinates":[[[[-43.89757,-19.87164],[-43.89748,-19.87165],[-43.89735,-19.87186],[-43.8975,-19.87221],[-43.89721,-19.87235],[-43.89705,-19.87268],[-43.89715,-19.87293],[-43.89727,-19.87302],[-43.89775,-19.87326],[-43.89788,-19.87334],[-43.89804,-19.87347],[-43.8985,-19.87416],[-43.89833,-19.87429],[-43.8985,-19.87458],[-43.89848,-19.87471],[-43.89833,-19.87483],[-43.89857,-19.87509],[-43.89892,-19.87552],[-43.89927,-19.87586],[-43.89973,-19.87619],[-43.89998,-19.87635],[-43.90043,-19.87657],[-43.90184,-19.87627],[-43.90182,-19.87621],[-43.90169,-19.87601],[-43.90191,-19.87571],[-43.90204,-19.87578],[-43.90218,-19.87578],[-43.90251,-19.87571],[-43.90243,-19.87542],[-43.90272,-19.87554],[-43.90282,-19.87565],[-43.90309,-19.87553],[-43.90323,-19.87553],[-43.90314,-19.87535],[-43.90323,-19.8753],[-43.90309,-19.87513],[-43.90313,-19.87508],[-43.90329,-19.87526],[-43.90343,-19.87531],[-43.90403,-19.87523],[-43.90399,-19.87486],[-43.90383,-19.87435],[-43.90345,-19.87282],[-43.90336,-19.87239],[-43.90332,-19.87183],[-43.90337,-19.87095],[-43.90341,-19.87065],[-43.90348,-19.8704],[-43.90385,-19.86874],[-43.90408,-19.86653],[-43.9042,-19.86583],[-43.90449,-19.86435],[-43.90464,-19.86374],[-43.90472,-19.86324],[-43.90513,-19.86102],[-43.90515,-19.86085],[-43.90544,-19.85959],[-43.90547,-19.85909],[-43.90576,-19.85788],[-43.90535,-19.85785],[-43.90398,-19.85762],[-43.89898,-19.85656],[-43.8989,-19.85676],[-43.89708,-19.85715],[-43.89695,-19.85716],[-43.89659,-19.85716],[-43.89603,-19.85702],[-43.89545,-19.85671],[-43.89457,-19.85628],[-43.89426,-19.85658],[-43.89396,-19.857],[-43.89368,-19.85685],[-43.89342,-19.85662],[-43.89302,-19.85634],[-43.89295,-19.85639],[-43.89255,-19.85617],[-43.89271,-19.85599],[-43.89282,-19.85593],[-43.89306,-19.85586],[-43.89338,-19.85585],[-43.89291,-19.85559],[-43.89242,-19.85535],[-43.89257,-19.85487],[-43.89156,-19.85458],[-43.89126,-19.85445],[-43.89104,-19.85433],[-43.89127,-19.85466],[-43.89154,-19.85496],[-43.89188,-19.85548],[-43.89201,-19.85564],[-43.89232,-19.85655],[-43.89278,-19.85873],[-43.89296,-19.85883],[-43.89301,-19.85917],[-43.89313,-19.85978],[-43.89354,-19.86134],[-43.89376,-19.86194],[-43.89377,-19.86253],[-43.89191,-19.86464],[-43.89139,-19.86538],[-43.89165,-19.86551],[-43.89229,-19.86572],[-43.89257,-19.86562],[-43.89268,-19.86553],[-43.8929,-19.86544],[-43.89307,-19.8654],[-43.89329,-19.86542],[-43.8934,-19.86541],[-43.89355,-19.86531],[-43.89371,-19.86529],[-43.89373,-19.86525],[-43.89374,-19.86511],[-43.89376,-19.86507],[-43.89385,-19.86502],[-43.89406,-19.86498],[-43.89418,-19.86493],[-43.89447,-19.86467],[-43.89462,-19.86459],[-43.89471,-19.86457],[-43.89473,-19.86479],[-43.89501,-19.86469],[-43.89514,-19.86478],[-43.89551,-19.86525],[-43.89581,-19.86551],[-43.89594,-19.86565],[-43.89627,-19.86631],[-43.8964,-19.86659],[-43.89655,-19.86702],[-43.89656,-19.86713],[-43.89653,-19.86717],[-43.8964,-19.86719],[-43.89635,-19.86724],[-43.8962,-19.86743],[-43.89617,-19.86761],[-43.89622,-19.8683],[-43.8964,-19.86891],[-43.89654,-19.86911],[-43.89682,-19.86925],[-43.89741,-19.86949],[-43.89741,-19.86946],[-43.89796,-19.86963],[-43.89838,-19.86981],[-43.89846,-19.86981],[-43.89874,-19.87007],[-43.89912,-19.87046],[-43.89929,-19.87058],[-43.89939,-19.87076],[-43.89946,-19.87095],[-43.89952,-19.87118],[-43.89914,-19.87124],[-43.89882,-19.87134],[-43.89834,-19.87143],[-43.89793,-19.87157],[-43.89767,-19.87161],[-43.89757,-19.87164]],[[-43.89826,-19.86109],[-43.89832,-19.86128],[-43.89838,-19.86141],[-43.89854,-19.86171],[-43.8984,-19.86174],[-43.89836,-19.86168],[-43.89814,-19.86175],[-43.89807,-19.86127],[-43.89826,-19.86109]]]]}},{"type":"Feature","properties":{"territory_id":"mg-3106200-grajau","name":"Grajaú","municipality_id":"mg-3106200","polling_places":2,"approx":false,"official":true,"method":"official-ibge-cd2022","whole_municipality":false,"approx_coords_only":false,"official_name":"Grajaú","official_code":"3106200131","match":"direct"},"geometry":{"type":"MultiPolygon","coordinates":[[[[-43.96411,-19.9428],[-43.9648,-19.94239],[-43.96641,-19.94106],[-43.96704,-19.94048],[-43.9676,-19.93987],[-43.96787,-19.93938],[-43.96847,-19.9384],[-43.96872,-19.93802],[-43.96893,-19.93775],[-43.96918,-19.9375],[-43.96986,-19.93695],[-43.97013,-19.93667],[-43.96768,-19.93606],[-43.96573,-19.93563],[-43.96444,-19.93531],[-43.96304,-19.93498],[-43.96226,-19.93477],[-43.96204,-19.93476],[-43.96257,-19.93669],[-43.9634,-19.93978],[-43.96247,-19.94001],[-43.96242,-19.94007],[-43.96232,-19.94008],[-43.96226,-19.94002],[-43.96217,-19.94007],[-43.96125,-19.9403],[-43.96134,-19.94064],[-43.96146,-19.94062],[-43.9616,-19.94109],[-43.96181,-19.94105],[-43.96184,-19.94108],[-43.96177,-19.94125],[-43.96209,-19.94147],[-43.96265,-19.94136],[-43.96277,-19.94177],[-43.96316,-19.94332],[-43.96372,-19.94301],[-43.96411,-19.9428]]]]}},{"type":"Feature","properties":{"territory_id":"mg-3106200-granja-de-freitas","name":"Granja de Freitas","municipality_id":"mg-3106200","polling_places":1,"approx":false,"official":true,"method":"official-ibge-cd2022","whole_municipality":false,"approx_coords_only":false,"official_name":"Granja de Freitas","official_code":"3106200036","match":"direct"},"geometry":{"type":"MultiPolygon","coordinates":[[[[-43.87883,-19.9098],[-43.8787,-19.9104],[-43.87878,-19.91073],[-43.87895,-19.91108],[-43.87905,-19.91119],[-43.87954,-19.91135],[-43.8804,-19.91108],[-43.88079,-19.91099],[-43.88129,-19.91157],[-43.88138,-19.9116],[-43.88147,-19.91161],[-43.88159,-19.91155],[-43.88164,-19.91201],[-43.88181,-19.91204],[-43.88192,-19.9121],[-43.88202,-19.91216],[-43.88209,-19.91224],[-43.88225,-19.91226],[-43.88254,-19.91238],[-43.88251,-19.91249],[-43.88264,-19.91262],[-43.88274,-19.91266],[-43.88285,-19.91275],[-43.88289,-19.91282],[-43.88361,-19.91304],[-43.8841,-19.91329],[-43.88586,-19.91409],[-43.88656,-19.91443],[-43.88678,-19.91458],[-43.88751,-19.91573],[-43.88771,-19.91628],[-43.88799,-19.9157],[-43.88805,-19.91524],[-43.88812,-19.91498],[-43.88804,-19.91443],[-43.88807,-19.91399],[-43.88812,-19.91368],[-43.88818,-19.9134],[-43.88825,-19.91323],[-43.88834,-19.91314],[-43.88848,-19.91292],[-43.88852,-19.91276],[-43.88855,-19.91259],[-43.88857,-19.91216],[-43.88852,-19.91151],[-43.88848,-19.91125],[-43.8884,-19.91106],[-43.88827,-19.91091],[-43.88792,-19.91033],[-43.88783,-19.91001],[-43.88773,-19.90951],[-43.88762,-19.90867],[-43.8876,-19.90856],[-43.88755,-19.90846],[-43.88737,-19.90819],[-43.88736,-19.908],[-43.88746,-19.90779],[-43.88754,-19.90768],[-43.88773,-19.90751],[-43.88828,-19.90686],[-43.88834,-19.90671],[-43.88831,-19.90657],[-43.88823,-19.90643],[-43.88792,-19.90619],[-43.88781,-19.90607],[-43.88743,-19.90623],[-43.88715,-19.90622],[-43.88696,-19.90617],[-43.88658,-19.90594],[-43.88634,-19.9057],[-43.8861,-19.90535],[-43.88582,-19.90512],[-43.88501,-19.90473],[-43.8849,-19.90464],[-43.88474,-19.90445],[-43.88471,-19.90409],[-43.88477,-19.90316],[-43.88477,-19.9029],[-43.88448,-19.90212],[-43.88436,-19.90193],[-43.88403,-19.9015],[-43.88394,-19.90153],[-43.88381,-19.9016],[-43.88341,-19.90163],[-43.88314,-19.90155],[-43.88266,-19.90153],[-43.88191,-19.90138],[-43.88158,-19.90134],[-43.88152,-19.90138],[-43.88126,-19.9017],[-43.88122,-19.90178],[-43.88123,-19.90184],[-43.88123,-19.90198],[-43.88124,-19.90203],[-43.88141,-19.90229],[-43.8814,-19.90237],[-43.88133,-19.90257],[-43.88131,-19.90267],[-43.88132,-19.90278],[-43.88155,-19.90299],[-43.88158,-19.90313],[-43.88162,-19.90318],[-43.88162,-19.90331],[-43.88163,-19.90336],[-43.88167,-19.90339],[-43.88168,-19.90345],[-43.88167,-19.90349],[-43.88161,-19.90351],[-43.88168,-19.90364],[-43.88177,-19.90371],[-43.8819,-19.90406],[-43.88195,-19.90457],[-43.88195,-19.90476],[-43.88192,-19.90488],[-43.88188,-19.90491],[-43.8817,-19.90497],[-43.88167,-19.90505],[-43.88166,-19.90516],[-43.88189,-19.90521],[-43.88182,-19.90567],[-43.88174,-19.90569],[-43.88166,-19.90567],[-43.88161,-19.90575],[-43.88133,-19.90607],[-43.88137,-19.90612],[-43.88121,-19.90629],[-43.88102,-19.90634],[-43.88092,-19.90645],[-43.88086,-19.90663],[-43.88086,-19.90674],[-43.88089,-19.90693],[-43.88083,-19.9074],[-43.8807,-19.90729],[-43.88047,-19.90719],[-43.88026,-19.9074],[-43.88004,-19.90746],[-43.87969,-19.90774],[-43.87988,-19.90803],[-43.88011,-19.90832],[-43.8801,-19.90837],[-43.88003,-19.90844],[-43.87988,-19.90847],[-43.87981,-19.90854],[-43.87954,-19.90864],[-43.87945,-19.90871],[-43.87941,-19.90881],[-43.87938,-19.90896],[-43.87927,-19.90907],[-43.8791,-19.90904],[-43.87898,-19.90898],[-43.87893,-19.90898],[-43.87887,-19.909],[-43.87881,-19.90925],[-43.87876,-19.90933],[-43.87864,-19.90943],[-43.8785,-19.90951],[-43.87886,-19.90962],[-43.87883,-19.9098]]]]}},{"type":"Feature","properties":{"territory_id":"mg-3106200-guarani","name":"Guarani","municipality_id":"mg-3106200","polling_places":2,"approx":false,"official":true,"method":"official-ibge-cd2022","whole_municipality":false,"approx_coords_only":false,"official_name":"Guarani","official_code":"3106200435","match":"direct"},"geometry":{"type":"MultiPolygon","coordinates":[[[[-43.92116,-19.84554],[-43.92209,-19.84509],[-43.92296,-19.84458],[-43.92334,-19.84438],[-43.92361,-19.84429],[-43.924,-19.84418],[-43.92434,-19.84414],[-43.92553,-19.84423],[-43.92605,-19.84429],[-43.92625,-19.84429],[-43.92831,-19.84449],[-43.92867,-19.84479],[-43.92929,-19.84545],[-43.92994,-19.84606],[-43.93036,-19.84636],[-43.93043,-19.84648],[-43.93113,-19.84645],[-43.93191,-19.84647],[-43.93245,-19.84675],[-43.93277,-19.8468],[-43.93287,-19.84619],[-43.93287,-19.84586],[-43.93276,-19.84571],[-43.93285,-19.84527],[-43.93317,-19.84438],[-43.93339,-19.84385],[-43.93282,-19.8436],[-43.9311,-19.84271],[-43.9299,-19.84206],[-43.92872,-19.84146],[-43.9279,-19.841],[-43.92767,-19.84087],[-43.92746,-19.84079],[-43.92713,-19.84071],[-43.92642,-19.84062],[-43.92501,-19.84053],[-43.92475,-19.84054],[-43.9218,-19.84141],[-43.92175,-19.84144],[-43.92092,-19.84175],[-43.92043,-19.84204],[-43.91903,-19.84281],[-43.91859,-19.84324],[-43.91824,-19.84377],[-43.91804,-19.84397],[-43.91792,-19.84403],[-43.91784,-19.8441],[-43.91748,-19.84429],[-43.9172,-19.84447],[-43.91591,-19.84406],[-43.91487,-19.84367],[-43.91458,-19.84361],[-43.91396,-19.84457],[-43.91376,-19.84456],[-43.91345,-19.84458],[-43.9132,-19.84463],[-43.91316,-19.8448],[-43.91309,-19.84489],[-43.91304,-19.84495],[-43.91274,-19.84523],[-43.91271,-19.84531],[-43.91273,-19.84543],[-43.91287,-19.84585],[-43.9135,-19.84595],[-43.91412,-19.84613],[-43.91446,-19.8463],[-43.91578,-19.8471],[-43.91603,-19.84672],[-43.91717,-19.84759],[-43.91732,-19.84734],[-43.91746,-19.84732],[-43.91753,-19.84723],[-43.91795,-19.84619],[-43.91802,-19.84616],[-43.91852,-19.84619],[-43.91864,-19.84615],[-43.91872,-19.84637],[-43.91883,-19.84657],[-43.91905,-19.8468],[-43.92116,-19.84554]]]]}},{"type":"Feature","properties":{"territory_id":"mg-3106200-gutierrez","name":"Gutierrez","municipality_id":"mg-3106200","polling_places":5,"approx":false,"official":true,"method":"official-ibge-cd2022","whole_municipality":false,"approx_coords_only":false,"official_name":"Gutierrez","official_code":"3106200137","match":"direct"},"geometry":{"type":"MultiPolygon","coordinates":[[[[-43.95888,-19.9418],[-43.95908,-19.94177],[-43.95951,-19.94166],[-43.95989,-19.94145],[-43.96029,-19.94112],[-43.96049,-19.9408],[-43.96071,-19.94043],[-43.96217,-19.94007],[-43.96226,-19.94002],[-43.96232,-19.94008],[-43.96242,-19.94007],[-43.96247,-19.94001],[-43.9634,-19.93978],[-43.96257,-19.93669],[-43.96125,-19.93188],[-43.96155,-19.93039],[-43.9599,-19.93002],[-43.95854,-19.92973],[-43.95731,-19.92949],[-43.95719,-19.92945],[-43.95686,-19.93032],[-43.95472,-19.93262],[-43.95366,-19.93371],[-43.95233,-19.93406],[-43.95279,-19.93488],[-43.95317,-19.9357],[-43.95332,-19.93618],[-43.9534,-19.9366],[-43.95395,-19.9395],[-43.95397,-19.94],[-43.95382,-19.94101],[-43.95384,-19.9414],[-43.95392,-19.94167],[-43.95405,-19.94188],[-43.95413,-19.94196],[-43.95447,-19.94221],[-43.95496,-19.94238],[-43.95522,-19.94242],[-43.95607,-19.94262],[-43.95635,-19.94276],[-43.95659,-19.94299],[-43.95674,-19.94328],[-43.95681,-19.94354],[-43.95676,-19.94424],[-43.95676,-19.94445],[-43.95678,-19.94462],[-43.95692,-19.94497],[-43.95704,-19.94512],[-43.95709,-19.94517],[-43.95756,-19.94547],[-43.95895,-19.94629],[-43.95939,-19.94666],[-43.96064,-19.94779],[-43.96091,-19.94817],[-43.96096,-19.94826],[-43.9612,-19.94911],[-43.96123,-19.94941],[-43.96128,-19.9495],[-43.9613,-19.94966],[-43.96137,-19.94971],[-43.96148,-19.94973],[-43.96152,-19.94958],[-43.96162,-19.94788],[-43.96145,-19.9477],[-43.96131,-19.94758],[-43.9616,-19.94728],[-43.9615,-19.94713],[-43.9614,-19.94707],[-43.96133,-19.94708],[-43.9612,-19.94645],[-43.96098,-19.94647],[-43.95963,-19.94529],[-43.95943,-19.9451],[-43.95936,-19.945],[-43.95933,-19.94489],[-43.95932,-19.94476],[-43.95934,-19.94464],[-43.95948,-19.9442],[-43.95902,-19.94346],[-43.95906,-19.9434],[-43.95846,-19.94263],[-43.95844,-19.9426],[-43.9585,-19.94255],[-43.95846,-19.94256],[-43.95834,-19.94238],[-43.95855,-19.94228],[-43.95844,-19.94192],[-43.95874,-19.94184],[-43.95888,-19.9418]]]]}},{"type":"Feature","properties":{"territory_id":"mg-3106200-havai","name":"Havaí","municipality_id":"mg-3106200","polling_places":1,"approx":false,"official":true,"method":"official-ibge-cd2022","whole_municipality":false,"approx_coords_only":false,"official_name":"Havaí","official_code":"3106200173","match":"direct"},"geometry":{"type":"MultiPolygon","coordinates":[[[[-43.96602,-19.96615],[-43.97137,-19.96655],[-43.97212,-19.96659],[-43.97216,-19.96654],[-43.97312,-19.96662],[-43.97335,-19.9662],[-43.97359,-19.96606],[-43.97347,-19.96647],[-43.97347,-19.96654],[-43.97351,-19.96665],[-43.97366,-19.96688],[-43.97376,-19.96699],[-43.9741,-19.96713],[-43.97455,-19.96716],[-43.97492,-19.96712],[-43.97546,-19.96704],[-43.97575,-19.96701],[-43.97608,-19.96703],[-43.97629,-19.96707],[-43.9771,-19.96728],[-43.9771,-19.96713],[-43.97706,-19.96695],[-43.97707,-19.96571],[-43.97699,-19.96525],[-43.97663,-19.96425],[-43.97648,-19.96345],[-43.97637,-19.96261],[-43.97637,-19.96207],[-43.97632,-19.9618],[-43.9763,-19.96149],[-43.97619,-19.96109],[-43.97611,-19.96088],[-43.97609,-19.96072],[-43.97608,-19.96055],[-43.9761,-19.96027],[-43.97615,-19.9601],[-43.97617,-19.96],[-43.97617,-19.95981],[-43.97613,-19.9594],[-43.97621,-19.95924],[-43.97638,-19.95894],[-43.9764,-19.95885],[-43.97639,-19.95862],[-43.97632,-19.95836],[-43.97642,-19.95824],[-43.97668,-19.95816],[-43.97696,-19.95816],[-43.97716,-19.95834],[-43.97742,-19.95825],[-43.97748,-19.95829],[-43.97756,-19.95823],[-43.97768,-19.95819],[-43.97814,-19.95769],[-43.97793,-19.95763],[-43.97789,-19.95721],[-43.97792,-19.95689],[-43.97796,-19.95679],[-43.97827,-19.95661],[-43.97835,-19.95653],[-43.97848,-19.95644],[-43.97863,-19.95637],[-43.97877,-19.95628],[-43.97895,-19.95613],[-43.97922,-19.95583],[-43.97933,-19.95564],[-43.97945,-19.95542],[-43.97958,-19.95504],[-43.97964,-19.95502],[-43.97964,-19.95496],[-43.97986,-19.95435],[-43.97999,-19.95413],[-43.98022,-19.95361],[-43.9804,-19.9533],[-43.98035,-19.95245],[-43.98039,-19.95237],[-43.98049,-19.95224],[-43.98064,-19.95214],[-43.98116,-19.9519],[-43.98129,-19.95187],[-43.98136,-19.95182],[-43.98136,-19.95169],[-43.98138,-19.95157],[-43.98142,-19.95153],[-43.98149,-19.95149],[-43.98184,-19.95147],[-43.98193,-19.95144],[-43.982,-19.95127],[-43.98149,-19.95101],[-43.98142,-19.95087],[-43.98131,-19.95084],[-43.98028,-19.95069],[-43.97912,-19.95063],[-43.97873,-19.95064],[-43.97786,-19.95054],[-43.97779,-19.9506],[-43.97765,-19.95103],[-43.97597,-19.95049],[-43.9759,-19.95046],[-43.97579,-19.95077],[-43.97567,-19.95075],[-43.97555,-19.95059],[-43.97516,-19.95015],[-43.97504,-19.95074],[-43.97473,-19.95068],[-43.97454,-19.95131],[-43.97468,-19.95135],[-43.97466,-19.95151],[-43.97451,-19.95149],[-43.97443,-19.95185],[-43.97446,-19.95186],[-43.97444,-19.95196],[-43.97439,-19.95218],[-43.9743,-19.9527],[-43.97426,-19.95283],[-43.97423,-19.95281],[-43.97385,-19.9531],[-43.97311,-19.95375],[-43.97282,-19.95377],[-43.97261,-19.95385],[-43.9722,-19.95402],[-43.97171,-19.9542],[-43.9716,-19.95431],[-43.97157,-19.95453],[-43.97188,-19.95454],[-43.97185,-19.95458],[-43.97201,-19.95496],[-43.97166,-19.95508],[-43.97162,-19.95563],[-43.97178,-19.95591],[-43.97198,-19.95602],[-43.97191,-19.95617],[-43.9714,-19.95601],[-43.97113,-19.95583],[-43.97128,-19.95557],[-43.97066,-19.95534],[-43.97055,-19.95568],[-43.97089,-19.95601],[-43.97068,-19.95626],[-43.97064,-19.95646],[-43.97066,-19.95658],[-43.97057,-19.9568],[-43.97045,-19.95673],[-43.97024,-19.95732],[-43.97008,-19.95753],[-43.96874,-19.95868],[-43.96796,-19.95932],[-43.9673,-19.96015],[-43.96711,-19.96037],[-43.96713,-19.96042],[-43.96723,-19.96045],[-43.96733,-19.96065],[-43.96739,-19.96068],[-43.96784,-19.96116],[-43.96773,-19.96128],[-43.96764,-19.96128],[-43.96755,-19.96137],[-43.96743,-19.96155],[-43.96735,-19.9616],[-43.9672,-19.96189],[-43.96678,-19.9623],[-43.96666,-19.96263],[-43.96652,-19.96274],[-43.96643,-19.96275],[-43.96636,-19.9627],[-43.96629,-19.9627],[-43.96618,-19.96278],[-43.96608,-19.963],[-43.96596,-19.9634],[-43.966,-19.96364],[-43.966,-19.96397],[-43.96602,-19.96404],[-43.96614,-19.96409],[-43.96617,-19.96421],[-43.96628,-19.96431],[-43.96618,-19.96452],[-43.96588,-19.96495],[-43.96564,-19.96518],[-43.96541,-19.96553],[-43.96544,-19.96568],[-43.96552,-19.96578],[-43.96566,-19.96581],[-43.96566,-19.96613],[-43.96602,-19.96615]],[[-43.97078,-19.96238],[-43.97084,-19.96232],[-43.97058,-19.96192],[-43.97058,-19.96184],[-43.97047,-19.96166],[-43.97069,-19.96147],[-43.97096,-19.96135],[-43.97116,-19.96134],[-43.97148,-19.9612],[-43.9716,-19.96122],[-43.9717,-19.96125],[-43.97181,-19.96133],[-43.97186,-19.96141],[-43.97202,-19.96155],[-43.9719,-19.9617],[-43.97162,-19.96151],[-43.97156,-19.96159],[-43.97139,-19.96147],[-43.97114,-19.96173],[-43.97133,-19.96189],[-43.97099,-19.96233],[-43.97078,-19.96238]]]]}},{"type":"Feature","properties":{"territory_id":"mg-3106200-heliopolis","name":"Heliópolis","municipality_id":"mg-3106200","polling_places":2,"approx":false,"official":true,"method":"official-ibge-cd2022","whole_municipality":false,"approx_coords_only":false,"official_name":"Heliópolis","official_code":"3106200436","match":"direct"},"geometry":{"type":"MultiPolygon","coordinates":[[[[-43.9396,-19.84556],[-43.93998,-19.84553],[-43.94021,-19.84548],[-43.94122,-19.84501],[-43.94187,-19.84467],[-43.94217,-19.84476],[-43.94224,-19.84475],[-43.9425,-19.84461],[-43.94221,-19.84388],[-43.94145,-19.84252],[-43.94135,-19.8425],[-43.94131,-19.84237],[-43.94122,-19.84198],[-43.94112,-19.84195],[-43.94111,-19.84166],[-43.94115,-19.84155],[-43.94136,-19.84132],[-43.94148,-19.84107],[-43.94149,-19.84094],[-43.94147,-19.8408],[-43.94135,-19.84034],[-43.94141,-19.84018],[-43.94135,-19.83995],[-43.94124,-19.83977],[-43.94114,-19.8393],[-43.94116,-19.8392],[-43.9412,-19.83917],[-43.94134,-19.83914],[-43.94115,-19.83893],[-43.94097,-19.8388],[-43.94092,-19.83869],[-43.94064,-19.83886],[-43.94003,-19.83801],[-43.94025,-19.83786],[-43.94036,-19.83776],[-43.94021,-19.83754],[-43.9402,-19.8374],[-43.9403,-19.83713],[-43.94024,-19.83702],[-43.94023,-19.83693],[-43.94025,-19.83673],[-43.94039,-19.83656],[-43.94041,-19.83649],[-43.93999,-19.83631],[-43.93983,-19.83663],[-43.93972,-19.83681],[-43.93945,-19.83712],[-43.93868,-19.8377],[-43.93784,-19.83825],[-43.93721,-19.83878],[-43.93687,-19.83911],[-43.93661,-19.83945],[-43.93565,-19.84092],[-43.93541,-19.84125],[-43.93498,-19.84181],[-43.93439,-19.84245],[-43.93382,-19.84313],[-43.93339,-19.84385],[-43.93317,-19.84438],[-43.93285,-19.84527],[-43.93276,-19.84571],[-43.93287,-19.84586],[-43.93287,-19.84619],[-43.93277,-19.8468],[-43.93337,-19.84633],[-43.93387,-19.84623],[-43.93467,-19.84618],[-43.93497,-19.8462],[-43.93546,-19.84632],[-43.93614,-19.84659],[-43.93696,-19.847],[-43.9372,-19.84707],[-43.93748,-19.84713],[-43.93784,-19.84719],[-43.93813,-19.8472],[-43.93842,-19.84716],[-43.93854,-19.84707],[-43.93867,-19.84699],[-43.93879,-19.84695],[-43.93895,-19.84692],[-43.93979,-19.84681],[-43.9396,-19.84624],[-43.93942,-19.84596],[-43.93954,-19.84572],[-43.9396,-19.84556]]]]}},{"type":"Feature","properties":{"territory_id":"mg-3106200-horto","name":"Horto","municipality_id":"mg-3106200","polling_places":2,"approx":false,"official":true,"method":"official-ibge-cd2022","whole_municipality":false,"approx_coords_only":false,"official_name":"Horto","official_code":"3106200014","match":"direct"},"geometry":{"type":"MultiPolygon","coordinates":[[[[-43.91503,-19.90828],[-43.91498,-19.90789],[-43.91497,-19.90781],[-43.91499,-19.90775],[-43.91541,-19.90691],[-43.91571,-19.90644],[-43.91531,-19.90621],[-43.91496,-19.90675],[-43.9148,-19.90703],[-43.91462,-19.90727],[-43.91431,-19.90749],[-43.9139,-19.90766],[-43.91362,-19.90773],[-43.91374,-19.90838],[-43.91374,-19.90852],[-43.91314,-19.90825],[-43.91307,-19.90783],[-43.913,-19.90755],[-43.91252,-19.90722],[-43.91233,-19.90714],[-43.91218,-19.90704],[-43.91191,-19.90616],[-43.91106,-19.90665],[-43.91109,-19.90742],[-43.91047,-19.90735],[-43.91032,-19.90804],[-43.9101,-19.90857],[-43.90987,-19.90904],[-43.90895,-19.91078],[-43.90952,-19.91102],[-43.90971,-19.91066],[-43.91022,-19.91088],[-43.91042,-19.91087],[-43.91177,-19.91047],[-43.91203,-19.91033],[-43.91208,-19.91039],[-43.91223,-19.9103],[-43.91258,-19.91002],[-43.91279,-19.90981],[-43.913,-19.90955],[-43.91319,-19.90925],[-43.91334,-19.90889],[-43.91473,-19.90934],[-43.91509,-19.90958],[-43.91528,-19.90966],[-43.91581,-19.90975],[-43.91621,-19.91006],[-43.91654,-19.91028],[-43.91675,-19.91051],[-43.91702,-19.91103],[-43.91729,-19.91167],[-43.91774,-19.91257],[-43.91795,-19.91282],[-43.91812,-19.91293],[-43.91841,-19.91304],[-43.9185,-19.91306],[-43.9187,-19.91305],[-43.92047,-19.91262],[-43.92108,-19.91256],[-43.92333,-19.91244],[-43.92325,-19.9118],[-43.92094,-19.91165],[-43.92018,-19.91162],[-43.91947,-19.90761],[-43.91796,-19.90783],[-43.91645,-19.90806],[-43.91503,-19.90828]],[[-43.91065,-19.90895],[-43.9106,-19.90891],[-43.91276,-19.9086],[-43.91253,-19.90906],[-43.91267,-19.90942],[-43.9128,-19.90941],[-43.91278,-19.90947],[-43.91268,-19.90953],[-43.91231,-19.90991],[-43.91228,-19.90999],[-43.91214,-19.90999],[-43.91214,-19.91011],[-43.91201,-19.91025],[-43.91203,-19.90957],[-43.91194,-19.90957],[-43.91194,-19.90948],[-43.91178,-19.90942],[-43.91175,-19.9093],[-43.91153,-19.90931],[-43.91153,-19.90956],[-43.91144,-19.90955],[-43.91143,-19.90995],[-43.91119,-19.90994],[-43.91109,-19.90917],[-43.91099,-19.90921],[-43.91065,-19.90895]]]]}},{"type":"Feature","properties":{"territory_id":"mg-3106200-independencia","name":"Independência","municipality_id":"mg-3106200","polling_places":1,"approx":false,"official":true,"method":"official-ibge-cd2022","whole_municipality":false,"approx_coords_only":false,"official_name":"Independência","official_code":"3106200333","match":"direct"},"geometry":{"type":"MultiPolygon","coordinates":[[[[-44.02891,-20.01956],[-44.03057,-20.01799],[-44.03038,-20.018],[-44.03029,-20.01797],[-44.02977,-20.01792],[-44.02868,-20.01776],[-44.02803,-20.01775],[-44.02783,-20.01772],[-44.02749,-20.01764],[-44.02729,-20.01763],[-44.02702,-20.01764],[-44.02692,-20.0177],[-44.0264,-20.01767],[-44.02572,-20.01758],[-44.02455,-20.01745],[-44.02454,-20.01769],[-44.02482,-20.01787],[-44.02464,-20.01804],[-44.02606,-20.01885],[-44.02675,-20.0192],[-44.02754,-20.01943],[-44.02748,-20.01984],[-44.02717,-20.01981],[-44.02702,-20.01982],[-44.02668,-20.01972],[-44.02637,-20.01954],[-44.02541,-20.01885],[-44.02522,-20.01914],[-44.02488,-20.01883],[-44.02471,-20.0186],[-44.02464,-20.01853],[-44.02429,-20.01828],[-44.02389,-20.01864],[-44.02348,-20.01813],[-44.02274,-20.01778],[-44.02224,-20.01758],[-44.02189,-20.01738],[-44.02152,-20.01734],[-44.02095,-20.01774],[-44.02134,-20.0183],[-44.02258,-20.01989],[-44.02315,-20.02086],[-44.02407,-20.02201],[-44.02474,-20.02168],[-44.0257,-20.02114],[-44.02542,-20.02073],[-44.02638,-20.02088],[-44.02644,-20.02095],[-44.02736,-20.02168],[-44.0274,-20.02148],[-44.02854,-20.02241],[-44.02841,-20.0225],[-44.02896,-20.02296],[-44.02912,-20.02286],[-44.02943,-20.02259],[-44.03039,-20.02343],[-44.03069,-20.02367],[-44.03152,-20.02424],[-44.03168,-20.02402],[-44.03177,-20.02386],[-44.03142,-20.0236],[-44.03137,-20.02341],[-44.03141,-20.0231],[-44.03189,-20.02339],[-44.03191,-20.02336],[-44.03178,-20.02319],[-44.03187,-20.02302],[-44.03217,-20.02297],[-44.03222,-20.02287],[-44.03199,-20.02272],[-44.03209,-20.02256],[-44.0324,-20.02247],[-44.03255,-20.0223],[-44.03272,-20.02215],[-44.03282,-20.02208],[-44.03321,-20.02193],[-44.03373,-20.02176],[-44.03454,-20.02155],[-44.03604,-20.02135],[-44.0368,-20.02127],[-44.03666,-20.02001],[-44.03661,-20.0197],[-44.03661,-20.01952],[-44.0368,-20.01835],[-44.0369,-20.01837],[-44.03705,-20.01791],[-44.03738,-20.01778],[-44.03759,-20.01758],[-44.03822,-20.0165],[-44.03851,-20.01629],[-44.03736,-20.01645],[-44.03692,-20.0165],[-44.03646,-20.01661],[-44.03621,-20.01664],[-44.03499,-20.01717],[-44.03453,-20.01733],[-44.03353,-20.01779],[-44.03316,-20.01798],[-44.03284,-20.01817],[-44.0318,-20.0186],[-44.03194,-20.01875],[-44.03154,-20.0189],[-44.03105,-20.01907],[-44.03,-20.01946],[-44.02896,-20.01956],[-44.02891,-20.01956]]],[[[-44.02954,-20.01579],[-44.02727,-20.01518],[-44.02632,-20.01494],[-44.02601,-20.01456],[-44.02623,-20.01439],[-44.02588,-20.01424],[-44.02314,-20.01611],[-44.02366,-20.0162],[-44.0257,-20.01638],[-44.02596,-20.01627],[-44.02641,-20.01602],[-44.02657,-20.01601],[-44.02668,-20.01602],[-44.02676,-20.0161],[-44.02672,-20.01635],[-44.02677,-20.01646],[-44.0275,-20.01656],[-44.02792,-20.01655],[-44.02993,-20.01675],[-44.02998,-20.01666],[-44.03035,-20.01661],[-44.03069,-20.01664],[-44.03062,-20.01687],[-44.03164,-20.0167],[-44.03142,-20.01745],[-44.03133,-20.01761],[-44.03149,-20.01813],[-44.0318,-20.0186],[-44.03183,-20.01838],[-44.03197,-20.01825],[-44.032,-20.01794],[-44.03196,-20.01768],[-44.03199,-20.01751],[-44.03197,-20.01736],[-44.03216,-20.01714],[-44.03216,-20.01702],[-44.03212,-20.01692],[-44.03201,-20.01683],[-44.03197,-20.01675],[-44.03194,-20.01665],[-44.03201,-20.01651],[-44.0321,-20.01644],[-44.03176,-20.01635],[-44.02954,-20.01579]]]]}},{"type":"Feature","properties":{"territory_id":"mg-3106200-industrias","name":"Indústrias","municipality_id":"mg-3106200","polling_places":2,"approx":true,"official":false,"method":"voronoi-polling-places","whole_municipality":false,"approx_coords_only":false},"geometry":{"type":"MultiPolygon","coordinates":[[[[-44.01924,-19.9451],[-44.01617,-19.96684],[-44.01207,-19.96716],[-44.00247,-19.97454],[-44.00216,-19.97418],[-43.99976,-19.97135],[-43.99923,-19.97093],[-43.99894,-19.97078],[-43.9987,-19.9714],[-43.99848,-19.97142],[-43.99693,-19.97164],[-43.99681,-19.97165],[-43.99673,-19.97163],[-43.99652,-19.97152],[-43.99633,-19.97137],[-43.99628,-19.9713],[-43.99614,-19.97102],[-43.99606,-19.97092],[-43.99594,-19.97089],[-43.99567,-19.97098],[-43.99633,-19.97015],[-43.99646,-19.96933],[-43.99643,-19.96879],[-43.99645,-19.96845],[-43.99665,-19.96808],[-43.99675,-19.96784],[-43.99665,-19.96755],[-43.9965,-19.96723],[-43.99638,-19.96691],[-43.99632,-19.96663],[-43.99692,-19.96611],[-43.99716,-19.96586],[-43.99765,-19.96531],[-43.99806,-19.96473],[-43.99844,-19.9641],[-43.99872,-19.96354],[-43.99961,-19.96205],[-43.99934,-19.96205],[-43.99833,-19.96234],[-43.99798,-19.96258],[-43.99779,-19.96277],[-43.99785,-19.96248],[-43.99785,-19.96225],[-43.99783,-19.96216],[-43.99768,-19.96188],[-43.99753,-19.96148],[-43.99752,-19.96115],[-43.9978,-19.96039],[-43.99795,-19.95989],[-43.99796,-19.95974],[-43.99785,-19.95973],[-43.99768,-19.9597],[-43.99724,-19.95957],[-43.99678,-19.95934],[-43.99664,-19.95859],[-43.99761,-19.95864],[-43.99854,-19.95859],[-43.99814,-19.95779],[-44.00116,-19.95668],[-44.00122,-19.95666],[-44.0019,-19.95647],[-44.00292,-19.95625],[-44.00338,-19.95604],[-44.00616,-19.95527],[-44.00621,-19.95524],[-44.00671,-19.95512],[-44.0061,-19.95517],[-44.00581,-19.95506],[-44.00553,-19.95509],[-44.00543,-19.95504],[-44.00577,-19.95464],[-44.00526,-19.95458],[-44.00513,-19.95449],[-44.00508,-19.95441],[-44.00505,-19.95425],[-44.00506,-19.95415],[-44.00518,-19.95395],[-44.0052,-19.95393],[-44.00556,-19.95373],[-44.00584,-19.95358],[-44.00612,-19.95348],[-44.00637,-19.9533],[-44.00647,-19.95318],[-44.00664,-19.95314],[-44.00685,-19.95303],[-44.00696,-19.95301],[-44.00705,-19.95295],[-44.00724,-19.95325],[-44.00732,-19.95341],[-44.00751,-19.95331],[-44.00817,-19.95305],[-44.00879,-19.95286],[-44.00919,-19.95277],[-44.00926,-19.95269],[-44.00927,-19.95264],[-44.00931,-19.95228],[-44.00926,-19.95188],[-44.00917,-19.95157],[-44.00908,-19.95154],[-44.00892,-19.9516],[-44.00866,-19.95109],[-44.00863,-19.95105],[-44.00858,-19.95104],[-44.00842,-19.95079],[-44.00852,-19.95048],[-44.00854,-19.95017],[-44.00863,-19.95016],[-44.00871,-19.94983],[-44.00897,-19.94836],[-44.00885,-19.94909],[-44.00911,-19.9491],[-44.00917,-19.94908],[-44.00927,-19.94912],[-44.0094,-19.94911],[-44.00963,-19.9492],[-44.00995,-19.94942],[-44.01001,-19.94934],[-44.01036,-19.94904],[-44.01054,-19.94871],[-44.0098,-19.94839],[-44.01012,-19.94774],[-44.01019,-19.94754],[-44.01074,-19.94652],[-44.01083,-19.94629],[-44.01105,-19.94585],[-44.01102,-19.94563],[-44.01078,-19.94563],[-44.01089,-19.94544],[-44.01123,-19.94525],[-44.01147,-19.94517],[-44.01142,-19.94514],[-44.01157,-19.94478],[-44.01157,-19.94473],[-44.01127,-19.94473],[-44.01127,-19.94424],[-44.01167,-19.94418],[-44.01221,-19.94467],[-44.01254,-19.94494],[-44.01288,-19.94518],[-44.01331,-19.94541],[-44.0137,-19.94554],[-44.01354,-19.94597],[-44.01342,-19.94595],[-44.01322,-19.94595],[-44.01301,-19.94598],[-44.01294,-19.94601],[-44.01303,-19.94628],[-44.01278,-19.94634],[-44.01261,-19.94646],[-44.01257,-19.94653],[-44.0127,-19.94649],[-44.01296,-19.94651],[-44.0133,-19.9466],[-44.01413,-19.94688],[-44.01451,-19.94694],[-44.0154,-19.94702],[-44.01579,-19.947],[-44.01614,-19.9469],[-44.01652,-19.94664],[-44.01662,-19.94654],[-44.01662,-19.94641],[-44.01669,-19.94617],[-44.01689,-19.94597],[-44.01691,-19.9459],[-44.01691,-19.94548],[-44.01758,-19.94542],[-44.01875,-19.94527],[-44.01924,-19.9451]]],[[[-44.00811,-19.94766],[-44.00702,-19.94711],[-44.00655,-19.9468],[-44.00619,-19.94649],[-44.00592,-19.94622],[-44.0055,-19.94568],[-44.00416,-19.9437],[-44.00376,-19.94394],[-44.00372,-19.94399],[-44.00374,-19.94403],[-44.00371,-19.94412],[-44.0039,-19.94405],[-44.00404,-19.94427],[-44.00434,-19.94466],[-44.004,-19.94515],[-44.00382,-19.94501],[-44.00384,-19.94509],[-44.0032,-19.94564],[-44.00306,-19.94579],[-44.00306,-19.94581],[-44.00308,-19.94583],[-44.00339,-19.9462],[-44.00325,-19.94624],[-44.00329,-19.94648],[-44.00154,-19.94676],[-44.00141,-19.94704],[-44.00134,-19.94737],[-44.00191,-19.94864],[-44.00199,-19.94887],[-44.00205,-19.94915],[-44.00213,-19.9497],[-44.0022,-19.94992],[-44.00225,-19.94997],[-44.00208,-19.94991],[-44.0018,-19.94986],[-44.00107,-19.94985],[-44.00059,-19.95013],[-44.00056,-19.95008],[-43.99987,-19.95],[-43.99982,-19.95003],[-43.99972,-19.95019],[-43.99945,-19.95008],[-43.99932,-19.94998],[-43.99922,-19.94996],[-43.99927,-19.9501],[-43.99932,-19.95017],[-43.99928,-19.9502],[-43.9992,-19.9506],[-43.99916,-19.95086],[-43.9992,-19.95096],[-43.99917,-19.95098],[-43.99915,-19.95101],[-43.99886,-19.95176],[-43.9987,-19.95195],[-43.99865,-19.95193],[-43.99857,-19.95195],[-43.9984,-19.95212],[-43.99785,-19.95242],[-43.9976,-19.95258],[-43.99748,-19.95262],[-43.99709,-19.95284],[-43.99614,-19.95313],[-43.99595,-19.95329],[-43.99588,-19.95341],[-43.99551,-19.95322],[-43.99533,-19.9534],[-43.99531,-19.95346],[-43.99471,-19.95318],[-43.9942,-19.95263],[-43.99577,-19.95127],[-43.99636,-19.95113],[-43.99656,-19.951],[-43.99662,-19.95094],[-43.99713,-19.95087],[-43.99722,-19.9508],[-43.99757,-19.95024],[-43.99801,-19.94957],[-43.99808,-19.94939],[-43.99833,-19.94901],[-43.99835,-19.94886],[-43.99833,-19.94873],[-43.9984,-19.94797],[-43.9985,-19.9479],[-43.99824,-19.94748],[-43.99774,-19.94754],[-43.9977,-19.94742],[-43.99606,-19.94775],[-43.99647,-19.94767],[-43.9963,-19.94702],[-43.99688,-19.94688],[-43.99654,-19.94629],[-43.99728,-19.9461],[-43.99728,-19.94605],[-43.9974,-19.9458],[-43.99607,-19.94418],[-43.99584,-19.94421],[-43.9958,-19.94424],[-43.99589,-19.94379],[-43.99667,-19.94377],[-43.99701,-19.94356],[-43.99703,-19.9435],[-43.99674,-19.94302],[-43.99778,-19.94314],[-43.99797,-19.94319],[-43.9981,-19.94319],[-43.99887,-19.94262],[-43.99848,-19.94215],[-43.99755,-19.94177],[-43.99745,-19.94173],[-43.99741,-19.94169],[-43.99732,-19.94169],[-43.99721,-19.94165],[-43.99711,-19.94162],[-43.99807,-19.94004],[-43.99842,-19.94025],[-43.99842,-19.94035],[-43.99814,-19.94041],[-43.99788,-19.94057],[-43.99777,-19.94079],[-43.99771,-19.94077],[-43.99756,-19.94088],[-43.99765,-19.94107],[-43.99767,-19.9412],[-43.99756,-19.9414],[-43.99781,-19.94143],[-43.9981,-19.9415],[-43.99825,-19.94156],[-43.99852,-19.94161],[-43.99872,-19.94158],[-43.99889,-19.94149],[-43.99903,-19.94135],[-43.99904,-19.94124],[-43.9991,-19.94116],[-43.9991,-19.94105],[-43.99952,-19.94092],[-43.99967,-19.94085],[-44.00069,-19.94018],[-44.00093,-19.94033],[-44.00086,-19.93997],[-44.0008,-19.93979],[-44.00771,-19.93964],[-44.00784,-19.94289],[-44.00791,-19.94419],[-44.0079,-19.94487],[-44.00799,-19.9467],[-44.00809,-19.94736],[-44.00811,-19.94766]]],[[[-44.00755,-19.94805],[-44.00726,-19.94807],[-44.00736,-19.94845],[-44.00753,-19.94895],[-44.00749,-19.949],[-44.0073,-19.94914],[-44.00725,-19.94909],[-44.007,-19.94868],[-44.00691,-19.9486],[-44.00666,-19.94846],[-44.00715,-19.9478],[-44.00713,-19.94767],[-44.00704,-19.94759],[-44.00694,-19.94755],[-44.0071,-19.94731],[-44.00745,-19.94749],[-44.00753,-19.94778],[-44.00755,-19.94805]]],[[[-44.00663,-19.95],[-44.00607,-19.95077],[-44.00626,-19.95104],[-44.00582,-19.95098],[-44.00529,-19.95089],[-44.00525,-19.95095],[-44.00511,-19.95106],[-44.00531,-19.95189],[-44.00536,-19.95199],[-44.00443,-19.95199],[-44.00448,-19.95215],[-44.00445,-19.95217],[-44.00432,-19.95217],[-44.0038,-19.95202],[-44.00362,-19.95265],[-44.00363,-19.95271],[-44.00352,-19.9527],[-44.00351,-19.95242],[-44.00314,-19.9524],[-44.00309,-19.9524],[-44.00317,-19.95227],[-44.00337,-19.95204],[-44.00345,-19.95197],[-44.00356,-19.95175],[-44.00356,-19.95168],[-44.00352,-19.95158],[-44.00344,-19.95152],[-44.00329,-19.95149],[-44.0032,-19.95162],[-44.00314,-19.95163],[-44.00294,-19.9516],[-44.00284,-19.9513],[-44.00271,-19.95077],[-44.00271,-19.95054],[-44.00245,-19.95049],[-44.00229,-19.95035],[-44.00205,-19.95009],[-44.00225,-19.94997],[-44.0032,-19.94925],[-44.00326,-19.94952],[-44.00335,-19.94968],[-44.00348,-19.94982],[-44.00369,-19.94992],[-44.0041,-19.95002],[-44.00401,-19.95014],[-44.00416,-19.95047],[-44.00419,-19.95047],[-44.00474,-19.94973],[-44.00499,-19.95055],[-44.00506,-19.95057],[-44.00511,-19.95056],[-44.00554,-19.94999],[-44.0062,-19.95043],[-44.00655,-19.94995],[-44.00663,-19.95]]],[[[-43.99836,-19.95757],[-43.99814,-19.95779],[-43.99778,-19.95788],[-43.99746,-19.95793],[-43.99714,-19.95793],[-43.99685,-19.9579],[-43.99633,-19.95779],[-43.99614,-19.95772],[-43.99572,-19.9575],[-43.99536,-19.95725],[-43.99513,-19.95705],[-43.99448,-19.95641],[-43.9939,-19.95599],[-43.99322,-19.95552],[-43.99307,-19.95544],[-43.99284,-19.95541],[-43.99238,-19.95528],[-43.99154,-19.95522],[-43.99099,-19.95521],[-43.99059,-19.95517],[-43.9901,-19.95505],[-43.98948,-19.95505],[-43.98937,-19.95503],[-43.98927,-19.95497],[-43.98917,-19.95493],[-43.98895,-19.95489],[-43.98863,-19.95479],[-43.98818,-19.95458],[-43.98807,-19.95446],[-43.98776,-19.95422],[-43.98786,-19.95413],[-43.98867,-19.95308],[-43.98897,-19.95275],[-43.98898,-19.95267],[-43.9889,-19.95213],[-43.98889,-19.95195],[-43.98878,-19.95099],[-43.98875,-19.9508],[-43.98901,-19.9506],[-43.98966,-19.95105],[-43.99012,-19.95133],[-43.99091,-19.9504],[-43.99112,-19.95043],[-43.99165,-19.95097],[-43.99202,-19.95131],[-43.99264,-19.95201],[-43.99367,-19.95309],[-43.99427,-19.9537],[-43.99448,-19.95378],[-43.99691,-19.95494],[-43.99701,-19.95498],[-43.99742,-19.95494],[-43.99748,-19.955],[-43.99757,-19.95519],[-43.99757,-19.95529],[-43.99745,-19.95538],[-43.9973,-19.95541],[-43.99716,-19.9571],[-43.99754,-19.95711],[-43.99805,-19.95702],[-43.99815,-19.95701],[-43.99836,-19.95757]]],[[[-43.99632,-19.96663],[-43.9927,-19.96937],[-43.9925,-19.96959],[-43.99212,-19.96996],[-43.99132,-19.97083],[-43.99111,-19.97108],[-43.99063,-19.97178],[-43.9899,-19.9728],[-43.98935,-19.97362],[-43.98906,-19.97411],[-43.989,-19.97431],[-43.98885,-19.9743],[-43.98881,-19.97397],[-43.98846,-19.97403],[-43.98738,-19.97431],[-43.98642,-19.97207],[-43.98592,-19.97102],[-43.98645,-19.97088],[-43.98658,-19.97028],[-43.9863,-19.96929],[-43.98628,-19.96919],[-43.98516,-19.96946],[-43.98526,-19.96397],[-43.98554,-19.96369],[-43.98527,-19.96344],[-43.98533,-19.95963],[-43.98671,-19.95819],[-43.98697,-19.9583],[-43.9874,-19.95842],[-43.98814,-19.95882],[-43.98896,-19.9594],[-43.98915,-19.95961],[-43.98939,-19.95999],[-43.98987,-19.96103],[-43.99009,-19.96144],[-43.99069,-19.96267],[-43.99109,-19.9638],[-43.99145,-19.96457],[-43.99165,-19.96509],[-43.99171,-19.96524],[-43.99193,-19.9662],[-43.99213,-19.9677],[-43.99217,-19.96841],[-43.99213,-19.96889],[-43.99215,-19.96898],[-43.99225,-19.96914],[-43.99238,-19.96923],[-43.99273,-19.96935],[-43.99632,-19.96663]]],[[[-43.99599,-19.97577],[-43.99407,-19.97718],[-43.99541,-19.97619],[-43.99599,-19.97577]]],[[[-43.99591,-19.97142],[-43.99535,-19.97172],[-43.99517,-19.97179],[-43.99475,-19.97202],[-43.9952,-19.97283],[-43.99524,-19.97294],[-43.99522,-19.97302],[-43.99516,-19.97312],[-43.99488,-19.97334],[-43.99465,-19.97307],[-43.99438,-19.97325],[-43.99416,-19.973],[-43.9938,-19.97249],[-43.99349,-19.97265],[-43.99296,-19.97296],[-43.99288,-19.973],[-43.99268,-19.97304],[-43.99264,-19.97351],[-43.99212,-19.9734],[-43.99202,-19.97344],[-43.99219,-19.97336],[-43.9923,-19.97318],[-43.9923,-19.9731],[-43.99218,-19.97294],[-43.99207,-19.97286],[-43.99206,-19.97281],[-43.99218,-19.97269],[-43.99302,-19.97197],[-43.99317,-19.97191],[-43.99331,-19.97188],[-43.99338,-19.97189],[-43.99363,-19.972],[-43.99451,-19.97159],[-43.99567,-19.97098],[-43.99591,-19.97142]]],[[[-43.99321,-19.9785],[-43.99315,-19.97856],[-43.99317,-19.97861],[-43.99272,-19.97883],[-43.99264,-19.97869],[-43.99234,-19.97887],[-43.99202,-19.97894],[-43.99167,-19.9789],[-43.99131,-19.97872],[-43.99097,-19.97843],[-43.99057,-19.97856],[-43.99059,-19.97861],[-43.99041,-19.97872],[-43.99034,-19.97853],[-43.99033,-19.97842],[-43.99035,-19.97833],[-43.99044,-19.97812],[-43.99083,-19.97779],[-43.99097,-19.97779],[-43.99116,-19.97786],[-43.99121,-19.9778],[-43.99087,-19.97742],[-43.99081,-19.9773],[-43.99073,-19.97704],[-43.9908,-19.97688],[-43.99104,-19.9768],[-43.99121,-19.97663],[-43.99137,-19.97667],[-43.99178,-19.9765],[-43.99187,-19.97653],[-43.99239,-19.97735],[-43.99258,-19.97758],[-43.99287,-19.97775],[-43.99293,-19.97785],[-43.99289,-19.97795],[-43.99301,-19.97802],[-43.9931,-19.9782],[-43.99305,-19.97823],[-43.99321,-19.9785]]],[[[-43.98885,-19.97491],[-43.98846,-19.97655],[-43.98873,-19.97539],[-43.98885,-19.97491]]],[[[-43.98788,-19.97774],[-43.9877,-19.97791],[-43.98733,-19.97818],[-43.98711,-19.97829],[-43.98573,-19.97885],[-43.98569,-19.97886],[-43.98543,-19.97855],[-43.98521,-19.97825],[-43.985,-19.97804],[-43.98502,-19.97719],[-43.98511,-19.97706],[-43.98515,-19.97705],[-43.98561,-19.97644],[-43.9858,-19.97642],[-43.98628,-19.97705],[-43.98624,-19.97733],[-43.98639,-19.97735],[-43.9865,-19.97738],[-43.98655,-19.97744],[-43.98673,-19.9775],[-43.98716,-19.97755],[-43.98729,-19.97754],[-43.98757,-19.97757],[-43.98775,-19.97772],[-43.98788,-19.97774]]]]}},{"type":"Feature","properties":{"territory_id":"mg-3106200-ipiranga","name":"Ipiranga","municipality_id":"mg-3106200","polling_places":2,"approx":false,"official":true,"method":"official-ibge-cd2022","whole_municipality":false,"approx_coords_only":false,"official_name":"Ipiranga","official_code":"3106200069","match":"direct"},"geometry":{"type":"MultiPolygon","coordinates":[[[[-43.92886,-19.87729],[-43.9292,-19.87848],[-43.92953,-19.87938],[-43.92976,-19.8801],[-43.93018,-19.88221],[-43.9301,-19.88272],[-43.92998,-19.88323],[-43.92969,-19.884],[-43.92953,-19.88437],[-43.92941,-19.8847],[-43.92932,-19.8851],[-43.92927,-19.88557],[-43.9295,-19.88581],[-43.9296,-19.88597],[-43.92978,-19.88621],[-43.93055,-19.8876],[-43.93066,-19.88783],[-43.93172,-19.8882],[-43.93261,-19.88846],[-43.93287,-19.88857],[-43.93358,-19.88874],[-43.93535,-19.88932],[-43.93604,-19.88951],[-43.93595,-19.88886],[-43.93594,-19.88864],[-43.93609,-19.8886],[-43.93623,-19.88837],[-43.93631,-19.88807],[-43.9363,-19.88702],[-43.93647,-19.8867],[-43.9369,-19.88636],[-43.93702,-19.88613],[-43.93709,-19.88576],[-43.9374,-19.8852],[-43.93746,-19.88476],[-43.93747,-19.88439],[-43.93742,-19.88396],[-43.93731,-19.88367],[-43.93709,-19.88334],[-43.93696,-19.8831],[-43.93699,-19.88285],[-43.93687,-19.88274],[-43.93677,-19.88264],[-43.93667,-19.88248],[-43.93643,-19.882],[-43.93638,-19.88192],[-43.93611,-19.88127],[-43.93523,-19.87955],[-43.93471,-19.87843],[-43.93452,-19.87809],[-43.93434,-19.87784],[-43.93405,-19.87759],[-43.93367,-19.8774],[-43.93311,-19.87719],[-43.93186,-19.87667],[-43.92836,-19.87533],[-43.92857,-19.87614],[-43.92886,-19.87729]],[[-43.93427,-19.88718],[-43.93422,-19.88724],[-43.93418,-19.88722],[-43.93414,-19.88724],[-43.93402,-19.88738],[-43.93378,-19.88745],[-43.93379,-19.88752],[-43.93346,-19.88754],[-43.93342,-19.88739],[-43.93337,-19.88731],[-43.93313,-19.88716],[-43.93326,-19.88679],[-43.93356,-19.88669],[-43.93363,-19.88704],[-43.93368,-19.88702],[-43.93393,-19.88716],[-43.93421,-19.88709],[-43.93424,-19.88714],[-43.93427,-19.88718]]]]}},{"type":"Feature","properties":{"territory_id":"mg-3106200-itapoa","name":"Itapoã","municipality_id":"mg-3106200","polling_places":2,"approx":false,"official":true,"method":"official-ibge-cd2022","whole_municipality":false,"approx_coords_only":false,"official_name":"Itapoã","official_code":"3106200415","match":"direct"},"geometry":{"type":"MultiPolygon","coordinates":[[[[-43.95693,-19.84426],[-43.96654,-19.84187],[-43.96715,-19.84173],[-43.96758,-19.84167],[-43.96756,-19.84146],[-43.96752,-19.84131],[-43.9674,-19.8411],[-43.96692,-19.84014],[-43.96669,-19.8396],[-43.96616,-19.83858],[-43.96584,-19.8378],[-43.96491,-19.83601],[-43.96441,-19.83498],[-43.96359,-19.83313],[-43.96285,-19.8318],[-43.96229,-19.83046],[-43.96166,-19.8295],[-43.96112,-19.82882],[-43.96077,-19.82849],[-43.96039,-19.82911],[-43.95875,-19.83122],[-43.95826,-19.83181],[-43.95672,-19.83378],[-43.95593,-19.83477],[-43.95512,-19.83583],[-43.95412,-19.83702],[-43.95305,-19.83815],[-43.95194,-19.83923],[-43.95097,-19.84012],[-43.9512,-19.84034],[-43.95129,-19.84048],[-43.952,-19.84163],[-43.95297,-19.84315],[-43.9534,-19.84373],[-43.95373,-19.844],[-43.95406,-19.84421],[-43.95445,-19.84439],[-43.9549,-19.84449],[-43.95523,-19.84453],[-43.95559,-19.84454],[-43.95615,-19.84444],[-43.95693,-19.84426]]]]}},{"type":"Feature","properties":{"territory_id":"mg-3106200-itatiaia-santa-terezinha","name":"Itatiaia/santa Terezinha","municipality_id":"mg-3106200","polling_places":3,"approx":true,"official":false,"method":"voronoi-polling-places","whole_municipality":false,"approx_coords_only":false},"geometry":{"type":"MultiPolygon","coordinates":[[[[-44.02374,-19.8948],[-44.0194,-19.8934],[-44.01958,-19.89287],[-44.01577,-19.89169],[-44.01598,-19.89092],[-44.01586,-19.89085],[-44.01579,-19.89075],[-44.01519,-19.88914],[-44.01491,-19.88835],[-44.01476,-19.88787],[-44.01462,-19.88753],[-44.01458,-19.88755],[-44.01454,-19.88739],[-44.01445,-19.88728],[-44.01441,-19.8871],[-44.01432,-19.88699],[-44.01435,-19.88698],[-44.01441,-19.88675],[-44.01407,-19.88633],[-44.01431,-19.88617],[-44.01436,-19.88598],[-44.01426,-19.88512],[-44.01424,-19.8844],[-44.0142,-19.88401],[-44.01415,-19.88377],[-44.014,-19.88345],[-44.0138,-19.88313],[-44.01319,-19.88231],[-44.01311,-19.88215],[-44.01327,-19.8816],[-44.01391,-19.87986],[-44.01404,-19.87919],[-44.01499,-19.87942],[-44.01522,-19.87907],[-44.01562,-19.87803],[-44.01564,-19.87795],[-44.01553,-19.87776],[-44.01564,-19.87769],[-44.01568,-19.87763],[-44.01531,-19.87723],[-44.01531,-19.87718],[-44.01538,-19.87707],[-44.01554,-19.87683],[-44.01556,-19.87677],[-44.01574,-19.87656],[-44.01808,-19.87924],[-44.02374,-19.8948]]],[[[-44.01308,-19.87349],[-44.01264,-19.87407],[-44.01248,-19.87436],[-44.01238,-19.87462],[-44.01234,-19.87509],[-44.01233,-19.87675],[-44.01231,-19.87762],[-44.01223,-19.87758],[-44.01076,-19.87717],[-44.00991,-19.87699],[-44.00934,-19.87681],[-44.00876,-19.8766],[-44.0086,-19.87651],[-44.00845,-19.87638],[-44.00837,-19.87628],[-44.00679,-19.87738],[-44.00533,-19.87833],[-44.00433,-19.87676],[-44.00411,-19.87653],[-44.00386,-19.87632],[-44.00362,-19.8762],[-44.0032,-19.87602],[-44.00125,-19.87527],[-44.00061,-19.87501],[-44.00018,-19.87482],[-43.99999,-19.87472],[-43.99983,-19.87461],[-43.99944,-19.8743],[-43.99916,-19.87392],[-43.99905,-19.87369],[-43.99896,-19.87345],[-43.99889,-19.87306],[-43.99887,-19.87256],[-43.99894,-19.87203],[-43.99912,-19.871],[-43.99886,-19.87143],[-43.99852,-19.87188],[-43.99691,-19.87245],[-43.99671,-19.87254],[-43.9953,-19.87159],[-43.99488,-19.87183],[-43.99467,-19.87202],[-43.99448,-19.87226],[-43.99367,-19.87344],[-43.99309,-19.87421],[-43.99265,-19.87494],[-43.99238,-19.8756],[-43.99233,-19.87595],[-43.99229,-19.87629],[-43.99229,-19.87668],[-43.99243,-19.87755],[-43.99252,-19.87783],[-43.99255,-19.87804],[-43.99257,-19.87861],[-43.99256,-19.87921],[-43.99271,-19.88048],[-43.9937,-19.88523],[-43.98812,-19.88465],[-43.98785,-19.88466],[-43.98787,-19.88442],[-43.98787,-19.88415],[-43.98805,-19.88331],[-43.98804,-19.8831],[-43.9881,-19.88268],[-43.98811,-19.88233],[-43.988,-19.88216],[-43.98796,-19.88213],[-43.98796,-19.88185],[-43.98806,-19.8816],[-43.98809,-19.88139],[-43.98834,-19.88129],[-43.9888,-19.88101],[-43.98903,-19.88055],[-43.98998,-19.8781],[-43.9903,-19.87737],[-43.99016,-19.87674],[-43.99048,-19.87669],[-43.99168,-19.87665],[-43.99147,-19.87626],[-43.99114,-19.87583],[-43.99092,-19.87559],[-43.99077,-19.87539],[-43.99173,-19.87497],[-43.99133,-19.8737],[-43.99044,-19.8712],[-43.99165,-19.87073],[-43.99124,-19.86979],[-43.99107,-19.86934],[-43.99092,-19.86904],[-43.99034,-19.86764],[-43.99164,-19.86732],[-43.99141,-19.86672],[-43.99107,-19.86677],[-43.98907,-19.86569],[-43.98856,-19.86635],[-43.98835,-19.86658],[-43.98823,-19.86661],[-43.98763,-19.86686],[-43.98598,-19.86756],[-43.98568,-19.86766],[-43.98535,-19.86772],[-43.98468,-19.86582],[-43.98411,-19.86528],[-43.98391,-19.86505],[-43.98354,-19.86467],[-43.98273,-19.86396],[-43.98247,-19.86359],[-43.9821,-19.86297],[-43.98184,-19.8635],[-43.98182,-19.86358],[-43.98185,-19.86368],[-43.98123,-19.86418],[-43.98464,-19.85406],[-44.00252,-19.86466],[-44.00732,-19.86522],[-44.00799,-19.86764],[-44.01308,-19.87349]]],[[[-44.01225,-19.88932],[-44.01183,-19.88962],[-44.01197,-19.88992],[-44.01127,-19.89047],[-44.01103,-19.8907],[-44.01037,-19.89048],[-44.01037,-19.8902],[-44.01154,-19.88933],[-44.01144,-19.88921],[-44.01134,-19.88911],[-44.01125,-19.88917],[-44.01109,-19.88897],[-44.0109,-19.88911],[-44.01088,-19.88907],[-44.01075,-19.88879],[-44.0106,-19.88882],[-44.01037,-19.8884],[-44.01082,-19.88808],[-44.01216,-19.88918],[-44.01225,-19.88932]]],[[[-44.01184,-19.88551],[-44.01147,-19.88551],[-44.01072,-19.88545],[-44.01022,-19.88692],[-44.01015,-19.88715],[-44.01009,-19.88745],[-44.01008,-19.8881],[-44.0101,-19.8886],[-44.01019,-19.88937],[-44.00832,-19.88978],[-44.00833,-19.88983],[-44.00733,-19.8895],[-44.00643,-19.88544],[-44.00632,-19.88497],[-44.00607,-19.88373],[-44.00592,-19.88292],[-44.006,-19.88334],[-44.00715,-19.88313],[-44.01025,-19.8825],[-44.01047,-19.88247],[-44.01076,-19.88256],[-44.01089,-19.88261],[-44.011,-19.88268],[-44.01123,-19.88288],[-44.01149,-19.88393],[-44.01184,-19.88551]]],[[[-43.98523,-19.88392],[-43.98505,-19.88424],[-43.98499,-19.88442],[-43.98493,-19.88477],[-43.98411,-19.8848],[-43.98377,-19.88417],[-43.98369,-19.8841],[-43.98359,-19.88404],[-43.9834,-19.88361],[-43.98338,-19.88313],[-43.98343,-19.88292],[-43.98422,-19.88295],[-43.98435,-19.88291],[-43.98466,-19.88308],[-43.98469,-19.8832],[-43.98465,-19.88323],[-43.98464,-19.88328],[-43.98468,-19.88334],[-43.98479,-19.88338],[-43.98481,-19.88382],[-43.98503,-19.88383],[-43.98523,-19.88392]]],[[[-43.98275,-19.88441],[-43.98209,-19.88488],[-43.98108,-19.88491],[-43.97579,-19.88028],[-43.97729,-19.87585],[-43.97831,-19.87601],[-43.97833,-19.87524],[-43.9796,-19.87546],[-43.98013,-19.8755],[-43.98139,-19.8772],[-43.98155,-19.87751],[-43.98159,-19.8777],[-43.98164,-19.87847],[-43.98166,-19.87892],[-43.98171,-19.87917],[-43.98183,-19.87957],[-43.9819,-19.87967],[-43.98218,-19.88113],[-43.98224,-19.88157],[-43.98231,-19.88184],[-43.98234,-19.88192],[-43.98254,-19.88229],[-43.9827,-19.88253],[-43.98272,-19.88262],[-43.98271,-19.88325],[-43.98274,-19.88355],[-43.98275,-19.88441]]],[[[-43.98077,-19.86711],[-43.98073,-19.86732],[-43.98069,-19.86738],[-43.98029,-19.86739],[-43.98014,-19.86739],[-43.98075,-19.8656],[-43.98077,-19.86711]]],[[[-43.9796,-19.87072],[-43.97938,-19.87168],[-43.97839,-19.8726],[-43.97926,-19.87],[-43.97955,-19.87065],[-43.9796,-19.87072]]]]}},{"type":"Feature","properties":{"territory_id":"mg-3106200-jacqueline","name":"Jacqueline","municipality_id":"mg-3106200","polling_places":4,"approx":true,"official":false,"method":"voronoi-polling-places","whole_municipality":false,"approx_coords_only":false},"geometry":{"type":"MultiPolygon","coordinates":[[[[-43.95064,-19.80427],[-43.95029,-19.80676],[-43.94763,-19.81109],[-43.94339,-19.81031],[-43.93351,-19.81139],[-43.92659,-19.81837],[-43.92623,-19.81808],[-43.92608,-19.81806],[-43.9259,-19.81811],[-43.92583,-19.81816],[-43.92568,-19.81833],[-43.92569,-19.81854],[-43.92565,-19.8187],[-43.9255,-19.81897],[-43.92553,-19.81911],[-43.92553,-19.81912],[-43.92462,-19.81893],[-43.90008,-19.80489],[-43.93912,-19.7814],[-43.94301,-19.7928],[-43.94553,-19.79597],[-43.95064,-19.80427]]]]}},{"type":"Feature","properties":{"territory_id":"mg-3106200-jaragua","name":"Jaraguá","municipality_id":"mg-3106200","polling_places":2,"approx":false,"official":true,"method":"official-ibge-cd2022","whole_municipality":false,"approx_coords_only":false,"official_name":"Jaraguá","official_code":"3106200271","match":"direct"},"geometry":{"type":"MultiPolygon","coordinates":[[[[-43.95185,-19.8597],[-43.9525,-19.85945],[-43.95316,-19.85913],[-43.95371,-19.85892],[-43.95415,-19.85873],[-43.95432,-19.85887],[-43.95731,-19.8577],[-43.95688,-19.8573],[-43.95607,-19.85649],[-43.95552,-19.85599],[-43.95481,-19.85567],[-43.95434,-19.85661],[-43.95402,-19.85649],[-43.95354,-19.85621],[-43.95343,-19.85624],[-43.95337,-19.85628],[-43.95329,-19.85625],[-43.95274,-19.85577],[-43.95254,-19.85582],[-43.95252,-19.85567],[-43.95261,-19.85567],[-43.95218,-19.85527],[-43.95304,-19.85474],[-43.95263,-19.85417],[-43.95243,-19.85366],[-43.95219,-19.8528],[-43.95155,-19.85324],[-43.95031,-19.85398],[-43.94893,-19.85455],[-43.94873,-19.85465],[-43.9483,-19.85475],[-43.94772,-19.85433],[-43.94528,-19.85524],[-43.94596,-19.85701],[-43.94587,-19.85726],[-43.94625,-19.85785],[-43.94637,-19.85799],[-43.94647,-19.85815],[-43.94715,-19.85946],[-43.94739,-19.86012],[-43.94807,-19.85959],[-43.94878,-19.859],[-43.94893,-19.85884],[-43.9491,-19.85857],[-43.9494,-19.85804],[-43.94993,-19.85765],[-43.95023,-19.85844],[-43.95028,-19.85872],[-43.95033,-19.85954],[-43.95036,-19.86035],[-43.95185,-19.8597]]]]}},{"type":"Feature","properties":{"territory_id":"mg-3106200-jardim-alvorada","name":"Jardim Alvorada","municipality_id":"mg-3106200","polling_places":4,"approx":false,"official":true,"method":"official-ibge-cd2022","whole_municipality":false,"approx_coords_only":false,"official_name":"Jardim Alvorada","official_code":"3106200218","match":"direct"},"geometry":{"type":"MultiPolygon","coordinates":[[[[-43.98503,-19.89844],[-43.98474,-19.89911],[-43.98461,-19.89901],[-43.9845,-19.89904],[-43.9844,-19.89916],[-43.98433,-19.89941],[-43.98406,-19.90005],[-43.98391,-19.90054],[-43.98367,-19.9005],[-43.98346,-19.9],[-43.98339,-19.89977],[-43.98324,-19.89951],[-43.98314,-19.89917],[-43.98336,-19.89885],[-43.98326,-19.89889],[-43.98311,-19.89897],[-43.98287,-19.89905],[-43.98241,-19.89919],[-43.98188,-19.89933],[-43.98254,-19.90056],[-43.98273,-19.90102],[-43.983,-19.90139],[-43.98334,-19.90182],[-43.98351,-19.90203],[-43.9838,-19.90231],[-43.98425,-19.90271],[-43.98473,-19.90299],[-43.98608,-19.90389],[-43.98813,-19.90528],[-43.98833,-19.90498],[-43.98829,-19.90463],[-43.98846,-19.90424],[-43.98931,-19.90361],[-43.9899,-19.90311],[-43.99019,-19.90298],[-43.99069,-19.90265],[-43.99042,-19.9025],[-43.9903,-19.90216],[-43.99107,-19.90123],[-43.99183,-19.90029],[-43.99207,-19.89995],[-43.99228,-19.89947],[-43.99244,-19.8994],[-43.99236,-19.89904],[-43.99235,-19.8989],[-43.99189,-19.89697],[-43.99181,-19.89639],[-43.99183,-19.89623],[-43.99194,-19.8959],[-43.99224,-19.89529],[-43.99304,-19.89392],[-43.99318,-19.89346],[-43.99325,-19.89281],[-43.99298,-19.89273],[-43.99226,-19.89237],[-43.99091,-19.8918],[-43.99077,-19.89217],[-43.99054,-19.89347],[-43.98955,-19.89334],[-43.98955,-19.89327],[-43.98958,-19.8932],[-43.9901,-19.89215],[-43.98966,-19.89209],[-43.98971,-19.89238],[-43.98923,-19.89269],[-43.98902,-19.89271],[-43.98895,-19.89265],[-43.98871,-19.89258],[-43.98819,-19.89227],[-43.98793,-19.89266],[-43.98787,-19.89291],[-43.98802,-19.89297],[-43.98787,-19.89328],[-43.98806,-19.89338],[-43.98794,-19.89359],[-43.98788,-19.89361],[-43.98789,-19.89393],[-43.98774,-19.89393],[-43.98726,-19.89429],[-43.98831,-19.89444],[-43.98744,-19.89508],[-43.98744,-19.89516],[-43.98754,-19.89518],[-43.98784,-19.89513],[-43.9879,-19.89533],[-43.98789,-19.89572],[-43.9877,-19.8961],[-43.98735,-19.89595],[-43.98717,-19.89628],[-43.98694,-19.89624],[-43.98685,-19.8963],[-43.9867,-19.8965],[-43.98642,-19.89641],[-43.98627,-19.8965],[-43.9859,-19.89678],[-43.98567,-19.89723],[-43.98552,-19.89758],[-43.98545,-19.8976],[-43.98539,-19.89739],[-43.98536,-19.89719],[-43.9853,-19.89709],[-43.98527,-19.89713],[-43.98529,-19.89731],[-43.98536,-19.89757],[-43.98538,-19.89776],[-43.98544,-19.89786],[-43.98523,-19.89795],[-43.98506,-19.89838],[-43.98503,-19.89844]]],[[[-43.98481,-19.89182],[-43.98475,-19.89168],[-43.98489,-19.89154],[-43.98511,-19.8914],[-43.98568,-19.89112],[-43.98595,-19.89106],[-43.98651,-19.89085],[-43.98679,-19.89056],[-43.98688,-19.89049],[-43.98679,-19.8903],[-43.98619,-19.89059],[-43.98493,-19.89113],[-43.98479,-19.89124],[-43.98463,-19.89144],[-43.98444,-19.89189],[-43.98439,-19.89208],[-43.98423,-19.89241],[-43.98386,-19.89327],[-43.98377,-19.89359],[-43.98372,-19.89408],[-43.98376,-19.89441],[-43.98334,-19.89458],[-43.9835,-19.89586],[-43.98385,-19.89584],[-43.98393,-19.89578],[-43.98402,-19.89608],[-43.98416,-19.89621],[-43.98425,-19.89615],[-43.98449,-19.89581],[-43.9849,-19.8952],[-43.98465,-19.89506],[-43.98483,-19.89486],[-43.98467,-19.89471],[-43.98466,-19.89451],[-43.98451,-19.89434],[-43.98402,-19.89385],[-43.984,-19.89356],[-43.98417,-19.89324],[-43.98427,-19.89312],[-43.98478,-19.89189],[-43.98481,-19.89182]]]]}},{"type":"Feature","properties":{"territory_id":"mg-3106200-jardim-america","name":"Jardim América","municipality_id":"mg-3106200","polling_places":5,"approx":false,"official":true,"method":"official-ibge-cd2022","whole_municipality":false,"approx_coords_only":false,"official_name":"Jardim América","official_code":"3106200134","match":"direct"},"geometry":{"type":"MultiPolygon","coordinates":[[[[-43.97374,-19.94858],[-43.97376,-19.94857],[-43.97386,-19.94844],[-43.97334,-19.94775],[-43.97362,-19.94779],[-43.97374,-19.94786],[-43.97383,-19.94743],[-43.97404,-19.94706],[-43.97382,-19.94694],[-43.97391,-19.94679],[-43.9741,-19.94692],[-43.97425,-19.94695],[-43.97429,-19.94682],[-43.97437,-19.94666],[-43.97459,-19.94635],[-43.97513,-19.94543],[-43.97521,-19.94534],[-43.9754,-19.94523],[-43.97555,-19.94522],[-43.97609,-19.94531],[-43.97668,-19.94537],[-43.97698,-19.94533],[-43.97727,-19.94518],[-43.97742,-19.94502],[-43.9775,-19.94488],[-43.97865,-19.9449],[-43.97876,-19.94488],[-43.97894,-19.94478],[-43.97918,-19.94462],[-43.97913,-19.94458],[-43.9782,-19.94409],[-43.97807,-19.94399],[-43.97801,-19.94388],[-43.97793,-19.94341],[-43.97751,-19.94173],[-43.97751,-19.94159],[-43.97769,-19.94095],[-43.97791,-19.94023],[-43.97495,-19.93867],[-43.9741,-19.93824],[-43.97349,-19.93832],[-43.9734,-19.93834],[-43.9735,-19.93841],[-43.97336,-19.93858],[-43.97338,-19.93882],[-43.97278,-19.93887],[-43.97266,-19.93893],[-43.97254,-19.93953],[-43.97242,-19.93988],[-43.97226,-19.94018],[-43.9717,-19.94098],[-43.97147,-19.94125],[-43.97104,-19.94188],[-43.97066,-19.94238],[-43.97035,-19.94284],[-43.97012,-19.94321],[-43.97109,-19.94363],[-43.97097,-19.94386],[-43.97176,-19.94412],[-43.97129,-19.94493],[-43.9714,-19.94506],[-43.97161,-19.94539],[-43.9717,-19.94549],[-43.97157,-19.94556],[-43.97149,-19.94565],[-43.97141,-19.94566],[-43.97124,-19.9456],[-43.97119,-19.94561],[-43.97117,-19.94564],[-43.9709,-19.94557],[-43.97097,-19.94543],[-43.97063,-19.94529],[-43.97033,-19.94519],[-43.97011,-19.94586],[-43.97013,-19.9459],[-43.97032,-19.94597],[-43.97015,-19.94665],[-43.97009,-19.94663],[-43.96998,-19.94602],[-43.96997,-19.94582],[-43.96979,-19.94574],[-43.96998,-19.9451],[-43.96954,-19.94496],[-43.96946,-19.94539],[-43.96944,-19.9458],[-43.9694,-19.9484],[-43.96939,-19.94858],[-43.96929,-19.94895],[-43.9692,-19.94913],[-43.96907,-19.94935],[-43.96829,-19.95049],[-43.96802,-19.95094],[-43.9679,-19.95123],[-43.96784,-19.95143],[-43.96754,-19.9525],[-43.96692,-19.95457],[-43.96795,-19.95494],[-43.9687,-19.95524],[-43.96871,-19.95521],[-43.97045,-19.9559],[-43.97055,-19.95568],[-43.97057,-19.95532],[-43.97056,-19.95513],[-43.97011,-19.95502],[-43.9705,-19.95411],[-43.96999,-19.95392],[-43.97077,-19.95208],[-43.9712,-19.95132],[-43.97159,-19.95154],[-43.9723,-19.95156],[-43.97242,-19.95159],[-43.97258,-19.95164],[-43.97276,-19.95176],[-43.97289,-19.95164],[-43.97307,-19.95143],[-43.97307,-19.9512],[-43.97296,-19.95109],[-43.97279,-19.95102],[-43.97311,-19.95025],[-43.97293,-19.94992],[-43.97302,-19.94993],[-43.9732,-19.94999],[-43.9734,-19.95002],[-43.97368,-19.94995],[-43.97389,-19.94926],[-43.97373,-19.94919],[-43.97383,-19.94902],[-43.97379,-19.94876],[-43.97369,-19.94869],[-43.97374,-19.94858]],[[-43.9706,-19.94691],[-43.97057,-19.9476],[-43.97063,-19.94762],[-43.97056,-19.94774],[-43.97008,-19.94778],[-43.97027,-19.94701],[-43.97034,-19.94687],[-43.97021,-19.9467],[-43.9706,-19.94607],[-43.97089,-19.9462],[-43.97097,-19.94626],[-43.97094,-19.94633],[-43.9706,-19.94691]],[[-43.97153,-19.94192],[-43.97164,-19.94184],[-43.97168,-19.94198],[-43.97181,-19.94221],[-43.97189,-19.94229],[-43.97206,-19.94242],[-43.97173,-19.94297],[-43.97101,-19.94258],[-43.97127,-19.94232],[-43.9713,-19.94214],[-43.9714,-19.94217],[-43.97153,-19.94192]],[[-43.97282,-19.94703],[-43.97278,-19.94702],[-43.97269,-19.94704],[-43.9723,-19.94643],[-43.97231,-19.94628],[-43.97235,-19.94633],[-43.97243,-19.94634],[-43.97257,-19.94651],[-43.97281,-19.9469],[-43.97282,-19.94698],[-43.97282,-19.94703]],[[-43.97282,-19.9481],[-43.97265,-19.948],[-43.9728,-19.94774],[-43.97288,-19.94774],[-43.97305,-19.94754],[-43.97265,-19.94733],[-43.97282,-19.94703],[-43.97295,-19.94701],[-43.9732,-19.94733],[-43.97333,-19.94759],[-43.97334,-19.94775],[-43.97324,-19.94772],[-43.97313,-19.94788],[-43.97297,-19.94781],[-43.97282,-19.9481]]]]}},{"type":"Feature","properties":{"territory_id":"mg-3106200-jardim-belmonte","name":"Jardim Belmonte","municipality_id":"mg-3106200","polling_places":1,"approx":true,"official":false,"method":"voronoi-polling-places","whole_municipality":false,"approx_coords_only":false},"geometry":{"type":"MultiPolygon","coordinates":[[[[-43.90968,-19.84882],[-43.90966,-19.84882],[-43.90958,-19.84898],[-43.90937,-19.8492],[-43.90914,-19.8494],[-43.90897,-19.84952],[-43.90869,-19.84969],[-43.90809,-19.84995],[-43.9079,-19.85001],[-43.90637,-19.85067],[-43.90559,-19.85097],[-43.90569,-19.85101],[-43.90578,-19.85116],[-43.90582,-19.85147],[-43.90583,-19.85181],[-43.90575,-19.85249],[-43.9057,-19.85319],[-43.9007,-19.85596],[-43.90037,-19.85578],[-43.90009,-19.85561],[-43.9,-19.85552],[-43.89955,-19.85529],[-43.89928,-19.85519],[-43.89911,-19.85516],[-43.89902,-19.8551],[-43.89886,-19.85493],[-43.89903,-19.8548],[-43.89914,-19.85467],[-43.89922,-19.85451],[-43.89925,-19.85428],[-43.89922,-19.85394],[-43.89917,-19.85381],[-43.89916,-19.85362],[-43.89917,-19.8534],[-43.9001,-19.85331],[-43.9003,-19.85343],[-43.90076,-19.85338],[-43.90079,-19.85163],[-43.90161,-19.85115],[-43.90095,-19.85058],[-43.90076,-19.85022],[-43.90047,-19.84939],[-43.90038,-19.84885],[-43.90023,-19.84819],[-43.90021,-19.84803],[-43.90013,-19.84778],[-43.90006,-19.84764],[-43.90001,-19.84761],[-43.89992,-19.8476],[-43.89978,-19.84766],[-43.89975,-19.84758],[-43.89966,-19.84756],[-43.89955,-19.84745],[-43.89945,-19.84729],[-43.89939,-19.84711],[-43.89939,-19.84707],[-43.89925,-19.84705],[-43.89923,-19.84677],[-43.89916,-19.84647],[-43.89902,-19.84603],[-43.89883,-19.84559],[-43.89758,-19.84402],[-43.89705,-19.84421],[-43.89688,-19.8441],[-43.89692,-19.84338],[-43.89691,-19.84319],[-43.89712,-19.84242],[-43.89713,-19.84235],[-43.8973,-19.84234],[-43.89727,-19.84213],[-43.89724,-19.84126],[-43.89687,-19.84125],[-43.89682,-19.84014],[-43.89667,-19.83951],[-43.8968,-19.83939],[-43.89668,-19.83925],[-43.89639,-19.83928],[-43.89635,-19.83893],[-43.89632,-19.83881],[-43.89605,-19.8388],[-43.89605,-19.83859],[-43.89591,-19.83857],[-43.89591,-19.83845],[-43.89558,-19.8384],[-43.89521,-19.83781],[-43.89516,-19.83776],[-43.89538,-19.83757],[-43.89562,-19.83732],[-43.89543,-19.83717],[-43.89508,-19.83673],[-43.89472,-19.83616],[-43.89442,-19.8355],[-43.89379,-19.83588],[-43.8937,-19.83481],[-43.8937,-19.83461],[-43.89372,-19.83457],[-43.89365,-19.83453],[-43.89364,-19.83432],[-43.8933,-19.83418],[-43.89312,-19.8339],[-43.893,-19.8338],[-43.89294,-19.83392],[-43.89289,-19.83409],[-43.89248,-19.83408],[-43.89246,-19.83377],[-43.892,-19.83379],[-43.89198,-19.83337],[-43.89191,-19.83323],[-43.89183,-19.83316],[-43.89122,-19.83284],[-43.89109,-19.83271],[-43.89106,-19.8324],[-43.891,-19.83248],[-43.89091,-19.83257],[-43.89027,-19.83283],[-43.89015,-19.83284],[-43.8897,-19.83295],[-43.88941,-19.83304],[-43.88821,-19.83331],[-43.88814,-19.83339],[-43.88797,-19.83318],[-43.88709,-19.83422],[-43.88726,-19.8344],[-43.88669,-19.8351],[-43.88666,-19.83528],[-43.88661,-19.83545],[-43.88656,-19.83555],[-43.88647,-19.83564],[-43.88639,-19.83569],[-43.88629,-19.83572],[-43.88616,-19.83569],[-43.88581,-19.83542],[-43.88604,-19.83517],[-43.88592,-19.83506],[-43.88623,-19.8346],[-43.88641,-19.83437],[-43.88655,-19.83403],[-43.88673,-19.83373],[-43.88756,-19.83287],[-43.88785,-19.83261],[-43.8885,-19.83229],[-43.88852,-19.83228],[-43.88873,-19.8322],[-43.88952,-19.83199],[-43.88945,-19.83179],[-43.88955,-19.83208],[-43.88999,-19.83208],[-43.89043,-19.83212],[-43.89043,-19.83209],[-43.89073,-19.83208],[-43.89073,-19.83218],[-43.89086,-19.83219],[-43.89097,-19.8321],[-43.89099,-19.83197],[-43.89107,-19.83186],[-43.89117,-19.83176],[-43.89152,-19.83145],[-43.89169,-19.83157],[-43.89185,-19.83129],[-43.89162,-19.83169],[-43.89267,-19.8323],[-43.89263,-19.83235],[-43.89289,-19.83253],[-43.89269,-19.83273],[-43.89333,-19.83325],[-43.89352,-19.83309],[-43.89371,-19.83332],[-43.89393,-19.83353],[-43.89413,-19.83335],[-43.89433,-19.83371],[-43.89445,-19.83405],[-43.89396,-19.83414],[-43.8941,-19.83433],[-43.89415,-19.83433],[-43.89436,-19.83428],[-43.89474,-19.83489],[-43.89508,-19.83535],[-43.89528,-19.83552],[-43.89553,-19.83587],[-43.89559,-19.83602],[-43.89575,-19.83626],[-43.89588,-19.83663],[-43.89605,-19.83701],[-43.89609,-19.83722],[-43.89612,-19.83745],[-43.89602,-19.8375],[-43.89629,-19.83785],[-43.89656,-19.83819],[-43.89714,-19.83897],[-43.89737,-19.83934],[-43.89755,-19.83971],[-43.89761,-19.83995],[-43.8977,-19.84018],[-43.89782,-19.8402],[-43.89799,-19.84026],[-43.89803,-19.84029],[-43.89804,-19.84047],[-43.89799,-19.84055],[-43.89802,-19.84069],[-43.89825,-19.84131],[-43.89786,-19.84136],[-43.8977,-19.84141],[-43.8979,-19.84153],[-43.89783,-19.84202],[-43.89761,-19.84222],[-43.89821,-19.84208],[-43.89987,-19.84185],[-43.9017,-19.8415],[-43.9022,-19.84154],[-43.90206,-19.84206],[-43.90218,-19.84232],[-43.90234,-19.84254],[-43.90274,-19.84284],[-43.90307,-19.84297],[-43.90344,-19.84309],[-43.90432,-19.84295],[-43.90461,-19.84285],[-43.9048,-19.84287],[-43.90488,-19.84299],[-43.90504,-19.84305],[-43.90548,-19.84309],[-43.90611,-19.84308],[-43.90646,-19.84313],[-43.90665,-19.8431],[-43.90672,-19.84309],[-43.9071,-19.84249],[-43.90732,-19.84232],[-43.9074,-19.84216],[-43.90758,-19.84215],[-43.90968,-19.84882]]],[[[-43.9058,-19.83919],[-43.90565,-19.83953],[-43.90498,-19.84012],[-43.90487,-19.84001],[-43.90525,-19.8396],[-43.9052,-19.83942],[-43.90529,-19.83912],[-43.90528,-19.83894],[-43.90506,-19.8378],[-43.90474,-19.83776],[-43.90462,-19.8377],[-43.90501,-19.83712],[-43.90512,-19.83703],[-43.90515,-19.83699],[-43.90557,-19.83724],[-43.90568,-19.83723],[-43.90576,-19.83847],[-43.9058,-19.83919]]],[[[-43.89898,-19.85656],[-43.8989,-19.85676],[-43.89708,-19.85715],[-43.89695,-19.85716],[-43.89659,-19.85716],[-43.89603,-19.85702],[-43.89545,-19.85671],[-43.89457,-19.85628],[-43.89426,-19.85658],[-43.89396,-19.857],[-43.89368,-19.85685],[-43.89342,-19.85662],[-43.89302,-19.85634],[-43.89295,-19.85639],[-43.89255,-19.85617],[-43.89271,-19.85599],[-43.89282,-19.85593],[-43.89306,-19.85586],[-43.89338,-19.85585],[-43.89291,-19.85559],[-43.89242,-19.85535],[-43.89257,-19.85488],[-43.89313,-19.85505],[-43.89551,-19.85569],[-43.89691,-19.85603],[-43.89789,-19.85633],[-43.89898,-19.85656]]],[[[-43.89642,-19.84778],[-43.89635,-19.84777],[-43.89562,-19.84848],[-43.89495,-19.84901],[-43.89518,-19.84925],[-43.89501,-19.84943],[-43.89494,-19.84949],[-43.89477,-19.84937],[-43.89473,-19.84962],[-43.8947,-19.85003],[-43.89471,-19.85102],[-43.89474,-19.85117],[-43.8944,-19.85119],[-43.89401,-19.85113],[-43.89379,-19.85112],[-43.89372,-19.85115],[-43.89303,-19.85117],[-43.89303,-19.85127],[-43.89162,-19.85137],[-43.89163,-19.8517],[-43.89163,-19.85181],[-43.89139,-19.85182],[-43.89131,-19.85199],[-43.8911,-19.852],[-43.89065,-19.85192],[-43.89044,-19.85214],[-43.89022,-19.85193],[-43.89015,-19.852],[-43.88992,-19.85179],[-43.88998,-19.85173],[-43.88963,-19.85141],[-43.8896,-19.85141],[-43.88954,-19.85149],[-43.88953,-19.85151],[-43.88965,-19.85162],[-43.88941,-19.85187],[-43.88937,-19.85184],[-43.88901,-19.85226],[-43.88886,-19.85246],[-43.88866,-19.85224],[-43.88834,-19.85176],[-43.88814,-19.85131],[-43.88801,-19.85019],[-43.88791,-19.84898],[-43.88783,-19.84824],[-43.8877,-19.84729],[-43.88781,-19.84804],[-43.89005,-19.8476],[-43.89035,-19.84751],[-43.89101,-19.8474],[-43.89162,-19.84723],[-43.89169,-19.84721],[-43.89208,-19.84735],[-43.89239,-19.84743],[-43.89356,-19.84757],[-43.89379,-19.84768],[-43.89399,-19.84781],[-43.89414,-19.84783],[-43.89437,-19.84778],[-43.89481,-19.84756],[-43.89508,-19.8475],[-43.89542,-19.84768],[-43.89615,-19.84764],[-43.89642,-19.84778]]],[[[-43.89402,-19.83053],[-43.89397,-19.8306],[-43.89383,-19.83073],[-43.89402,-19.83053]]],[[[-43.89322,-19.8601],[-43.88299,-19.86576],[-43.876,-19.86942],[-43.86332,-19.85602],[-43.86521,-19.85739],[-43.86538,-19.85747],[-43.86584,-19.85752],[-43.86603,-19.85746],[-43.86624,-19.85736],[-43.86636,-19.85735],[-43.86659,-19.85738],[-43.86669,-19.85744],[-43.86677,-19.85749],[-43.86681,-19.85754],[-43.86683,-19.85765],[-43.86664,-19.85781],[-43.86663,-19.85787],[-43.86667,-19.85798],[-43.86673,-19.85806],[-43.86678,-19.85818],[-43.86692,-19.85821],[-43.86699,-19.85825],[-43.86703,-19.85833],[-43.86704,-19.85841],[-43.86694,-19.85845],[-43.86675,-19.85846],[-43.86696,-19.85859],[-43.86663,-19.85864],[-43.8674,-19.85928],[-43.8675,-19.85933],[-43.86763,-19.85954],[-43.86774,-19.85964],[-43.86784,-19.85972],[-43.86824,-19.85991],[-43.86834,-19.86007],[-43.86837,-19.86021],[-43.86835,-19.8603],[-43.86828,-19.86043],[-43.86871,-19.86073],[-43.86885,-19.86079],[-43.86896,-19.86098],[-43.86906,-19.86125],[-43.86913,-19.86133],[-43.86935,-19.86148],[-43.86947,-19.86163],[-43.86957,-19.86172],[-43.86968,-19.86178],[-43.86992,-19.86184],[-43.87003,-19.86189],[-43.87027,-19.86211],[-43.87033,-19.86218],[-43.87036,-19.86226],[-43.87032,-19.86239],[-43.87026,-19.86252],[-43.87027,-19.86257],[-43.87042,-19.86265],[-43.87068,-19.86284],[-43.87084,-19.86289],[-43.87094,-19.86299],[-43.87099,-19.863],[-43.87121,-19.863],[-43.87127,-19.86303],[-43.87144,-19.86315],[-43.8715,-19.86322],[-43.87177,-19.86363],[-43.87182,-19.86369],[-43.87196,-19.86376],[-43.87205,-19.86384],[-43.87227,-19.86392],[-43.87255,-19.86404],[-43.87265,-19.86414],[-43.87281,-19.86436],[-43.8729,-19.86442],[-43.87299,-19.86446],[-43.87309,-19.86455],[-43.87326,-19.86464],[-43.87341,-19.86478],[-43.87347,-19.86481],[-43.87363,-19.86481],[-43.87369,-19.86483],[-43.87379,-19.865],[-43.8739,-19.86511],[-43.87397,-19.86528],[-43.87403,-19.86531],[-43.87417,-19.86532],[-43.87467,-19.86626],[-43.87468,-19.86632],[-43.87469,-19.86658],[-43.87473,-19.86665],[-43.87484,-19.86671],[-43.87484,-19.86673],[-43.87516,-19.86687],[-43.87546,-19.86705],[-43.87585,-19.86732],[-43.87615,-19.8674],[-43.87648,-19.86743],[-43.87675,-19.86773],[-43.87679,-19.86797],[-43.87717,-19.86832],[-43.87752,-19.8685],[-43.87788,-19.86832],[-43.87803,-19.86811],[-43.87803,-19.8679],[-43.87822,-19.86746],[-43.8787,-19.86694],[-43.87883,-19.86672],[-43.87892,-19.86662],[-43.8792,-19.86658],[-43.87937,-19.86648],[-43.87965,-19.86616],[-43.87986,-19.86602],[-43.88011,-19.86598],[-43.88031,-19.86568],[-43.88022,-19.86526],[-43.88027,-19.86498],[-43.8802,-19.86444],[-43.88033,-19.86354],[-43.88042,-19.86338],[-43.88068,-19.86325],[-43.88123,-19.86291],[-43.8815,-19.86255],[-43.88166,-19.86242],[-43.88179,-19.86247],[-43.882,-19.86175],[-43.88198,-19.86144],[-43.88191,-19.86117],[-43.88158,-19.8606],[-43.88147,-19.86047],[-43.88112,-19.86024],[-43.88093,-19.86009],[-43.88079,-19.85988],[-43.88072,-19.85965],[-43.88111,-19.85885],[-43.88171,-19.85907],[-43.88176,-19.85894],[-43.88199,-19.8585],[-43.88226,-19.8579],[-43.88257,-19.8573],[-43.88311,-19.85755],[-43.88457,-19.85773],[-43.88488,-19.85779],[-43.88489,-19.85775],[-43.88497,-19.85756],[-43.88503,-19.85735],[-43.8851,-19.85727],[-43.88574,-19.85728],[-43.88591,-19.85738],[-43.88618,-19.85747],[-43.88645,-19.85742],[-43.88739,-19.85755],[-43.88751,-19.85754],[-43.8873,-19.85672],[-43.8891,-19.8562],[-43.88864,-19.85573],[-43.88949,-19.85542],[-43.88964,-19.85533],[-43.88976,-19.8553],[-43.88991,-19.85528],[-43.88997,-19.8553],[-43.89084,-19.85592],[-43.89121,-19.85614],[-43.89136,-19.85629],[-43.89142,-19.85638],[-43.89147,-19.85648],[-43.89149,-19.85657],[-43.89232,-19.85655],[-43.89278,-19.85873],[-43.89296,-19.85883],[-43.89301,-19.85917],[-43.89313,-19.85978],[-43.89322,-19.8601]]],[[[-43.89268,-19.83086],[-43.8924,-19.83089],[-43.89254,-19.83087],[-43.89268,-19.83086]]],[[[-43.89224,-19.83095],[-43.89215,-19.83101],[-43.89219,-19.83097],[-43.89224,-19.83095]]],[[[-43.89208,-19.83106],[-43.89185,-19.83129],[-43.89204,-19.83109],[-43.89208,-19.83106]]],[[[-43.89066,-19.82209],[-43.89012,-19.82204],[-43.88983,-19.82179],[-43.88943,-19.82155],[-43.88913,-19.82141],[-43.88847,-19.82123],[-43.88818,-19.82117],[-43.88709,-19.82139],[-43.88673,-19.82156],[-43.88628,-19.82148],[-43.88595,-19.82153],[-43.8856,-19.82173],[-43.88525,-19.82176],[-43.88432,-19.82171],[-43.88371,-19.82218],[-43.88317,-19.82248],[-43.88296,-19.82285],[-43.88272,-19.82322],[-43.88147,-19.82308],[-43.88076,-19.82314],[-43.8801,-19.82293],[-43.87947,-19.82233],[-43.87908,-19.82168],[-43.87941,-19.82155],[-43.88047,-19.82092],[-43.88118,-19.82007],[-43.88113,-19.81988],[-43.8808,-19.8197],[-43.87949,-19.81929],[-43.87924,-19.81782],[-43.87913,-19.81749],[-43.88335,-19.81496],[-43.89066,-19.82209]]],[[[-43.88824,-19.85222],[-43.88809,-19.85237],[-43.88783,-19.85212],[-43.88776,-19.85208],[-43.88721,-19.85247],[-43.88705,-19.8526],[-43.88712,-19.85271],[-43.88695,-19.85288],[-43.88685,-19.85302],[-43.8868,-19.8532],[-43.88713,-19.8535],[-43.88685,-19.8538],[-43.88642,-19.85431],[-43.88614,-19.85414],[-43.886,-19.8539],[-43.88613,-19.85373],[-43.8862,-19.85356],[-43.88616,-19.85347],[-43.88562,-19.8537],[-43.885,-19.8539],[-43.88428,-19.85404],[-43.8842,-19.85407],[-43.8841,-19.85409],[-43.88359,-19.85388],[-43.88369,-19.85282],[-43.88368,-19.85222],[-43.88376,-19.85221],[-43.88384,-19.85252],[-43.88399,-19.85279],[-43.88417,-19.85271],[-43.8843,-19.85285],[-43.8845,-19.85297],[-43.88467,-19.85291],[-43.88467,-19.85277],[-43.88482,-19.85228],[-43.88482,-19.85204],[-43.88476,-19.85174],[-43.88457,-19.85141],[-43.88432,-19.85118],[-43.88428,-19.85107],[-43.8843,-19.85098],[-43.88467,-19.85092],[-43.88486,-19.8507],[-43.88498,-19.85035],[-43.88504,-19.85004],[-43.88511,-19.84981],[-43.88542,-19.84956],[-43.88554,-19.8495],[-43.88575,-19.84971],[-43.88616,-19.84996],[-43.88626,-19.84999],[-43.88636,-19.85007],[-43.88647,-19.85011],[-43.88655,-19.85019],[-43.88667,-19.85026],[-43.88686,-19.85041],[-43.88762,-19.85121],[-43.88771,-19.85135],[-43.88785,-19.85168],[-43.88795,-19.85184],[-43.88824,-19.85222]]],[[[-43.88557,-19.84254],[-43.88552,-19.84232],[-43.88541,-19.84164],[-43.88557,-19.84254]]],[[[-43.88536,-19.83967],[-43.88535,-19.83966],[-43.8852,-19.8391],[-43.88536,-19.83967]]],[[[-43.8852,-19.8391],[-43.88508,-19.83892],[-43.88512,-19.83897],[-43.8852,-19.8391]]],[[[-43.88488,-19.84378],[-43.88467,-19.844],[-43.88419,-19.84357],[-43.88406,-19.84365],[-43.8839,-19.84301],[-43.8838,-19.84251],[-43.88447,-19.84226],[-43.88463,-19.84224],[-43.88462,-19.84299],[-43.88483,-19.84333],[-43.88488,-19.84378]]],[[[-43.88143,-19.83797],[-43.8801,-19.83851],[-43.88122,-19.83805],[-43.88143,-19.83797]]],[[[-43.8746,-19.83431],[-43.87458,-19.83445],[-43.87318,-19.83589],[-43.87247,-19.8363],[-43.87121,-19.83864],[-43.87152,-19.83897],[-43.8716,-19.83922],[-43.87164,-19.83945],[-43.87171,-19.83967],[-43.87181,-19.83984],[-43.87196,-19.84],[-43.87223,-19.84017],[-43.8724,-19.84025],[-43.8726,-19.84031],[-43.87281,-19.84034],[-43.87295,-19.84039],[-43.87336,-19.84074],[-43.87342,-19.84084],[-43.87371,-19.84112],[-43.873,-19.84115],[-43.87221,-19.84123],[-43.87112,-19.8413],[-43.86794,-19.84164],[-43.86793,-19.84168],[-43.86796,-19.8422],[-43.86755,-19.84472],[-43.86738,-19.84565],[-43.86651,-19.84669],[-43.86615,-19.84731],[-43.8659,-19.8478],[-43.86561,-19.84874],[-43.86467,-19.85048],[-43.86409,-19.85109],[-43.86302,-19.85169],[-43.862,-19.8278],[-43.86214,-19.82809],[-43.86225,-19.8283],[-43.86236,-19.82844],[-43.86375,-19.82979],[-43.8647,-19.83081],[-43.86519,-19.83118],[-43.8656,-19.83081],[-43.86618,-19.83136],[-43.86648,-19.83184],[-43.86688,-19.83265],[-43.86707,-19.83256],[-43.86717,-19.83254],[-43.86701,-19.8324],[-43.86685,-19.83212],[-43.86665,-19.83166],[-43.86646,-19.83116],[-43.86618,-19.83067],[-43.86609,-19.83045],[-43.86604,-19.83026],[-43.86602,-19.82999],[-43.86604,-19.82963],[-43.86611,-19.82924],[-43.86636,-19.82858],[-43.86653,-19.82831],[-43.8667,-19.8281],[-43.86692,-19.82789],[-43.86716,-19.82769],[-43.86757,-19.82741],[-43.86843,-19.82691],[-43.86933,-19.82857],[-43.86961,-19.82891],[-43.86967,-19.82932],[-43.86972,-19.8295],[-43.86987,-19.8297],[-43.87001,-19.82969],[-43.87006,-19.8298],[-43.86999,-19.83006],[-43.86998,-19.8303],[-43.86971,-19.83038],[-43.86967,-19.83073],[-43.86976,-19.83084],[-43.86981,-19.83088],[-43.87051,-19.82999],[-43.87073,-19.8301],[-43.87111,-19.83042],[-43.8722,-19.83108],[-43.87298,-19.8316],[-43.8733,-19.83189],[-43.87353,-19.83268],[-43.87382,-19.83302],[-43.87391,-19.8332],[-43.87389,-19.8338],[-43.87398,-19.83388],[-43.87448,-19.83411],[-43.8746,-19.83431]]],[[[-43.86892,-19.82435],[-43.86873,-19.82516],[-43.86823,-19.82564],[-43.86709,-19.82569],[-43.86577,-19.82568],[-43.86553,-19.82567],[-43.86891,-19.82364],[-43.86892,-19.82435]]]]}},{"type":"Feature","properties":{"territory_id":"mg-3106200-jardim-comerciarios-venda-nova","name":"Jardim Comerciarios (venda Nova)","municipality_id":"mg-3106200","polling_places":2,"approx":true,"official":false,"method":"voronoi-polling-places","whole_municipality":false,"approx_coords_only":false},"geometry":{"type":"MultiPolygon","coordinates":[[[[-43.98079,-19.8017],[-43.97305,-19.80546],[-43.96923,-19.802],[-43.96922,-19.80196],[-43.97541,-19.79347],[-43.96252,-19.79153],[-43.95779,-19.77923],[-43.9754,-19.7823],[-43.97616,-19.78319],[-43.97687,-19.78549],[-43.97656,-19.79313],[-43.97874,-19.79492],[-43.98079,-19.8017]]]]}},{"type":"Feature","properties":{"territory_id":"mg-3106200-jardim-felicidade","name":"Jardim Felicidade","municipality_id":"mg-3106200","polling_places":2,"approx":false,"official":true,"method":"official-ibge-cd2022","whole_municipality":false,"approx_coords_only":false,"official_name":"Jardim Felicidade","official_code":"3106200438","match":"direct"},"geometry":{"type":"MultiPolygon","coordinates":[[[[-43.92252,-19.83006],[-43.92237,-19.83074],[-43.92214,-19.83091],[-43.92219,-19.83135],[-43.92222,-19.83187],[-43.92233,-19.83194],[-43.9224,-19.83214],[-43.92397,-19.83217],[-43.92461,-19.83221],[-43.92628,-19.83241],[-43.92671,-19.83245],[-43.92712,-19.83251],[-43.92722,-19.83255],[-43.92849,-19.83267],[-43.92906,-19.83275],[-43.92998,-19.83282],[-43.93098,-19.83301],[-43.93117,-19.83267],[-43.9314,-19.83216],[-43.93177,-19.83087],[-43.93157,-19.83081],[-43.93048,-19.8297],[-43.93066,-19.82953],[-43.93059,-19.82945],[-43.93112,-19.82892],[-43.93081,-19.82885],[-43.93066,-19.82876],[-43.92972,-19.82808],[-43.92984,-19.82767],[-43.92996,-19.82748],[-43.93024,-19.82719],[-43.93036,-19.82724],[-43.93046,-19.82696],[-43.93092,-19.82641],[-43.93103,-19.82623],[-43.93145,-19.8261],[-43.93162,-19.82601],[-43.9313,-19.82586],[-43.93148,-19.82555],[-43.93161,-19.82537],[-43.93175,-19.82514],[-43.93188,-19.8251],[-43.93201,-19.82492],[-43.93232,-19.8244],[-43.93233,-19.82405],[-43.93237,-19.82388],[-43.9324,-19.82313],[-43.93239,-19.82279],[-43.9325,-19.82148],[-43.93171,-19.8219],[-43.93147,-19.82198],[-43.93114,-19.82212],[-43.93099,-19.82225],[-43.93019,-19.8224],[-43.93013,-19.82243],[-43.93006,-19.82239],[-43.92994,-19.82227],[-43.92981,-19.8222],[-43.92955,-19.82186],[-43.92938,-19.82178],[-43.92929,-19.82172],[-43.92916,-19.82189],[-43.92905,-19.82222],[-43.9287,-19.82294],[-43.92846,-19.82326],[-43.92829,-19.82341],[-43.92815,-19.82374],[-43.92794,-19.82404],[-43.92785,-19.8242],[-43.92769,-19.82437],[-43.9275,-19.82453],[-43.92728,-19.82469],[-43.92694,-19.82478],[-43.92665,-19.82483],[-43.92617,-19.82484],[-43.92583,-19.82487],[-43.9254,-19.82496],[-43.92521,-19.82501],[-43.92504,-19.82507],[-43.92491,-19.82516],[-43.92482,-19.82527],[-43.92449,-19.82552],[-43.92432,-19.8256],[-43.92418,-19.8263],[-43.92408,-19.82661],[-43.92347,-19.82786],[-43.92321,-19.82831],[-43.92316,-19.82848],[-43.92308,-19.82891],[-43.92301,-19.82908],[-43.92286,-19.82926],[-43.92277,-19.82931],[-43.92271,-19.82937],[-43.92262,-19.8296],[-43.92256,-19.82987],[-43.92252,-19.83006]]]]}},{"type":"Feature","properties":{"territory_id":"mg-3106200-jardim-guanabara","name":"Jardim Guanabara","municipality_id":"mg-3106200","polling_places":1,"approx":false,"official":true,"method":"official-ibge-cd2022","whole_municipality":false,"approx_coords_only":false,"official_name":"Jardim Guanabara","official_code":"3106200439","match":"direct"},"geometry":{"type":"MultiPolygon","coordinates":[[[[-43.93651,-19.83107],[-43.93663,-19.83082],[-43.93747,-19.83069],[-43.93821,-19.83054],[-43.94025,-19.83109],[-43.94049,-19.83117],[-43.94097,-19.83129],[-43.94109,-19.8311],[-43.94181,-19.8296],[-43.94234,-19.8284],[-43.9421,-19.82825],[-43.94205,-19.82817],[-43.94201,-19.82797],[-43.94203,-19.82785],[-43.94211,-19.82768],[-43.94214,-19.82743],[-43.94208,-19.82717],[-43.94208,-19.82704],[-43.94228,-19.8267],[-43.94244,-19.82651],[-43.94267,-19.82605],[-43.94267,-19.82579],[-43.9426,-19.82567],[-43.94216,-19.8256],[-43.94173,-19.82542],[-43.9417,-19.8254],[-43.94123,-19.82527],[-43.94074,-19.8251],[-43.94017,-19.82469],[-43.93889,-19.82349],[-43.93838,-19.82303],[-43.93819,-19.82307],[-43.93795,-19.82286],[-43.93791,-19.82271],[-43.93788,-19.82266],[-43.93709,-19.82206],[-43.93701,-19.82205],[-43.93655,-19.82179],[-43.93638,-19.82172],[-43.93619,-19.82166],[-43.93605,-19.82168],[-43.9359,-19.82167],[-43.93567,-19.82154],[-43.9355,-19.82141],[-43.93492,-19.82107],[-43.93459,-19.82102],[-43.9339,-19.82095],[-43.9336,-19.82101],[-43.9325,-19.82148],[-43.93239,-19.82279],[-43.9324,-19.82313],[-43.93237,-19.82388],[-43.93233,-19.82405],[-43.93232,-19.8244],[-43.93201,-19.82492],[-43.93188,-19.8251],[-43.93175,-19.82514],[-43.93161,-19.82537],[-43.93148,-19.82555],[-43.9313,-19.82586],[-43.93162,-19.82601],[-43.93145,-19.8261],[-43.93103,-19.82623],[-43.93092,-19.82641],[-43.93046,-19.82696],[-43.93036,-19.82724],[-43.93024,-19.82719],[-43.92996,-19.82748],[-43.92984,-19.82767],[-43.92972,-19.82808],[-43.93049,-19.82865],[-43.93081,-19.82885],[-43.93112,-19.82892],[-43.93154,-19.82895],[-43.93205,-19.82896],[-43.93225,-19.82899],[-43.93177,-19.83087],[-43.9314,-19.83216],[-43.93117,-19.83267],[-43.93242,-19.83322],[-43.93345,-19.83373],[-43.93407,-19.83401],[-43.93468,-19.83431],[-43.93486,-19.83425],[-43.9357,-19.8339],[-43.9359,-19.83348],[-43.93611,-19.83314],[-43.93654,-19.83231],[-43.93657,-19.83222],[-43.93651,-19.83107]]]]}},{"type":"Feature","properties":{"territory_id":"mg-3106200-jardim-inconfidencia","name":"Jardim Inconfidência","municipality_id":"mg-3106200","polling_places":2,"approx":true,"official":false,"method":"voronoi-polling-places","whole_municipality":false,"approx_coords_only":false},"geometry":{"type":"MultiPolygon","coordinates":[[[[-44.02523,-19.89888],[-44.02397,-19.89849],[-44.02423,-19.89772],[-44.02233,-19.89714],[-44.0226,-19.89636],[-44.02068,-19.89577],[-44.02096,-19.89501],[-44.01905,-19.89441],[-44.0194,-19.8934],[-44.02374,-19.8948],[-44.02523,-19.89888]]],[[[-44.02101,-19.90329],[-44.01964,-19.90278],[-44.02091,-19.90325],[-44.02101,-19.90329]]],[[[-44.01964,-19.90278],[-44.01959,-19.9031],[-44.0195,-19.9033],[-44.01873,-19.90414],[-44.01858,-19.90426],[-44.01815,-19.90475],[-44.01813,-19.90477],[-44.01174,-19.90805],[-44.01029,-19.90757],[-44.0098,-19.90905],[-44.00835,-19.9098],[-44.00599,-19.91221],[-44.00584,-19.9121],[-44.00572,-19.91179],[-44.00609,-19.91121],[-44.00663,-19.91047],[-44.00733,-19.90955],[-44.0077,-19.9094],[-44.00816,-19.90911],[-44.00844,-19.90881],[-44.00904,-19.90767],[-44.00915,-19.90739],[-44.0092,-19.90722],[-44.01025,-19.90306],[-44.01029,-19.90299],[-44.01045,-19.90291],[-44.01068,-19.9029],[-44.01144,-19.90294],[-44.01106,-19.90265],[-44.01045,-19.90223],[-44.00983,-19.90087],[-44.01499,-19.90117],[-44.01516,-19.90116],[-44.01516,-19.9011],[-44.01553,-19.90151],[-44.01589,-19.90188],[-44.01635,-19.90165],[-44.01653,-19.90161],[-44.01683,-19.90146],[-44.01774,-19.90109],[-44.01836,-19.90078],[-44.01827,-19.90056],[-44.0186,-19.90129],[-44.01891,-19.90167],[-44.0191,-19.90183],[-44.01916,-19.90187],[-44.01934,-19.90215],[-44.01953,-19.90238],[-44.01962,-19.90254],[-44.01964,-19.90278]]],[[[-44.01869,-19.89485],[-44.01843,-19.89512],[-44.01637,-19.8972],[-44.01869,-19.89485]]],[[[-44.01103,-19.8907],[-44.01039,-19.89128],[-44.01036,-19.89117],[-44.01037,-19.89048],[-44.01103,-19.8907]]],[[[-44.00844,-19.89031],[-44.00755,-19.89052],[-44.00759,-19.89074],[-44.00739,-19.88978],[-44.00733,-19.8895],[-44.00833,-19.88983],[-44.00844,-19.89031]]],[[[-44.00783,-19.89244],[-44.00768,-19.89121],[-44.0077,-19.8913],[-44.00783,-19.89244]]],[[[-44.00257,-19.90432],[-44.00166,-19.90465],[-44.00105,-19.90489],[-44.0007,-19.90508],[-44.00039,-19.9053],[-44.00013,-19.90556],[-43.99973,-19.9061],[-43.99952,-19.90649],[-43.9987,-19.90824],[-43.99847,-19.90879],[-43.99838,-19.9091],[-43.99835,-19.90926],[-43.99835,-19.90959],[-43.99842,-19.91022],[-43.99841,-19.91039],[-43.99834,-19.91064],[-43.99824,-19.91086],[-43.99805,-19.91108],[-43.99772,-19.91138],[-43.99739,-19.91163],[-43.99712,-19.91169],[-43.99415,-19.91196],[-43.99424,-19.91173],[-43.99435,-19.91127],[-43.99435,-19.91089],[-43.99429,-19.91045],[-43.99423,-19.9102],[-43.99406,-19.90971],[-43.99367,-19.9092],[-43.9934,-19.90897],[-43.9928,-19.90852],[-43.99185,-19.90782],[-43.98936,-19.90614],[-43.98787,-19.90511],[-43.98813,-19.90528],[-43.98833,-19.90498],[-43.98829,-19.90463],[-43.98846,-19.90424],[-43.98931,-19.90361],[-43.9899,-19.90311],[-43.99019,-19.90298],[-43.99069,-19.90265],[-43.99042,-19.9025],[-43.9903,-19.90216],[-43.99107,-19.90123],[-43.99183,-19.90029],[-43.99207,-19.89995],[-43.99228,-19.89947],[-43.99244,-19.8994],[-43.99236,-19.89904],[-43.99235,-19.8989],[-43.99189,-19.89697],[-43.99181,-19.89639],[-43.99183,-19.89623],[-43.99194,-19.8959],[-43.99224,-19.89529],[-43.99304,-19.89392],[-43.99478,-19.89297],[-43.99495,-19.89289],[-43.99565,-19.89262],[-43.99602,-19.8925],[-43.99635,-19.89238],[-43.99874,-19.89152],[-43.99913,-19.8923],[-43.99924,-19.89249],[-43.99955,-19.89309],[-43.99963,-19.89328],[-43.99998,-19.89449],[-44,-19.89458],[-44.00011,-19.8949],[-44.00088,-19.89739],[-44.00099,-19.89754],[-44.00115,-19.89771],[-44.00129,-19.89779],[-44.00207,-19.89815],[-44.00178,-19.89899],[-44.00138,-19.89909],[-44.00006,-19.8995],[-43.99978,-19.9016],[-44.00151,-19.90325],[-44.00201,-19.90375],[-44.0023,-19.904],[-44.00207,-19.90449],[-44.00257,-19.90432]]],[[[-43.99486,-19.91979],[-43.99483,-19.92023],[-43.99443,-19.92081],[-43.99432,-19.92086],[-43.99443,-19.92039],[-43.99441,-19.92027],[-43.99382,-19.91936],[-43.99428,-19.92007],[-43.99486,-19.91979]]],[[[-43.99395,-19.88695],[-43.99393,-19.88727],[-43.9933,-19.88947],[-43.99325,-19.88969],[-43.99323,-19.88993],[-43.99322,-19.89055],[-43.99325,-19.89111],[-43.99322,-19.89145],[-43.99325,-19.89281],[-43.99298,-19.89273],[-43.99226,-19.89237],[-43.99091,-19.8918],[-43.99077,-19.89217],[-43.99054,-19.89347],[-43.98955,-19.89334],[-43.98955,-19.89327],[-43.98958,-19.8932],[-43.9901,-19.89215],[-43.98966,-19.89209],[-43.98971,-19.89238],[-43.98923,-19.89269],[-43.98902,-19.89271],[-43.98895,-19.89265],[-43.98871,-19.89258],[-43.98819,-19.89227],[-43.98793,-19.89266],[-43.98787,-19.89291],[-43.98802,-19.89297],[-43.98787,-19.89328],[-43.98806,-19.89338],[-43.98794,-19.89359],[-43.98788,-19.89361],[-43.98789,-19.89393],[-43.98774,-19.89393],[-43.98726,-19.89429],[-43.98831,-19.89444],[-43.98744,-19.89508],[-43.98744,-19.89516],[-43.98754,-19.89518],[-43.98784,-19.89513],[-43.9879,-19.89533],[-43.98789,-19.89572],[-43.9877,-19.8961],[-43.98735,-19.89595],[-43.98717,-19.89628],[-43.98694,-19.89624],[-43.98685,-19.8963],[-43.9867,-19.8965],[-43.98642,-19.89641],[-43.98627,-19.8965],[-43.9859,-19.89678],[-43.98567,-19.89723],[-43.98552,-19.89758],[-43.98545,-19.8976],[-43.98539,-19.89739],[-43.98536,-19.89719],[-43.9853,-19.89709],[-43.98527,-19.89713],[-43.98529,-19.89731],[-43.98536,-19.89757],[-43.98538,-19.89776],[-43.98544,-19.89786],[-43.98523,-19.89795],[-43.98506,-19.89838],[-43.98503,-19.89844],[-43.98474,-19.89911],[-43.98461,-19.89901],[-43.9845,-19.89904],[-43.9844,-19.89916],[-43.98433,-19.89941],[-43.98406,-19.90005],[-43.98391,-19.90054],[-43.98367,-19.9005],[-43.98346,-19.9],[-43.98339,-19.89977],[-43.98324,-19.89951],[-43.98315,-19.89919],[-43.98314,-19.89917],[-43.98336,-19.89885],[-43.98326,-19.89889],[-43.98312,-19.89897],[-43.98311,-19.8989],[-43.98185,-19.89615],[-43.98108,-19.88491],[-43.98209,-19.88488],[-43.98208,-19.88488],[-43.98189,-19.88494],[-43.98214,-19.8855],[-43.98214,-19.8874],[-43.98146,-19.88723],[-43.98156,-19.88801],[-43.98239,-19.88815],[-43.98297,-19.88821],[-43.98375,-19.88847],[-43.9839,-19.88858],[-43.98423,-19.88888],[-43.98451,-19.88887],[-43.98451,-19.88912],[-43.98512,-19.88913],[-43.98517,-19.88923],[-43.98565,-19.88956],[-43.98583,-19.8897],[-43.986,-19.88992],[-43.98591,-19.88995],[-43.98612,-19.89034],[-43.98619,-19.89059],[-43.98493,-19.89113],[-43.98479,-19.89124],[-43.98463,-19.89144],[-43.98444,-19.89189],[-43.98439,-19.89208],[-43.98423,-19.89241],[-43.98386,-19.89327],[-43.98377,-19.89359],[-43.98372,-19.89408],[-43.98376,-19.89441],[-43.98334,-19.89458],[-43.9835,-19.89586],[-43.98385,-19.89584],[-43.98393,-19.89578],[-43.98402,-19.89608],[-43.98416,-19.89621],[-43.98425,-19.89615],[-43.98449,-19.89581],[-43.9849,-19.8952],[-43.98465,-19.89506],[-43.98483,-19.89486],[-43.98467,-19.89471],[-43.98466,-19.89451],[-43.98451,-19.89434],[-43.98402,-19.89385],[-43.984,-19.89356],[-43.98417,-19.89324],[-43.98427,-19.89312],[-43.98478,-19.89189],[-43.98481,-19.89182],[-43.98475,-19.89168],[-43.98489,-19.89154],[-43.98511,-19.8914],[-43.98568,-19.89112],[-43.98595,-19.89106],[-43.98651,-19.89085],[-43.98679,-19.89056],[-43.98688,-19.89049],[-43.98679,-19.8903],[-43.98686,-19.89027],[-43.98688,-19.8895],[-43.98686,-19.88808],[-43.98706,-19.8872],[-43.98708,-19.88691],[-43.98691,-19.88632],[-43.98695,-19.88626],[-43.98703,-19.88604],[-43.98729,-19.88573],[-43.98755,-19.88534],[-43.98782,-19.88489],[-43.98785,-19.88466],[-43.98812,-19.88465],[-43.9937,-19.88523],[-43.99387,-19.88606],[-43.99395,-19.88695]]],[[[-43.98672,-19.90433],[-43.98473,-19.90299],[-43.98608,-19.90389],[-43.98672,-19.90433]]],[[[-43.98493,-19.88477],[-43.98481,-19.88547],[-43.98429,-19.8857],[-43.98416,-19.88525],[-43.98417,-19.8849],[-43.98411,-19.8848],[-43.98493,-19.88477]]],[[[-43.98425,-19.90271],[-43.98415,-19.90263],[-43.98399,-19.90248],[-43.98425,-19.90271]]]]}},{"type":"Feature","properties":{"territory_id":"mg-3106200-jardim-leblon","name":"Jardim Leblon","municipality_id":"mg-3106200","polling_places":2,"approx":false,"official":true,"method":"official-ibge-cd2022","whole_municipality":false,"approx_coords_only":false,"official_name":"Jardim Leblon","official_code":"3106200477","match":"direct"},"geometry":{"type":"MultiPolygon","coordinates":[[[[-43.98612,-19.82358],[-43.98575,-19.82416],[-43.98581,-19.82425],[-43.9861,-19.82436],[-43.98641,-19.82444],[-43.98637,-19.82497],[-43.98633,-19.82505],[-43.98626,-19.82505],[-43.98619,-19.82497],[-43.98613,-19.82488],[-43.98608,-19.82487],[-43.98591,-19.82486],[-43.98565,-19.82482],[-43.98549,-19.82478],[-43.98467,-19.82468],[-43.98461,-19.8248],[-43.98457,-19.82491],[-43.98456,-19.8251],[-43.98452,-19.82526],[-43.98453,-19.8253],[-43.98451,-19.8254],[-43.98445,-19.82548],[-43.98444,-19.82571],[-43.98439,-19.82588],[-43.98436,-19.82618],[-43.98436,-19.82651],[-43.98439,-19.8266],[-43.98439,-19.82675],[-43.98433,-19.82686],[-43.9845,-19.82699],[-43.98458,-19.82711],[-43.98457,-19.82722],[-43.98505,-19.82728],[-43.985,-19.82773],[-43.98511,-19.82774],[-43.9851,-19.82798],[-43.98489,-19.82794],[-43.98474,-19.82793],[-43.98478,-19.82762],[-43.98417,-19.82754],[-43.98399,-19.82755],[-43.98392,-19.8276],[-43.98376,-19.82794],[-43.98365,-19.82804],[-43.98364,-19.82821],[-43.98367,-19.82838],[-43.98357,-19.82869],[-43.9835,-19.82907],[-43.98342,-19.82915],[-43.98335,-19.8293],[-43.9836,-19.82933],[-43.98371,-19.82949],[-43.98367,-19.82968],[-43.98405,-19.82976],[-43.9882,-19.83018],[-43.99059,-19.83044],[-43.9917,-19.83059],[-43.99174,-19.8303],[-43.99241,-19.83037],[-43.99277,-19.83039],[-43.9934,-19.83045],[-43.99373,-19.8305],[-43.99466,-19.82233],[-43.99466,-19.82198],[-43.99462,-19.82183],[-43.99452,-19.82172],[-43.99431,-19.8216],[-43.99407,-19.82154],[-43.99339,-19.82146],[-43.99349,-19.82048],[-43.99284,-19.82043],[-43.98982,-19.82013],[-43.98984,-19.82026],[-43.98989,-19.82042],[-43.98995,-19.82057],[-43.99007,-19.82068],[-43.99021,-19.82078],[-43.99037,-19.82083],[-43.99039,-19.8209],[-43.99031,-19.82174],[-43.99066,-19.82177],[-43.99063,-19.82189],[-43.99077,-19.82191],[-43.99075,-19.82207],[-43.99094,-19.82209],[-43.99093,-19.82232],[-43.99065,-19.82228],[-43.99063,-19.82245],[-43.98937,-19.82232],[-43.9894,-19.82203],[-43.98919,-19.82201],[-43.98918,-19.82191],[-43.98895,-19.82191],[-43.98845,-19.82186],[-43.98845,-19.82192],[-43.98815,-19.82199],[-43.98817,-19.8221],[-43.98816,-19.82228],[-43.98716,-19.82221],[-43.98715,-19.82239],[-43.98686,-19.82237],[-43.98649,-19.82296],[-43.98612,-19.82358]],[[-43.98906,-19.82388],[-43.98906,-19.82385],[-43.98935,-19.82357],[-43.98992,-19.82363],[-43.98988,-19.82396],[-43.9898,-19.82395],[-43.98906,-19.82388]],[[-43.98748,-19.82469],[-43.98751,-19.82435],[-43.98797,-19.82439],[-43.98795,-19.82464],[-43.98798,-19.8249],[-43.98807,-19.82499],[-43.98812,-19.82501],[-43.98852,-19.82507],[-43.98859,-19.82446],[-43.98895,-19.8245],[-43.98899,-19.82387],[-43.98906,-19.82388],[-43.98897,-19.82482],[-43.98921,-19.82483],[-43.98917,-19.82516],[-43.9903,-19.82527],[-43.99034,-19.82498],[-43.99064,-19.82503],[-43.99067,-19.82466],[-43.99093,-19.82469],[-43.9909,-19.82501],[-43.99133,-19.8251],[-43.9918,-19.82517],[-43.99231,-19.8252],[-43.99225,-19.826],[-43.99214,-19.82669],[-43.99248,-19.8267],[-43.99246,-19.8269],[-43.99286,-19.82691],[-43.99284,-19.82714],[-43.99343,-19.8272],[-43.99334,-19.82802],[-43.993,-19.82801],[-43.99297,-19.82829],[-43.9933,-19.8283],[-43.99328,-19.82844],[-43.99364,-19.82849],[-43.9936,-19.8288],[-43.99327,-19.82872],[-43.99325,-19.82887],[-43.99292,-19.82883],[-43.99292,-19.82895],[-43.99256,-19.82891],[-43.99256,-19.829],[-43.99223,-19.82896],[-43.99213,-19.82987],[-43.99186,-19.82985],[-43.99183,-19.83],[-43.99177,-19.83],[-43.99173,-19.82995],[-43.9914,-19.82993],[-43.9913,-19.82998],[-43.99107,-19.83],[-43.99074,-19.82997],[-43.99074,-19.82986],[-43.98935,-19.82971],[-43.98939,-19.82942],[-43.98953,-19.82936],[-43.98957,-19.82905],[-43.98962,-19.82842],[-43.98951,-19.82842],[-43.98954,-19.82813],[-43.98804,-19.82795],[-43.98756,-19.82793],[-43.98761,-19.82757],[-43.98848,-19.82768],[-43.98852,-19.82737],[-43.98794,-19.82731],[-43.98797,-19.82698],[-43.98856,-19.82703],[-43.98864,-19.82638],[-43.98869,-19.82577],[-43.98861,-19.82575],[-43.9881,-19.82518],[-43.98767,-19.82476],[-43.98748,-19.82469]]]]}},{"type":"Feature","properties":{"territory_id":"mg-3106200-jardim-montanhes","name":"Jardim Montanhês","municipality_id":"mg-3106200","polling_places":1,"approx":false,"official":true,"method":"official-ibge-cd2022","whole_municipality":false,"approx_coords_only":false,"official_name":"Jardim Montanhês","official_code":"3106200219","match":"direct"},"geometry":{"type":"MultiPolygon","coordinates":[[[[-43.97809,-19.90521],[-43.97804,-19.90805],[-43.97843,-19.90804],[-43.97946,-19.90794],[-43.98055,-19.90772],[-43.98064,-19.91039],[-43.98066,-19.91138],[-43.98071,-19.91234],[-43.98099,-19.91214],[-43.98127,-19.91174],[-43.98149,-19.91133],[-43.98253,-19.91116],[-43.98377,-19.911],[-43.98381,-19.91103],[-43.98415,-19.91049],[-43.98436,-19.91011],[-43.98479,-19.90942],[-43.98515,-19.90874],[-43.98482,-19.9086],[-43.98545,-19.90662],[-43.98608,-19.90687],[-43.98709,-19.90518],[-43.98675,-19.90487],[-43.98724,-19.90467],[-43.98473,-19.90299],[-43.98425,-19.90271],[-43.98415,-19.90263],[-43.98351,-19.90203],[-43.983,-19.90139],[-43.98273,-19.90102],[-43.98257,-19.90128],[-43.98261,-19.90169],[-43.98338,-19.90271],[-43.98232,-19.90283],[-43.98204,-19.90238],[-43.98161,-19.90254],[-43.98132,-19.90271],[-43.98115,-19.90279],[-43.98082,-19.90273],[-43.98053,-19.90306],[-43.98045,-19.90325],[-43.98043,-19.90355],[-43.97993,-19.90382],[-43.97967,-19.90399],[-43.97905,-19.90435],[-43.9788,-19.90456],[-43.97809,-19.90521]]]]}},{"type":"Feature","properties":{"territory_id":"mg-3106200-jardim-vitoria","name":"Jardim Vitória","municipality_id":"mg-3106200","polling_places":3,"approx":false,"official":true,"method":"official-ibge-cd2022","whole_municipality":false,"approx_coords_only":false,"official_name":"Jardim Vitória","official_code":"3106200387","match":"direct"},"geometry":{"type":"MultiPolygon","coordinates":[[[[-43.88111,-19.85885],[-43.88171,-19.85907],[-43.88176,-19.85894],[-43.88199,-19.8585],[-43.88226,-19.8579],[-43.88257,-19.8573],[-43.88311,-19.85755],[-43.88457,-19.85773],[-43.88488,-19.85779],[-43.88489,-19.85775],[-43.88497,-19.85756],[-43.88503,-19.85735],[-43.8851,-19.85727],[-43.88574,-19.85728],[-43.88591,-19.85738],[-43.88618,-19.85747],[-43.88645,-19.85742],[-43.88739,-19.85755],[-43.88751,-19.85754],[-43.8873,-19.85672],[-43.8891,-19.8562],[-43.88864,-19.85573],[-43.88949,-19.85542],[-43.88964,-19.85533],[-43.88976,-19.8553],[-43.88991,-19.85528],[-43.88997,-19.8553],[-43.89084,-19.85592],[-43.89121,-19.85614],[-43.89136,-19.85629],[-43.89142,-19.85638],[-43.89147,-19.85648],[-43.89149,-19.85657],[-43.89232,-19.85655],[-43.89201,-19.85564],[-43.89188,-19.85548],[-43.89154,-19.85496],[-43.89127,-19.85466],[-43.89104,-19.85433],[-43.89064,-19.85403],[-43.88916,-19.85277],[-43.88886,-19.85246],[-43.88866,-19.85224],[-43.88834,-19.85176],[-43.88814,-19.85131],[-43.88801,-19.85019],[-43.88791,-19.84898],[-43.88783,-19.84824],[-43.8877,-19.84729],[-43.88749,-19.84664],[-43.88689,-19.84539],[-43.88589,-19.84345],[-43.88569,-19.84295],[-43.88557,-19.84254],[-43.88552,-19.84232],[-43.88541,-19.84164],[-43.88539,-19.84139],[-43.88535,-19.84006],[-43.88535,-19.83966],[-43.8852,-19.8391],[-43.88504,-19.83885],[-43.88496,-19.83875],[-43.88463,-19.83847],[-43.88417,-19.83829],[-43.88307,-19.83799],[-43.88228,-19.83786],[-43.88213,-19.83786],[-43.88187,-19.83787],[-43.88143,-19.83797],[-43.8801,-19.83851],[-43.87879,-19.83909],[-43.87586,-19.84029],[-43.87441,-19.84091],[-43.87371,-19.84112],[-43.873,-19.84115],[-43.87221,-19.84123],[-43.87112,-19.8413],[-43.86794,-19.84164],[-43.86793,-19.84168],[-43.86796,-19.8422],[-43.86755,-19.84472],[-43.86738,-19.84565],[-43.86651,-19.84669],[-43.86615,-19.84731],[-43.8659,-19.8478],[-43.86561,-19.84874],[-43.86467,-19.85048],[-43.86409,-19.85109],[-43.86302,-19.85169],[-43.86249,-19.85195],[-43.86184,-19.85216],[-43.86113,-19.85272],[-43.86052,-19.8535],[-43.85977,-19.85412],[-43.85848,-19.85493],[-43.85755,-19.85578],[-43.85722,-19.85633],[-43.85802,-19.85684],[-43.85806,-19.85681],[-43.85835,-19.85673],[-43.85867,-19.85669],[-43.85881,-19.85675],[-43.85893,-19.85677],[-43.85911,-19.85686],[-43.85928,-19.85701],[-43.85968,-19.85732],[-43.86005,-19.85741],[-43.86042,-19.85739],[-43.86083,-19.85711],[-43.86102,-19.85694],[-43.86177,-19.85612],[-43.86203,-19.85589],[-43.86225,-19.8558],[-43.86256,-19.85574],[-43.86262,-19.85574],[-43.86286,-19.85578],[-43.86315,-19.8559],[-43.86521,-19.85739],[-43.86538,-19.85747],[-43.86584,-19.85752],[-43.86603,-19.85746],[-43.86624,-19.85736],[-43.86636,-19.85735],[-43.86659,-19.85738],[-43.86669,-19.85744],[-43.86677,-19.85749],[-43.86681,-19.85754],[-43.86683,-19.85765],[-43.86664,-19.85781],[-43.86663,-19.85787],[-43.86667,-19.85798],[-43.86673,-19.85806],[-43.86678,-19.85818],[-43.86692,-19.85821],[-43.86699,-19.85825],[-43.86703,-19.85833],[-43.86704,-19.85841],[-43.86694,-19.85845],[-43.86675,-19.85846],[-43.86696,-19.85859],[-43.86663,-19.85864],[-43.8674,-19.85928],[-43.8675,-19.85933],[-43.86763,-19.85954],[-43.86774,-19.85964],[-43.86784,-19.85972],[-43.86824,-19.85991],[-43.86834,-19.86007],[-43.86837,-19.86021],[-43.86835,-19.8603],[-43.86828,-19.86043],[-43.86871,-19.86073],[-43.86885,-19.86079],[-43.86896,-19.86098],[-43.86906,-19.86125],[-43.86913,-19.86133],[-43.86935,-19.86148],[-43.86947,-19.86163],[-43.86957,-19.86172],[-43.86968,-19.86178],[-43.86992,-19.86184],[-43.87003,-19.86189],[-43.87027,-19.86211],[-43.87033,-19.86218],[-43.87036,-19.86226],[-43.87032,-19.86239],[-43.87026,-19.86252],[-43.87027,-19.86257],[-43.87042,-19.86265],[-43.87068,-19.86284],[-43.87084,-19.86289],[-43.87094,-19.86299],[-43.87099,-19.863],[-43.87121,-19.863],[-43.87127,-19.86303],[-43.87144,-19.86315],[-43.8715,-19.86322],[-43.87177,-19.86363],[-43.87182,-19.86369],[-43.87196,-19.86376],[-43.87205,-19.86384],[-43.87227,-19.86392],[-43.87255,-19.86404],[-43.87265,-19.86414],[-43.87281,-19.86436],[-43.8729,-19.86442],[-43.87299,-19.86446],[-43.87309,-19.86455],[-43.87326,-19.86464],[-43.87341,-19.86478],[-43.87347,-19.86481],[-43.87363,-19.86481],[-43.87369,-19.86483],[-43.87379,-19.865],[-43.8739,-19.86511],[-43.87397,-19.86528],[-43.87403,-19.86531],[-43.87417,-19.86532],[-43.87467,-19.86626],[-43.87468,-19.86632],[-43.87469,-19.86658],[-43.87473,-19.86665],[-43.87484,-19.86671],[-43.87484,-19.86673],[-43.87516,-19.86687],[-43.87546,-19.86705],[-43.87585,-19.86732],[-43.87615,-19.8674],[-43.87648,-19.86743],[-43.87675,-19.86773],[-43.87679,-19.86797],[-43.87717,-19.86832],[-43.87752,-19.8685],[-43.87788,-19.86832],[-43.87803,-19.86811],[-43.87803,-19.8679],[-43.87822,-19.86746],[-43.8787,-19.86694],[-43.87883,-19.86672],[-43.87892,-19.86662],[-43.8792,-19.86658],[-43.87937,-19.86648],[-43.87965,-19.86616],[-43.87986,-19.86602],[-43.88011,-19.86598],[-43.88031,-19.86568],[-43.88022,-19.86526],[-43.88027,-19.86498],[-43.8802,-19.86444],[-43.88033,-19.86354],[-43.88042,-19.86338],[-43.88068,-19.86325],[-43.88123,-19.86291],[-43.8815,-19.86255],[-43.88166,-19.86242],[-43.88179,-19.86247],[-43.882,-19.86175],[-43.88198,-19.86144],[-43.88191,-19.86117],[-43.88158,-19.8606],[-43.88147,-19.86047],[-43.88112,-19.86024],[-43.88093,-19.86009],[-43.88079,-19.85988],[-43.88072,-19.85965],[-43.88111,-19.85885]],[[-43.8842,-19.85407],[-43.8841,-19.85409],[-43.88359,-19.85388],[-43.88369,-19.85282],[-43.88368,-19.85222],[-43.88376,-19.85221],[-43.88384,-19.85252],[-43.88399,-19.85279],[-43.88417,-19.85271],[-43.8843,-19.85285],[-43.8845,-19.85297],[-43.88467,-19.85291],[-43.88467,-19.85277],[-43.88482,-19.85228],[-43.88482,-19.85204],[-43.88476,-19.85174],[-43.88457,-19.85141],[-43.88432,-19.85118],[-43.88428,-19.85107],[-43.8843,-19.85098],[-43.88467,-19.85092],[-43.88486,-19.8507],[-43.88498,-19.85035],[-43.88504,-19.85004],[-43.88511,-19.84981],[-43.88542,-19.84956],[-43.88554,-19.8495],[-43.88575,-19.84971],[-43.88616,-19.84996],[-43.88626,-19.84999],[-43.88636,-19.85007],[-43.88647,-19.85011],[-43.88655,-19.85019],[-43.88667,-19.85026],[-43.88686,-19.85041],[-43.88762,-19.85121],[-43.88771,-19.85135],[-43.88785,-19.85168],[-43.88795,-19.85184],[-43.88824,-19.85222],[-43.88809,-19.85237],[-43.88783,-19.85212],[-43.88776,-19.85208],[-43.88721,-19.85247],[-43.88705,-19.8526],[-43.88712,-19.85271],[-43.88695,-19.85288],[-43.88685,-19.85302],[-43.8868,-19.8532],[-43.88713,-19.8535],[-43.88685,-19.8538],[-43.88642,-19.85431],[-43.88614,-19.85414],[-43.886,-19.8539],[-43.88613,-19.85373],[-43.8862,-19.85356],[-43.88616,-19.85347],[-43.88562,-19.8537],[-43.885,-19.8539],[-43.88428,-19.85404],[-43.8842,-19.85407]],[[-43.88447,-19.84226],[-43.88463,-19.84224],[-43.88462,-19.84299],[-43.88483,-19.84333],[-43.88488,-19.84378],[-43.88467,-19.844],[-43.88419,-19.84357],[-43.88406,-19.84365],[-43.8839,-19.84301],[-43.8838,-19.84251],[-43.88447,-19.84226]]]]}},{"type":"Feature","properties":{"territory_id":"mg-3106200-jatoba","name":"Jatobá","municipality_id":"mg-3106200","polling_places":1,"approx":false,"official":true,"method":"official-ibge-cd2022","whole_municipality":false,"approx_coords_only":false,"official_name":"Jatobá","official_code":"3106200299","match":"direct"},"geometry":{"type":"MultiPolygon","coordinates":[[[[-44.05511,-19.99343],[-44.05602,-19.99188],[-44.05603,-19.9918],[-44.05587,-19.99163],[-44.05583,-19.99157],[-44.05582,-19.99148],[-44.05582,-19.99139],[-44.05587,-19.99117],[-44.05597,-19.99096],[-44.05605,-19.99087],[-44.05621,-19.99075],[-44.05633,-19.9907],[-44.05656,-19.99065],[-44.05695,-19.99044],[-44.05675,-19.9902],[-44.05651,-19.98948],[-44.05613,-19.98933],[-44.05611,-19.98929],[-44.05621,-19.98907],[-44.05652,-19.989],[-44.05676,-19.98914],[-44.0563,-19.98767],[-44.05597,-19.98674],[-44.05512,-19.98772],[-44.05507,-19.98783],[-44.05502,-19.98779],[-44.05467,-19.98719],[-44.05427,-19.98597],[-44.05366,-19.98612],[-44.05356,-19.98576],[-44.05349,-19.98584],[-44.05289,-19.98688],[-44.05279,-19.98699],[-44.05312,-19.98753],[-44.05322,-19.98782],[-44.05315,-19.98786],[-44.05325,-19.9881],[-44.05332,-19.98867],[-44.05325,-19.98924],[-44.05301,-19.99055],[-44.05287,-19.99144],[-44.05277,-19.99168],[-44.05244,-19.99348],[-44.05187,-19.9963],[-44.05208,-19.99637],[-44.05191,-19.99669],[-44.05189,-19.99691],[-44.0519,-19.99707],[-44.05245,-19.99688],[-44.05234,-19.99701],[-44.05231,-19.99711],[-44.05235,-19.99723],[-44.0525,-19.99729],[-44.05285,-19.9973],[-44.05303,-19.99723],[-44.05342,-19.99725],[-44.05367,-19.99736],[-44.05394,-19.99691],[-44.05394,-19.99674],[-44.05386,-19.99639],[-44.05526,-19.99589],[-44.05501,-19.99527],[-44.05511,-19.99495],[-44.05527,-19.99431],[-44.05525,-19.99387],[-44.05517,-19.99348],[-44.05511,-19.99343]]]]}},{"type":"Feature","properties":{"territory_id":"mg-3106200-joao-pinheiro","name":"João Pinheiro","municipality_id":"mg-3106200","polling_places":1,"approx":false,"official":true,"method":"official-ibge-cd2022","whole_municipality":false,"approx_coords_only":false,"official_name":"João Pinheiro","official_code":"3106200221","match":"direct"},"geometry":{"type":"MultiPolygon","coordinates":[[[[-43.99926,-19.9318],[-44.00181,-19.93009],[-44.00243,-19.92966],[-44.00503,-19.92795],[-44.00466,-19.92743],[-44.00428,-19.92693],[-44.00492,-19.9265],[-44.00477,-19.92625],[-44.00524,-19.92639],[-44.00607,-19.92636],[-44.00568,-19.92523],[-44.00553,-19.9253],[-44.00539,-19.92554],[-44.00497,-19.92574],[-44.00487,-19.92573],[-44.00481,-19.92571],[-44.00473,-19.92565],[-44.00465,-19.92555],[-44.00452,-19.92499],[-44.00439,-19.92479],[-44.00415,-19.92459],[-44.00392,-19.92448],[-44.00365,-19.92446],[-44.00332,-19.92449],[-44.00304,-19.92466],[-44.00276,-19.92489],[-44.00268,-19.92473],[-44.00242,-19.92435],[-44.00257,-19.92428],[-44.0028,-19.92419],[-44.00279,-19.9241],[-44.00305,-19.92393],[-44.00301,-19.92387],[-44.00301,-19.9238],[-44.00306,-19.9236],[-44.0031,-19.92355],[-44.00311,-19.92344],[-44.00325,-19.92331],[-44.00318,-19.92314],[-44.00354,-19.92281],[-44.00196,-19.92168],[-44.00164,-19.92147],[-44.00173,-19.92186],[-44.00166,-19.92195],[-44.00165,-19.92205],[-44.00158,-19.92197],[-44.00152,-19.92196],[-44.00108,-19.92249],[-44.00099,-19.92237],[-44.00069,-19.9227],[-44.00032,-19.92331],[-44.00007,-19.92377],[-43.99997,-19.9239],[-43.99986,-19.92397],[-43.99941,-19.92419],[-43.9979,-19.9254],[-43.99783,-19.92552],[-43.99761,-19.92564],[-43.99752,-19.92573],[-43.99742,-19.92582],[-43.99734,-19.92592],[-43.99702,-19.92643],[-43.99683,-19.92669],[-43.99645,-19.92711],[-43.99583,-19.92774],[-43.99553,-19.92801],[-43.99434,-19.92885],[-43.99404,-19.92902],[-43.9937,-19.92927],[-43.99271,-19.92978],[-43.99349,-19.93091],[-43.99351,-19.93125],[-43.99385,-19.93174],[-43.99459,-19.93255],[-43.99547,-19.93383],[-43.99597,-19.93448],[-43.99645,-19.93497],[-43.99672,-19.93519],[-43.99709,-19.93546],[-43.99712,-19.9353],[-43.99759,-19.93338],[-43.99778,-19.93278],[-43.99861,-19.9322],[-43.99905,-19.93191],[-43.99926,-19.9318]]]]}},{"type":"Feature","properties":{"territory_id":"mg-3106200-lagoa","name":"Lagoa","municipality_id":"mg-3106200","polling_places":2,"approx":false,"official":true,"method":"official-ibge-cd2022","whole_municipality":false,"approx_coords_only":false,"official_name":"Lagoa","official_code":"3106200478","match":"direct"},"geometry":{"type":"MultiPolygon","coordinates":[[[[-44.00072,-19.81381],[-44.00015,-19.81319],[-44.0015,-19.81253],[-44.0014,-19.81231],[-44.0016,-19.81225],[-44.00236,-19.81214],[-44.00293,-19.8121],[-44.0044,-19.81152],[-44.00488,-19.81077],[-44.00491,-19.81067],[-44.00488,-19.81031],[-44.00468,-19.81001],[-44.00432,-19.80989],[-44.00422,-19.80979],[-44.00402,-19.80972],[-44.00377,-19.80975],[-44.00372,-19.80982],[-44.00386,-19.8095],[-44.0032,-19.80829],[-44.00283,-19.80824],[-44.00276,-19.80812],[-44.00266,-19.80788],[-44.00259,-19.80763],[-44.00256,-19.8071],[-44.00253,-19.8068],[-44.0021,-19.80645],[-44.00165,-19.80613],[-44.00116,-19.80571],[-44.00089,-19.8055],[-44.0008,-19.80545],[-44.00075,-19.80544],[-44.00014,-19.80548],[-43.99998,-19.80551],[-43.99881,-19.80557],[-43.99885,-19.80617],[-43.99759,-19.80747],[-43.99756,-19.80725],[-43.99691,-19.8073],[-43.99693,-19.80797],[-43.99637,-19.80851],[-43.99627,-19.80858],[-43.9963,-19.80896],[-43.9965,-19.8091],[-43.99544,-19.80973],[-43.99585,-19.81001],[-43.99594,-19.81013],[-43.99607,-19.81019],[-43.9961,-19.81024],[-43.99621,-19.81029],[-43.99625,-19.81035],[-43.99653,-19.81056],[-43.99625,-19.81078],[-43.9965,-19.81105],[-43.99694,-19.81147],[-43.9975,-19.81222],[-43.99753,-19.81231],[-43.99746,-19.8124],[-43.99726,-19.81254],[-43.99671,-19.81289],[-43.99659,-19.81294],[-43.9964,-19.8131],[-43.99529,-19.81379],[-43.99552,-19.81424],[-43.99566,-19.8142],[-43.99597,-19.81418],[-43.99616,-19.81421],[-43.99637,-19.81417],[-43.99651,-19.81462],[-43.99696,-19.81445],[-43.99771,-19.81421],[-43.9984,-19.81397],[-43.99856,-19.81423],[-43.99862,-19.81443],[-43.99878,-19.81472],[-43.99896,-19.815],[-43.99915,-19.81525],[-43.9993,-19.81557],[-44.00137,-19.8154],[-44.00118,-19.81505],[-44.00094,-19.81488],[-44.00077,-19.81387],[-44.00072,-19.81381]]]]}},{"type":"Feature","properties":{"territory_id":"mg-3106200-lagoinha","name":"Lagoinha","municipality_id":"mg-3106200","polling_places":2,"approx":false,"official":true,"method":"official-ibge-cd2022","whole_municipality":false,"approx_coords_only":false,"official_name":"Lagoinha","official_code":"3106200054","match":"direct"},"geometry":{"type":"MultiPolygon","coordinates":[[[[-43.94344,-19.91084],[-43.94433,-19.91043],[-43.94548,-19.90983],[-43.9497,-19.90774],[-43.94959,-19.90763],[-43.94937,-19.90775],[-43.94934,-19.90767],[-43.94897,-19.9078],[-43.94878,-19.90765],[-43.94855,-19.90784],[-43.94843,-19.90788],[-43.94822,-19.90798],[-43.9483,-19.90816],[-43.9478,-19.90841],[-43.9477,-19.90829],[-43.94765,-19.90834],[-43.94746,-19.90817],[-43.94744,-19.90811],[-43.94733,-19.908],[-43.9472,-19.90779],[-43.94716,-19.90782],[-43.94711,-19.90761],[-43.94698,-19.90751],[-43.94713,-19.90733],[-43.94699,-19.90719],[-43.94705,-19.90708],[-43.94698,-19.90573],[-43.94709,-19.90539],[-43.94682,-19.90521],[-43.94688,-19.90516],[-43.94645,-19.90497],[-43.94612,-19.90513],[-43.94529,-19.90428],[-43.94482,-19.90399],[-43.94444,-19.90379],[-43.94385,-19.90353],[-43.94375,-19.90343],[-43.9437,-19.90333],[-43.94364,-19.90331],[-43.94314,-19.90288],[-43.94267,-19.90268],[-43.9421,-19.90234],[-43.94063,-19.90438],[-43.9405,-19.90444],[-43.94034,-19.90445],[-43.94001,-19.90452],[-43.94133,-19.9056],[-43.94186,-19.90599],[-43.94088,-19.907],[-43.94024,-19.90764],[-43.94,-19.9079],[-43.9413,-19.908],[-43.94067,-19.9087],[-43.93991,-19.90947],[-43.93978,-19.90983],[-43.93978,-19.90996],[-43.93995,-19.91023],[-43.9403,-19.91054],[-43.94033,-19.91063],[-43.94028,-19.91072],[-43.94037,-19.91108],[-43.93946,-19.9119],[-43.93997,-19.91189],[-43.9403,-19.91193],[-43.94071,-19.91205],[-43.94107,-19.91219],[-43.94141,-19.91237],[-43.94208,-19.91273],[-43.94345,-19.91351],[-43.94359,-19.9133],[-43.94344,-19.91321],[-43.94333,-19.91309],[-43.94316,-19.91289],[-43.94293,-19.91258],[-43.94295,-19.91248],[-43.94226,-19.91182],[-43.94204,-19.91156],[-43.94343,-19.91084],[-43.94344,-19.91084]]]]}},{"type":"Feature","properties":{"territory_id":"mg-3106200-leblon","name":"Leblon","municipality_id":"mg-3106200","polling_places":1,"approx":true,"official":false,"method":"voronoi-polling-places","whole_municipality":false,"approx_coords_only":false},"geometry":{"type":"MultiPolygon","coordinates":[[[[-44.01442,-19.82801],[-44.013,-19.82828],[-44.01318,-19.82787],[-44.01356,-19.82777],[-44.01335,-19.82706],[-44.01344,-19.82702],[-44.01344,-19.82687],[-44.01442,-19.82801]]],[[[-44.01284,-19.82616],[-44.01258,-19.8261],[-44.01245,-19.826],[-44.01241,-19.82592],[-44.01208,-19.82575],[-44.01115,-19.82573],[-44.011,-19.82575],[-44.01071,-19.82591],[-44.01041,-19.82601],[-44.01,-19.82477],[-44.00968,-19.82343],[-44.00978,-19.82309],[-44.00953,-19.82281],[-44.00925,-19.82289],[-44.00921,-19.82259],[-44.00825,-19.82207],[-44.008,-19.82214],[-44.00701,-19.82157],[-44.00681,-19.82149],[-44.00677,-19.82144],[-44.00657,-19.82097],[-44.00651,-19.8209],[-44.00639,-19.82082],[-44.00593,-19.82063],[-44.00565,-19.82038],[-44.00572,-19.82013],[-44.00584,-19.81985],[-44.00619,-19.8188],[-44.00633,-19.81853],[-44.01284,-19.82616]]],[[[-44.00077,-19.81387],[-44.00072,-19.81381],[-44.00015,-19.81319],[-44.00077,-19.81387]]],[[[-43.99693,-19.80797],[-43.99637,-19.80851],[-43.99627,-19.80858],[-43.9963,-19.80896],[-43.9965,-19.8091],[-43.99544,-19.80973],[-43.99487,-19.8092],[-43.99437,-19.80888],[-43.99409,-19.80873],[-43.99391,-19.80895],[-43.99285,-19.80811],[-43.99268,-19.80794],[-43.99218,-19.80805],[-43.99186,-19.80781],[-43.99152,-19.80758],[-43.991,-19.807],[-43.99063,-19.80679],[-43.99051,-19.8067],[-43.99045,-19.80649],[-43.9904,-19.806],[-43.9904,-19.80578],[-43.99031,-19.80513],[-43.9902,-19.80452],[-43.99004,-19.80382],[-43.99001,-19.80374],[-43.99006,-19.80363],[-43.99345,-19.80344],[-43.99692,-19.80751],[-43.99693,-19.80797]]],[[[-43.99651,-19.81462],[-43.99601,-19.81477],[-43.99584,-19.8149],[-43.99566,-19.81516],[-43.99541,-19.81591],[-43.99533,-19.81603],[-43.99514,-19.8164],[-43.99484,-19.81705],[-43.99474,-19.81735],[-43.99464,-19.81752],[-43.99439,-19.81773],[-43.99458,-19.81801],[-43.99437,-19.81819],[-43.99387,-19.81782],[-43.99394,-19.81764],[-43.99408,-19.81743],[-43.9947,-19.81703],[-43.99479,-19.8167],[-43.99501,-19.81639],[-43.99501,-19.81623],[-43.99513,-19.81605],[-43.99533,-19.81582],[-43.99539,-19.81572],[-43.99508,-19.81558],[-43.99541,-19.81491],[-43.99559,-19.81462],[-43.9955,-19.81457],[-43.9956,-19.81441],[-43.99529,-19.81379],[-43.99552,-19.81424],[-43.99566,-19.8142],[-43.99597,-19.81418],[-43.99616,-19.81421],[-43.99637,-19.81417],[-43.99651,-19.81462]]],[[[-43.99582,-19.8191],[-43.99581,-19.81924],[-43.99571,-19.81917],[-43.99582,-19.8191]]],[[[-43.99557,-19.81323],[-43.99532,-19.81365],[-43.99529,-19.81379],[-43.99513,-19.8139],[-43.99486,-19.81404],[-43.99465,-19.81368],[-43.99498,-19.81361],[-43.99489,-19.81332],[-43.99515,-19.81313],[-43.99522,-19.81282],[-43.99557,-19.81323]]],[[[-43.99398,-19.81057],[-43.9939,-19.81118],[-43.99369,-19.81102],[-43.99345,-19.81128],[-43.99294,-19.81082],[-43.99312,-19.8106],[-43.99298,-19.81046],[-43.99315,-19.81026],[-43.99292,-19.81007],[-43.99306,-19.80989],[-43.99366,-19.81037],[-43.99398,-19.81057]]]]}},{"type":"Feature","properties":{"territory_id":"mg-3106200-leticia-venda-nova-parte","name":"Letícia (venda Nova) (parte)","municipality_id":"mg-3106200","polling_places":2,"approx":true,"official":false,"method":"voronoi-polling-places","whole_municipality":false,"approx_coords_only":false},"geometry":{"type":"MultiPolygon","coordinates":[[[[-43.98396,-19.8099],[-43.98239,-19.81141],[-43.98249,-19.81218],[-43.98243,-19.81178],[-43.98118,-19.81222],[-43.98053,-19.81249],[-43.98042,-19.81177],[-43.98034,-19.81151],[-43.98027,-19.81138],[-43.9798,-19.81076],[-43.97963,-19.81063],[-43.97924,-19.81043],[-43.97877,-19.81132],[-43.97833,-19.81225],[-43.97803,-19.81291],[-43.97771,-19.81367],[-43.97646,-19.81425],[-43.97657,-19.81454],[-43.97238,-19.81463],[-43.97226,-19.81463],[-43.97305,-19.80546],[-43.98079,-19.8017],[-43.9811,-19.80185],[-43.9823,-19.80371],[-43.98009,-19.8038],[-43.98027,-19.80387],[-43.98058,-19.80395],[-43.98088,-19.80397],[-43.98128,-19.80407],[-43.98195,-19.8069],[-43.98206,-19.80693],[-43.98319,-19.80784],[-43.98276,-19.80829],[-43.98289,-19.80845],[-43.98374,-19.80916],[-43.98344,-19.80949],[-43.98396,-19.8099]]]]}},{"type":"Feature","properties":{"territory_id":"mg-3106200-liberdade","name":"Liberdade","municipality_id":"mg-3106200","polling_places":1,"approx":false,"official":true,"method":"official-ibge-cd2022","whole_municipality":false,"approx_coords_only":false,"official_name":"Liberdade","official_code":"3106200273","match":"direct"},"geometry":{"type":"MultiPolygon","coordinates":[[[[-43.95316,-19.85913],[-43.9525,-19.85945],[-43.95185,-19.8597],[-43.95036,-19.86035],[-43.95036,-19.86054],[-43.95031,-19.86097],[-43.95057,-19.86095],[-43.95072,-19.86109],[-43.95128,-19.8615],[-43.95234,-19.86233],[-43.95397,-19.86358],[-43.95416,-19.86376],[-43.95452,-19.86399],[-43.95588,-19.86465],[-43.95576,-19.86518],[-43.95566,-19.86542],[-43.95556,-19.86554],[-43.95546,-19.86562],[-43.95534,-19.86567],[-43.95685,-19.86619],[-43.95805,-19.86296],[-43.95823,-19.86252],[-43.95771,-19.86208],[-43.95772,-19.86198],[-43.95748,-19.86187],[-43.95784,-19.86146],[-43.95788,-19.86149],[-43.9581,-19.86134],[-43.95826,-19.86139],[-43.95832,-19.86149],[-43.95833,-19.86171],[-43.95851,-19.86182],[-43.95917,-19.86003],[-43.95945,-19.85934],[-43.95956,-19.85898],[-43.95864,-19.85789],[-43.95738,-19.85838],[-43.95731,-19.8577],[-43.95432,-19.85887],[-43.95415,-19.85873],[-43.95371,-19.85892],[-43.95316,-19.85913]]]]}},{"type":"Feature","properties":{"territory_id":"mg-3106200-lindeia","name":"Lindéia","municipality_id":"mg-3106200","polling_places":4,"approx":false,"official":true,"method":"official-ibge-cd2022","whole_municipality":false,"approx_coords_only":false,"official_name":"Lindéia","official_code":"3106200364","match":"direct"},"geometry":{"type":"MultiPolygon","coordinates":[[[[-44.04276,-19.97793],[-44.03987,-19.98112],[-44.03919,-19.98184],[-44.0385,-19.98267],[-44.03847,-19.98281],[-44.03849,-19.9829],[-44.03858,-19.98311],[-44.03878,-19.98296],[-44.03972,-19.98237],[-44.04045,-19.98188],[-44.04063,-19.98179],[-44.04103,-19.98163],[-44.04121,-19.98158],[-44.04159,-19.98151],[-44.04179,-19.9815],[-44.04213,-19.98149],[-44.04238,-19.98152],[-44.04274,-19.98162],[-44.04308,-19.98167],[-44.0435,-19.98191],[-44.04367,-19.98203],[-44.04389,-19.9822],[-44.04429,-19.98255],[-44.04468,-19.98286],[-44.04497,-19.98299],[-44.04526,-19.9831],[-44.04556,-19.98318],[-44.04602,-19.98322],[-44.0464,-19.9832],[-44.04685,-19.98312],[-44.04704,-19.98306],[-44.04774,-19.98278],[-44.04811,-19.98267],[-44.04835,-19.98263],[-44.04867,-19.98261],[-44.04909,-19.98262],[-44.04919,-19.98285],[-44.04959,-19.98297],[-44.05014,-19.98323],[-44.0505,-19.98349],[-44.05068,-19.98365],[-44.05083,-19.98381],[-44.05096,-19.98402],[-44.05104,-19.984],[-44.05137,-19.9845],[-44.05221,-19.98604],[-44.05279,-19.98699],[-44.05289,-19.98688],[-44.05349,-19.98584],[-44.05356,-19.98576],[-44.05366,-19.98612],[-44.05427,-19.98597],[-44.05467,-19.98719],[-44.05502,-19.98779],[-44.05507,-19.98783],[-44.05512,-19.98772],[-44.05597,-19.98674],[-44.05602,-19.98618],[-44.05595,-19.98596],[-44.05623,-19.98547],[-44.05621,-19.9854],[-44.05628,-19.98538],[-44.0564,-19.98512],[-44.0565,-19.98495],[-44.05681,-19.98493],[-44.05641,-19.98365],[-44.05712,-19.98345],[-44.05711,-19.98343],[-44.0573,-19.98303],[-44.05701,-19.98203],[-44.05722,-19.9817],[-44.05786,-19.98147],[-44.05764,-19.98121],[-44.05755,-19.98108],[-44.05748,-19.98088],[-44.05746,-19.98068],[-44.0575,-19.98048],[-44.05769,-19.98014],[-44.05824,-19.97954],[-44.05903,-19.97865],[-44.05918,-19.9785],[-44.05934,-19.97831],[-44.05942,-19.9782],[-44.0597,-19.97755],[-44.0601,-19.9774],[-44.06049,-19.9764],[-44.0604,-19.97617],[-44.06081,-19.97625],[-44.06099,-19.97617],[-44.06287,-19.97683],[-44.06293,-19.97673],[-44.06302,-19.97668],[-44.06266,-19.97563],[-44.06334,-19.97541],[-44.06271,-19.97364],[-44.06127,-19.9738],[-44.06062,-19.97391],[-44.05951,-19.97417],[-44.05683,-19.97473],[-44.05633,-19.97457],[-44.05574,-19.97446],[-44.0554,-19.97438],[-44.05505,-19.97424],[-44.05415,-19.97362],[-44.05395,-19.97339],[-44.0537,-19.97304],[-44.05345,-19.97302],[-44.05313,-19.97307],[-44.05288,-19.97307],[-44.05216,-19.97306],[-44.05161,-19.97296],[-44.05097,-19.97278],[-44.05058,-19.9727],[-44.05035,-19.97272],[-44.04904,-19.97292],[-44.04728,-19.97371],[-44.0469,-19.97383],[-44.04599,-19.974],[-44.04467,-19.97422],[-44.04471,-19.97456],[-44.04495,-19.97458],[-44.04509,-19.97464],[-44.04518,-19.97478],[-44.04521,-19.97491],[-44.0452,-19.97507],[-44.04517,-19.97527],[-44.04511,-19.97539],[-44.04428,-19.97625],[-44.0428,-19.97789],[-44.04276,-19.97793]]]]}},{"type":"Feature","properties":{"territory_id":"mg-3106200-lourdes","name":"Lourdes","municipality_id":"mg-3106200","polling_places":3,"approx":false,"official":true,"method":"official-ibge-cd2022","whole_municipality":false,"approx_coords_only":false,"official_name":"Lourdes","official_code":"3106200089","match":"direct"},"geometry":{"type":"MultiPolygon","coordinates":[[[[-43.94272,-19.93905],[-43.94396,-19.93874],[-43.94404,-19.93867],[-43.94589,-19.93567],[-43.94604,-19.93562],[-43.94656,-19.93548],[-43.94849,-19.935],[-43.94715,-19.93011],[-43.94649,-19.92765],[-43.94615,-19.92643],[-43.94565,-19.92453],[-43.94537,-19.92353],[-43.94516,-19.92357],[-43.94492,-19.92353],[-43.94471,-19.92346],[-43.94425,-19.92421],[-43.9441,-19.92443],[-43.94396,-19.92443],[-43.94392,-19.92438],[-43.94385,-19.92435],[-43.94375,-19.92439],[-43.93642,-19.92621],[-43.93744,-19.92987],[-43.93775,-19.93111],[-43.93826,-19.93099],[-43.93907,-19.93078],[-43.93986,-19.93366],[-43.94073,-19.93691],[-43.94143,-19.93939],[-43.94272,-19.93905]]]]}},{"type":"Feature","properties":{"territory_id":"mg-3106200-luxemburgo","name":"Luxemburgo","municipality_id":"mg-3106200","polling_places":1,"approx":false,"official":true,"method":"official-ibge-cd2022","whole_municipality":false,"approx_coords_only":false,"official_name":"Luxemburgo","official_code":"3106200108","match":"direct"},"geometry":{"type":"MultiPolygon","coordinates":[[[[-43.95756,-19.94547],[-43.95704,-19.94512],[-43.95692,-19.94497],[-43.95688,-19.94487],[-43.95678,-19.94462],[-43.95676,-19.94445],[-43.95676,-19.94424],[-43.95681,-19.94354],[-43.95674,-19.94328],[-43.95659,-19.94299],[-43.95635,-19.94276],[-43.95607,-19.94262],[-43.95522,-19.94242],[-43.95496,-19.94238],[-43.95447,-19.94221],[-43.95413,-19.94196],[-43.95405,-19.94188],[-43.95392,-19.94167],[-43.95384,-19.9414],[-43.95382,-19.94101],[-43.95365,-19.94104],[-43.95355,-19.94129],[-43.95352,-19.94143],[-43.95353,-19.94166],[-43.95363,-19.94191],[-43.95407,-19.94232],[-43.95375,-19.94259],[-43.95377,-19.94282],[-43.95342,-19.94298],[-43.95339,-19.94308],[-43.95311,-19.94328],[-43.95278,-19.94345],[-43.95265,-19.94347],[-43.95262,-19.94366],[-43.95267,-19.94468],[-43.95266,-19.94476],[-43.95313,-19.94506],[-43.95304,-19.94515],[-43.95305,-19.94601],[-43.95307,-19.94611],[-43.95344,-19.94661],[-43.95282,-19.94708],[-43.9534,-19.94774],[-43.95346,-19.94789],[-43.95349,-19.9481],[-43.95343,-19.94872],[-43.95323,-19.94902],[-43.95282,-19.94959],[-43.95275,-19.94982],[-43.95272,-19.9501],[-43.95273,-19.95033],[-43.9529,-19.95074],[-43.95355,-19.95161],[-43.95371,-19.95175],[-43.95366,-19.95181],[-43.95397,-19.95188],[-43.95407,-19.95189],[-43.9546,-19.95205],[-43.95582,-19.95237],[-43.95589,-19.95235],[-43.95597,-19.9523],[-43.95629,-19.95195],[-43.95665,-19.95162],[-43.95691,-19.95141],[-43.95698,-19.95139],[-43.95741,-19.95128],[-43.95915,-19.95132],[-43.95942,-19.95035],[-43.95948,-19.95008],[-43.95941,-19.95006],[-43.95945,-19.94992],[-43.95956,-19.94994],[-43.95978,-19.94993],[-43.95993,-19.9498],[-43.96011,-19.94957],[-43.96034,-19.94918],[-43.96042,-19.94924],[-43.96039,-19.94936],[-43.96048,-19.94937],[-43.96049,-19.94951],[-43.96128,-19.9495],[-43.96123,-19.94941],[-43.9612,-19.94911],[-43.96096,-19.94826],[-43.96091,-19.94817],[-43.96064,-19.94779],[-43.95939,-19.94666],[-43.95895,-19.94629],[-43.95779,-19.94561],[-43.95756,-19.94547]]]]}},{"type":"Feature","properties":{"territory_id":"mg-3106200-madre-gertrudes","name":"Madre Gertrudes","municipality_id":"mg-3106200","polling_places":1,"approx":false,"official":true,"method":"official-ibge-cd2022","whole_municipality":false,"approx_coords_only":false,"official_name":"Madre Gertrudes","official_code":"3106200154","match":"direct"},"geometry":{"type":"MultiPolygon","coordinates":[[[[-44.00309,-19.9524],[-44.00317,-19.95227],[-44.00337,-19.95204],[-44.00345,-19.95197],[-44.00356,-19.95175],[-44.00356,-19.95168],[-44.00352,-19.95158],[-44.00344,-19.95152],[-44.00329,-19.95149],[-44.0032,-19.95162],[-44.00314,-19.95163],[-44.00294,-19.9516],[-44.00284,-19.9513],[-44.00271,-19.95077],[-44.00271,-19.95054],[-44.00245,-19.95049],[-44.00229,-19.95035],[-44.00205,-19.95008],[-44.00124,-19.95055],[-44.00081,-19.95087],[-44.00119,-19.95149],[-44.00196,-19.95258],[-44.00302,-19.95252],[-44.003,-19.95268],[-44.003,-19.95286],[-44.00308,-19.95311],[-44.00317,-19.95322],[-44.00329,-19.95329],[-44.00346,-19.95336],[-44.00405,-19.95348],[-44.00538,-19.95354],[-44.00549,-19.9536],[-44.00556,-19.95373],[-44.00584,-19.95358],[-44.00612,-19.95348],[-44.00637,-19.9533],[-44.00647,-19.95318],[-44.00664,-19.95314],[-44.00685,-19.95303],[-44.00696,-19.95301],[-44.00705,-19.95295],[-44.00724,-19.95325],[-44.00732,-19.95341],[-44.00751,-19.95331],[-44.00817,-19.95305],[-44.00879,-19.95286],[-44.00919,-19.95277],[-44.00926,-19.95269],[-44.00927,-19.95264],[-44.00931,-19.95228],[-44.00926,-19.95188],[-44.00917,-19.95157],[-44.00908,-19.95154],[-44.00892,-19.9516],[-44.00866,-19.95109],[-44.00863,-19.95105],[-44.00858,-19.95104],[-44.00842,-19.95079],[-44.00852,-19.95048],[-44.00854,-19.95017],[-44.00863,-19.95016],[-44.00871,-19.94983],[-44.00897,-19.94836],[-44.00918,-19.94815],[-44.00811,-19.94766],[-44.00702,-19.94711],[-44.00655,-19.9468],[-44.00619,-19.94649],[-44.00592,-19.94622],[-44.0055,-19.94568],[-44.00416,-19.9437],[-44.00376,-19.94394],[-44.00372,-19.94399],[-44.00374,-19.94403],[-44.00371,-19.94412],[-44.0039,-19.94405],[-44.00404,-19.94427],[-44.00434,-19.94466],[-44.004,-19.94515],[-44.00382,-19.94501],[-44.00384,-19.94509],[-44.0032,-19.94564],[-44.00306,-19.94579],[-44.00306,-19.94581],[-44.00308,-19.94583],[-44.00339,-19.9462],[-44.00325,-19.94624],[-44.00329,-19.94648],[-44.00154,-19.94676],[-44.00141,-19.94704],[-44.00134,-19.94737],[-44.00191,-19.94864],[-44.00199,-19.94887],[-44.00205,-19.94915],[-44.00213,-19.9497],[-44.0022,-19.94992],[-44.00225,-19.94997],[-44.0032,-19.94925],[-44.00326,-19.94952],[-44.00335,-19.94968],[-44.00348,-19.94982],[-44.00369,-19.94992],[-44.0041,-19.95002],[-44.00401,-19.95014],[-44.00416,-19.95047],[-44.00419,-19.95047],[-44.00474,-19.94973],[-44.00499,-19.95055],[-44.00506,-19.95057],[-44.00511,-19.95056],[-44.00554,-19.94999],[-44.0062,-19.95043],[-44.00655,-19.94995],[-44.00663,-19.95],[-44.00607,-19.95077],[-44.00626,-19.95104],[-44.00582,-19.95098],[-44.00529,-19.95089],[-44.00525,-19.95095],[-44.00511,-19.95106],[-44.00531,-19.95189],[-44.00536,-19.95199],[-44.00443,-19.95199],[-44.00448,-19.95215],[-44.00445,-19.95217],[-44.00432,-19.95217],[-44.0038,-19.95202],[-44.00362,-19.95265],[-44.00363,-19.95271],[-44.00352,-19.9527],[-44.00351,-19.95242],[-44.00314,-19.9524],[-44.00309,-19.9524]],[[-44.00725,-19.94909],[-44.007,-19.94868],[-44.00691,-19.9486],[-44.00666,-19.94846],[-44.00715,-19.9478],[-44.00713,-19.94767],[-44.00704,-19.94759],[-44.00694,-19.94755],[-44.0071,-19.94731],[-44.00745,-19.94749],[-44.00753,-19.94778],[-44.00755,-19.94805],[-44.00726,-19.94807],[-44.00736,-19.94845],[-44.00753,-19.94895],[-44.00749,-19.949],[-44.0073,-19.94914],[-44.00725,-19.94909]]],[[[-44.00514,-19.95395],[-44.00395,-19.95474],[-44.00381,-19.95487],[-44.00338,-19.95539],[-44.00319,-19.9557],[-44.00292,-19.95625],[-44.00338,-19.95604],[-44.00616,-19.95527],[-44.00621,-19.95524],[-44.00671,-19.95512],[-44.0061,-19.95517],[-44.00581,-19.95506],[-44.00553,-19.95509],[-44.00543,-19.95504],[-44.00577,-19.95464],[-44.00526,-19.95458],[-44.00513,-19.95449],[-44.00508,-19.95441],[-44.00505,-19.95425],[-44.00506,-19.95415],[-44.00518,-19.95395],[-44.0052,-19.95393],[-44.00517,-19.95394],[-44.00514,-19.95395]]]]}},{"type":"Feature","properties":{"territory_id":"mg-3106200-mangabeiras","name":"Mangabeiras","municipality_id":"mg-3106200","polling_places":2,"approx":false,"official":true,"method":"official-ibge-cd2022","whole_municipality":false,"approx_coords_only":false,"official_name":"Mangabeiras","official_code":"3106200099","match":"direct"},"geometry":{"type":"MultiPolygon","coordinates":[[[[-43.91861,-19.95059],[-43.91927,-19.9502],[-43.91951,-19.94993],[-43.91967,-19.94972],[-43.91985,-19.94939],[-43.91979,-19.94936],[-43.91973,-19.94928],[-43.91964,-19.94909],[-43.91963,-19.94898],[-43.91856,-19.94871],[-43.91837,-19.94851],[-43.91817,-19.94822],[-43.91801,-19.94773],[-43.9179,-19.947],[-43.91774,-19.94651],[-43.91762,-19.94628],[-43.91745,-19.94603],[-43.91724,-19.94582],[-43.91672,-19.94539],[-43.91645,-19.94523],[-43.91641,-19.94518],[-43.91643,-19.94496],[-43.91656,-19.94478],[-43.91674,-19.94464],[-43.91617,-19.94434],[-43.91519,-19.94372],[-43.91518,-19.94384],[-43.91508,-19.94381],[-43.91504,-19.94437],[-43.91448,-19.94429],[-43.91456,-19.94361],[-43.91443,-19.94356],[-43.91406,-19.94349],[-43.91399,-19.94349],[-43.9133,-19.9433],[-43.91063,-19.94373],[-43.90974,-19.94439],[-43.90943,-19.94439],[-43.90821,-19.94371],[-43.90782,-19.94333],[-43.90756,-19.94316],[-43.90739,-19.94315],[-43.90703,-19.94306],[-43.90657,-19.94311],[-43.90645,-19.943],[-43.90592,-19.94277],[-43.90547,-19.94237],[-43.90514,-19.94205],[-43.905,-19.94186],[-43.90487,-19.94178],[-43.90466,-19.94174],[-43.90449,-19.94173],[-43.9043,-19.94168],[-43.9039,-19.94144],[-43.90341,-19.94098],[-43.90324,-19.94089],[-43.90305,-19.9409],[-43.90284,-19.94099],[-43.90273,-19.94099],[-43.90176,-19.9407],[-43.90156,-19.94068],[-43.90077,-19.94067],[-43.90055,-19.94064],[-43.90021,-19.94068],[-43.89982,-19.94061],[-43.89877,-19.94004],[-43.89775,-19.93978],[-43.89764,-19.93977],[-43.89753,-19.93983],[-43.89744,-19.93991],[-43.89725,-19.94024],[-43.89689,-19.94057],[-43.89689,-19.94066],[-43.89695,-19.94075],[-43.89712,-19.94085],[-43.89722,-19.94099],[-43.89703,-19.94197],[-43.89663,-19.94243],[-43.89645,-19.9425],[-43.89587,-19.94262],[-43.89567,-19.94269],[-43.8952,-19.94267],[-43.8945,-19.94251],[-43.89441,-19.94251],[-43.89435,-19.94253],[-43.89419,-19.94278],[-43.89413,-19.94283],[-43.89405,-19.94287],[-43.89298,-19.94295],[-43.8928,-19.94307],[-43.89276,-19.94317],[-43.89279,-19.94326],[-43.89289,-19.94341],[-43.89316,-19.94373],[-43.89317,-19.94381],[-43.89312,-19.94396],[-43.89302,-19.94409],[-43.89281,-19.94431],[-43.89275,-19.94434],[-43.89267,-19.94433],[-43.89249,-19.94428],[-43.89239,-19.94425],[-43.89215,-19.94412],[-43.89197,-19.9441],[-43.89179,-19.94415],[-43.89165,-19.9441],[-43.89121,-19.9438],[-43.89084,-19.94372],[-43.89053,-19.94377],[-43.89045,-19.94381],[-43.89022,-19.94411],[-43.8902,-19.94424],[-43.89027,-19.94428],[-43.8906,-19.94442],[-43.89092,-19.94464],[-43.89129,-19.94483],[-43.89151,-19.94511],[-43.89202,-19.94526],[-43.89213,-19.94533],[-43.89222,-19.9454],[-43.89227,-19.94552],[-43.89238,-19.94561],[-43.89268,-19.94571],[-43.89281,-19.94584],[-43.89287,-19.94594],[-43.89291,-19.94598],[-43.893,-19.94601],[-43.89313,-19.94599],[-43.89397,-19.9457],[-43.89406,-19.94578],[-43.89412,-19.94589],[-43.89409,-19.94639],[-43.8942,-19.94676],[-43.89467,-19.94707],[-43.89472,-19.94722],[-43.8947,-19.94738],[-43.89464,-19.94746],[-43.89455,-19.94747],[-43.89468,-19.94765],[-43.89472,-19.9479],[-43.89475,-19.94797],[-43.89474,-19.94813],[-43.89475,-19.94821],[-43.89484,-19.94831],[-43.89495,-19.94839],[-43.89533,-19.94856],[-43.89551,-19.94868],[-43.89553,-19.94871],[-43.89558,-19.94889],[-43.89552,-19.94921],[-43.89555,-19.94951],[-43.89556,-19.94958],[-43.89561,-19.94968],[-43.89577,-19.94986],[-43.89583,-19.94989],[-43.89588,-19.94997],[-43.89598,-19.95004],[-43.8963,-19.95015],[-43.89648,-19.9505],[-43.89666,-19.95067],[-43.89688,-19.9508],[-43.89705,-19.95098],[-43.89711,-19.95106],[-43.89711,-19.95109],[-43.89718,-19.95119],[-43.89722,-19.95124],[-43.89738,-19.95133],[-43.89758,-19.9514],[-43.89775,-19.95141],[-43.89782,-19.95144],[-43.89794,-19.95145],[-43.89818,-19.9514],[-43.89835,-19.95139],[-43.89847,-19.95145],[-43.89858,-19.95156],[-43.89877,-19.9517],[-43.89883,-19.95172],[-43.89899,-19.95185],[-43.89916,-19.95191],[-43.89925,-19.95198],[-43.89934,-19.95208],[-43.89944,-19.95213],[-43.89958,-19.95211],[-43.89979,-19.95217],[-43.89991,-19.95231],[-43.90029,-19.95254],[-43.90041,-19.95255],[-43.90061,-19.95251],[-43.90065,-19.95247],[-43.90078,-19.9524],[-43.90084,-19.95239],[-43.90112,-19.95253],[-43.90133,-19.9526],[-43.90145,-19.95261],[-43.90151,-19.9528],[-43.9016,-19.9529],[-43.90166,-19.95303],[-43.90174,-19.95311],[-43.90181,-19.95325],[-43.90198,-19.95338],[-43.90212,-19.95346],[-43.90227,-19.95359],[-43.90233,-19.9537],[-43.90229,-19.95386],[-43.90229,-19.95397],[-43.90241,-19.95422],[-43.90253,-19.95431],[-43.90263,-19.95434],[-43.90287,-19.95454],[-43.90301,-19.95452],[-43.90311,-19.9546],[-43.90312,-19.95467],[-43.90318,-19.95472],[-43.90327,-19.9549],[-43.90337,-19.95501],[-43.90341,-19.95513],[-43.90343,-19.95522],[-43.90353,-19.95542],[-43.90371,-19.95557],[-43.90378,-19.95565],[-43.90399,-19.95572],[-43.9041,-19.95581],[-43.90424,-19.95589],[-43.90465,-19.95604],[-43.90494,-19.95619],[-43.90508,-19.9563],[-43.90544,-19.95643],[-43.90587,-19.95647],[-43.90622,-19.95647],[-43.90626,-19.95659],[-43.90634,-19.95675],[-43.9064,-19.95681],[-43.9065,-19.95687],[-43.90661,-19.9569],[-43.90709,-19.95716],[-43.90731,-19.95737],[-43.90754,-19.95768],[-43.90772,-19.95784],[-43.90799,-19.95815],[-43.90805,-19.95844],[-43.90812,-19.95862],[-43.90829,-19.95887],[-43.90855,-19.95904],[-43.90865,-19.95913],[-43.90872,-19.95938],[-43.90883,-19.95957],[-43.90894,-19.95965],[-43.90904,-19.95977],[-43.90918,-19.95986],[-43.90991,-19.96018],[-43.90999,-19.96031],[-43.91005,-19.96047],[-43.9103,-19.9607],[-43.91062,-19.96081],[-43.9107,-19.96093],[-43.91083,-19.96102],[-43.91105,-19.96109],[-43.91131,-19.96112],[-43.91184,-19.96131],[-43.91205,-19.96129],[-43.9124,-19.96152],[-43.91259,-19.96176],[-43.91273,-19.96186],[-43.91342,-19.96209],[-43.91354,-19.96212],[-43.91375,-19.96213],[-43.91386,-19.96216],[-43.9143,-19.96235],[-43.91441,-19.96237],[-43.91452,-19.96238],[-43.9147,-19.96244],[-43.91484,-19.96256],[-43.91491,-19.96264],[-43.91496,-19.96275],[-43.91502,-19.96281],[-43.91526,-19.96299],[-43.9153,-19.96311],[-43.91544,-19.96334],[-43.91563,-19.96349],[-43.91574,-19.96355],[-43.91578,-19.96364],[-43.91581,-19.96366],[-43.91599,-19.9637],[-43.91623,-19.96386],[-43.91642,-19.96392],[-43.91658,-19.96395],[-43.91666,-19.964],[-43.91688,-19.96406],[-43.9172,-19.96429],[-43.9174,-19.96437],[-43.91781,-19.96441],[-43.91801,-19.96451],[-43.91823,-19.96472],[-43.9183,-19.9648],[-43.91831,-19.96484],[-43.91831,-19.965],[-43.91845,-19.96525],[-43.91842,-19.96541],[-43.91859,-19.96543],[-43.91862,-19.96537],[-43.91866,-19.96543],[-43.91875,-19.96538],[-43.91879,-19.96543],[-43.91891,-19.96543],[-43.9191,-19.96538],[-43.91923,-19.96545],[-43.91951,-19.96546],[-43.91971,-19.96552],[-43.9198,-19.9656],[-43.91984,-19.96569],[-43.91995,-19.96581],[-43.92007,-19.96581],[-43.9202,-19.96593],[-43.92024,-19.966],[-43.92044,-19.96602],[-43.92064,-19.96599],[-43.92074,-19.96603],[-43.92084,-19.96614],[-43.92101,-19.96622],[-43.92112,-19.96633],[-43.9213,-19.96646],[-43.92145,-19.96654],[-43.92198,-19.96674],[-43.92214,-19.96675],[-43.92267,-19.96705],[-43.92289,-19.96714],[-43.92313,-19.96729],[-43.92345,-19.96754],[-43.92368,-19.96778],[-43.92393,-19.96797],[-43.92417,-19.96822],[-43.92449,-19.96838],[-43.92471,-19.96856],[-43.92506,-19.9688],[-43.92527,-19.96898],[-43.92538,-19.96905],[-43.92614,-19.96925],[-43.92631,-19.96927],[-43.92649,-19.96933],[-43.92683,-19.96953],[-43.92708,-19.96959],[-43.92719,-19.96963],[-43.92725,-19.96969],[-43.92734,-19.96986],[-43.92743,-19.96998],[-43.92776,-19.97016],[-43.92797,-19.97024],[-43.92811,-19.97036],[-43.92862,-19.97042],[-43.92875,-19.97054],[-43.92914,-19.97072],[-43.92968,-19.97068],[-43.93058,-19.97076],[-43.93064,-19.97106],[-43.93079,-19.97231],[-43.93231,-19.97208],[-43.9324,-19.97206],[-43.93267,-19.9719],[-43.93279,-19.97187],[-43.93305,-19.97186],[-43.9328,-19.97142],[-43.9327,-19.97132],[-43.93259,-19.97083],[-43.93259,-19.97029],[-43.93272,-19.96978],[-43.93285,-19.9695],[-43.9333,-19.96877],[-43.93347,-19.96876],[-43.93373,-19.96877],[-43.93403,-19.96882],[-43.93358,-19.96796],[-43.93353,-19.96779],[-43.93358,-19.96757],[-43.9337,-19.96743],[-43.93385,-19.96736],[-43.9341,-19.96737],[-43.9347,-19.9675],[-43.93463,-19.96729],[-43.93455,-19.96668],[-43.93453,-19.9666],[-43.93428,-19.96509],[-43.93433,-19.96317],[-43.9342,-19.96318],[-43.93419,-19.96327],[-43.93394,-19.96325],[-43.93396,-19.96252],[-43.93403,-19.96233],[-43.93426,-19.96204],[-43.93515,-19.96154],[-43.93531,-19.96179],[-43.9355,-19.96185],[-43.93652,-19.96193],[-43.93704,-19.96195],[-43.93815,-19.96146],[-43.93836,-19.96143],[-43.93954,-19.96161],[-43.94009,-19.96166],[-43.94039,-19.96163],[-43.94062,-19.96147],[-43.94074,-19.96125],[-43.94074,-19.96064],[-43.94066,-19.95932],[-43.94068,-19.95888],[-43.94075,-19.95853],[-43.94094,-19.9581],[-43.94105,-19.9579],[-43.94121,-19.95769],[-43.94124,-19.95762],[-43.94113,-19.95757],[-43.94104,-19.95766],[-43.94094,-19.95783],[-43.94077,-19.95796],[-43.94012,-19.95833],[-43.93988,-19.95844],[-43.93971,-19.95849],[-43.93954,-19.95852],[-43.93928,-19.95849],[-43.93922,-19.95855],[-43.93757,-19.9596],[-43.93737,-19.95934],[-43.93715,-19.95941],[-43.93702,-19.95946],[-43.93663,-19.95974],[-43.93623,-19.95986],[-43.93607,-19.95989],[-43.93596,-19.95988],[-43.93585,-19.95985],[-43.93565,-19.95971],[-43.93511,-19.95926],[-43.93458,-19.95893],[-43.93449,-19.95883],[-43.93431,-19.95853],[-43.93382,-19.9575],[-43.93371,-19.95754],[-43.93352,-19.95755],[-43.9334,-19.9576],[-43.93267,-19.95775],[-43.93238,-19.95779],[-43.93244,-19.95807],[-43.93211,-19.95835],[-43.93194,-19.95819],[-43.93188,-19.95789],[-43.93171,-19.95795],[-43.93155,-19.95808],[-43.93141,-19.95825],[-43.93125,-19.95852],[-43.93112,-19.95894],[-43.93085,-19.95954],[-43.93058,-19.95987],[-43.93036,-19.96004],[-43.93007,-19.96031],[-43.92993,-19.96058],[-43.92987,-19.96086],[-43.92991,-19.96103],[-43.92996,-19.96122],[-43.93005,-19.96143],[-43.93018,-19.9622],[-43.93026,-19.9625],[-43.93045,-19.96284],[-43.93033,-19.96289],[-43.93013,-19.96256],[-43.92981,-19.96256],[-43.9296,-19.96267],[-43.92941,-19.96272],[-43.92921,-19.96243],[-43.92915,-19.96208],[-43.92906,-19.96195],[-43.92881,-19.96193],[-43.92862,-19.96173],[-43.92847,-19.96161],[-43.92832,-19.96165],[-43.92826,-19.96173],[-43.92808,-19.96184],[-43.928,-19.96185],[-43.92764,-19.96179],[-43.92744,-19.96161],[-43.92734,-19.96126],[-43.92739,-19.96109],[-43.92742,-19.96072],[-43.92702,-19.96063],[-43.92675,-19.96046],[-43.92657,-19.96038],[-43.92606,-19.96018],[-43.92603,-19.96007],[-43.92649,-19.95985],[-43.9267,-19.95958],[-43.92698,-19.95933],[-43.92724,-19.95929],[-43.9273,-19.95913],[-43.92731,-19.95895],[-43.92724,-19.95898],[-43.92709,-19.95845],[-43.92704,-19.95811],[-43.9271,-19.95784],[-43.92719,-19.95775],[-43.92711,-19.95774],[-43.92158,-19.95777],[-43.92115,-19.95773],[-43.91933,-19.95714],[-43.91916,-19.95703],[-43.91903,-19.95685],[-43.91893,-19.95661],[-43.9185,-19.9548],[-43.91851,-19.95361],[-43.91856,-19.95329],[-43.91866,-19.95292],[-43.91873,-19.95229],[-43.91871,-19.9522],[-43.91928,-19.95211],[-43.91969,-19.9524],[-43.91975,-19.9523],[-43.91978,-19.95202],[-43.91972,-19.95196],[-43.9195,-19.95183],[-43.91885,-19.9515],[-43.91915,-19.95091],[-43.91869,-19.95066],[-43.91861,-19.95059]]]]}},{"type":"Feature","properties":{"territory_id":"mg-3106200-mangueiras-vale-do-jatoba","name":"Mangueiras (vale do Jatobá)","municipality_id":"mg-3106200","polling_places":1,"approx":true,"official":false,"method":"voronoi-polling-places","whole_municipality":false,"approx_coords_only":false},"geometry":{"type":"MultiPolygon","coordinates":[[[[-44.04999,-19.99939],[-44.03658,-20.02284],[-44.03608,-20.02134],[-44.0368,-20.02127],[-44.03666,-20.02001],[-44.03661,-20.0197],[-44.03661,-20.01952],[-44.0368,-20.01835],[-44.0369,-20.01837],[-44.03705,-20.01791],[-44.03738,-20.01778],[-44.03759,-20.01758],[-44.03822,-20.0165],[-44.03851,-20.01629],[-44.03736,-20.01645],[-44.03692,-20.0165],[-44.03646,-20.01661],[-44.03621,-20.01664],[-44.03499,-20.01717],[-44.03471,-20.01727],[-44.03126,-20.007],[-44.03249,-20.0051],[-44.03523,-20.00404],[-44.03511,-20.00453],[-44.03506,-20.00479],[-44.03503,-20.00505],[-44.03461,-20.00665],[-44.034,-20.00872],[-44.03381,-20.00931],[-44.03372,-20.00968],[-44.0333,-20.01106],[-44.0357,-20.01134],[-44.03792,-20.01162],[-44.03812,-20.01166],[-44.04017,-20.0119],[-44.04006,-20.01307],[-44.03998,-20.01356],[-44.04038,-20.01339],[-44.0407,-20.01088],[-44.04036,-20.01055],[-44.04034,-20.01054],[-44.0404,-20.0099],[-44.04046,-20.00971],[-44.04084,-20.00912],[-44.04144,-20.0086],[-44.04216,-20.00794],[-44.04229,-20.00768],[-44.04267,-20.00655],[-44.04328,-20.00592],[-44.0435,-20.00578],[-44.04377,-20.00551],[-44.04398,-20.00533],[-44.04417,-20.00499],[-44.04423,-20.00493],[-44.04429,-20.00489],[-44.04451,-20.00482],[-44.04433,-20.00445],[-44.04407,-20.00452],[-44.044,-20.00458],[-44.0438,-20.00483],[-44.04372,-20.0048],[-44.04129,-20.00455],[-44.04105,-20.00536],[-44.03959,-20.00522],[-44.03955,-20.00522],[-44.03763,-20.00501],[-44.03788,-20.00302],[-44.03785,-20.00302],[-44.04568,-19.99998],[-44.04612,-20.00009],[-44.04612,-19.9999],[-44.04602,-19.99984],[-44.04887,-19.99874],[-44.04999,-19.99939]]]]}},{"type":"Feature","properties":{"territory_id":"mg-3106200-mantiqueira-venda-nova","name":"Mantiqueira (venda Nova)","municipality_id":"mg-3106200","polling_places":4,"approx":true,"official":false,"method":"voronoi-polling-places","whole_municipality":false,"approx_coords_only":false},"geometry":{"type":"MultiPolygon","coordinates":[[[[-43.99025,-19.7997],[-43.99006,-19.80363],[-43.99001,-19.80374],[-43.99,-19.80372],[-43.98993,-19.80361],[-43.98988,-19.80344],[-43.98984,-19.80338],[-43.98724,-19.80349],[-43.9859,-19.80356],[-43.9823,-19.80371],[-43.9811,-19.80185],[-43.98079,-19.8017],[-43.97874,-19.79492],[-43.97656,-19.79313],[-43.97687,-19.78549],[-43.97616,-19.78319],[-43.98866,-19.79783],[-43.98864,-19.79807],[-43.98937,-19.79867],[-43.99025,-19.7997]]]]}},{"type":"Feature","properties":{"territory_id":"mg-3106200-maria-gorete","name":"Maria Gorete","municipality_id":"mg-3106200","polling_places":2,"approx":true,"official":false,"method":"voronoi-polling-places","whole_municipality":false,"approx_coords_only":false},"geometry":{"type":"MultiPolygon","coordinates":[[[[-43.9391,-19.87025],[-43.93788,-19.87001],[-43.93788,-19.87022],[-43.93773,-19.87199],[-43.93706,-19.87259],[-43.93686,-19.87248],[-43.93671,-19.87235],[-43.93641,-19.87198],[-43.93634,-19.87195],[-43.93617,-19.87195],[-43.93607,-19.87199],[-43.93589,-19.87213],[-43.93574,-19.87222],[-43.93556,-19.87227],[-43.93545,-19.87223],[-43.93542,-19.87215],[-43.93544,-19.87205],[-43.93538,-19.87184],[-43.93526,-19.8715],[-43.93524,-19.8714],[-43.93514,-19.87117],[-43.93505,-19.87103],[-43.9349,-19.87086],[-43.93465,-19.87069],[-43.93436,-19.87056],[-43.93403,-19.87044],[-43.93363,-19.87033],[-43.93303,-19.87013],[-43.93285,-19.87009],[-43.93271,-19.87007],[-43.9326,-19.87008],[-43.93245,-19.87013],[-43.9323,-19.8702],[-43.93213,-19.87031],[-43.93181,-19.87055],[-43.92829,-19.86938],[-43.92833,-19.86916],[-43.92835,-19.86898],[-43.92834,-19.86889],[-43.92835,-19.86856],[-43.92822,-19.86794],[-43.92804,-19.86736],[-43.9274,-19.86592],[-43.92729,-19.86483],[-43.92652,-19.86444],[-43.92743,-19.86489],[-43.92921,-19.86577],[-43.93,-19.86613],[-43.93062,-19.86641],[-43.93123,-19.86665],[-43.93223,-19.86692],[-43.93421,-19.86735],[-43.93461,-19.86745],[-43.93631,-19.86791],[-43.93858,-19.86857],[-43.93893,-19.86867],[-43.9391,-19.87025]]],[[[-43.93715,-19.86283],[-43.93665,-19.86299],[-43.93653,-19.86306],[-43.93642,-19.8631],[-43.93537,-19.86217],[-43.93511,-19.86193],[-43.93715,-19.86283]]],[[[-43.93501,-19.86189],[-43.93476,-19.86244],[-43.93428,-19.86314],[-43.93415,-19.86308],[-43.93228,-19.86408],[-43.93214,-19.86422],[-43.93197,-19.86427],[-43.9316,-19.86368],[-43.93117,-19.8639],[-43.93069,-19.86403],[-43.93025,-19.86404],[-43.92956,-19.864],[-43.92957,-19.86395],[-43.92952,-19.86382],[-43.92945,-19.86372],[-43.92905,-19.86372],[-43.92891,-19.86363],[-43.9287,-19.86342],[-43.92832,-19.86323],[-43.92856,-19.86301],[-43.92913,-19.86257],[-43.92943,-19.86233],[-43.93029,-19.86165],[-43.93059,-19.86138],[-43.93002,-19.85962],[-43.93261,-19.86084],[-43.93278,-19.86114],[-43.93298,-19.86131],[-43.93306,-19.86132],[-43.93316,-19.86108],[-43.93501,-19.86189]]],[[[-43.93404,-19.87531],[-43.93403,-19.87531],[-43.93352,-19.87532],[-43.93364,-19.87531],[-43.93404,-19.87531]]],[[[-43.93361,-19.86589],[-43.93341,-19.86602],[-43.93356,-19.86623],[-43.93348,-19.86631],[-43.9336,-19.86649],[-43.9336,-19.86652],[-43.93351,-19.86658],[-43.93337,-19.86635],[-43.93324,-19.86638],[-43.9329,-19.86587],[-43.93319,-19.86569],[-43.93335,-19.86591],[-43.93354,-19.86579],[-43.93357,-19.86583],[-43.93361,-19.86589]]],[[[-43.93164,-19.87659],[-43.92836,-19.87533],[-43.93153,-19.87654],[-43.93164,-19.87659]]],[[[-43.92941,-19.85935],[-43.92925,-19.85938],[-43.92926,-19.85943],[-43.92913,-19.85942],[-43.92917,-19.85967],[-43.92899,-19.85973],[-43.92897,-19.85981],[-43.92885,-19.85995],[-43.92889,-19.86],[-43.92869,-19.86013],[-43.92854,-19.8601],[-43.9284,-19.8601],[-43.92829,-19.8601],[-43.92821,-19.86012],[-43.92787,-19.86037],[-43.928,-19.86027],[-43.928,-19.86005],[-43.92671,-19.8599],[-43.92652,-19.85989],[-43.92659,-19.85928],[-43.92782,-19.85935],[-43.92785,-19.85882],[-43.92787,-19.85874],[-43.92814,-19.85873],[-43.92941,-19.85933],[-43.92941,-19.85935]]],[[[-43.92886,-19.87729],[-43.92836,-19.87533],[-43.92857,-19.87614],[-43.92886,-19.87729]]],[[[-43.92806,-19.86297],[-43.9278,-19.86313],[-43.92753,-19.86289],[-43.92742,-19.86281],[-43.92733,-19.86281],[-43.9268,-19.86191],[-43.92675,-19.86186],[-43.92686,-19.86182],[-43.92697,-19.86182],[-43.92706,-19.86183],[-43.92735,-19.86191],[-43.9275,-19.86193],[-43.92757,-19.8613],[-43.92748,-19.8622],[-43.92756,-19.8622],[-43.9275,-19.86258],[-43.92755,-19.8626],[-43.92775,-19.86257],[-43.92806,-19.86297]]],[[[-43.92759,-19.87269],[-43.92756,-19.87243],[-43.92753,-19.87212],[-43.92759,-19.87269]]],[[[-43.92723,-19.86681],[-43.92644,-19.86701],[-43.92596,-19.86547],[-43.92555,-19.86558],[-43.92537,-19.86506],[-43.92533,-19.86486],[-43.92466,-19.86503],[-43.92413,-19.86697],[-43.92346,-19.8668],[-43.92279,-19.86667],[-43.92237,-19.86817],[-43.92231,-19.8682],[-43.92214,-19.8685],[-43.92178,-19.86849],[-43.92171,-19.86811],[-43.92104,-19.8677],[-43.92101,-19.86751],[-43.92093,-19.86745],[-43.92048,-19.86732],[-43.92057,-19.86719],[-43.92038,-19.86716],[-43.92041,-19.86714],[-43.92046,-19.86704],[-43.92047,-19.86694],[-43.92061,-19.86671],[-43.92091,-19.86691],[-43.92101,-19.86687],[-43.92103,-19.86696],[-43.92117,-19.86704],[-43.92148,-19.86704],[-43.92241,-19.86625],[-43.92267,-19.86588],[-43.92508,-19.86401],[-43.92515,-19.86376],[-43.92431,-19.86329],[-43.92533,-19.86386],[-43.9256,-19.864],[-43.92557,-19.86407],[-43.9261,-19.86435],[-43.92617,-19.86453],[-43.92675,-19.86558],[-43.92723,-19.86681]]],[[[-43.92694,-19.86026],[-43.92692,-19.86059],[-43.92663,-19.86057],[-43.92662,-19.86118],[-43.92649,-19.86118],[-43.92641,-19.86116],[-43.92631,-19.86109],[-43.92587,-19.86043],[-43.92532,-19.85938],[-43.92482,-19.85851],[-43.92414,-19.85723],[-43.92451,-19.85715],[-43.92475,-19.85784],[-43.92488,-19.85813],[-43.92491,-19.85817],[-43.925,-19.85818],[-43.92507,-19.85854],[-43.92558,-19.85857],[-43.92557,-19.85893],[-43.92568,-19.85894],[-43.92566,-19.85922],[-43.92556,-19.85921],[-43.92552,-19.85943],[-43.9259,-19.86013],[-43.92631,-19.86015],[-43.9263,-19.86008],[-43.92652,-19.85989],[-43.92649,-19.86022],[-43.92679,-19.86023],[-43.92679,-19.86025],[-43.92694,-19.86026]]],[[[-43.9261,-19.87292],[-43.92439,-19.87505],[-43.92412,-19.87545],[-43.92367,-19.87597],[-43.92363,-19.87606],[-43.92389,-19.87621],[-43.92383,-19.87629],[-43.9237,-19.87623],[-43.92362,-19.8763],[-43.92356,-19.87637],[-43.92349,-19.8763],[-43.92333,-19.8765],[-43.92323,-19.87638],[-43.92318,-19.87642],[-43.92307,-19.8764],[-43.92285,-19.8763],[-43.92272,-19.8763],[-43.92241,-19.87651],[-43.92222,-19.87615],[-43.92119,-19.87667],[-43.92118,-19.87671],[-43.92111,-19.87671],[-43.92046,-19.87694],[-43.92021,-19.87713],[-43.91995,-19.87748],[-43.91963,-19.87807],[-43.9195,-19.8782],[-43.91929,-19.87861],[-43.91863,-19.87964],[-43.91833,-19.88007],[-43.91776,-19.88058],[-43.91722,-19.88087],[-43.91586,-19.88125],[-43.91557,-19.88137],[-43.91506,-19.8815],[-43.91478,-19.88173],[-43.91441,-19.8818],[-43.9138,-19.88095],[-43.91308,-19.87989],[-43.91066,-19.87731],[-43.90995,-19.8765],[-43.90978,-19.87634],[-43.91003,-19.87603],[-43.91042,-19.87551],[-43.91048,-19.8754],[-43.91081,-19.87497],[-43.9114,-19.87411],[-43.91195,-19.87343],[-43.91236,-19.87288],[-43.91402,-19.87398],[-43.91448,-19.87337],[-43.91447,-19.87348],[-43.9145,-19.87364],[-43.91451,-19.87384],[-43.91466,-19.87428],[-43.91483,-19.87462],[-43.91573,-19.87601],[-43.9166,-19.87508],[-43.91671,-19.87502],[-43.91739,-19.87484],[-43.91834,-19.87458],[-43.91919,-19.8746],[-43.91934,-19.87458],[-43.92048,-19.87409],[-43.92082,-19.87388],[-43.92098,-19.87372],[-43.92155,-19.87307],[-43.92175,-19.8729],[-43.92202,-19.87276],[-43.92227,-19.87264],[-43.92254,-19.87256],[-43.92301,-19.87245],[-43.9236,-19.87235],[-43.92375,-19.87228],[-43.92411,-19.87191],[-43.92426,-19.87205],[-43.92452,-19.87226],[-43.92472,-19.87241],[-43.9243,-19.87287],[-43.92461,-19.87316],[-43.92527,-19.87265],[-43.9255,-19.87249],[-43.9257,-19.87267],[-43.9261,-19.87292]]],[[[-43.92431,-19.86329],[-43.92309,-19.86251],[-43.92324,-19.8626],[-43.92431,-19.86329]]],[[[-43.92151,-19.85675],[-43.92149,-19.85707],[-43.92144,-19.85701],[-43.9213,-19.85695],[-43.9209,-19.85681],[-43.92097,-19.85673],[-43.92025,-19.85541],[-43.91992,-19.85487],[-43.92082,-19.85529],[-43.92132,-19.85625],[-43.92145,-19.85655],[-43.92151,-19.85675]]],[[[-43.92135,-19.85949],[-43.92117,-19.85991],[-43.92105,-19.85985],[-43.92058,-19.86075],[-43.92057,-19.86079],[-43.92059,-19.86087],[-43.92063,-19.86093],[-43.92122,-19.8613],[-43.92134,-19.86135],[-43.92127,-19.86153],[-43.92003,-19.86097],[-43.91982,-19.86088],[-43.92022,-19.86016],[-43.92053,-19.86031],[-43.92088,-19.85972],[-43.92117,-19.85957],[-43.92123,-19.85944],[-43.92135,-19.85949]]],[[[-43.91996,-19.86897],[-43.91967,-19.86916],[-43.9196,-19.8692],[-43.91996,-19.86897]]],[[[-43.91958,-19.86921],[-43.91943,-19.86928],[-43.91916,-19.86939],[-43.91958,-19.86921]]],[[[-43.91889,-19.88854],[-43.91395,-19.88969],[-43.91309,-19.88981],[-43.91269,-19.88849],[-43.91268,-19.88813],[-43.91296,-19.88551],[-43.91296,-19.88503],[-43.91319,-19.88449],[-43.91347,-19.88374],[-43.9138,-19.88275],[-43.91393,-19.88266],[-43.91413,-19.88255],[-43.91438,-19.88253],[-43.91465,-19.88256],[-43.91487,-19.8825],[-43.91523,-19.88304],[-43.91552,-19.88346],[-43.91712,-19.8851],[-43.91747,-19.88549],[-43.91767,-19.88576],[-43.91865,-19.88806],[-43.91889,-19.88854]]],[[[-43.91502,-19.86619],[-43.91498,-19.86685],[-43.91495,-19.86698],[-43.91443,-19.86693],[-43.9124,-19.86731],[-43.91212,-19.86741],[-43.912,-19.86739],[-43.91093,-19.86699],[-43.91031,-19.86683],[-43.90965,-19.86717],[-43.90951,-19.86717],[-43.90944,-19.86713],[-43.90932,-19.86716],[-43.90921,-19.86722],[-43.90856,-19.86776],[-43.90839,-19.86795],[-43.90829,-19.86799],[-43.90755,-19.86857],[-43.90732,-19.87001],[-43.90726,-19.87029],[-43.90715,-19.87067],[-43.90711,-19.87096],[-43.90715,-19.8713],[-43.90722,-19.87153],[-43.9079,-19.87349],[-43.90804,-19.87392],[-43.90806,-19.87433],[-43.90803,-19.87457],[-43.90787,-19.87488],[-43.9073,-19.87551],[-43.90717,-19.87571],[-43.90911,-19.87611],[-43.90923,-19.87611],[-43.90978,-19.87634],[-43.90904,-19.87743],[-43.90909,-19.87747],[-43.90889,-19.87794],[-43.90858,-19.87841],[-43.90847,-19.87865],[-43.90837,-19.87893],[-43.90838,-19.87911],[-43.90809,-19.8795],[-43.90824,-19.87998],[-43.9086,-19.88018],[-43.90852,-19.88071],[-43.9084,-19.88115],[-43.90828,-19.88147],[-43.90785,-19.88241],[-43.90783,-19.88251],[-43.90784,-19.88297],[-43.90783,-19.8834],[-43.90776,-19.88355],[-43.90765,-19.88368],[-43.90752,-19.88377],[-43.90732,-19.88386],[-43.90701,-19.88405],[-43.90684,-19.8842],[-43.90656,-19.88457],[-43.90618,-19.88535],[-43.90611,-19.88558],[-43.90593,-19.88648],[-43.90574,-19.88624],[-43.90551,-19.88624],[-43.90539,-19.88644],[-43.90532,-19.88645],[-43.9051,-19.88624],[-43.90475,-19.88624],[-43.90466,-19.88641],[-43.90458,-19.8864],[-43.90441,-19.88621],[-43.90407,-19.88621],[-43.90393,-19.88637],[-43.90348,-19.88503],[-43.90274,-19.885],[-43.90254,-19.88522],[-43.90214,-19.88522],[-43.90199,-19.88497],[-43.90175,-19.88516],[-43.90061,-19.88515],[-43.9003,-19.88485],[-43.9001,-19.8851],[-43.90013,-19.88524],[-43.89943,-19.88522],[-43.89918,-19.88541],[-43.89892,-19.88563],[-43.89707,-19.88551],[-43.89703,-19.88528],[-43.89687,-19.88592],[-43.89615,-19.88588],[-43.89548,-19.88699],[-43.89455,-19.88725],[-43.89393,-19.8878],[-43.89319,-19.88764],[-43.89297,-19.88752],[-43.89216,-19.88651],[-43.89198,-19.88634],[-43.892,-19.8863],[-43.876,-19.86942],[-43.88299,-19.86576],[-43.89322,-19.8601],[-43.89354,-19.86134],[-43.89376,-19.86194],[-43.89377,-19.86253],[-43.89191,-19.86464],[-43.89139,-19.86538],[-43.89165,-19.86551],[-43.89229,-19.86572],[-43.89257,-19.86562],[-43.89268,-19.86553],[-43.8929,-19.86544],[-43.89307,-19.8654],[-43.89329,-19.86542],[-43.8934,-19.86541],[-43.89355,-19.86531],[-43.89371,-19.86529],[-43.89373,-19.86525],[-43.89374,-19.86511],[-43.89376,-19.86507],[-43.89385,-19.86502],[-43.89406,-19.86498],[-43.89418,-19.86493],[-43.89447,-19.86467],[-43.89462,-19.86459],[-43.89471,-19.86457],[-43.89473,-19.86479],[-43.89501,-19.86469],[-43.89514,-19.86478],[-43.89551,-19.86525],[-43.89581,-19.86551],[-43.89594,-19.86565],[-43.89627,-19.86631],[-43.8964,-19.86659],[-43.89655,-19.86702],[-43.89656,-19.86713],[-43.89653,-19.86717],[-43.8964,-19.86719],[-43.89635,-19.86724],[-43.8962,-19.86743],[-43.89617,-19.86761],[-43.89622,-19.8683],[-43.8964,-19.86891],[-43.89654,-19.86911],[-43.89682,-19.86925],[-43.89741,-19.86949],[-43.89741,-19.86946],[-43.89796,-19.86963],[-43.89838,-19.86981],[-43.89846,-19.86981],[-43.89874,-19.87007],[-43.89912,-19.87046],[-43.89929,-19.87058],[-43.89939,-19.87076],[-43.89946,-19.87095],[-43.89952,-19.87118],[-43.89914,-19.87124],[-43.89882,-19.87134],[-43.89834,-19.87143],[-43.89793,-19.87157],[-43.89767,-19.87161],[-43.89757,-19.87164],[-43.89748,-19.87165],[-43.89735,-19.87186],[-43.8975,-19.87221],[-43.89721,-19.87235],[-43.89705,-19.87268],[-43.89715,-19.87293],[-43.89727,-19.87302],[-43.89775,-19.87326],[-43.89788,-19.87334],[-43.89804,-19.87347],[-43.8985,-19.87416],[-43.89833,-19.87429],[-43.8985,-19.87458],[-43.89848,-19.87471],[-43.89833,-19.87483],[-43.89857,-19.87509],[-43.89892,-19.87552],[-43.89927,-19.87586],[-43.89973,-19.87619],[-43.89998,-19.87635],[-43.90043,-19.87657],[-43.90184,-19.87627],[-43.90182,-19.87621],[-43.90169,-19.87601],[-43.90191,-19.87571],[-43.90204,-19.87578],[-43.90218,-19.87578],[-43.90251,-19.87571],[-43.90243,-19.87542],[-43.90272,-19.87554],[-43.90282,-19.87565],[-43.90309,-19.87553],[-43.90323,-19.87553],[-43.90314,-19.87535],[-43.90323,-19.8753],[-43.90309,-19.87513],[-43.90313,-19.87508],[-43.90329,-19.87526],[-43.90343,-19.87531],[-43.90403,-19.87523],[-43.90399,-19.87486],[-43.90383,-19.87435],[-43.90345,-19.87282],[-43.90336,-19.87239],[-43.90332,-19.87183],[-43.90337,-19.87095],[-43.90341,-19.87065],[-43.90348,-19.8704],[-43.90385,-19.86874],[-43.90408,-19.86653],[-43.9042,-19.86583],[-43.90449,-19.86435],[-43.90464,-19.86374],[-43.90472,-19.86324],[-43.90513,-19.86102],[-43.90515,-19.86085],[-43.90544,-19.85959],[-43.90547,-19.85909],[-43.90576,-19.85788],[-43.90535,-19.85785],[-43.90398,-19.85762],[-43.90211,-19.85723],[-43.90214,-19.85688],[-43.90205,-19.8568],[-43.90127,-19.85627],[-43.9007,-19.85596],[-43.9057,-19.85319],[-43.90565,-19.854],[-43.90657,-19.85391],[-43.90713,-19.85392],[-43.90744,-19.85421],[-43.90853,-19.85531],[-43.90936,-19.85583],[-43.90983,-19.85601],[-43.90997,-19.85602],[-43.91015,-19.85597],[-43.91029,-19.85664],[-43.91039,-19.85689],[-43.91096,-19.85774],[-43.91106,-19.85796],[-43.9105,-19.85818],[-43.91035,-19.85831],[-43.91122,-19.8584],[-43.91131,-19.85929],[-43.9113,-19.85948],[-43.91167,-19.8598],[-43.91143,-19.86033],[-43.91277,-19.86126],[-43.91242,-19.86152],[-43.91211,-19.86151],[-43.91208,-19.86159],[-43.91218,-19.86168],[-43.91306,-19.86225],[-43.91398,-19.86289],[-43.91399,-19.86307],[-43.91434,-19.86405],[-43.91461,-19.86495],[-43.9147,-19.8653],[-43.9148,-19.86554],[-43.91502,-19.86619]]],[[[-43.90603,-19.89003],[-43.90598,-19.88985],[-43.90591,-19.88953],[-43.90603,-19.89003]]],[[[-43.89854,-19.86171],[-43.8984,-19.86174],[-43.89836,-19.86168],[-43.89814,-19.86175],[-43.89807,-19.86127],[-43.89826,-19.86109],[-43.89832,-19.86128],[-43.89838,-19.86141],[-43.89854,-19.86171]]]]}},{"type":"Feature","properties":{"territory_id":"mg-3106200-maria-helena-venda-nova-parte","name":"Maria Helena (venda Nova - Parte)","municipality_id":"mg-3106200","polling_places":2,"approx":true,"official":false,"method":"voronoi-polling-places","whole_municipality":false,"approx_coords_only":false},"geometry":{"type":"MultiPolygon","coordinates":[[[[-43.99345,-19.80344],[-43.99006,-19.80363],[-43.99025,-19.7997],[-43.99345,-19.80344]]],[[[-43.98937,-19.79867],[-43.98864,-19.79807],[-43.98866,-19.79783],[-43.98937,-19.79867]]]]}},{"type":"Feature","properties":{"territory_id":"mg-3106200-milionarios","name":"Milionários","municipality_id":"mg-3106200","polling_places":2,"approx":false,"official":true,"method":"official-ibge-cd2022","whole_municipality":false,"approx_coords_only":false,"official_name":"Milionários","official_code":"3106200315","match":"direct"},"geometry":{"type":"MultiPolygon","coordinates":[[[[-43.99546,-19.98157],[-43.99544,-19.98163],[-43.99539,-19.9817],[-43.99534,-19.98173],[-43.99524,-19.98176],[-43.99514,-19.98217],[-43.99568,-19.98229],[-43.99601,-19.9824],[-43.99656,-19.98269],[-43.9968,-19.98288],[-43.99686,-19.98289],[-43.99802,-19.98349],[-43.99856,-19.98423],[-43.99861,-19.98393],[-44.00375,-19.98658],[-44.00621,-19.98789],[-44.00647,-19.9874],[-44.0083,-19.98838],[-44.00847,-19.98781],[-44.00835,-19.98772],[-44.00826,-19.98758],[-44.00823,-19.98745],[-44.00824,-19.98732],[-44.00828,-19.98723],[-44.00835,-19.98714],[-44.00846,-19.98709],[-44.00871,-19.98704],[-44.00899,-19.98588],[-44.0092,-19.9852],[-44.00967,-19.9836],[-44.00876,-19.9832],[-44.00867,-19.98337],[-44.00857,-19.98338],[-44.00661,-19.98228],[-44.006,-19.98196],[-44.00605,-19.98138],[-44.00597,-19.98038],[-44.00627,-19.98036],[-44.00604,-19.97958],[-44.00585,-19.97909],[-44.00573,-19.97883],[-44.00532,-19.97804],[-44.0051,-19.97773],[-44.0049,-19.97758],[-44.00455,-19.97742],[-44.00429,-19.97742],[-44.00413,-19.97745],[-44.00394,-19.97756],[-44.00381,-19.97773],[-43.99861,-19.97495],[-43.99834,-19.97482],[-43.99811,-19.97497],[-43.99803,-19.97489],[-43.99744,-19.97464],[-43.99736,-19.97477],[-43.99724,-19.9749],[-43.99599,-19.97577],[-43.99407,-19.97718],[-43.99437,-19.97768],[-43.99448,-19.97777],[-43.9945,-19.97787],[-43.99433,-19.97801],[-43.99418,-19.97807],[-43.99397,-19.97809],[-43.99367,-19.97808],[-43.99367,-19.97822],[-43.99361,-19.97833],[-43.99341,-19.97847],[-43.99317,-19.97861],[-43.99327,-19.97896],[-43.99337,-19.97944],[-43.99343,-19.97983],[-43.99379,-19.97993],[-43.99453,-19.9802],[-43.99481,-19.98036],[-43.99483,-19.98046],[-43.99483,-19.98055],[-43.99479,-19.98063],[-43.99471,-19.98072],[-43.99453,-19.98081],[-43.9943,-19.98101],[-43.99425,-19.98115],[-43.99428,-19.98123],[-43.99431,-19.98129],[-43.99442,-19.98137],[-43.99463,-19.98145],[-43.9951,-19.98155],[-43.99517,-19.98149],[-43.99534,-19.9815],[-43.99542,-19.98153],[-43.99546,-19.98157]],[[-44.00123,-19.98207],[-44.00072,-19.98296],[-43.99985,-19.98251],[-44.00008,-19.98217],[-43.99998,-19.98212],[-44.00029,-19.98159],[-44.0012,-19.98206],[-44.00123,-19.98207]]]]}},{"type":"Feature","properties":{"territory_id":"mg-3106200-minas-brasil","name":"Minas Brasil","municipality_id":"mg-3106200","polling_places":1,"approx":false,"official":true,"method":"official-ibge-cd2022","whole_municipality":false,"approx_coords_only":false,"official_name":"Minas Brasil","official_code":"3106200226","match":"direct"},"geometry":{"type":"MultiPolygon","coordinates":[[[[-43.99031,-19.92013],[-43.99115,-19.91926],[-43.99342,-19.91615],[-43.99415,-19.91693],[-43.99435,-19.91651],[-43.99457,-19.91612],[-43.99474,-19.91568],[-43.99419,-19.91507],[-43.9939,-19.91468],[-43.99379,-19.91441],[-43.99371,-19.91419],[-43.99364,-19.91383],[-43.99364,-19.91373],[-43.99318,-19.91367],[-43.99265,-19.91371],[-43.99053,-19.91401],[-43.98928,-19.91415],[-43.98936,-19.91441],[-43.98954,-19.91466],[-43.98969,-19.91476],[-43.99142,-19.91548],[-43.99157,-19.91559],[-43.99166,-19.91572],[-43.99171,-19.91583],[-43.99169,-19.91592],[-43.99163,-19.91593],[-43.99154,-19.91597],[-43.99148,-19.91603],[-43.99115,-19.91591],[-43.99083,-19.91586],[-43.99051,-19.91588],[-43.99014,-19.91595],[-43.98841,-19.91655],[-43.98819,-19.91666],[-43.98801,-19.91681],[-43.98785,-19.917],[-43.98777,-19.91724],[-43.98774,-19.91746],[-43.9877,-19.91762],[-43.98767,-19.9179],[-43.98763,-19.91809],[-43.98728,-19.91874],[-43.98723,-19.91893],[-43.98719,-19.91931],[-43.98717,-19.91968],[-43.9887,-19.92142],[-43.98921,-19.92101],[-43.99031,-19.92013]]]]}},{"type":"Feature","properties":{"territory_id":"mg-3106200-minas-caixa-venda-nova","name":"Minas Caixa (venda Nova)","municipality_id":"mg-3106200","polling_places":3,"approx":true,"official":false,"method":"voronoi-polling-places","whole_municipality":false,"approx_coords_only":false},"geometry":{"type":"MultiPolygon","coordinates":[[[[-43.96336,-19.80501],[-43.96243,-19.81199],[-43.96089,-19.81164],[-43.95288,-19.81554],[-43.94854,-19.8146],[-43.94763,-19.81109],[-43.95029,-19.80676],[-43.95064,-19.80427],[-43.95766,-19.80158],[-43.95833,-19.80118],[-43.96336,-19.80501]]]]}},{"type":"Feature","properties":{"territory_id":"mg-3106200-minaslandia","name":"Minaslândia","municipality_id":"mg-3106200","polling_places":1,"approx":false,"official":true,"method":"official-ibge-cd2022","whole_municipality":false,"approx_coords_only":false,"official_name":"Minaslândia","official_code":"3106200445","match":"direct"},"geometry":{"type":"MultiPolygon","coordinates":[[[[-43.92707,-19.85196],[-43.92711,-19.85241],[-43.92715,-19.85261],[-43.92719,-19.85283],[-43.92734,-19.85327],[-43.92738,-19.85345],[-43.92792,-19.85478],[-43.92811,-19.85473],[-43.92852,-19.85457],[-43.92852,-19.85478],[-43.92854,-19.85497],[-43.92859,-19.85521],[-43.92869,-19.85552],[-43.92902,-19.8561],[-43.92909,-19.85616],[-43.92918,-19.85626],[-43.92931,-19.85646],[-43.92941,-19.85663],[-43.9296,-19.85726],[-43.92972,-19.85771],[-43.92986,-19.85836],[-43.92993,-19.85857],[-43.93112,-19.85805],[-43.9324,-19.85752],[-43.93271,-19.85747],[-43.93468,-19.85744],[-43.93491,-19.85681],[-43.93512,-19.85601],[-43.9352,-19.85555],[-43.93524,-19.85522],[-43.93525,-19.85472],[-43.93524,-19.85435],[-43.93518,-19.85394],[-43.93508,-19.85349],[-43.93498,-19.8532],[-43.93487,-19.85298],[-43.93465,-19.85236],[-43.93328,-19.84987],[-43.93309,-19.84947],[-43.93286,-19.8489],[-43.93272,-19.84809],[-43.93263,-19.84743],[-43.9326,-19.84703],[-43.93277,-19.8468],[-43.93245,-19.84675],[-43.93191,-19.84647],[-43.93113,-19.84645],[-43.93043,-19.84648],[-43.93036,-19.84636],[-43.92994,-19.84606],[-43.92929,-19.84545],[-43.92871,-19.84764],[-43.92835,-19.84765],[-43.92816,-19.84767],[-43.9276,-19.84755],[-43.92755,-19.84761],[-43.92745,-19.84795],[-43.92722,-19.84814],[-43.9272,-19.84829],[-43.92721,-19.84845],[-43.92724,-19.84852],[-43.92785,-19.84866],[-43.92796,-19.84871],[-43.92829,-19.84879],[-43.92884,-19.8503],[-43.92897,-19.85055],[-43.92907,-19.85085],[-43.92847,-19.85082],[-43.9278,-19.85075],[-43.92762,-19.85042],[-43.92761,-19.85025],[-43.92643,-19.85082],[-43.92705,-19.85188],[-43.92707,-19.85196]]]]}},{"type":"Feature","properties":{"territory_id":"mg-3106200-mineirao","name":"Mineirão","municipality_id":"mg-3106200","polling_places":1,"approx":false,"official":true,"method":"official-ibge-cd2022","whole_municipality":false,"approx_coords_only":false,"official_name":"Mineirão","official_code":"3106200334","match":"direct"},"geometry":{"type":"MultiPolygon","coordinates":[[[[-44.02793,-20.02788],[-44.02828,-20.0275],[-44.02838,-20.02728],[-44.02884,-20.02676],[-44.02998,-20.02558],[-44.03087,-20.02473],[-44.03143,-20.02433],[-44.03152,-20.02424],[-44.03069,-20.02367],[-44.03039,-20.02343],[-44.02943,-20.02259],[-44.02912,-20.02286],[-44.02896,-20.02296],[-44.02841,-20.0225],[-44.02854,-20.02241],[-44.0274,-20.02148],[-44.02736,-20.02168],[-44.02644,-20.02095],[-44.02638,-20.02088],[-44.02542,-20.02073],[-44.0257,-20.02114],[-44.02474,-20.02168],[-44.02407,-20.02201],[-44.02467,-20.0228],[-44.0244,-20.0231],[-44.02295,-20.02413],[-44.0248,-20.02662],[-44.02682,-20.02911],[-44.02703,-20.0289],[-44.02788,-20.02794],[-44.02793,-20.02788]]]]}},{"type":"Feature","properties":{"territory_id":"mg-3106200-monte-azul","name":"Monte Azul","municipality_id":"mg-3106200","polling_places":1,"approx":false,"official":true,"method":"official-ibge-cd2022","whole_municipality":false,"approx_coords_only":false,"official_name":"Monte Azul","official_code":"3106200447","match":"direct"},"geometry":{"type":"MultiPolygon","coordinates":[[[[-43.89485,-19.81949],[-43.895,-19.8195],[-43.89501,-19.81932],[-43.89493,-19.81919],[-43.8948,-19.81905],[-43.89473,-19.81893],[-43.8948,-19.81866],[-43.89462,-19.81854],[-43.8946,-19.81849],[-43.89474,-19.8182],[-43.89462,-19.81804],[-43.89459,-19.81757],[-43.89476,-19.81751],[-43.8949,-19.817],[-43.89493,-19.81643],[-43.89499,-19.81629],[-43.89517,-19.81611],[-43.89517,-19.81594],[-43.89532,-19.81581],[-43.8955,-19.81557],[-43.89578,-19.81511],[-43.89576,-19.81478],[-43.89608,-19.81408],[-43.89608,-19.81385],[-43.89586,-19.81335],[-43.89579,-19.81316],[-43.89572,-19.81275],[-43.89552,-19.81213],[-43.89555,-19.81133],[-43.89561,-19.81111],[-43.89564,-19.81058],[-43.89582,-19.8102],[-43.89601,-19.80957],[-43.89589,-19.80959],[-43.89566,-19.8097],[-43.89521,-19.80997],[-43.89505,-19.81003],[-43.89407,-19.81021],[-43.89392,-19.81034],[-43.89323,-19.81242],[-43.8932,-19.81259],[-43.89322,-19.81287],[-43.89327,-19.81319],[-43.89326,-19.81355],[-43.89317,-19.81397],[-43.89302,-19.814],[-43.89266,-19.81411],[-43.8925,-19.81424],[-43.8923,-19.81402],[-43.89243,-19.81431],[-43.89206,-19.81458],[-43.89161,-19.81467],[-43.89107,-19.8146],[-43.89074,-19.81501],[-43.89049,-19.81546],[-43.89024,-19.8158],[-43.88981,-19.81626],[-43.88941,-19.81651],[-43.88911,-19.81663],[-43.88879,-19.81665],[-43.88845,-19.81653],[-43.88816,-19.81637],[-43.88813,-19.81649],[-43.88802,-19.8166],[-43.88789,-19.81655],[-43.88779,-19.81646],[-43.88779,-19.81634],[-43.88768,-19.81623],[-43.8877,-19.81606],[-43.88704,-19.81567],[-43.88668,-19.81565],[-43.88653,-19.81556],[-43.88632,-19.81538],[-43.88617,-19.81519],[-43.88595,-19.81508],[-43.8857,-19.8151],[-43.88548,-19.81519],[-43.88529,-19.81531],[-43.88545,-19.81556],[-43.88575,-19.81571],[-43.88581,-19.81578],[-43.88577,-19.81588],[-43.88567,-19.81598],[-43.8855,-19.81607],[-43.8858,-19.81649],[-43.88682,-19.81779],[-43.88712,-19.81806],[-43.88737,-19.81833],[-43.88771,-19.81845],[-43.88915,-19.81874],[-43.88938,-19.8188],[-43.88992,-19.81903],[-43.89028,-19.81936],[-43.8915,-19.82113],[-43.89173,-19.82138],[-43.89195,-19.82154],[-43.89249,-19.82157],[-43.8927,-19.82149],[-43.89291,-19.82138],[-43.89315,-19.82117],[-43.89391,-19.82034],[-43.89444,-19.81978],[-43.8947,-19.8196],[-43.89485,-19.81949]]]]}},{"type":"Feature","properties":{"territory_id":"mg-3106200-nazare","name":"Nazaré","municipality_id":"mg-3106200","polling_places":2,"approx":false,"official":true,"method":"official-ibge-cd2022","whole_municipality":false,"approx_coords_only":false,"official_name":"Nazaré","official_code":"3106200401","match":"direct"},"geometry":{"type":"MultiPolygon","coordinates":[[[[-43.89163,-19.85181],[-43.89139,-19.85182],[-43.89131,-19.85199],[-43.8911,-19.852],[-43.89065,-19.85192],[-43.89044,-19.85214],[-43.89022,-19.85193],[-43.89015,-19.852],[-43.88992,-19.85179],[-43.88998,-19.85173],[-43.88963,-19.85141],[-43.8896,-19.85141],[-43.88954,-19.85149],[-43.88953,-19.85151],[-43.88965,-19.85162],[-43.88941,-19.85187],[-43.88937,-19.85184],[-43.88901,-19.85226],[-43.88886,-19.85246],[-43.88916,-19.85277],[-43.89064,-19.85403],[-43.89104,-19.85433],[-43.89126,-19.85445],[-43.89156,-19.85458],[-43.89313,-19.85505],[-43.89551,-19.85569],[-43.89691,-19.85603],[-43.89789,-19.85633],[-43.90211,-19.85723],[-43.90214,-19.85688],[-43.90205,-19.8568],[-43.90127,-19.85627],[-43.90037,-19.85578],[-43.90009,-19.85561],[-43.9,-19.85552],[-43.89955,-19.85529],[-43.89928,-19.85519],[-43.89911,-19.85516],[-43.89902,-19.8551],[-43.89886,-19.85493],[-43.89903,-19.8548],[-43.89914,-19.85467],[-43.89922,-19.85451],[-43.89925,-19.85428],[-43.89922,-19.85394],[-43.89917,-19.85381],[-43.89916,-19.85362],[-43.89917,-19.8534],[-43.9001,-19.85331],[-43.9003,-19.85343],[-43.90076,-19.85338],[-43.90079,-19.85163],[-43.90161,-19.85115],[-43.90095,-19.85058],[-43.90076,-19.85022],[-43.90047,-19.84939],[-43.90038,-19.84885],[-43.90023,-19.84819],[-43.90021,-19.84803],[-43.90013,-19.84778],[-43.90006,-19.84764],[-43.90001,-19.84761],[-43.89992,-19.8476],[-43.89978,-19.84766],[-43.89975,-19.84758],[-43.89966,-19.84756],[-43.89955,-19.84745],[-43.89945,-19.84729],[-43.89939,-19.84711],[-43.89939,-19.84707],[-43.89925,-19.84705],[-43.89891,-19.84688],[-43.8981,-19.84587],[-43.89767,-19.84649],[-43.89716,-19.84714],[-43.89702,-19.84737],[-43.89663,-19.84714],[-43.89642,-19.84778],[-43.89635,-19.84777],[-43.89562,-19.84848],[-43.89495,-19.84901],[-43.89518,-19.84925],[-43.89501,-19.84943],[-43.89494,-19.84949],[-43.89477,-19.84937],[-43.89473,-19.84962],[-43.8947,-19.85003],[-43.89471,-19.85102],[-43.89474,-19.85117],[-43.8944,-19.85119],[-43.89401,-19.85113],[-43.89379,-19.85112],[-43.89372,-19.85115],[-43.89303,-19.85117],[-43.89303,-19.85127],[-43.89162,-19.85137],[-43.89163,-19.8517],[-43.89163,-19.85181]]]]}},{"type":"Feature","properties":{"territory_id":"mg-3106200-nova-cachoeirinha","name":"Nova Cachoeirinha","municipality_id":"mg-3106200","polling_places":1,"approx":false,"official":true,"method":"official-ibge-cd2022","whole_municipality":false,"approx_coords_only":false,"official_name":"Nova Cachoeirinha","official_code":"3106200228","match":"direct"},"geometry":{"type":"MultiPolygon","coordinates":[[[[-43.95762,-19.8875],[-43.95779,-19.8872],[-43.95785,-19.88697],[-43.95782,-19.88657],[-43.95784,-19.88616],[-43.9579,-19.88597],[-43.95823,-19.88531],[-43.95827,-19.8851],[-43.95845,-19.88474],[-43.95855,-19.88448],[-43.95855,-19.88419],[-43.95841,-19.88382],[-43.95851,-19.88377],[-43.95858,-19.88369],[-43.95928,-19.88405],[-43.95956,-19.88408],[-43.95987,-19.88398],[-43.95977,-19.88384],[-43.95932,-19.88279],[-43.95918,-19.88255],[-43.95915,-19.88219],[-43.95719,-19.88155],[-43.95542,-19.88098],[-43.95444,-19.88064],[-43.95424,-19.88054],[-43.95394,-19.88037],[-43.95374,-19.88021],[-43.95337,-19.87987],[-43.95338,-19.87999],[-43.95337,-19.88011],[-43.95331,-19.88028],[-43.95319,-19.88041],[-43.95263,-19.88076],[-43.95257,-19.88078],[-43.95251,-19.88077],[-43.95223,-19.88069],[-43.95215,-19.88059],[-43.952,-19.88034],[-43.95199,-19.88019],[-43.95207,-19.87988],[-43.9522,-19.87958],[-43.95224,-19.87845],[-43.95082,-19.88221],[-43.95072,-19.88255],[-43.95069,-19.88283],[-43.95063,-19.88308],[-43.95063,-19.8835],[-43.95069,-19.88391],[-43.95123,-19.88588],[-43.95125,-19.88604],[-43.95127,-19.88624],[-43.95126,-19.88687],[-43.95117,-19.88718],[-43.95146,-19.88712],[-43.95184,-19.8871],[-43.95208,-19.88714],[-43.95218,-19.88718],[-43.9525,-19.88745],[-43.95267,-19.88754],[-43.95286,-19.88759],[-43.95369,-19.88761],[-43.95412,-19.8876],[-43.95542,-19.88863],[-43.95555,-19.8888],[-43.95564,-19.88868],[-43.95583,-19.88848],[-43.95538,-19.8881],[-43.9556,-19.88788],[-43.9557,-19.8878],[-43.95577,-19.88792],[-43.9559,-19.88809],[-43.95616,-19.88834],[-43.95614,-19.88905],[-43.95607,-19.8891],[-43.95591,-19.88919],[-43.95621,-19.88957],[-43.95673,-19.88905],[-43.95698,-19.88878],[-43.9574,-19.88798],[-43.95762,-19.8875]],[[-43.95171,-19.88209],[-43.95161,-19.88234],[-43.952,-19.88243],[-43.95235,-19.88257],[-43.95259,-19.88269],[-43.95298,-19.8832],[-43.95336,-19.88365],[-43.95344,-19.88342],[-43.95354,-19.88337],[-43.95366,-19.88357],[-43.9536,-19.8837],[-43.95384,-19.88417],[-43.95414,-19.88402],[-43.95422,-19.88417],[-43.95426,-19.88417],[-43.95424,-19.88419],[-43.95446,-19.88463],[-43.9546,-19.88484],[-43.95467,-19.88489],[-43.95437,-19.88556],[-43.95416,-19.88525],[-43.95405,-19.88515],[-43.95385,-19.88475],[-43.95356,-19.88473],[-43.95346,-19.88487],[-43.95345,-19.88482],[-43.95304,-19.88509],[-43.95298,-19.88517],[-43.95296,-19.88516],[-43.95279,-19.88553],[-43.95268,-19.88559],[-43.95228,-19.88488],[-43.95219,-19.88477],[-43.95193,-19.88459],[-43.95181,-19.88463],[-43.95187,-19.88385],[-43.95144,-19.88385],[-43.95137,-19.88378],[-43.95166,-19.88356],[-43.95187,-19.88331],[-43.95186,-19.88324],[-43.95156,-19.88265],[-43.95155,-19.88256],[-43.95158,-19.88249],[-43.95134,-19.88239],[-43.95143,-19.8821],[-43.95132,-19.88206],[-43.95139,-19.88193],[-43.95169,-19.88203],[-43.95171,-19.88209]]]]}},{"type":"Feature","properties":{"territory_id":"mg-3106200-nova-cintra","name":"Nova Cintra","municipality_id":"mg-3106200","polling_places":3,"approx":false,"official":true,"method":"official-ibge-cd2022","whole_municipality":false,"approx_coords_only":false,"official_name":"Nova Cintra","official_code":"3106200144","match":"direct"},"geometry":{"type":"MultiPolygon","coordinates":[[[[-43.98869,-19.9504],[-43.98875,-19.95043],[-43.98966,-19.95105],[-43.99012,-19.95133],[-43.99091,-19.9504],[-43.99112,-19.95043],[-43.99165,-19.95097],[-43.99202,-19.95131],[-43.99264,-19.95201],[-43.99367,-19.95309],[-43.99577,-19.95127],[-43.99636,-19.95113],[-43.99656,-19.951],[-43.99662,-19.95094],[-43.99713,-19.95087],[-43.99722,-19.9508],[-43.99757,-19.95024],[-43.99801,-19.94957],[-43.99808,-19.94939],[-43.99833,-19.94901],[-43.99835,-19.94886],[-43.99833,-19.94873],[-43.9984,-19.94797],[-43.9985,-19.9479],[-43.99824,-19.94748],[-43.99774,-19.94754],[-43.9977,-19.94742],[-43.99606,-19.94775],[-43.9944,-19.94777],[-43.99391,-19.94774],[-43.99358,-19.94759],[-43.99348,-19.9475],[-43.99064,-19.94549],[-43.99017,-19.94518],[-43.98986,-19.94501],[-43.98876,-19.94576],[-43.98829,-19.94512],[-43.98826,-19.94504],[-43.98808,-19.94538],[-43.98797,-19.9458],[-43.98768,-19.94592],[-43.98723,-19.94603],[-43.98737,-19.94637],[-43.98754,-19.94691],[-43.98752,-19.94725],[-43.98738,-19.94758],[-43.98714,-19.94787],[-43.98715,-19.94811],[-43.9872,-19.94815],[-43.98727,-19.94842],[-43.98686,-19.94873],[-43.98606,-19.94928],[-43.98591,-19.9494],[-43.98586,-19.94941],[-43.98536,-19.94995],[-43.98518,-19.95024],[-43.98505,-19.95071],[-43.98502,-19.95096],[-43.98503,-19.95128],[-43.98506,-19.95148],[-43.98513,-19.95174],[-43.98522,-19.952],[-43.98542,-19.95231],[-43.98565,-19.95259],[-43.98608,-19.95299],[-43.98735,-19.95402],[-43.98776,-19.95422],[-43.98786,-19.95413],[-43.98867,-19.95308],[-43.98897,-19.95275],[-43.98898,-19.95267],[-43.9889,-19.95213],[-43.98889,-19.95195],[-43.98878,-19.95099],[-43.98869,-19.9504]]]]}},{"type":"Feature","properties":{"territory_id":"mg-3106200-nova-esperanca","name":"Nova Esperança","municipality_id":"mg-3106200","polling_places":1,"approx":false,"official":true,"method":"official-ibge-cd2022","whole_municipality":false,"approx_coords_only":false,"official_name":"Nova Esperança","official_code":"3106200229","match":"direct"},"geometry":{"type":"MultiPolygon","coordinates":[[[[-43.95916,-19.89533],[-43.95891,-19.89654],[-43.95879,-19.89693],[-43.95868,-19.89716],[-43.95831,-19.89758],[-43.95816,-19.89771],[-43.95763,-19.89826],[-43.95726,-19.89819],[-43.95716,-19.89873],[-43.95706,-19.89912],[-43.95641,-19.90149],[-43.95638,-19.90366],[-43.9582,-19.90373],[-43.96106,-19.90389],[-43.96179,-19.90384],[-43.96169,-19.90293],[-43.96152,-19.90168],[-43.96287,-19.90173],[-43.9629,-19.90065],[-43.96262,-19.9005],[-43.96229,-19.90029],[-43.9619,-19.8999],[-43.96168,-19.89959],[-43.96192,-19.89924],[-43.96207,-19.89895],[-43.96212,-19.8988],[-43.96215,-19.89857],[-43.96212,-19.89834],[-43.96204,-19.89811],[-43.96193,-19.89791],[-43.9618,-19.89775],[-43.96129,-19.89726],[-43.96113,-19.89715],[-43.96109,-19.89678],[-43.96098,-19.89632],[-43.96046,-19.89526],[-43.95995,-19.89427],[-43.95985,-19.89411],[-43.95972,-19.89421],[-43.95917,-19.89532],[-43.95916,-19.89533]]]]}},{"type":"Feature","properties":{"territory_id":"mg-3106200-nova-floresta","name":"Nova Floresta","municipality_id":"mg-3106200","polling_places":2,"approx":false,"official":true,"method":"official-ibge-cd2022","whole_municipality":false,"approx_coords_only":false,"official_name":"Nova Floresta","official_code":"3106200064","match":"direct"},"geometry":{"type":"MultiPolygon","coordinates":[[[[-43.93204,-19.89369],[-43.93142,-19.89489],[-43.93062,-19.89518],[-43.93052,-19.89541],[-43.93073,-19.89628],[-43.93078,-19.89632],[-43.93085,-19.89634],[-43.93217,-19.89702],[-43.93228,-19.89715],[-43.93243,-19.8972],[-43.93337,-19.8974],[-43.93478,-19.8974],[-43.93505,-19.89684],[-43.93529,-19.89623],[-43.93538,-19.89608],[-43.93559,-19.89591],[-43.93602,-19.89558],[-43.9363,-19.89518],[-43.93632,-19.89469],[-43.93628,-19.89176],[-43.93609,-19.89013],[-43.93604,-19.88951],[-43.93535,-19.88932],[-43.93358,-19.88874],[-43.93287,-19.88857],[-43.93293,-19.88926],[-43.93229,-19.88962],[-43.93165,-19.88994],[-43.93142,-19.89018],[-43.93106,-19.89119],[-43.93103,-19.89132],[-43.93094,-19.89163],[-43.93182,-19.89154],[-43.932,-19.89326],[-43.93204,-19.89369]]]]}},{"type":"Feature","properties":{"territory_id":"mg-3106200-nova-gameleira","name":"Nova Gameleira","municipality_id":"mg-3106200","polling_places":3,"approx":false,"official":true,"method":"official-ibge-cd2022","whole_municipality":false,"approx_coords_only":false,"official_name":"Nova Gameleira","official_code":"3106200146","match":"direct"},"geometry":{"type":"MultiPolygon","coordinates":[[[[-43.98686,-19.93997],[-43.9867,-19.94024],[-43.98641,-19.93998],[-43.98624,-19.93976],[-43.98588,-19.93997],[-43.98564,-19.94009],[-43.98586,-19.94035],[-43.98776,-19.94182],[-43.98799,-19.94206],[-43.98814,-19.94235],[-43.9882,-19.94272],[-43.9882,-19.94281],[-43.98815,-19.94302],[-43.98799,-19.94329],[-43.98779,-19.94354],[-43.9872,-19.94407],[-43.987,-19.94436],[-43.98691,-19.9446],[-43.98688,-19.9449],[-43.98723,-19.94603],[-43.98768,-19.94592],[-43.98797,-19.9458],[-43.98808,-19.94538],[-43.98826,-19.94504],[-43.98829,-19.94512],[-43.98876,-19.94576],[-43.98986,-19.94501],[-43.99017,-19.94518],[-43.9904,-19.94533],[-43.99082,-19.94487],[-43.99083,-19.94484],[-43.99149,-19.94427],[-43.99157,-19.94421],[-43.99219,-19.9436],[-43.99259,-19.94316],[-43.99274,-19.94303],[-43.99282,-19.94299],[-43.99297,-19.94342],[-43.99307,-19.94368],[-43.99315,-19.94373],[-43.99323,-19.94375],[-43.99312,-19.94394],[-43.9924,-19.945],[-43.99198,-19.94554],[-43.99298,-19.94612],[-43.9927,-19.94647],[-43.99204,-19.94604],[-43.99183,-19.94633],[-43.99348,-19.9475],[-43.99358,-19.94759],[-43.99391,-19.94774],[-43.9944,-19.94777],[-43.99606,-19.94775],[-43.99647,-19.94767],[-43.9963,-19.94702],[-43.99688,-19.94688],[-43.99654,-19.94629],[-43.99728,-19.9461],[-43.99728,-19.94605],[-43.9974,-19.9458],[-43.99607,-19.94418],[-43.99584,-19.94421],[-43.9958,-19.94424],[-43.99589,-19.94379],[-43.99667,-19.94377],[-43.99701,-19.94356],[-43.99703,-19.9435],[-43.99674,-19.94302],[-43.99778,-19.94314],[-43.99797,-19.94319],[-43.9981,-19.94319],[-43.99887,-19.94262],[-43.99848,-19.94215],[-43.99755,-19.94177],[-43.99745,-19.94173],[-43.99741,-19.94169],[-43.99732,-19.94169],[-43.99721,-19.94165],[-43.9964,-19.94143],[-43.99654,-19.94041],[-43.9966,-19.9404],[-43.99664,-19.94032],[-43.99693,-19.94037],[-43.99721,-19.94045],[-43.9972,-19.94047],[-43.99748,-19.94058],[-43.99746,-19.94064],[-43.99786,-19.94035],[-43.99788,-19.94006],[-43.99742,-19.93982],[-43.99768,-19.93903],[-43.99782,-19.9389],[-43.99797,-19.93892],[-43.99811,-19.93897],[-43.99813,-19.93946],[-43.99803,-19.9397],[-43.99803,-19.94001],[-43.99842,-19.94025],[-43.99842,-19.94035],[-43.99814,-19.94041],[-43.99788,-19.94057],[-43.99777,-19.94079],[-43.99771,-19.94077],[-43.99756,-19.94088],[-43.99765,-19.94107],[-43.99767,-19.9412],[-43.99756,-19.9414],[-43.99781,-19.94143],[-43.9981,-19.9415],[-43.99825,-19.94156],[-43.99852,-19.94161],[-43.99872,-19.94158],[-43.99889,-19.94149],[-43.99903,-19.94135],[-43.99904,-19.94124],[-43.9991,-19.94116],[-43.9991,-19.94105],[-43.99952,-19.94092],[-43.99967,-19.94085],[-44.00069,-19.94018],[-44.00093,-19.94033],[-44.00086,-19.93997],[-44.00063,-19.93931],[-44.00047,-19.9389],[-44.00047,-19.93885],[-44.00064,-19.93863],[-44.00082,-19.93883],[-44.00123,-19.93939],[-44.0017,-19.93921],[-44.00154,-19.93866],[-44.00156,-19.9386],[-44.00138,-19.93798],[-44.00138,-19.93783],[-44.00144,-19.93756],[-44.00157,-19.93738],[-44.0013,-19.93726],[-44.00087,-19.93713],[-44.00055,-19.93708],[-44.00004,-19.93705],[-43.99953,-19.93711],[-43.99805,-19.93748],[-43.9977,-19.93755],[-43.99735,-19.93756],[-43.99691,-19.93754],[-43.99644,-19.93743],[-43.99616,-19.93733],[-43.99599,-19.93727],[-43.9957,-19.93711],[-43.99524,-19.93672],[-43.99508,-19.93655],[-43.99492,-19.93636],[-43.99467,-19.93595],[-43.99464,-19.93586],[-43.99292,-19.93663],[-43.9917,-19.93712],[-43.99095,-19.93745],[-43.99073,-19.93709],[-43.99044,-19.93684],[-43.99033,-19.93676],[-43.9902,-19.93668],[-43.99005,-19.93661],[-43.98973,-19.93653],[-43.9895,-19.93651],[-43.98923,-19.93651],[-43.98873,-19.93664],[-43.9885,-19.93674],[-43.98838,-19.93682],[-43.98819,-19.93698],[-43.98797,-19.93723],[-43.98783,-19.93746],[-43.98773,-19.93775],[-43.98772,-19.93798],[-43.98774,-19.93807],[-43.98789,-19.93837],[-43.98811,-19.93856],[-43.9864,-19.93914],[-43.98637,-19.93919],[-43.98649,-19.93952],[-43.98677,-19.93989],[-43.98686,-19.93997]],[[-43.99129,-19.9401],[-43.99116,-19.93996],[-43.99054,-19.93982],[-43.99028,-19.93987],[-43.9904,-19.93958],[-43.99164,-19.93854],[-43.99168,-19.93856],[-43.99171,-19.93865],[-43.99176,-19.9385],[-43.99198,-19.93854],[-43.99222,-19.93839],[-43.99241,-19.9382],[-43.99252,-19.93836],[-43.99276,-19.93862],[-43.99304,-19.9389],[-43.99365,-19.93939],[-43.99277,-19.9406],[-43.99236,-19.94113],[-43.99225,-19.94132],[-43.99185,-19.94052],[-43.99149,-19.94008],[-43.99129,-19.9401]]]]}},{"type":"Feature","properties":{"territory_id":"mg-3106200-nova-granada","name":"Nova Granada","municipality_id":"mg-3106200","polling_places":4,"approx":false,"official":true,"method":"official-ibge-cd2022","whole_municipality":false,"approx_coords_only":false,"official_name":"Nova Granada","official_code":"3106200132","match":"direct"},"geometry":{"type":"MultiPolygon","coordinates":[[[[-43.96941,-19.94805],[-43.96944,-19.9458],[-43.96946,-19.94539],[-43.96957,-19.94479],[-43.9697,-19.94423],[-43.96992,-19.94363],[-43.97007,-19.9433],[-43.96985,-19.94302],[-43.96968,-19.94321],[-43.96971,-19.94323],[-43.96969,-19.94337],[-43.96958,-19.94335],[-43.96952,-19.94352],[-43.96925,-19.94345],[-43.96934,-19.9431],[-43.96972,-19.94281],[-43.97009,-19.94326],[-43.97035,-19.94284],[-43.97066,-19.94238],[-43.97104,-19.94188],[-43.97147,-19.94125],[-43.9717,-19.94098],[-43.97226,-19.94018],[-43.97242,-19.93988],[-43.97254,-19.93953],[-43.97269,-19.9388],[-43.97271,-19.93843],[-43.97268,-19.93802],[-43.97261,-19.93759],[-43.9723,-19.93615],[-43.97201,-19.93466],[-43.9718,-19.93385],[-43.97155,-19.93449],[-43.9713,-19.93498],[-43.97115,-19.93523],[-43.97054,-19.93613],[-43.97021,-19.93657],[-43.96986,-19.93695],[-43.96918,-19.9375],[-43.96893,-19.93775],[-43.96872,-19.93802],[-43.96847,-19.9384],[-43.96787,-19.93938],[-43.9676,-19.93987],[-43.96704,-19.94048],[-43.96641,-19.94106],[-43.96504,-19.9422],[-43.9648,-19.94239],[-43.96372,-19.94301],[-43.96394,-19.944],[-43.96469,-19.94469],[-43.96459,-19.94484],[-43.96475,-19.94496],[-43.96542,-19.94554],[-43.96537,-19.9456],[-43.96616,-19.94634],[-43.96664,-19.9466],[-43.96666,-19.94663],[-43.96662,-19.9468],[-43.96689,-19.94702],[-43.9671,-19.94725],[-43.96715,-19.94728],[-43.96725,-19.94693],[-43.96788,-19.94725],[-43.96774,-19.94776],[-43.96772,-19.9479],[-43.96814,-19.94801],[-43.96805,-19.94835],[-43.96845,-19.94844],[-43.96839,-19.94868],[-43.9692,-19.94913],[-43.96929,-19.94895],[-43.96939,-19.94858],[-43.96941,-19.9481],[-43.96941,-19.94805]]]]}},{"type":"Feature","properties":{"territory_id":"mg-3106200-nova-suica","name":"Nova Suíça","municipality_id":"mg-3106200","polling_places":3,"approx":true,"official":false,"method":"voronoi-polling-places","whole_municipality":false,"approx_coords_only":false},"geometry":{"type":"MultiPolygon","coordinates":[[[[-43.99809,-19.93957],[-43.99803,-19.9397],[-43.99803,-19.94001],[-43.99807,-19.94004],[-43.99711,-19.94162],[-43.9964,-19.94143],[-43.99654,-19.94041],[-43.9966,-19.9404],[-43.99664,-19.94032],[-43.99693,-19.94037],[-43.99721,-19.94045],[-43.9972,-19.94047],[-43.99748,-19.94058],[-43.99746,-19.94064],[-43.99786,-19.94035],[-43.99788,-19.94006],[-43.99742,-19.93982],[-43.99768,-19.93903],[-43.99782,-19.93891],[-43.99809,-19.93957]]],[[[-43.99728,-19.93756],[-43.99691,-19.93754],[-43.99644,-19.93743],[-43.99616,-19.93733],[-43.99599,-19.93727],[-43.9957,-19.93711],[-43.99524,-19.93672],[-43.99508,-19.93655],[-43.99492,-19.93636],[-43.99467,-19.93595],[-43.99464,-19.93586],[-43.99453,-19.93541],[-43.99397,-19.93568],[-43.99323,-19.93402],[-43.99293,-19.93362],[-43.99236,-19.93313],[-43.99198,-19.93296],[-43.99156,-19.93279],[-43.9907,-19.93261],[-43.99077,-19.9325],[-43.99089,-19.93245],[-43.99103,-19.93243],[-43.9912,-19.93244],[-43.99279,-19.93206],[-43.99176,-19.93074],[-43.99164,-19.93053],[-43.99138,-19.93018],[-43.99163,-19.9302],[-43.99179,-19.93033],[-43.99302,-19.93082],[-43.99325,-19.93097],[-43.99351,-19.93125],[-43.99385,-19.93174],[-43.99459,-19.93255],[-43.99547,-19.93383],[-43.99597,-19.93448],[-43.99609,-19.9346],[-43.99728,-19.93756]]],[[[-43.99365,-19.93939],[-43.99277,-19.9406],[-43.99236,-19.94113],[-43.99225,-19.94132],[-43.99185,-19.94052],[-43.99149,-19.94008],[-43.99129,-19.9401],[-43.99116,-19.93996],[-43.99054,-19.93982],[-43.99028,-19.93987],[-43.9904,-19.93958],[-43.99164,-19.93854],[-43.99168,-19.93856],[-43.99171,-19.93865],[-43.99176,-19.9385],[-43.99198,-19.93854],[-43.99222,-19.93839],[-43.99241,-19.9382],[-43.99252,-19.93836],[-43.99276,-19.93862],[-43.99304,-19.9389],[-43.99365,-19.93939]]],[[[-43.99323,-19.94375],[-43.99312,-19.94394],[-43.9924,-19.945],[-43.99198,-19.94554],[-43.99298,-19.94612],[-43.9927,-19.94647],[-43.99204,-19.94604],[-43.99183,-19.94633],[-43.99315,-19.94726],[-43.99064,-19.94549],[-43.9904,-19.94533],[-43.99082,-19.94487],[-43.99083,-19.94484],[-43.99149,-19.94427],[-43.99157,-19.94421],[-43.99219,-19.9436],[-43.99259,-19.94316],[-43.99274,-19.94303],[-43.99282,-19.94299],[-43.99297,-19.94342],[-43.99307,-19.94368],[-43.99315,-19.94373],[-43.99323,-19.94375]]],[[[-43.99005,-19.93661],[-43.98975,-19.93654],[-43.98984,-19.93655],[-43.99005,-19.93661]]],[[[-43.98969,-19.93653],[-43.98958,-19.93652],[-43.98962,-19.93652],[-43.98969,-19.93653]]],[[[-43.98901,-19.9506],[-43.98875,-19.9508],[-43.98869,-19.9504],[-43.98875,-19.95043],[-43.98901,-19.9506]]],[[[-43.98837,-19.93684],[-43.98819,-19.93698],[-43.9883,-19.93688],[-43.98837,-19.93684]]],[[[-43.98783,-19.93746],[-43.98773,-19.93775],[-43.98778,-19.93757],[-43.98783,-19.93746]]],[[[-43.98717,-19.91969],[-43.98717,-19.91987],[-43.98716,-19.91994],[-43.98717,-19.91969]]],[[[-43.98695,-19.92051],[-43.98685,-19.92073],[-43.98681,-19.92079],[-43.98695,-19.92051]]],[[[-43.98686,-19.93997],[-43.9867,-19.94024],[-43.98641,-19.93998],[-43.98624,-19.93976],[-43.98588,-19.93997],[-43.98564,-19.94009],[-43.98545,-19.93969],[-43.98537,-19.93916],[-43.98531,-19.93851],[-43.98518,-19.938],[-43.98464,-19.93817],[-43.98434,-19.93829],[-43.98395,-19.93774],[-43.98398,-19.93765],[-43.9836,-19.93731],[-43.98307,-19.93746],[-43.98319,-19.937],[-43.98315,-19.93702],[-43.98234,-19.93682],[-43.98244,-19.93659],[-43.98228,-19.93654],[-43.9823,-19.93644],[-43.98203,-19.93637],[-43.98198,-19.93626],[-43.98169,-19.93619],[-43.98176,-19.93593],[-43.98167,-19.93591],[-43.98166,-19.93561],[-43.98153,-19.93559],[-43.98148,-19.93559],[-43.98082,-19.93544],[-43.98064,-19.93619],[-43.98019,-19.93589],[-43.97963,-19.93752],[-43.97952,-19.93823],[-43.97883,-19.93849],[-43.97857,-19.93887],[-43.97821,-19.93946],[-43.97799,-19.93991],[-43.97782,-19.94019],[-43.97495,-19.93867],[-43.9741,-19.93824],[-43.97349,-19.93832],[-43.9734,-19.93834],[-43.9735,-19.93841],[-43.97336,-19.93858],[-43.97338,-19.93882],[-43.97278,-19.93887],[-43.97266,-19.93893],[-43.97254,-19.93953],[-43.97269,-19.9388],[-43.97271,-19.93843],[-43.97268,-19.93802],[-43.97261,-19.93759],[-43.9723,-19.93615],[-43.97201,-19.93466],[-43.9718,-19.93385],[-43.97155,-19.93449],[-43.9713,-19.93498],[-43.97115,-19.93523],[-43.97054,-19.93613],[-43.97021,-19.93657],[-43.97012,-19.93667],[-43.96768,-19.93606],[-43.96573,-19.93563],[-43.96694,-19.93112],[-43.96974,-19.93099],[-43.97045,-19.93092],[-43.97077,-19.93086],[-43.97185,-19.93053],[-43.97195,-19.93038],[-43.97202,-19.93016],[-43.97203,-19.93001],[-43.97176,-19.92921],[-43.97167,-19.92917],[-43.97171,-19.92906],[-43.97172,-19.92864],[-43.97222,-19.92796],[-43.97231,-19.92772],[-43.97239,-19.92738],[-43.97241,-19.92735],[-43.97266,-19.92728],[-43.97271,-19.92745],[-43.97291,-19.9279],[-43.97298,-19.92795],[-43.97305,-19.92797],[-43.97409,-19.92772],[-43.97562,-19.92745],[-43.97635,-19.92734],[-43.97655,-19.92734],[-43.97713,-19.92738],[-43.97744,-19.92744],[-43.97829,-19.92765],[-43.97982,-19.92798],[-43.9808,-19.92841],[-43.9812,-19.92859],[-43.98199,-19.92907],[-43.98215,-19.9292],[-43.98249,-19.92974],[-43.98268,-19.92964],[-43.98294,-19.92954],[-43.98308,-19.92954],[-43.98315,-19.92957],[-43.98322,-19.92969],[-43.98321,-19.92996],[-43.98333,-19.93005],[-43.98316,-19.93087],[-43.98276,-19.93261],[-43.98272,-19.93299],[-43.98297,-19.93294],[-43.98302,-19.93283],[-43.98329,-19.93286],[-43.98365,-19.93285],[-43.98383,-19.93184],[-43.98329,-19.93179],[-43.98341,-19.93171],[-43.98357,-19.93165],[-43.98367,-19.93158],[-43.98374,-19.9315],[-43.98386,-19.93153],[-43.98392,-19.93158],[-43.98396,-19.93161],[-43.98401,-19.93173],[-43.98396,-19.93203],[-43.98415,-19.93207],[-43.98401,-19.93253],[-43.98395,-19.93301],[-43.98394,-19.93341],[-43.98398,-19.93376],[-43.98415,-19.93465],[-43.98442,-19.93563],[-43.98453,-19.93598],[-43.98472,-19.93595],[-43.98481,-19.93616],[-43.98497,-19.93644],[-43.98547,-19.93696],[-43.98596,-19.93758],[-43.98611,-19.93789],[-43.98627,-19.93859],[-43.98628,-19.9387],[-43.98623,-19.9387],[-43.98596,-19.93881],[-43.9861,-19.93922],[-43.98629,-19.93916],[-43.98637,-19.93919],[-43.98649,-19.93952],[-43.98677,-19.93989],[-43.98686,-19.93997]]],[[[-43.98681,-19.92079],[-43.9867,-19.9209],[-43.98661,-19.92097],[-43.98681,-19.92079]]],[[[-43.98665,-19.92698],[-43.98576,-19.92657],[-43.98611,-19.92673],[-43.98665,-19.92698]]],[[[-43.98542,-19.92052],[-43.98536,-19.92093],[-43.98535,-19.92104],[-43.98525,-19.92104],[-43.98498,-19.92099],[-43.98462,-19.92098],[-43.98461,-19.92081],[-43.98445,-19.92077],[-43.98392,-19.92075],[-43.98378,-19.92077],[-43.98325,-19.92077],[-43.98331,-19.91986],[-43.98338,-19.91984],[-43.98348,-19.91964],[-43.98363,-19.91949],[-43.98377,-19.91943],[-43.98393,-19.9194],[-43.98435,-19.91962],[-43.98498,-19.91991],[-43.98517,-19.92004],[-43.98535,-19.92026],[-43.98542,-19.92052]]],[[[-43.98475,-19.94874],[-43.98437,-19.94903],[-43.98463,-19.94882],[-43.98475,-19.94874]]],[[[-43.9844,-19.92512],[-43.98438,-19.92541],[-43.98436,-19.92553],[-43.9844,-19.92512]]],[[[-43.9841,-19.92593],[-43.98384,-19.92606],[-43.98352,-19.92621],[-43.9841,-19.92593]]],[[[-43.98351,-19.94979],[-43.98322,-19.95004],[-43.9833,-19.94996],[-43.98351,-19.94979]]],[[[-43.98312,-19.92509],[-43.98304,-19.92521],[-43.98292,-19.92515],[-43.98287,-19.92503],[-43.98192,-19.92462],[-43.98086,-19.92428],[-43.98028,-19.92419],[-43.97967,-19.92421],[-43.97925,-19.92427],[-43.97888,-19.9244],[-43.97846,-19.92457],[-43.97846,-19.92416],[-43.97845,-19.92403],[-43.98175,-19.92387],[-43.98224,-19.92395],[-43.98238,-19.92399],[-43.98229,-19.92441],[-43.98269,-19.92458],[-43.98265,-19.92476],[-43.98305,-19.92485],[-43.983,-19.92502],[-43.98312,-19.92509]]],[[[-43.97709,-19.95013],[-43.97591,-19.95033],[-43.97591,-19.95036],[-43.97377,-19.94967],[-43.97389,-19.94926],[-43.97373,-19.94919],[-43.97383,-19.94902],[-43.97379,-19.94876],[-43.97369,-19.94869],[-43.97374,-19.94858],[-43.97376,-19.94857],[-43.97386,-19.94844],[-43.97334,-19.94775],[-43.97362,-19.94779],[-43.97374,-19.94786],[-43.97383,-19.94743],[-43.97404,-19.94706],[-43.97382,-19.94694],[-43.97391,-19.94679],[-43.9741,-19.94692],[-43.97425,-19.94695],[-43.97429,-19.94682],[-43.97423,-19.94705],[-43.97415,-19.9478],[-43.97416,-19.94801],[-43.97427,-19.94829],[-43.97429,-19.94855],[-43.97435,-19.94852],[-43.97457,-19.94883],[-43.97488,-19.94863],[-43.9752,-19.94851],[-43.97593,-19.94831],[-43.97602,-19.94857],[-43.97617,-19.94861],[-43.97611,-19.94884],[-43.97595,-19.94874],[-43.9758,-19.94888],[-43.97592,-19.94912],[-43.97549,-19.94924],[-43.97558,-19.94953],[-43.97599,-19.94947],[-43.97626,-19.94939],[-43.97637,-19.9497],[-43.97677,-19.94948],[-43.97685,-19.94984],[-43.97703,-19.94981],[-43.97709,-19.95013]]],[[[-43.97572,-19.92422],[-43.97568,-19.9248],[-43.97535,-19.92495],[-43.97487,-19.92533],[-43.97475,-19.92534],[-43.9747,-19.92525],[-43.97439,-19.92528],[-43.97424,-19.92522],[-43.97345,-19.92475],[-43.97337,-19.92464],[-43.97335,-19.92457],[-43.97335,-19.92436],[-43.97351,-19.92419],[-43.97366,-19.92424],[-43.97361,-19.92433],[-43.9736,-19.92439],[-43.97393,-19.92447],[-43.97432,-19.92445],[-43.97481,-19.92439],[-43.97572,-19.92422]]],[[[-43.97334,-19.94775],[-43.97324,-19.94772],[-43.97313,-19.94788],[-43.97297,-19.94781],[-43.97282,-19.9481],[-43.97265,-19.948],[-43.9728,-19.94774],[-43.97288,-19.94774],[-43.97305,-19.94754],[-43.97265,-19.94733],[-43.97282,-19.94703],[-43.97295,-19.94701],[-43.9732,-19.94733],[-43.97333,-19.94759],[-43.97334,-19.94775]]],[[[-43.97282,-19.94703],[-43.97278,-19.94702],[-43.97269,-19.94704],[-43.9723,-19.94643],[-43.97231,-19.94628],[-43.97235,-19.94633],[-43.97243,-19.94634],[-43.97257,-19.94651],[-43.97281,-19.9469],[-43.97282,-19.94698],[-43.97282,-19.94703]]],[[[-43.97206,-19.94242],[-43.97173,-19.94297],[-43.97101,-19.94258],[-43.97127,-19.94232],[-43.9713,-19.94214],[-43.9714,-19.94217],[-43.97153,-19.94192],[-43.97164,-19.94184],[-43.97168,-19.94198],[-43.97181,-19.94221],[-43.97189,-19.94229],[-43.97206,-19.94242]]],[[[-43.97176,-19.94412],[-43.97129,-19.94493],[-43.9714,-19.94506],[-43.97161,-19.94539],[-43.9717,-19.94549],[-43.97157,-19.94556],[-43.97149,-19.94565],[-43.97141,-19.94566],[-43.97124,-19.9456],[-43.97119,-19.94561],[-43.97117,-19.94564],[-43.9709,-19.94557],[-43.97097,-19.94543],[-43.97063,-19.94529],[-43.97033,-19.94519],[-43.97011,-19.94586],[-43.97013,-19.9459],[-43.97032,-19.94597],[-43.97015,-19.94665],[-43.97009,-19.94663],[-43.96998,-19.94602],[-43.96997,-19.94582],[-43.96979,-19.94574],[-43.96998,-19.9451],[-43.96954,-19.94496],[-43.96946,-19.94539],[-43.96957,-19.94479],[-43.9697,-19.94423],[-43.96992,-19.94363],[-43.97007,-19.9433],[-43.96985,-19.94302],[-43.96968,-19.94321],[-43.96971,-19.94323],[-43.96969,-19.94337],[-43.96958,-19.94335],[-43.96952,-19.94352],[-43.96925,-19.94345],[-43.96934,-19.9431],[-43.96972,-19.94281],[-43.97009,-19.94326],[-43.97013,-19.94321],[-43.97109,-19.94363],[-43.97097,-19.94386],[-43.97176,-19.94412]]],[[[-43.97097,-19.94626],[-43.97094,-19.94633],[-43.9706,-19.94691],[-43.97057,-19.9476],[-43.97063,-19.94762],[-43.97056,-19.94774],[-43.97008,-19.94778],[-43.97027,-19.94701],[-43.97034,-19.94687],[-43.97021,-19.9467],[-43.9706,-19.94607],[-43.97089,-19.9462],[-43.97097,-19.94626]]],[[[-43.96788,-19.94725],[-43.96775,-19.94771],[-43.95935,-19.94497],[-43.95933,-19.94489],[-43.95932,-19.94476],[-43.95934,-19.94464],[-43.95948,-19.9442],[-43.95902,-19.94346],[-43.95906,-19.9434],[-43.95846,-19.94263],[-43.95844,-19.9426],[-43.9585,-19.94255],[-43.95846,-19.94256],[-43.95834,-19.94238],[-43.95855,-19.94228],[-43.95844,-19.94192],[-43.95874,-19.94184],[-43.95888,-19.9418],[-43.95908,-19.94177],[-43.95951,-19.94166],[-43.95989,-19.94145],[-43.96029,-19.94112],[-43.96049,-19.9408],[-43.96071,-19.94043],[-43.96217,-19.94007],[-43.96125,-19.9403],[-43.96134,-19.94064],[-43.96146,-19.94062],[-43.9616,-19.94109],[-43.96181,-19.94105],[-43.96184,-19.94108],[-43.96177,-19.94125],[-43.96209,-19.94147],[-43.96265,-19.94136],[-43.96277,-19.94177],[-43.96316,-19.94332],[-43.96372,-19.94301],[-43.96394,-19.944],[-43.96469,-19.94469],[-43.96459,-19.94484],[-43.96475,-19.94496],[-43.96542,-19.94554],[-43.96537,-19.9456],[-43.96616,-19.94634],[-43.96664,-19.9466],[-43.96666,-19.94663],[-43.96662,-19.9468],[-43.96689,-19.94702],[-43.9671,-19.94725],[-43.96715,-19.94728],[-43.96725,-19.94693],[-43.96788,-19.94725]]],[[[-43.96709,-19.92678],[-43.96617,-19.92655],[-43.96674,-19.92669],[-43.96709,-19.92678]]],[[[-43.96641,-19.94106],[-43.96504,-19.9422],[-43.9648,-19.94239],[-43.96641,-19.94106]]],[[[-43.96189,-19.93047],[-43.96155,-19.93039],[-43.9599,-19.93002],[-43.96189,-19.93047]]],[[[-43.95407,-19.94232],[-43.95375,-19.94259],[-43.95377,-19.94282],[-43.95342,-19.94298],[-43.9534,-19.94303],[-43.95143,-19.94239],[-43.95143,-19.94204],[-43.95156,-19.94213],[-43.95192,-19.94228],[-43.95246,-19.94245],[-43.95273,-19.94243],[-43.95258,-19.94217],[-43.95282,-19.94202],[-43.95278,-19.94195],[-43.95286,-19.94185],[-43.95295,-19.94159],[-43.95316,-19.94141],[-43.95351,-19.94148],[-43.95352,-19.94146],[-43.95353,-19.94166],[-43.95363,-19.94191],[-43.95407,-19.94232]]],[[[-43.95395,-19.9395],[-43.95332,-19.93618],[-43.9534,-19.9366],[-43.95395,-19.9395]]]]}},{"type":"Feature","properties":{"territory_id":"mg-3106200-nova-vista","name":"Nova Vista","municipality_id":"mg-3106200","polling_places":2,"approx":false,"official":true,"method":"official-ibge-cd2022","whole_municipality":false,"approx_coords_only":false,"official_name":"Nova Vista","official_code":"3106200005","match":"direct"},"geometry":{"type":"MultiPolygon","coordinates":[[[[-43.90381,-19.89047],[-43.90598,-19.88985],[-43.90573,-19.88883],[-43.90567,-19.88841],[-43.90565,-19.88779],[-43.90568,-19.88731],[-43.90577,-19.88715],[-43.90593,-19.88648],[-43.90574,-19.88624],[-43.90551,-19.88624],[-43.90539,-19.88644],[-43.90532,-19.88645],[-43.9051,-19.88624],[-43.90475,-19.88624],[-43.90466,-19.88641],[-43.90458,-19.8864],[-43.90441,-19.88621],[-43.90407,-19.88621],[-43.90393,-19.88637],[-43.90348,-19.88503],[-43.90274,-19.885],[-43.90254,-19.88522],[-43.90214,-19.88522],[-43.90199,-19.88497],[-43.90175,-19.88516],[-43.90061,-19.88515],[-43.9003,-19.88485],[-43.9001,-19.8851],[-43.90013,-19.88524],[-43.89943,-19.88522],[-43.89918,-19.88541],[-43.89892,-19.88563],[-43.89707,-19.88551],[-43.89703,-19.88528],[-43.89687,-19.88592],[-43.89615,-19.88588],[-43.89548,-19.88699],[-43.89455,-19.88725],[-43.89393,-19.8878],[-43.89319,-19.88764],[-43.89297,-19.88752],[-43.89216,-19.88651],[-43.89196,-19.88632],[-43.89171,-19.88622],[-43.89155,-19.8862],[-43.89096,-19.88623],[-43.89066,-19.88632],[-43.89044,-19.88648],[-43.89029,-19.88672],[-43.89026,-19.88706],[-43.89033,-19.88807],[-43.89032,-19.88815],[-43.89043,-19.88842],[-43.89053,-19.88856],[-43.89135,-19.88872],[-43.89285,-19.88903],[-43.89497,-19.8895],[-43.89776,-19.89008],[-43.90054,-19.89064],[-43.90123,-19.89074],[-43.90159,-19.89071],[-43.90397,-19.89119],[-43.90401,-19.89104],[-43.90381,-19.89047]]]]}},{"type":"Feature","properties":{"territory_id":"mg-3106200-novo-aarao-reis","name":"Novo Aarão Reis","municipality_id":"mg-3106200","polling_places":1,"approx":false,"official":true,"method":"official-ibge-cd2022","whole_municipality":false,"approx_coords_only":false,"official_name":"Novo Aarão Reis","official_code":"3106200448","match":"direct"},"geometry":{"type":"MultiPolygon","coordinates":[[[[-43.90576,-19.83847],[-43.9058,-19.83919],[-43.90565,-19.83953],[-43.90498,-19.84012],[-43.90495,-19.84093],[-43.90461,-19.84115],[-43.90403,-19.84127],[-43.90354,-19.84124],[-43.90318,-19.84098],[-43.90279,-19.84095],[-43.90247,-19.8411],[-43.9023,-19.8413],[-43.90221,-19.84148],[-43.90206,-19.84206],[-43.90218,-19.84232],[-43.90234,-19.84254],[-43.90274,-19.84284],[-43.90307,-19.84297],[-43.90344,-19.84309],[-43.90432,-19.84295],[-43.90461,-19.84285],[-43.9048,-19.84287],[-43.90488,-19.84299],[-43.90504,-19.84305],[-43.90548,-19.84309],[-43.90611,-19.84308],[-43.90646,-19.84313],[-43.90665,-19.8431],[-43.90672,-19.84309],[-43.9071,-19.84249],[-43.90732,-19.84232],[-43.9074,-19.84216],[-43.90767,-19.84214],[-43.90795,-19.8423],[-43.90858,-19.84287],[-43.9087,-19.84326],[-43.9083,-19.84412],[-43.9084,-19.84439],[-43.90879,-19.84455],[-43.90932,-19.84466],[-43.90963,-19.84465],[-43.91012,-19.84458],[-43.9106,-19.84466],[-43.91077,-19.84449],[-43.91097,-19.84441],[-43.91143,-19.84453],[-43.9115,-19.84463],[-43.91161,-19.84471],[-43.91183,-19.84496],[-43.91203,-19.84521],[-43.91224,-19.84574],[-43.91252,-19.84589],[-43.91285,-19.84578],[-43.91273,-19.84543],[-43.91271,-19.84531],[-43.91274,-19.84523],[-43.91304,-19.84495],[-43.91309,-19.84489],[-43.91316,-19.8448],[-43.9132,-19.84463],[-43.91345,-19.84458],[-43.91376,-19.84456],[-43.91396,-19.84457],[-43.91458,-19.84361],[-43.9138,-19.84331],[-43.91361,-19.84326],[-43.91242,-19.8427],[-43.91235,-19.84273],[-43.91185,-19.84235],[-43.91097,-19.84116],[-43.9093,-19.83868],[-43.90911,-19.83843],[-43.90895,-19.83817],[-43.90872,-19.83789],[-43.90818,-19.83738],[-43.90804,-19.83726],[-43.90784,-19.83705],[-43.90772,-19.83692],[-43.90747,-19.83657],[-43.90736,-19.83633],[-43.90704,-19.83525],[-43.90699,-19.83513],[-43.90661,-19.83516],[-43.90679,-19.83537],[-43.90701,-19.83594],[-43.9069,-19.83621],[-43.9067,-19.83649],[-43.90642,-19.83672],[-43.90568,-19.83723],[-43.90576,-19.83847]]]]}},{"type":"Feature","properties":{"territory_id":"mg-3106200-novo-das-industrias","name":"Novo das Indústrias","municipality_id":"mg-3106200","polling_places":1,"approx":false,"official":true,"method":"official-ibge-cd2022","whole_municipality":false,"approx_coords_only":false,"official_name":"Bairro Novo das Indústrias","official_code":"3106200319","match":"prefix"},"geometry":{"type":"MultiPolygon","coordinates":[[[[-43.99599,-19.97577],[-43.99724,-19.9749],[-43.99736,-19.97477],[-43.99744,-19.97464],[-43.99803,-19.97489],[-43.99811,-19.97497],[-43.99834,-19.97482],[-43.99861,-19.97495],[-44.00381,-19.97773],[-44.00394,-19.97756],[-44.00413,-19.97745],[-44.00429,-19.97742],[-44.00455,-19.97742],[-44.0049,-19.97758],[-44.0051,-19.97773],[-44.005,-19.97754],[-44.00406,-19.97639],[-44.00216,-19.97418],[-43.99976,-19.97135],[-43.99923,-19.97093],[-43.99894,-19.97078],[-43.9987,-19.9714],[-43.99848,-19.97142],[-43.99693,-19.97164],[-43.99681,-19.97165],[-43.99673,-19.97163],[-43.99652,-19.97152],[-43.99633,-19.97137],[-43.99628,-19.9713],[-43.99614,-19.97102],[-43.99606,-19.97092],[-43.99594,-19.97089],[-43.99567,-19.97098],[-43.99591,-19.97142],[-43.99535,-19.97172],[-43.99517,-19.97179],[-43.99475,-19.97202],[-43.9952,-19.97283],[-43.99524,-19.97294],[-43.99522,-19.97302],[-43.99516,-19.97312],[-43.99488,-19.97334],[-43.99465,-19.97307],[-43.99438,-19.97325],[-43.99416,-19.973],[-43.9938,-19.97249],[-43.99349,-19.97265],[-43.99296,-19.97296],[-43.99288,-19.973],[-43.99268,-19.97304],[-43.99264,-19.97351],[-43.99212,-19.9734],[-43.99202,-19.97344],[-43.9919,-19.97357],[-43.99186,-19.97376],[-43.99143,-19.97407],[-43.99139,-19.9743],[-43.9914,-19.97453],[-43.99133,-19.97477],[-43.99121,-19.97496],[-43.99089,-19.97521],[-43.99081,-19.97539],[-43.99079,-19.97558],[-43.99101,-19.97596],[-43.99107,-19.97633],[-43.99121,-19.97663],[-43.99137,-19.97667],[-43.99178,-19.9765],[-43.99187,-19.97653],[-43.99239,-19.97735],[-43.99258,-19.97758],[-43.99287,-19.97775],[-43.99293,-19.97785],[-43.99289,-19.97795],[-43.99301,-19.97802],[-43.9931,-19.9782],[-43.99305,-19.97823],[-43.99321,-19.9785],[-43.99315,-19.97856],[-43.99317,-19.97861],[-43.99341,-19.97847],[-43.99361,-19.97833],[-43.99367,-19.97822],[-43.99367,-19.97808],[-43.99397,-19.97809],[-43.99418,-19.97807],[-43.99433,-19.97801],[-43.9945,-19.97787],[-43.99448,-19.97777],[-43.99437,-19.97768],[-43.99407,-19.97718],[-43.99541,-19.97619],[-43.99599,-19.97577]]],[[[-43.99633,-19.97015],[-43.99646,-19.96933],[-43.99643,-19.96879],[-43.99645,-19.96845],[-43.99665,-19.96808],[-43.99675,-19.96784],[-43.99665,-19.96755],[-43.9965,-19.96723],[-43.99638,-19.96691],[-43.99632,-19.96663],[-43.9927,-19.96937],[-43.9925,-19.96959],[-43.99212,-19.96996],[-43.99132,-19.97083],[-43.99111,-19.97108],[-43.99063,-19.97178],[-43.9907,-19.97189],[-43.99136,-19.97268],[-43.99134,-19.97281],[-43.99122,-19.97289],[-43.99111,-19.97301],[-43.99112,-19.97312],[-43.99116,-19.97324],[-43.99125,-19.97324],[-43.99133,-19.97311],[-43.99177,-19.97271],[-43.99206,-19.97281],[-43.99218,-19.97269],[-43.99302,-19.97197],[-43.99317,-19.97191],[-43.99331,-19.97188],[-43.99338,-19.97189],[-43.99363,-19.972],[-43.99451,-19.97159],[-43.99567,-19.97098],[-43.99633,-19.97015]]]]}},{"type":"Feature","properties":{"territory_id":"mg-3106200-olaria","name":"Olaria","municipality_id":"mg-3106200","polling_places":1,"approx":false,"official":true,"method":"official-ibge-cd2022","whole_municipality":false,"approx_coords_only":false,"official_name":"Olaria","official_code":"3106200348","match":"direct"},"geometry":{"type":"MultiPolygon","coordinates":[[[[-44.02787,-19.98872],[-44.02749,-19.9886],[-44.02718,-19.98852],[-44.02701,-19.98856],[-44.02684,-19.98862],[-44.02479,-19.98923],[-44.02411,-19.98899],[-44.02362,-19.98888],[-44.02253,-19.99046],[-44.02247,-19.99057],[-44.02203,-19.99181],[-44.0222,-19.9919],[-44.02121,-19.99238],[-44.02097,-19.99258],[-44.02306,-19.99303],[-44.02464,-19.99339],[-44.02635,-19.99376],[-44.02736,-19.99388],[-44.02792,-19.99392],[-44.02888,-19.99392],[-44.02898,-19.99391],[-44.02892,-19.99399],[-44.02935,-19.99399],[-44.0294,-19.99391],[-44.03036,-19.99387],[-44.03319,-19.99389],[-44.03375,-19.99402],[-44.03435,-19.99424],[-44.03442,-19.99423],[-44.03459,-19.99412],[-44.03469,-19.99412],[-44.03481,-19.99259],[-44.03429,-19.99264],[-44.03414,-19.99278],[-44.03391,-19.99287],[-44.03373,-19.99276],[-44.03362,-19.99259],[-44.03345,-19.9925],[-44.03329,-19.99244],[-44.03312,-19.99235],[-44.033,-19.99217],[-44.0332,-19.99193],[-44.03336,-19.99187],[-44.03346,-19.99179],[-44.0335,-19.99167],[-44.0336,-19.99149],[-44.03356,-19.99129],[-44.03358,-19.99111],[-44.03355,-19.99095],[-44.03357,-19.99072],[-44.03355,-19.99047],[-44.03359,-19.99041],[-44.03326,-19.98997],[-44.03315,-19.98975],[-44.03312,-19.98946],[-44.03334,-19.98872],[-44.03344,-19.98832],[-44.03363,-19.98779],[-44.03368,-19.9875],[-44.03294,-19.9874],[-44.03228,-19.98728],[-44.03225,-19.98784],[-44.03244,-19.98833],[-44.03251,-19.98877],[-44.03273,-19.98916],[-44.03275,-19.98931],[-44.03267,-19.98977],[-44.03249,-19.99005],[-44.03223,-19.9901],[-44.03165,-19.9897],[-44.03129,-19.98948],[-44.02921,-19.98917],[-44.02888,-19.98909],[-44.02885,-19.98899],[-44.02854,-19.98891],[-44.02787,-19.98872]]]]}},{"type":"Feature","properties":{"territory_id":"mg-3106200-ouro-preto","name":"Ouro Preto","municipality_id":"mg-3106200","polling_places":5,"approx":false,"official":true,"method":"official-ibge-cd2022","whole_municipality":false,"approx_coords_only":false,"official_name":"Ouro Preto","official_code":"3106200277","match":"direct"},"geometry":{"type":"MultiPolygon","coordinates":[[[[-43.98185,-19.86368],[-43.98081,-19.86451],[-43.98073,-19.86451],[-43.98077,-19.86711],[-43.98073,-19.86732],[-43.98069,-19.86738],[-43.98029,-19.86739],[-43.97968,-19.86738],[-43.97969,-19.86843],[-43.97927,-19.86918],[-43.97917,-19.86943],[-43.97915,-19.86956],[-43.97916,-19.86967],[-43.97925,-19.86997],[-43.97955,-19.87065],[-43.9796,-19.87072],[-43.97938,-19.87168],[-43.97792,-19.87303],[-43.97772,-19.87325],[-43.97742,-19.87382],[-43.97706,-19.8738],[-43.97691,-19.8737],[-43.97692,-19.87434],[-43.9769,-19.87579],[-43.97831,-19.87601],[-43.97833,-19.87524],[-43.9796,-19.87546],[-43.98013,-19.8755],[-43.98139,-19.8772],[-43.98155,-19.87751],[-43.98159,-19.8777],[-43.98164,-19.87847],[-43.98166,-19.87892],[-43.98171,-19.87917],[-43.98183,-19.87957],[-43.9819,-19.87967],[-43.98218,-19.88113],[-43.98224,-19.88157],[-43.98231,-19.88184],[-43.98234,-19.88192],[-43.98254,-19.88229],[-43.9827,-19.88253],[-43.98272,-19.88262],[-43.98271,-19.88325],[-43.98274,-19.88355],[-43.98275,-19.88441],[-43.98208,-19.88488],[-43.98189,-19.88494],[-43.98214,-19.8855],[-43.98214,-19.8874],[-43.98146,-19.88723],[-43.98156,-19.88801],[-43.98239,-19.88815],[-43.98297,-19.88821],[-43.98375,-19.88847],[-43.9839,-19.88858],[-43.98423,-19.88888],[-43.98451,-19.88887],[-43.98451,-19.88912],[-43.98512,-19.88913],[-43.98517,-19.88923],[-43.98565,-19.88956],[-43.98583,-19.8897],[-43.986,-19.88992],[-43.98591,-19.88995],[-43.98612,-19.89034],[-43.98619,-19.89059],[-43.98686,-19.89027],[-43.98688,-19.8895],[-43.98686,-19.88808],[-43.98706,-19.8872],[-43.98708,-19.88691],[-43.98691,-19.88632],[-43.98695,-19.88626],[-43.98703,-19.88604],[-43.98729,-19.88573],[-43.98755,-19.88534],[-43.98782,-19.88489],[-43.98787,-19.88442],[-43.98787,-19.88415],[-43.98805,-19.88331],[-43.98804,-19.8831],[-43.9881,-19.88268],[-43.98811,-19.88233],[-43.988,-19.88216],[-43.98796,-19.88213],[-43.98796,-19.88185],[-43.98806,-19.8816],[-43.98809,-19.88139],[-43.98834,-19.88129],[-43.9888,-19.88101],[-43.98903,-19.88055],[-43.98998,-19.8781],[-43.9903,-19.87737],[-43.99016,-19.87674],[-43.99048,-19.87669],[-43.99168,-19.87665],[-43.99147,-19.87626],[-43.99114,-19.87583],[-43.99092,-19.87559],[-43.99077,-19.87539],[-43.99173,-19.87497],[-43.99133,-19.8737],[-43.99044,-19.8712],[-43.99165,-19.87073],[-43.99124,-19.86979],[-43.99107,-19.86934],[-43.99092,-19.86904],[-43.99034,-19.86764],[-43.99164,-19.86732],[-43.99141,-19.86672],[-43.99107,-19.86677],[-43.98907,-19.86569],[-43.98856,-19.86635],[-43.98835,-19.86658],[-43.98823,-19.86661],[-43.98763,-19.86686],[-43.98598,-19.86756],[-43.98568,-19.86766],[-43.98535,-19.86772],[-43.98468,-19.86582],[-43.98411,-19.86528],[-43.98391,-19.86505],[-43.98354,-19.86467],[-43.98273,-19.86396],[-43.98247,-19.86359],[-43.9821,-19.86297],[-43.98184,-19.8635],[-43.98182,-19.86358],[-43.98185,-19.86368]],[[-43.98469,-19.8832],[-43.98465,-19.88323],[-43.98464,-19.88328],[-43.98468,-19.88334],[-43.98479,-19.88338],[-43.98481,-19.88382],[-43.98503,-19.88383],[-43.98523,-19.88392],[-43.98505,-19.88424],[-43.98499,-19.88442],[-43.98481,-19.88547],[-43.98429,-19.8857],[-43.98416,-19.88525],[-43.98417,-19.8849],[-43.98377,-19.88417],[-43.98369,-19.8841],[-43.98359,-19.88404],[-43.9834,-19.88361],[-43.98338,-19.88313],[-43.98343,-19.88292],[-43.98422,-19.88295],[-43.98435,-19.88291],[-43.98466,-19.88308],[-43.98469,-19.8832]]]]}},{"type":"Feature","properties":{"territory_id":"mg-3106200-padre-eustaquio","name":"Padre Eustáquio","municipality_id":"mg-3106200","polling_places":6,"approx":false,"official":true,"method":"official-ibge-cd2022","whole_municipality":false,"approx_coords_only":false,"official_name":"Padre Eustáquio","official_code":"3106200232","match":"direct"},"geometry":{"type":"MultiPolygon","coordinates":[[[[-43.97998,-19.92325],[-43.98102,-19.92294],[-43.9821,-19.92239],[-43.98266,-19.92228],[-43.98347,-19.92234],[-43.98369,-19.92239],[-43.98385,-19.92239],[-43.98424,-19.92248],[-43.98455,-19.92258],[-43.98488,-19.92275],[-43.98515,-19.92294],[-43.98556,-19.92262],[-43.98527,-19.9223],[-43.98524,-19.92223],[-43.98524,-19.92215],[-43.98535,-19.92122],[-43.98649,-19.92102],[-43.98661,-19.92097],[-43.98681,-19.92079],[-43.98705,-19.9203],[-43.98713,-19.92013],[-43.98716,-19.92],[-43.98719,-19.91931],[-43.98723,-19.91893],[-43.98728,-19.91874],[-43.98763,-19.91809],[-43.98767,-19.9179],[-43.9877,-19.91762],[-43.98774,-19.91746],[-43.98777,-19.91724],[-43.98785,-19.917],[-43.98801,-19.91681],[-43.98819,-19.91666],[-43.98841,-19.91655],[-43.99014,-19.91595],[-43.99051,-19.91588],[-43.99083,-19.91586],[-43.99115,-19.91591],[-43.99148,-19.91603],[-43.99154,-19.91597],[-43.99163,-19.91593],[-43.99169,-19.91592],[-43.99171,-19.91583],[-43.99166,-19.91572],[-43.99157,-19.91559],[-43.99142,-19.91548],[-43.98969,-19.91476],[-43.98954,-19.91466],[-43.98936,-19.91441],[-43.98928,-19.91415],[-43.99053,-19.91401],[-43.99265,-19.91371],[-43.99318,-19.91367],[-43.99364,-19.91373],[-43.99368,-19.9133],[-43.99378,-19.91291],[-43.99424,-19.91173],[-43.99435,-19.91127],[-43.99435,-19.91089],[-43.99429,-19.91045],[-43.99423,-19.9102],[-43.99406,-19.90971],[-43.99367,-19.9092],[-43.9934,-19.90897],[-43.9928,-19.90852],[-43.99185,-19.90782],[-43.98936,-19.90614],[-43.98724,-19.90467],[-43.98675,-19.90487],[-43.98709,-19.90518],[-43.98608,-19.90687],[-43.98545,-19.90662],[-43.98482,-19.9086],[-43.98515,-19.90874],[-43.98479,-19.90942],[-43.98436,-19.91011],[-43.98415,-19.91049],[-43.98381,-19.91103],[-43.98377,-19.911],[-43.98253,-19.91116],[-43.98149,-19.91133],[-43.98127,-19.91174],[-43.98099,-19.91214],[-43.98071,-19.91234],[-43.98052,-19.91245],[-43.98039,-19.91249],[-43.97248,-19.91267],[-43.97151,-19.91233],[-43.97117,-19.91222],[-43.97003,-19.91182],[-43.9693,-19.91458],[-43.9688,-19.91443],[-43.96853,-19.91429],[-43.96772,-19.9173],[-43.96746,-19.9182],[-43.96851,-19.91886],[-43.96871,-19.91901],[-43.9689,-19.91921],[-43.9695,-19.9202],[-43.96979,-19.92079],[-43.96997,-19.92104],[-43.97018,-19.92126],[-43.97036,-19.92137],[-43.97251,-19.92239],[-43.9734,-19.92273],[-43.97412,-19.92293],[-43.97574,-19.9233],[-43.97711,-19.92364],[-43.97769,-19.92371],[-43.97809,-19.92371],[-43.97846,-19.92367],[-43.97878,-19.92363],[-43.97962,-19.92337],[-43.97998,-19.92325]],[[-43.98535,-19.92104],[-43.98525,-19.92104],[-43.98498,-19.92099],[-43.98462,-19.92098],[-43.98461,-19.92081],[-43.98445,-19.92077],[-43.98392,-19.92075],[-43.98378,-19.92077],[-43.98325,-19.92077],[-43.98331,-19.91986],[-43.98338,-19.91984],[-43.98348,-19.91964],[-43.98363,-19.91949],[-43.98377,-19.91943],[-43.98393,-19.9194],[-43.98435,-19.91962],[-43.98498,-19.91991],[-43.98517,-19.92004],[-43.98535,-19.92026],[-43.98542,-19.92052],[-43.98536,-19.92093],[-43.98535,-19.92104]],[[-43.98475,-19.91701],[-43.98468,-19.91685],[-43.98459,-19.91648],[-43.98445,-19.91554],[-43.98463,-19.91569],[-43.98465,-19.91591],[-43.98492,-19.91603],[-43.98499,-19.91618],[-43.98502,-19.91637],[-43.98489,-19.91663],[-43.98489,-19.91699],[-43.98475,-19.91701]]]]}},{"type":"Feature","properties":{"territory_id":"mg-3106200-palmares","name":"Palmares","municipality_id":"mg-3106200","polling_places":1,"approx":false,"official":true,"method":"official-ibge-cd2022","whole_municipality":false,"approx_coords_only":false,"official_name":"Palmares","official_code":"3106200071","match":"direct"},"geometry":{"type":"MultiPolygon","coordinates":[[[[-43.93338,-19.87536],[-43.93352,-19.87532],[-43.93364,-19.87531],[-43.93545,-19.87531],[-43.93586,-19.87522],[-43.93631,-19.87509],[-43.93732,-19.87458],[-43.93875,-19.8738],[-43.94005,-19.8731],[-43.94037,-19.87295],[-43.94064,-19.87277],[-43.94271,-19.87165],[-43.94238,-19.87079],[-43.94153,-19.87069],[-43.94119,-19.87072],[-43.9411,-19.87052],[-43.94099,-19.87056],[-43.94068,-19.87054],[-43.94045,-19.8705],[-43.93949,-19.87031],[-43.93912,-19.87025],[-43.93788,-19.87001],[-43.93788,-19.87022],[-43.93766,-19.87278],[-43.93757,-19.87273],[-43.93706,-19.87259],[-43.93686,-19.87248],[-43.93671,-19.87235],[-43.93641,-19.87198],[-43.93634,-19.87195],[-43.93617,-19.87195],[-43.93607,-19.87199],[-43.93589,-19.87213],[-43.93574,-19.87222],[-43.93556,-19.87227],[-43.93545,-19.87223],[-43.93542,-19.87215],[-43.93544,-19.87205],[-43.93538,-19.87184],[-43.93526,-19.8715],[-43.93524,-19.8714],[-43.93514,-19.87117],[-43.93505,-19.87103],[-43.9349,-19.87086],[-43.93465,-19.87069],[-43.93436,-19.87056],[-43.93403,-19.87044],[-43.93363,-19.87033],[-43.93303,-19.87013],[-43.93285,-19.87009],[-43.93271,-19.87007],[-43.9326,-19.87008],[-43.93245,-19.87013],[-43.9323,-19.8702],[-43.93213,-19.87031],[-43.93181,-19.87055],[-43.92829,-19.86938],[-43.92816,-19.8699],[-43.92778,-19.87071],[-43.92766,-19.87106],[-43.92757,-19.87157],[-43.92753,-19.87212],[-43.92759,-19.87269],[-43.92772,-19.87329],[-43.92836,-19.87533],[-43.93153,-19.87654],[-43.93273,-19.87568],[-43.93324,-19.87543],[-43.93338,-19.87536]]]]}},{"type":"Feature","properties":{"territory_id":"mg-3106200-palmeiras","name":"Palmeiras","municipality_id":"mg-3106200","polling_places":2,"approx":false,"official":true,"method":"official-ibge-cd2022","whole_municipality":false,"approx_coords_only":false,"official_name":"Palmeiras","official_code":"3106200185","match":"direct"},"geometry":{"type":"MultiPolygon","coordinates":[[[[-43.97962,-19.97886],[-43.97999,-19.9805],[-43.98016,-19.98138],[-43.9802,-19.98151],[-43.98032,-19.98174],[-43.98051,-19.98195],[-43.98066,-19.98219],[-43.98094,-19.98292],[-43.98111,-19.98313],[-43.98152,-19.98387],[-43.98196,-19.9836],[-43.98207,-19.98351],[-43.98231,-19.9833],[-43.98251,-19.98306],[-43.98278,-19.98253],[-43.98358,-19.98051],[-43.98372,-19.9802],[-43.98385,-19.97998],[-43.98406,-19.9797],[-43.9844,-19.97942],[-43.98505,-19.97907],[-43.98569,-19.97886],[-43.98543,-19.97855],[-43.98521,-19.97825],[-43.98481,-19.97784],[-43.98493,-19.9778],[-43.98489,-19.97774],[-43.98486,-19.97746],[-43.98496,-19.97731],[-43.98494,-19.97729],[-43.98511,-19.97706],[-43.98515,-19.97705],[-43.98561,-19.97644],[-43.9858,-19.97642],[-43.98628,-19.97705],[-43.98624,-19.97733],[-43.98639,-19.97735],[-43.9865,-19.97738],[-43.98655,-19.97744],[-43.98673,-19.9775],[-43.98716,-19.97755],[-43.98729,-19.97754],[-43.98757,-19.97757],[-43.98775,-19.97772],[-43.98788,-19.97774],[-43.98796,-19.97765],[-43.98811,-19.97744],[-43.98828,-19.97712],[-43.98846,-19.97655],[-43.98873,-19.97539],[-43.989,-19.97431],[-43.98885,-19.9743],[-43.98881,-19.97397],[-43.98846,-19.97403],[-43.98738,-19.97431],[-43.98642,-19.97207],[-43.98592,-19.97102],[-43.98645,-19.97088],[-43.98658,-19.97028],[-43.9863,-19.96929],[-43.98628,-19.96919],[-43.98429,-19.96967],[-43.98416,-19.96933],[-43.98415,-19.9691],[-43.98417,-19.96877],[-43.9843,-19.96767],[-43.98433,-19.9676],[-43.98423,-19.96762],[-43.9827,-19.96732],[-43.98215,-19.9672],[-43.98142,-19.96717],[-43.97729,-19.96693],[-43.97706,-19.96695],[-43.9771,-19.96713],[-43.9771,-19.96728],[-43.97629,-19.96707],[-43.97608,-19.96703],[-43.97575,-19.96701],[-43.97546,-19.96704],[-43.97492,-19.96712],[-43.97455,-19.96716],[-43.9741,-19.96713],[-43.97376,-19.96699],[-43.97378,-19.96722],[-43.97389,-19.96731],[-43.97422,-19.96789],[-43.97443,-19.96815],[-43.97488,-19.96887],[-43.97581,-19.97039],[-43.9758,-19.9705],[-43.97595,-19.97063],[-43.97615,-19.97093],[-43.97733,-19.97284],[-43.97774,-19.97348],[-43.97782,-19.97356],[-43.97856,-19.9748],[-43.97887,-19.97529],[-43.9792,-19.97674],[-43.97961,-19.97883],[-43.97962,-19.97886]]]]}},{"type":"Feature","properties":{"territory_id":"mg-3106200-paraiso","name":"Paraíso","municipality_id":"mg-3106200","polling_places":3,"approx":false,"official":true,"method":"official-ibge-cd2022","whole_municipality":false,"approx_coords_only":false,"official_name":"Paraíso","official_code":"3106200044","match":"direct"},"geometry":{"type":"MultiPolygon","coordinates":[[[[-43.90515,-19.91597],[-43.90498,-19.91611],[-43.90459,-19.91658],[-43.9043,-19.91672],[-43.9035,-19.91699],[-43.90304,-19.91723],[-43.90256,-19.91752],[-43.90239,-19.91769],[-43.90247,-19.918],[-43.90254,-19.91803],[-43.90266,-19.91822],[-43.9036,-19.91842],[-43.90411,-19.91871],[-43.90427,-19.91864],[-43.90429,-19.91859],[-43.90435,-19.91863],[-43.90446,-19.91879],[-43.90456,-19.91882],[-43.90471,-19.91883],[-43.90474,-19.91887],[-43.90474,-19.91892],[-43.90468,-19.91896],[-43.90448,-19.91892],[-43.90445,-19.91923],[-43.90436,-19.91926],[-43.90435,-19.91941],[-43.90431,-19.91943],[-43.90431,-19.91951],[-43.90434,-19.91951],[-43.90432,-19.91965],[-43.9041,-19.91965],[-43.90398,-19.9196],[-43.90386,-19.91952],[-43.90381,-19.91953],[-43.90371,-19.91939],[-43.90379,-19.91936],[-43.90373,-19.91927],[-43.90373,-19.91914],[-43.90387,-19.91897],[-43.9037,-19.91876],[-43.9032,-19.91853],[-43.90309,-19.9185],[-43.90295,-19.91851],[-43.90276,-19.91847],[-43.90261,-19.91876],[-43.90259,-19.91877],[-43.90245,-19.91873],[-43.90234,-19.91873],[-43.90235,-19.91879],[-43.90233,-19.91882],[-43.90231,-19.91882],[-43.9023,-19.91891],[-43.90213,-19.91889],[-43.9021,-19.919],[-43.90193,-19.9191],[-43.9019,-19.91908],[-43.90163,-19.91932],[-43.90158,-19.91963],[-43.90155,-19.91978],[-43.90148,-19.92],[-43.9014,-19.92016],[-43.90134,-19.92016],[-43.90134,-19.92011],[-43.9014,-19.91982],[-43.90114,-19.9198],[-43.90099,-19.91992],[-43.90102,-19.92014],[-43.90101,-19.92023],[-43.90093,-19.92015],[-43.90069,-19.92036],[-43.90059,-19.92029],[-43.90049,-19.92034],[-43.90017,-19.92072],[-43.90007,-19.9208],[-43.89995,-19.92086],[-43.8998,-19.92085],[-43.89964,-19.92081],[-43.89954,-19.92056],[-43.8995,-19.9205],[-43.89905,-19.92103],[-43.89859,-19.92212],[-43.89805,-19.92281],[-43.89795,-19.923],[-43.89791,-19.92372],[-43.89792,-19.92408],[-43.89806,-19.92431],[-43.89855,-19.92473],[-43.89902,-19.92503],[-43.89942,-19.92538],[-43.90029,-19.92592],[-43.90088,-19.92638],[-43.9018,-19.927],[-43.90203,-19.92724],[-43.90246,-19.92774],[-43.90278,-19.92798],[-43.90303,-19.92812],[-43.90321,-19.9281],[-43.90464,-19.92847],[-43.90503,-19.92852],[-43.90519,-19.92887],[-43.90553,-19.9289],[-43.90556,-19.92923],[-43.90583,-19.92939],[-43.90586,-19.9293],[-43.90646,-19.92932],[-43.90805,-19.92949],[-43.90818,-19.92914],[-43.90833,-19.92911],[-43.90847,-19.92878],[-43.90873,-19.92839],[-43.90892,-19.92807],[-43.90902,-19.92771],[-43.9091,-19.92726],[-43.90902,-19.92676],[-43.90889,-19.92655],[-43.90843,-19.92612],[-43.90817,-19.92591],[-43.90794,-19.92566],[-43.90785,-19.92541],[-43.90787,-19.92509],[-43.90811,-19.92476],[-43.90859,-19.92438],[-43.90897,-19.92414],[-43.90905,-19.92405],[-43.90926,-19.92407],[-43.91046,-19.92393],[-43.91078,-19.92383],[-43.91111,-19.92356],[-43.91126,-19.9233],[-43.91131,-19.92311],[-43.91145,-19.92201],[-43.91146,-19.9217],[-43.91133,-19.92146],[-43.91108,-19.92082],[-43.91084,-19.92033],[-43.91077,-19.92012],[-43.91049,-19.91985],[-43.91016,-19.91956],[-43.91012,-19.91945],[-43.90958,-19.91978],[-43.90955,-19.91994],[-43.90939,-19.91993],[-43.90922,-19.91988],[-43.90922,-19.91973],[-43.90903,-19.91978],[-43.90902,-19.91973],[-43.90912,-19.91838],[-43.90951,-19.91833],[-43.91005,-19.91812],[-43.90994,-19.9184],[-43.90986,-19.91853],[-43.90977,-19.9188],[-43.9097,-19.91891],[-43.90977,-19.91919],[-43.91013,-19.91913],[-43.91015,-19.9187],[-43.9103,-19.91843],[-43.91042,-19.91828],[-43.91052,-19.91823],[-43.91069,-19.91806],[-43.91088,-19.91779],[-43.91035,-19.91743],[-43.91005,-19.91713],[-43.90968,-19.91672],[-43.9092,-19.91604],[-43.9089,-19.916],[-43.90521,-19.91523],[-43.90515,-19.91578],[-43.90515,-19.91597]],[[-43.90799,-19.91967],[-43.90798,-19.91975],[-43.90784,-19.91979],[-43.90776,-19.91994],[-43.90769,-19.91993],[-43.90765,-19.92012],[-43.90695,-19.9201],[-43.90703,-19.91935],[-43.90706,-19.91918],[-43.90724,-19.91919],[-43.90742,-19.91922],[-43.90759,-19.91929],[-43.90764,-19.91933],[-43.90785,-19.91941],[-43.90782,-19.91954],[-43.90782,-19.91965],[-43.90799,-19.91967]]]]}},{"type":"Feature","properties":{"territory_id":"mg-3106200-paulo-vi","name":"Paulo Vi","municipality_id":"mg-3106200","polling_places":1,"approx":false,"official":true,"method":"official-ibge-cd2022","whole_municipality":false,"approx_coords_only":false,"official_name":"Paulo VI","official_code":"3106200405","match":"direct"},"geometry":{"type":"MultiPolygon","coordinates":[[[[-43.89169,-19.84721],[-43.89208,-19.84735],[-43.89247,-19.84587],[-43.89215,-19.84574],[-43.89196,-19.84563],[-43.89184,-19.8455],[-43.89177,-19.84517],[-43.89165,-19.8452],[-43.89159,-19.84506],[-43.89155,-19.84489],[-43.89145,-19.84466],[-43.89109,-19.84404],[-43.8911,-19.84358],[-43.89109,-19.84344],[-43.891,-19.84318],[-43.89088,-19.843],[-43.8908,-19.84293],[-43.8908,-19.84287],[-43.89098,-19.84276],[-43.89188,-19.84225],[-43.89339,-19.84131],[-43.89358,-19.84145],[-43.89397,-19.84167],[-43.89441,-19.84191],[-43.89492,-19.84215],[-43.89691,-19.84319],[-43.89712,-19.84242],[-43.89713,-19.84235],[-43.8973,-19.84234],[-43.89727,-19.84213],[-43.89724,-19.84126],[-43.89687,-19.84125],[-43.89682,-19.84014],[-43.89667,-19.83951],[-43.8968,-19.83939],[-43.89668,-19.83925],[-43.89639,-19.83928],[-43.89635,-19.83893],[-43.89632,-19.83881],[-43.89605,-19.8388],[-43.89605,-19.83859],[-43.89591,-19.83857],[-43.89591,-19.83845],[-43.89558,-19.8384],[-43.89521,-19.83781],[-43.89516,-19.83776],[-43.89538,-19.83757],[-43.89562,-19.83732],[-43.89543,-19.83717],[-43.89508,-19.83673],[-43.89472,-19.83616],[-43.89442,-19.8355],[-43.89379,-19.83588],[-43.8937,-19.83481],[-43.8937,-19.83461],[-43.89372,-19.83457],[-43.89365,-19.83453],[-43.89364,-19.83432],[-43.8933,-19.83418],[-43.89312,-19.8339],[-43.893,-19.8338],[-43.89294,-19.83392],[-43.89289,-19.83409],[-43.89248,-19.83408],[-43.89246,-19.83377],[-43.892,-19.83379],[-43.89198,-19.83337],[-43.89191,-19.83323],[-43.89183,-19.83316],[-43.89122,-19.83284],[-43.89109,-19.83271],[-43.89106,-19.8324],[-43.891,-19.83248],[-43.89091,-19.83257],[-43.89027,-19.83283],[-43.89015,-19.83284],[-43.8897,-19.83295],[-43.88941,-19.83304],[-43.88821,-19.83331],[-43.88814,-19.83339],[-43.88797,-19.83318],[-43.88709,-19.83422],[-43.88726,-19.8344],[-43.88669,-19.8351],[-43.88666,-19.83528],[-43.88661,-19.83545],[-43.88656,-19.83555],[-43.88647,-19.83564],[-43.88671,-19.8358],[-43.88691,-19.83579],[-43.88696,-19.83602],[-43.88689,-19.83631],[-43.88659,-19.83668],[-43.88647,-19.83658],[-43.88604,-19.83689],[-43.88613,-19.83705],[-43.88549,-19.83773],[-43.88514,-19.83817],[-43.88526,-19.83848],[-43.88529,-19.83866],[-43.88539,-19.83898],[-43.88551,-19.83963],[-43.88551,-19.83968],[-43.88544,-19.83972],[-43.88539,-19.83972],[-43.88535,-19.83966],[-43.88535,-19.84006],[-43.88539,-19.84139],[-43.88541,-19.84164],[-43.88557,-19.84254],[-43.88569,-19.84295],[-43.88589,-19.84345],[-43.88689,-19.84539],[-43.88749,-19.84664],[-43.8877,-19.84729],[-43.88781,-19.84804],[-43.89005,-19.8476],[-43.89035,-19.84751],[-43.89101,-19.8474],[-43.89162,-19.84723],[-43.89169,-19.84721]]]]}},{"type":"Feature","properties":{"territory_id":"mg-3106200-petropolis-vale-do-jatoba","name":"Petrópolis (vale do Jatobá)","municipality_id":"mg-3106200","polling_places":1,"approx":true,"official":false,"method":"voronoi-polling-places","whole_municipality":false,"approx_coords_only":false},"geometry":{"type":"MultiPolygon","coordinates":[[[[-44.03658,-20.02284],[-44.0186,-20.0543],[-44.0011,-20.0567],[-43.99791,-20.04717],[-44.015,-20.01607],[-44.03126,-20.007],[-44.03471,-20.01727],[-44.03453,-20.01733],[-44.03353,-20.01779],[-44.03316,-20.01798],[-44.03284,-20.01817],[-44.0318,-20.0186],[-44.03194,-20.01875],[-44.03154,-20.0189],[-44.03105,-20.01907],[-44.03,-20.01946],[-44.02896,-20.01956],[-44.02891,-20.01956],[-44.03057,-20.01799],[-44.03038,-20.018],[-44.03029,-20.01797],[-44.02977,-20.01792],[-44.02868,-20.01776],[-44.02803,-20.01775],[-44.02783,-20.01772],[-44.02749,-20.01764],[-44.02729,-20.01763],[-44.02702,-20.01764],[-44.02692,-20.0177],[-44.0264,-20.01767],[-44.02572,-20.01758],[-44.02455,-20.01745],[-44.02454,-20.01769],[-44.02482,-20.01787],[-44.02464,-20.01804],[-44.02606,-20.01885],[-44.02675,-20.0192],[-44.02754,-20.01943],[-44.02748,-20.01984],[-44.02717,-20.01981],[-44.02702,-20.01982],[-44.02668,-20.01972],[-44.02637,-20.01954],[-44.02541,-20.01885],[-44.02522,-20.01914],[-44.02488,-20.01883],[-44.02471,-20.0186],[-44.02464,-20.01853],[-44.02429,-20.01828],[-44.02389,-20.01864],[-44.02348,-20.01813],[-44.02274,-20.01778],[-44.02224,-20.01758],[-44.02189,-20.01738],[-44.02152,-20.01734],[-44.02095,-20.01774],[-44.02134,-20.0183],[-44.02258,-20.01989],[-44.02315,-20.02086],[-44.02407,-20.02201],[-44.02467,-20.0228],[-44.0244,-20.0231],[-44.02295,-20.02413],[-44.0248,-20.02662],[-44.02682,-20.02911],[-44.02703,-20.0289],[-44.02788,-20.02794],[-44.02793,-20.02788],[-44.02828,-20.0275],[-44.02838,-20.02728],[-44.02884,-20.02676],[-44.02998,-20.02558],[-44.03087,-20.02473],[-44.03143,-20.02433],[-44.03152,-20.02424],[-44.03168,-20.02402],[-44.03177,-20.02386],[-44.03142,-20.0236],[-44.03137,-20.02341],[-44.03141,-20.0231],[-44.03189,-20.02339],[-44.03191,-20.02336],[-44.03178,-20.02319],[-44.03187,-20.02302],[-44.03217,-20.02297],[-44.03222,-20.02287],[-44.03199,-20.02272],[-44.03209,-20.02256],[-44.0324,-20.02247],[-44.03255,-20.0223],[-44.03272,-20.02215],[-44.03282,-20.02208],[-44.03321,-20.02193],[-44.03373,-20.02176],[-44.03454,-20.02155],[-44.03604,-20.02135],[-44.03608,-20.02134],[-44.03658,-20.02284]],[[-44.0318,-20.0186],[-44.03183,-20.01838],[-44.03197,-20.01825],[-44.032,-20.01794],[-44.03196,-20.01768],[-44.03199,-20.01751],[-44.03197,-20.01736],[-44.03216,-20.01714],[-44.03216,-20.01702],[-44.03212,-20.01692],[-44.03201,-20.01683],[-44.03197,-20.01675],[-44.03194,-20.01665],[-44.03201,-20.01651],[-44.0321,-20.01644],[-44.03176,-20.01635],[-44.02954,-20.01579],[-44.02727,-20.01518],[-44.02632,-20.01494],[-44.02601,-20.01456],[-44.02623,-20.01439],[-44.02588,-20.01424],[-44.02314,-20.01611],[-44.02366,-20.0162],[-44.0257,-20.01638],[-44.02596,-20.01627],[-44.02641,-20.01602],[-44.02657,-20.01601],[-44.02668,-20.01602],[-44.02676,-20.0161],[-44.02672,-20.01635],[-44.02677,-20.01646],[-44.0275,-20.01656],[-44.02792,-20.01655],[-44.02993,-20.01675],[-44.02998,-20.01666],[-44.03035,-20.01661],[-44.03069,-20.01664],[-44.03062,-20.01687],[-44.03164,-20.0167],[-44.03142,-20.01745],[-44.03133,-20.01761],[-44.03149,-20.01813],[-44.0318,-20.0186]]]]}},{"type":"Feature","properties":{"territory_id":"mg-3106200-pilar","name":"Pilar","municipality_id":"mg-3106200","polling_places":1,"approx":false,"official":true,"method":"official-ibge-cd2022","whole_municipality":false,"approx_coords_only":false,"official_name":"Pilar","official_code":"3106200189","match":"direct"},"geometry":{"type":"MultiPolygon","coordinates":[[[[-43.96486,-19.99798],[-43.96423,-19.99746],[-43.96372,-19.99693],[-43.96279,-19.996],[-43.96239,-19.99555],[-43.96205,-19.99509],[-43.96161,-19.99439],[-43.96112,-19.99374],[-43.96105,-19.99409],[-43.96105,-19.99436],[-43.96107,-19.9948],[-43.96114,-19.99545],[-43.96116,-19.99563],[-43.96122,-19.99587],[-43.96132,-19.99614],[-43.96149,-19.99649],[-43.96153,-19.99663],[-43.96148,-19.99676],[-43.96239,-19.99809],[-43.96271,-19.99796],[-43.96306,-19.99799],[-43.96411,-19.99853],[-43.96499,-19.99896],[-43.96545,-19.9991],[-43.96684,-19.99939],[-43.96851,-20.00035],[-43.96974,-20.0011],[-43.97727,-20.00541],[-43.98049,-20.00457],[-43.97987,-20.00401],[-43.98043,-20.004],[-43.98074,-20.00389],[-43.98094,-20.00374],[-43.98111,-20.0035],[-43.9811,-20.00301],[-43.98049,-20.00205],[-43.98047,-20.00167],[-43.98064,-20.00132],[-43.98073,-20.00101],[-43.98074,-20.00031],[-43.98079,-19.99963],[-43.98106,-19.99925],[-43.98117,-19.999],[-43.98106,-19.99856],[-43.97995,-19.998],[-43.97912,-19.99761],[-43.97824,-19.9976],[-43.97412,-19.99833],[-43.97404,-19.99805],[-43.97248,-19.99853],[-43.97243,-19.99833],[-43.97286,-19.99822],[-43.97287,-19.9981],[-43.97269,-19.99793],[-43.9731,-19.99748],[-43.9724,-19.99689],[-43.97255,-19.99676],[-43.97237,-19.99656],[-43.97209,-19.99623],[-43.97209,-19.99618],[-43.97182,-19.99593],[-43.97148,-19.9955],[-43.97151,-19.9953],[-43.97145,-19.99494],[-43.97168,-19.99453],[-43.97171,-19.99408],[-43.97217,-19.99393],[-43.97214,-19.99376],[-43.97196,-19.9936],[-43.97186,-19.99353],[-43.97178,-19.99344],[-43.97164,-19.99341],[-43.97151,-19.99317],[-43.9715,-19.99303],[-43.9713,-19.99308],[-43.97112,-19.99307],[-43.97099,-19.99309],[-43.97083,-19.99316],[-43.97038,-19.99357],[-43.97028,-19.99362],[-43.9701,-19.99367],[-43.96981,-19.99364],[-43.96941,-19.99364],[-43.96935,-19.99363],[-43.96926,-19.99369],[-43.96924,-19.99374],[-43.96927,-19.99384],[-43.96938,-19.994],[-43.96936,-19.99409],[-43.96931,-19.99415],[-43.96926,-19.99433],[-43.96909,-19.99467],[-43.96908,-19.99477],[-43.96902,-19.99498],[-43.96898,-19.99505],[-43.96882,-19.99514],[-43.96869,-19.99528],[-43.96859,-19.99533],[-43.96851,-19.99545],[-43.96838,-19.99581],[-43.96824,-19.99663],[-43.96821,-19.9975],[-43.96831,-19.99806],[-43.96814,-19.9985],[-43.96737,-19.99844],[-43.96746,-19.99858],[-43.96574,-19.99827],[-43.96486,-19.99798]]]]}},{"type":"Feature","properties":{"territory_id":"mg-3106200-pindorama","name":"Pindorama","municipality_id":"mg-3106200","polling_places":4,"approx":false,"official":true,"method":"official-ibge-cd2022","whole_municipality":false,"approx_coords_only":false,"official_name":"Pindorama","official_code":"3106200234","match":"direct"},"geometry":{"type":"MultiPolygon","coordinates":[[[[-44.02283,-19.904],[-44.02153,-19.90349],[-44.01964,-19.90278],[-44.01959,-19.9031],[-44.0195,-19.9033],[-44.01873,-19.90414],[-44.01858,-19.90426],[-44.01815,-19.90475],[-44.01785,-19.9052],[-44.01759,-19.90578],[-44.0173,-19.90639],[-44.01706,-19.90697],[-44.01656,-19.90799],[-44.01635,-19.90831],[-44.01593,-19.90881],[-44.01558,-19.90935],[-44.01516,-19.90996],[-44.01572,-19.91085],[-44.01593,-19.91116],[-44.01609,-19.91134],[-44.01666,-19.91229],[-44.01707,-19.91284],[-44.01843,-19.91489],[-44.01825,-19.91531],[-44.01824,-19.91565],[-44.01839,-19.916],[-44.01858,-19.91634],[-44.01885,-19.91667],[-44.02001,-19.91761],[-44.02012,-19.91889],[-44.0202,-19.91933],[-44.02027,-19.9195],[-44.02035,-19.91963],[-44.02052,-19.9198],[-44.02067,-19.9199],[-44.02089,-19.91996],[-44.0212,-19.92],[-44.02234,-19.91994],[-44.02348,-19.92121],[-44.02374,-19.9209],[-44.02416,-19.92057],[-44.02579,-19.91941],[-44.02595,-19.91924],[-44.02675,-19.91863],[-44.02707,-19.91846],[-44.02721,-19.91845],[-44.02781,-19.91827],[-44.02779,-19.91814],[-44.02774,-19.91798],[-44.02747,-19.91758],[-44.02691,-19.91651],[-44.02709,-19.9164],[-44.02728,-19.91627],[-44.02756,-19.91613],[-44.02778,-19.91611],[-44.02809,-19.91598],[-44.02818,-19.91583],[-44.02825,-19.91542],[-44.02825,-19.91524],[-44.02823,-19.91498],[-44.02819,-19.91474],[-44.02809,-19.91453],[-44.02769,-19.91415],[-44.02747,-19.91401],[-44.02738,-19.91376],[-44.02733,-19.91237],[-44.02727,-19.91221],[-44.02678,-19.91187],[-44.02633,-19.91144],[-44.02615,-19.91124],[-44.02557,-19.91042],[-44.02551,-19.90982],[-44.0261,-19.90978],[-44.02607,-19.90973],[-44.02573,-19.90963],[-44.0256,-19.90944],[-44.02556,-19.90933],[-44.02572,-19.90917],[-44.0257,-19.90912],[-44.02549,-19.90899],[-44.02547,-19.90883],[-44.02567,-19.90877],[-44.02568,-19.90869],[-44.0255,-19.90848],[-44.02552,-19.90835],[-44.02569,-19.90812],[-44.02592,-19.90815],[-44.02594,-19.90812],[-44.02598,-19.90809],[-44.0259,-19.90788],[-44.02619,-19.90762],[-44.02644,-19.90764],[-44.02646,-19.90759],[-44.02635,-19.90739],[-44.02649,-19.9071],[-44.02673,-19.90706],[-44.02539,-19.90656],[-44.02569,-19.9065],[-44.02579,-19.90622],[-44.02564,-19.90597],[-44.02596,-19.90586],[-44.02614,-19.90545],[-44.02602,-19.90522],[-44.02347,-19.90425],[-44.02283,-19.904]],[[-44.02535,-19.91433],[-44.02543,-19.91478],[-44.02548,-19.91493],[-44.02543,-19.91513],[-44.02563,-19.91534],[-44.02583,-19.9157],[-44.02592,-19.91585],[-44.02584,-19.91604],[-44.02583,-19.91619],[-44.02614,-19.9163],[-44.02615,-19.91637],[-44.0263,-19.91642],[-44.02617,-19.91666],[-44.02612,-19.91681],[-44.02608,-19.91702],[-44.02609,-19.91715],[-44.02555,-19.9173],[-44.02543,-19.91764],[-44.0251,-19.91759],[-44.02502,-19.91755],[-44.02496,-19.91758],[-44.02495,-19.91769],[-44.02483,-19.91763],[-44.02472,-19.91752],[-44.02475,-19.91738],[-44.02472,-19.91723],[-44.02457,-19.91711],[-44.02446,-19.91696],[-44.02446,-19.91659],[-44.02417,-19.91644],[-44.02392,-19.91623],[-44.0238,-19.91599],[-44.02378,-19.91592],[-44.02384,-19.9159],[-44.02371,-19.91551],[-44.02371,-19.91495],[-44.02354,-19.91488],[-44.02358,-19.91465],[-44.02388,-19.91471],[-44.02395,-19.91484],[-44.02416,-19.91473],[-44.0245,-19.9146],[-44.02427,-19.91417],[-44.02459,-19.914],[-44.02468,-19.91415],[-44.02497,-19.91403],[-44.02512,-19.91436],[-44.02529,-19.91434],[-44.02535,-19.91433]]]]}},{"type":"Feature","properties":{"territory_id":"mg-3106200-piraja","name":"Pirajá","municipality_id":"mg-3106200","polling_places":1,"approx":false,"official":true,"method":"official-ibge-cd2022","whole_municipality":false,"approx_coords_only":false,"official_name":"Pirajá","official_code":"3106200382","match":"direct"},"geometry":{"type":"MultiPolygon","coordinates":[[[[-43.91689,-19.86741],[-43.91702,-19.86803],[-43.91701,-19.86812],[-43.9164,-19.8688],[-43.9169,-19.86938],[-43.91745,-19.8688],[-43.91796,-19.86911],[-43.91822,-19.86916],[-43.91904,-19.86896],[-43.91916,-19.86939],[-43.91959,-19.8692],[-43.91957,-19.86883],[-43.91937,-19.86777],[-43.92033,-19.86592],[-43.92063,-19.86529],[-43.92033,-19.86458],[-43.91788,-19.8644],[-43.91782,-19.86438],[-43.91604,-19.86425],[-43.91507,-19.86361],[-43.9147,-19.86334],[-43.91398,-19.86289],[-43.91399,-19.86307],[-43.91434,-19.86405],[-43.91461,-19.86495],[-43.9147,-19.8653],[-43.9148,-19.86554],[-43.91502,-19.86619],[-43.91498,-19.86685],[-43.91495,-19.86698],[-43.91629,-19.86725],[-43.91689,-19.86741]]]]}},{"type":"Feature","properties":{"territory_id":"mg-3106200-piratininga","name":"Piratininga","municipality_id":"mg-3106200","polling_places":4,"approx":false,"official":true,"method":"official-ibge-cd2022","whole_municipality":false,"approx_coords_only":false,"official_name":"Piratininga","official_code":"3106200488","match":"direct"},"geometry":{"type":"MultiPolygon","coordinates":[[[[-43.99129,-19.81887],[-43.99131,-19.81866],[-43.9916,-19.81865],[-43.99168,-19.81854],[-43.99175,-19.81856],[-43.99204,-19.81817],[-43.99215,-19.81821],[-43.99233,-19.81824],[-43.99262,-19.81825],[-43.99273,-19.81823],[-43.99298,-19.81856],[-43.99348,-19.81829],[-43.99363,-19.81819],[-43.99373,-19.81811],[-43.99378,-19.81804],[-43.99394,-19.81764],[-43.99408,-19.81743],[-43.9947,-19.81703],[-43.99479,-19.8167],[-43.99501,-19.81639],[-43.99501,-19.81623],[-43.99513,-19.81605],[-43.99533,-19.81582],[-43.99539,-19.81572],[-43.99508,-19.81558],[-43.99541,-19.81491],[-43.99559,-19.81462],[-43.9955,-19.81457],[-43.9956,-19.81441],[-43.99529,-19.81379],[-43.9964,-19.8131],[-43.99659,-19.81294],[-43.99671,-19.81289],[-43.99726,-19.81254],[-43.99746,-19.8124],[-43.99753,-19.81231],[-43.9975,-19.81222],[-43.99694,-19.81147],[-43.9965,-19.81105],[-43.99625,-19.81078],[-43.99653,-19.81056],[-43.99625,-19.81035],[-43.99621,-19.81029],[-43.9961,-19.81024],[-43.99607,-19.81019],[-43.99594,-19.81013],[-43.99585,-19.81001],[-43.99544,-19.80973],[-43.99487,-19.8092],[-43.99437,-19.80888],[-43.99409,-19.80873],[-43.99391,-19.80895],[-43.99285,-19.80811],[-43.99268,-19.80794],[-43.99218,-19.80805],[-43.99186,-19.80781],[-43.99152,-19.80758],[-43.991,-19.807],[-43.99063,-19.80679],[-43.99051,-19.8067],[-43.99045,-19.80649],[-43.9904,-19.806],[-43.9904,-19.80578],[-43.99031,-19.80513],[-43.9902,-19.80452],[-43.99004,-19.80382],[-43.99,-19.80372],[-43.98993,-19.80361],[-43.98988,-19.80344],[-43.98984,-19.80338],[-43.98724,-19.80349],[-43.9859,-19.80356],[-43.98009,-19.8038],[-43.98027,-19.80387],[-43.98058,-19.80395],[-43.98088,-19.80397],[-43.98128,-19.80407],[-43.98195,-19.8069],[-43.98206,-19.80693],[-43.98319,-19.80784],[-43.98276,-19.80829],[-43.98289,-19.80845],[-43.98374,-19.80916],[-43.98344,-19.80949],[-43.98396,-19.8099],[-43.98239,-19.81141],[-43.98249,-19.81218],[-43.98265,-19.81208],[-43.9843,-19.81359],[-43.98439,-19.81366],[-43.98471,-19.8128],[-43.98486,-19.81229],[-43.98567,-19.8126],[-43.98663,-19.81253],[-43.98749,-19.8125],[-43.98833,-19.8125],[-43.98847,-19.81259],[-43.9884,-19.81296],[-43.98785,-19.81559],[-43.98711,-19.81881],[-43.98729,-19.8198],[-43.98749,-19.8199],[-43.98774,-19.81993],[-43.99284,-19.82043],[-43.9929,-19.82006],[-43.99301,-19.81973],[-43.99258,-19.81967],[-43.99203,-19.81962],[-43.99182,-19.81959],[-43.9918,-19.81961],[-43.99183,-19.81967],[-43.9919,-19.81995],[-43.99202,-19.82006],[-43.99178,-19.82003],[-43.99157,-19.82003],[-43.9916,-19.81967],[-43.99155,-19.81956],[-43.99151,-19.8194],[-43.99149,-19.81919],[-43.99151,-19.81889],[-43.99134,-19.81887],[-43.99129,-19.81887]],[[-43.99529,-19.81379],[-43.99513,-19.8139],[-43.99486,-19.81404],[-43.99465,-19.81368],[-43.99498,-19.81361],[-43.99489,-19.81332],[-43.99515,-19.81313],[-43.99522,-19.81282],[-43.99557,-19.81323],[-43.99532,-19.81365],[-43.99529,-19.81379]],[[-43.99306,-19.80989],[-43.99366,-19.81037],[-43.99398,-19.81057],[-43.9939,-19.81118],[-43.99369,-19.81102],[-43.99345,-19.81128],[-43.99294,-19.81082],[-43.99312,-19.8106],[-43.99298,-19.81046],[-43.99315,-19.81026],[-43.99292,-19.81007],[-43.99306,-19.80989]]]]}},{"type":"Feature","properties":{"territory_id":"mg-3106200-planalto","name":"Planalto","municipality_id":"mg-3106200","polling_places":3,"approx":false,"official":true,"method":"official-ibge-cd2022","whole_municipality":false,"approx_coords_only":false,"official_name":"Planalto","official_code":"3106200450","match":"direct"},"geometry":{"type":"MultiPolygon","coordinates":[[[[-43.94473,-19.84399],[-43.94569,-19.84352],[-43.94662,-19.84319],[-43.94685,-19.84309],[-43.94736,-19.84268],[-43.9478,-19.84316],[-43.94815,-19.84287],[-43.94847,-19.84254],[-43.94908,-19.8419],[-43.94942,-19.84151],[-43.94986,-19.84107],[-43.95013,-19.84077],[-43.95045,-19.84054],[-43.95097,-19.84012],[-43.95194,-19.83923],[-43.95305,-19.83815],[-43.95412,-19.83702],[-43.95512,-19.83583],[-43.95593,-19.83477],[-43.95672,-19.83378],[-43.95826,-19.83181],[-43.95875,-19.83122],[-43.96039,-19.82911],[-43.96077,-19.82849],[-43.96035,-19.82812],[-43.95982,-19.82773],[-43.95872,-19.82707],[-43.95692,-19.82619],[-43.95622,-19.82582],[-43.95598,-19.82559],[-43.95578,-19.82535],[-43.95273,-19.82154],[-43.95262,-19.82172],[-43.95196,-19.82367],[-43.95142,-19.82609],[-43.95126,-19.82677],[-43.95127,-19.82723],[-43.95136,-19.82778],[-43.95146,-19.82801],[-43.95028,-19.82835],[-43.94928,-19.82975],[-43.94891,-19.83022],[-43.94906,-19.83041],[-43.94917,-19.83079],[-43.94931,-19.8312],[-43.94935,-19.83156],[-43.94936,-19.83189],[-43.94935,-19.83207],[-43.9493,-19.83239],[-43.94925,-19.8325],[-43.94906,-19.83278],[-43.94903,-19.83289],[-43.94897,-19.83301],[-43.9489,-19.83305],[-43.9486,-19.83316],[-43.9477,-19.83336],[-43.94713,-19.83351],[-43.94699,-19.83362],[-43.94631,-19.83388],[-43.94611,-19.83336],[-43.94566,-19.83235],[-43.94488,-19.82925],[-43.94492,-19.82854],[-43.94497,-19.8282],[-43.94511,-19.82761],[-43.94523,-19.82731],[-43.94486,-19.82715],[-43.94331,-19.82658],[-43.94293,-19.82722],[-43.94234,-19.8284],[-43.94181,-19.8296],[-43.94109,-19.8311],[-43.94097,-19.83129],[-43.94077,-19.83177],[-43.9406,-19.8323],[-43.94054,-19.8326],[-43.94036,-19.83451],[-43.94022,-19.83529],[-43.94004,-19.83618],[-43.94023,-19.83628],[-43.9403,-19.8363],[-43.94071,-19.83634],[-43.94078,-19.83633],[-43.94103,-19.83637],[-43.94095,-19.83647],[-43.94082,-19.83674],[-43.94079,-19.83697],[-43.9408,-19.83704],[-43.94145,-19.83845],[-43.94152,-19.83887],[-43.94152,-19.83913],[-43.94163,-19.83929],[-43.94159,-19.8394],[-43.94172,-19.83943],[-43.9423,-19.83948],[-43.94229,-19.83968],[-43.94206,-19.83966],[-43.94199,-19.83986],[-43.94182,-19.84051],[-43.94173,-19.84079],[-43.94172,-19.84098],[-43.94174,-19.8411],[-43.94173,-19.8412],[-43.94224,-19.84135],[-43.94216,-19.84159],[-43.94224,-19.84155],[-43.94236,-19.8416],[-43.94233,-19.84166],[-43.94256,-19.84178],[-43.94264,-19.84187],[-43.94269,-19.842],[-43.94275,-19.84208],[-43.94282,-19.84205],[-43.94304,-19.8421],[-43.94302,-19.84217],[-43.94313,-19.84226],[-43.94308,-19.84232],[-43.94324,-19.84241],[-43.9434,-19.84247],[-43.94341,-19.84231],[-43.94345,-19.8423],[-43.94371,-19.84236],[-43.9438,-19.84217],[-43.94411,-19.84225],[-43.94411,-19.84234],[-43.94397,-19.84281],[-43.94398,-19.84294],[-43.94408,-19.84293],[-43.94487,-19.84252],[-43.94469,-19.84331],[-43.94441,-19.84344],[-43.94408,-19.84331],[-43.94361,-19.84352],[-43.94345,-19.84324],[-43.94319,-19.84334],[-43.94303,-19.84309],[-43.9431,-19.84305],[-43.94295,-19.84276],[-43.94315,-19.84267],[-43.94307,-19.84247],[-43.94295,-19.84242],[-43.94278,-19.84248],[-43.94268,-19.84236],[-43.94242,-19.8425],[-43.94234,-19.84236],[-43.94273,-19.84217],[-43.94274,-19.84211],[-43.94246,-19.84204],[-43.94229,-19.84211],[-43.94219,-19.84194],[-43.94177,-19.84214],[-43.94184,-19.84228],[-43.94139,-19.84246],[-43.94135,-19.8425],[-43.94145,-19.84252],[-43.94221,-19.84388],[-43.9425,-19.84461],[-43.94271,-19.84497],[-43.94309,-19.84483],[-43.94336,-19.84467],[-43.94369,-19.84455],[-43.94394,-19.84443],[-43.94437,-19.84417],[-43.94473,-19.84399]]]]}},{"type":"Feature","properties":{"territory_id":"mg-3106200-pompeia","name":"Pompéia","municipality_id":"mg-3106200","polling_places":2,"approx":false,"official":true,"method":"official-ibge-cd2022","whole_municipality":false,"approx_coords_only":false,"official_name":"Pompéia","official_code":"3106200023","match":"direct"},"geometry":{"type":"MultiPolygon","coordinates":[[[[-43.89983,-19.91134],[-43.90009,-19.91154],[-43.9009,-19.91229],[-43.90096,-19.91245],[-43.90107,-19.91366],[-43.9011,-19.91386],[-43.90152,-19.91435],[-43.90174,-19.91464],[-43.90217,-19.91512],[-43.90266,-19.91599],[-43.90267,-19.91605],[-43.90267,-19.91619],[-43.9026,-19.91634],[-43.90252,-19.91646],[-43.90217,-19.91678],[-43.90205,-19.91695],[-43.90196,-19.91711],[-43.90193,-19.91741],[-43.90197,-19.91808],[-43.9021,-19.91798],[-43.9022,-19.91796],[-43.90247,-19.918],[-43.90239,-19.91769],[-43.90256,-19.91752],[-43.90304,-19.91723],[-43.9035,-19.91699],[-43.9043,-19.91672],[-43.90459,-19.91658],[-43.90498,-19.91611],[-43.90515,-19.91597],[-43.90515,-19.91578],[-43.90521,-19.91523],[-43.9089,-19.916],[-43.9092,-19.91604],[-43.90893,-19.91566],[-43.9085,-19.91502],[-43.90826,-19.91454],[-43.90813,-19.91416],[-43.90806,-19.9138],[-43.90804,-19.9131],[-43.9081,-19.91276],[-43.90822,-19.91232],[-43.90844,-19.91181],[-43.90895,-19.91078],[-43.90987,-19.90904],[-43.90705,-19.90948],[-43.90704,-19.90972],[-43.90697,-19.90992],[-43.90682,-19.91021],[-43.90648,-19.91041],[-43.90599,-19.91061],[-43.90576,-19.91065],[-43.90582,-19.91029],[-43.9063,-19.9101],[-43.9062,-19.90987],[-43.9058,-19.91005],[-43.90577,-19.9102],[-43.90535,-19.91017],[-43.90531,-19.91021],[-43.90514,-19.91023],[-43.90489,-19.91018],[-43.90492,-19.91004],[-43.90472,-19.91],[-43.90481,-19.90941],[-43.90472,-19.90946],[-43.90462,-19.90945],[-43.90326,-19.90923],[-43.90189,-19.909],[-43.90165,-19.90899],[-43.8991,-19.90858],[-43.89903,-19.90857],[-43.89896,-19.90853],[-43.89942,-19.91096],[-43.89947,-19.91107],[-43.89955,-19.91115],[-43.89966,-19.91123],[-43.89983,-19.91134]],[[-43.90475,-19.91242],[-43.9064,-19.9126],[-43.90734,-19.91262],[-43.90733,-19.91232],[-43.90787,-19.91216],[-43.90788,-19.91245],[-43.90786,-19.91245],[-43.90785,-19.91251],[-43.90774,-19.9125],[-43.90752,-19.91259],[-43.90763,-19.91271],[-43.9077,-19.91274],[-43.90776,-19.91284],[-43.90771,-19.91342],[-43.90771,-19.91393],[-43.90763,-19.91399],[-43.90721,-19.91419],[-43.90706,-19.91398],[-43.90698,-19.91367],[-43.90693,-19.91357],[-43.90686,-19.91334],[-43.90668,-19.9133],[-43.90658,-19.91323],[-43.90589,-19.91297],[-43.90565,-19.91279],[-43.90548,-19.91274],[-43.90493,-19.91287],[-43.9049,-19.91308],[-43.90511,-19.91363],[-43.90521,-19.91374],[-43.9053,-19.91377],[-43.90538,-19.91391],[-43.90513,-19.91386],[-43.90488,-19.91337],[-43.90482,-19.91336],[-43.90476,-19.91324],[-43.90469,-19.91306],[-43.90475,-19.91305],[-43.90471,-19.91294],[-43.90462,-19.91294],[-43.90472,-19.9125],[-43.90475,-19.91242]]]]}},{"type":"Feature","properties":{"territory_id":"mg-3106200-prado","name":"Prado","municipality_id":"mg-3106200","polling_places":1,"approx":false,"official":true,"method":"official-ibge-cd2022","whole_municipality":false,"approx_coords_only":false,"official_name":"Prado","official_code":"3106200126","match":"direct"},"geometry":{"type":"MultiPolygon","coordinates":[[[[-43.9599,-19.93002],[-43.96244,-19.93059],[-43.96443,-19.931],[-43.96519,-19.93114],[-43.96587,-19.93117],[-43.96974,-19.93099],[-43.97045,-19.93092],[-43.97077,-19.93086],[-43.97185,-19.93053],[-43.97195,-19.93038],[-43.97202,-19.93016],[-43.97203,-19.93001],[-43.97176,-19.92921],[-43.97167,-19.92917],[-43.97171,-19.92906],[-43.97173,-19.92786],[-43.97178,-19.92702],[-43.97151,-19.92697],[-43.97087,-19.9268],[-43.96987,-19.92725],[-43.9696,-19.92739],[-43.96934,-19.92739],[-43.96915,-19.92804],[-43.96772,-19.92763],[-43.96764,-19.92779],[-43.96772,-19.92824],[-43.96707,-19.92808],[-43.96642,-19.92794],[-43.96654,-19.92751],[-43.96709,-19.92678],[-43.96617,-19.92655],[-43.9661,-19.92657],[-43.96687,-19.92369],[-43.9667,-19.92309],[-43.96715,-19.92298],[-43.96724,-19.92258],[-43.9669,-19.92144],[-43.96713,-19.92138],[-43.96736,-19.92149],[-43.96761,-19.92105],[-43.96792,-19.91993],[-43.96798,-19.91976],[-43.96793,-19.91969],[-43.96816,-19.91892],[-43.96822,-19.91866],[-43.96746,-19.9182],[-43.96661,-19.91765],[-43.96637,-19.91752],[-43.966,-19.91738],[-43.96471,-19.91709],[-43.96407,-19.91692],[-43.96377,-19.91682],[-43.96352,-19.9168],[-43.96327,-19.91674],[-43.96292,-19.91678],[-43.96215,-19.91706],[-43.96178,-19.91731],[-43.96123,-19.9178],[-43.96082,-19.91842],[-43.96064,-19.9186],[-43.96052,-19.91871],[-43.96018,-19.91886],[-43.95954,-19.91898],[-43.95823,-19.91916],[-43.95776,-19.91914],[-43.95756,-19.91904],[-43.95656,-19.91863],[-43.95653,-19.91889],[-43.95712,-19.92112],[-43.95843,-19.92586],[-43.95845,-19.92606],[-43.95844,-19.92615],[-43.95719,-19.92945],[-43.95731,-19.92949],[-43.95854,-19.92973],[-43.9599,-19.93002]]]]}},{"type":"Feature","properties":{"territory_id":"mg-3106200-primeiro-de-maio","name":"Primeiro de Maio","municipality_id":"mg-3106200","polling_places":3,"approx":false,"official":true,"method":"official-ibge-cd2022","whole_municipality":false,"approx_coords_only":false,"official_name":"Primeiro de Maio","official_code":"3106200451","match":"direct"},"geometry":{"type":"MultiPolygon","coordinates":[[[[-43.93199,-19.8577],[-43.93112,-19.85805],[-43.92993,-19.85857],[-43.92991,-19.85877],[-43.92986,-19.85885],[-43.92982,-19.85899],[-43.93042,-19.85877],[-43.93076,-19.85857],[-43.93082,-19.85863],[-43.93065,-19.85879],[-43.93064,-19.85889],[-43.93067,-19.85897],[-43.93082,-19.85904],[-43.93093,-19.85902],[-43.93099,-19.85897],[-43.93141,-19.85891],[-43.93146,-19.85893],[-43.93159,-19.85892],[-43.93165,-19.85893],[-43.93208,-19.85877],[-43.9322,-19.85877],[-43.93216,-19.85892],[-43.93206,-19.85916],[-43.93308,-19.86006],[-43.93283,-19.8603],[-43.93278,-19.86045],[-43.93263,-19.8607],[-43.93254,-19.8607],[-43.93278,-19.86114],[-43.93298,-19.86131],[-43.93306,-19.86132],[-43.93415,-19.85878],[-43.93458,-19.85775],[-43.93468,-19.85744],[-43.93271,-19.85747],[-43.9324,-19.85752],[-43.93199,-19.8577]]],[[[-43.92943,-19.86233],[-43.93029,-19.86165],[-43.93059,-19.86138],[-43.92982,-19.85899],[-43.92952,-19.85908],[-43.92953,-19.85907],[-43.92939,-19.85915],[-43.92941,-19.85935],[-43.92925,-19.85938],[-43.92926,-19.85943],[-43.92913,-19.85942],[-43.92917,-19.85967],[-43.92899,-19.85973],[-43.92897,-19.85981],[-43.92885,-19.85995],[-43.92889,-19.86],[-43.92869,-19.86013],[-43.92854,-19.8601],[-43.9284,-19.8601],[-43.92829,-19.8601],[-43.92821,-19.86012],[-43.92787,-19.86037],[-43.92782,-19.86071],[-43.92776,-19.86094],[-43.92757,-19.8613],[-43.92748,-19.8622],[-43.92756,-19.8622],[-43.9275,-19.86258],[-43.92755,-19.8626],[-43.92775,-19.86257],[-43.92806,-19.86297],[-43.9278,-19.86313],[-43.92753,-19.86289],[-43.92725,-19.86316],[-43.92753,-19.86326],[-43.92768,-19.8633],[-43.92781,-19.86331],[-43.92795,-19.8633],[-43.92832,-19.86323],[-43.92856,-19.86301],[-43.92913,-19.86257],[-43.92943,-19.86233]]]]}},{"type":"Feature","properties":{"territory_id":"mg-3106200-providencia","name":"Providência","municipality_id":"mg-3106200","polling_places":2,"approx":false,"official":true,"method":"official-ibge-cd2022","whole_municipality":false,"approx_coords_only":false,"official_name":"Providência","official_code":"3106200452","match":"direct"},"geometry":{"type":"MultiPolygon","coordinates":[[[[-43.92675,-19.86186],[-43.92686,-19.86182],[-43.92697,-19.86182],[-43.92706,-19.86183],[-43.92735,-19.86191],[-43.9275,-19.86193],[-43.92757,-19.8613],[-43.92776,-19.86094],[-43.92782,-19.86071],[-43.92787,-19.86037],[-43.928,-19.86027],[-43.928,-19.86005],[-43.92671,-19.8599],[-43.92652,-19.85989],[-43.92659,-19.85928],[-43.92782,-19.85935],[-43.92785,-19.85882],[-43.92787,-19.85874],[-43.92828,-19.85873],[-43.92831,-19.85846],[-43.92879,-19.85848],[-43.9288,-19.85815],[-43.92819,-19.85812],[-43.9282,-19.85784],[-43.92836,-19.85784],[-43.92832,-19.85768],[-43.9285,-19.85778],[-43.92854,-19.85785],[-43.9286,-19.85786],[-43.92873,-19.85795],[-43.92897,-19.85814],[-43.92914,-19.85831],[-43.92938,-19.85851],[-43.92948,-19.85895],[-43.92953,-19.85907],[-43.92952,-19.85908],[-43.92982,-19.85899],[-43.92986,-19.85885],[-43.92991,-19.85877],[-43.92993,-19.85857],[-43.92986,-19.85836],[-43.92972,-19.85771],[-43.9295,-19.85691],[-43.92941,-19.85663],[-43.92931,-19.85646],[-43.92909,-19.85616],[-43.92902,-19.8561],[-43.92869,-19.85552],[-43.92859,-19.85521],[-43.92854,-19.85497],[-43.92852,-19.85478],[-43.92852,-19.85457],[-43.92811,-19.85473],[-43.92792,-19.85478],[-43.92738,-19.85345],[-43.92734,-19.85327],[-43.92719,-19.85283],[-43.92711,-19.85241],[-43.92707,-19.85196],[-43.92702,-19.85182],[-43.92643,-19.85082],[-43.92626,-19.85061],[-43.92596,-19.85033],[-43.92546,-19.84996],[-43.92461,-19.84944],[-43.92439,-19.84933],[-43.92405,-19.84921],[-43.92373,-19.84914],[-43.92346,-19.84912],[-43.92264,-19.8492],[-43.92182,-19.84922],[-43.9216,-19.84913],[-43.9213,-19.84954],[-43.92126,-19.8494],[-43.92086,-19.84944],[-43.92026,-19.84945],[-43.92027,-19.84989],[-43.92018,-19.85022],[-43.92064,-19.85096],[-43.92154,-19.85258],[-43.92246,-19.85432],[-43.92279,-19.855],[-43.92338,-19.8561],[-43.92368,-19.85682],[-43.92427,-19.85813],[-43.92446,-19.85881],[-43.92448,-19.85952],[-43.92447,-19.85996],[-43.92449,-19.86014],[-43.92454,-19.86039],[-43.92458,-19.86048],[-43.92465,-19.86059],[-43.92491,-19.86087],[-43.92573,-19.8614],[-43.92627,-19.8618],[-43.92657,-19.86207],[-43.92684,-19.86248],[-43.92725,-19.86316],[-43.92753,-19.86289],[-43.92742,-19.86281],[-43.92733,-19.86281],[-43.9268,-19.86191],[-43.92675,-19.86186]],[[-43.9263,-19.8536],[-43.92564,-19.8538],[-43.92553,-19.85344],[-43.92552,-19.85334],[-43.92546,-19.8533],[-43.92459,-19.85299],[-43.92459,-19.8528],[-43.92455,-19.85253],[-43.92452,-19.85244],[-43.92459,-19.85244],[-43.92481,-19.85238],[-43.92501,-19.85228],[-43.9251,-19.85226],[-43.92517,-19.85222],[-43.92544,-19.853],[-43.92605,-19.85284],[-43.9263,-19.8536]],[[-43.92641,-19.86116],[-43.92631,-19.86109],[-43.92587,-19.86043],[-43.92532,-19.85938],[-43.92482,-19.85851],[-43.92414,-19.85723],[-43.92451,-19.85715],[-43.92475,-19.85784],[-43.92488,-19.85813],[-43.92491,-19.85817],[-43.925,-19.85818],[-43.92507,-19.85854],[-43.92558,-19.85857],[-43.92557,-19.85893],[-43.92568,-19.85894],[-43.92566,-19.85922],[-43.92556,-19.85921],[-43.92552,-19.85943],[-43.9259,-19.86013],[-43.92631,-19.86015],[-43.9263,-19.86008],[-43.92652,-19.85989],[-43.92649,-19.86022],[-43.92679,-19.86023],[-43.92679,-19.86025],[-43.92694,-19.86026],[-43.92692,-19.86059],[-43.92663,-19.86057],[-43.92662,-19.86118],[-43.92649,-19.86118],[-43.92641,-19.86116]]]]}},{"type":"Feature","properties":{"territory_id":"mg-3106200-regina","name":"Regina","municipality_id":"mg-3106200","polling_places":1,"approx":true,"official":false,"method":"voronoi-polling-places","whole_municipality":false,"approx_coords_only":false},"geometry":{"type":"MultiPolygon","coordinates":[[[[-44.0629,-19.9768],[-44.05644,-19.98811],[-44.0563,-19.98767],[-44.05597,-19.98674],[-44.05602,-19.98618],[-44.05595,-19.98596],[-44.05623,-19.98547],[-44.05621,-19.9854],[-44.05628,-19.98538],[-44.0564,-19.98512],[-44.0565,-19.98495],[-44.05681,-19.98493],[-44.05641,-19.98365],[-44.05712,-19.98345],[-44.05711,-19.98343],[-44.0573,-19.98303],[-44.05701,-19.98203],[-44.05722,-19.9817],[-44.05786,-19.98147],[-44.05764,-19.98121],[-44.05755,-19.98108],[-44.05748,-19.98088],[-44.05746,-19.98068],[-44.0575,-19.98048],[-44.05769,-19.98014],[-44.05824,-19.97954],[-44.05903,-19.97865],[-44.05918,-19.9785],[-44.05934,-19.97831],[-44.05942,-19.9782],[-44.0597,-19.97755],[-44.0601,-19.9774],[-44.06047,-19.97646],[-44.06272,-19.97678],[-44.06287,-19.97683],[-44.06289,-19.9768],[-44.0629,-19.9768]]],[[[-44.05332,-19.98867],[-44.05325,-19.98924],[-44.05301,-19.99055],[-44.05287,-19.99144],[-44.05277,-19.99168],[-44.05244,-19.99348],[-44.05193,-19.99599],[-44.04999,-19.99939],[-44.04887,-19.99874],[-44.0466,-19.9949],[-44.04663,-19.99488],[-44.0464,-19.99456],[-44.04606,-19.99399],[-44.04604,-19.99394],[-44.04595,-19.99367],[-44.04589,-19.99345],[-44.04587,-19.99312],[-44.04583,-19.99221],[-44.04584,-19.99204],[-44.04586,-19.99189],[-44.04591,-19.99178],[-44.04599,-19.99165],[-44.04625,-19.99142],[-44.04645,-19.99128],[-44.04653,-19.99119],[-44.04674,-19.99095],[-44.04681,-19.99084],[-44.0469,-19.99059],[-44.04693,-19.99013],[-44.04685,-19.98974],[-44.04675,-19.9895],[-44.0466,-19.98931],[-44.04615,-19.9888],[-44.04509,-19.98766],[-44.04586,-19.98543],[-44.04625,-19.98414],[-44.04649,-19.98319],[-44.04647,-19.98319],[-44.04685,-19.98312],[-44.04704,-19.98306],[-44.04774,-19.98278],[-44.04811,-19.98267],[-44.04835,-19.98263],[-44.04867,-19.98261],[-44.04909,-19.98262],[-44.04919,-19.98285],[-44.04959,-19.98297],[-44.05014,-19.98323],[-44.0505,-19.98349],[-44.05068,-19.98365],[-44.05083,-19.98381],[-44.05096,-19.98402],[-44.05104,-19.984],[-44.05137,-19.9845],[-44.05221,-19.98604],[-44.05279,-19.98699],[-44.05312,-19.98753],[-44.05322,-19.98782],[-44.05315,-19.98786],[-44.05325,-19.9881],[-44.05332,-19.98867]]],[[[-44.04521,-19.97491],[-44.0452,-19.97507],[-44.04517,-19.97527],[-44.04511,-19.97539],[-44.04428,-19.97625],[-44.0428,-19.97789],[-44.04276,-19.97793],[-44.04131,-19.97954],[-44.04212,-19.97389],[-44.04468,-19.97425],[-44.04471,-19.97456],[-44.04495,-19.97458],[-44.04509,-19.97464],[-44.04518,-19.97478],[-44.04521,-19.97491]]],[[[-44.04213,-19.98149],[-44.04159,-19.98151],[-44.04179,-19.9815],[-44.04213,-19.98149]]]]}},{"type":"Feature","properties":{"territory_id":"mg-3106200-renascenca","name":"Renascença","municipality_id":"mg-3106200","polling_places":3,"approx":false,"official":true,"method":"official-ibge-cd2022","whole_municipality":false,"approx_coords_only":false,"official_name":"Renascença","official_code":"3106200065","match":"direct"},"geometry":{"type":"MultiPolygon","coordinates":[[[[-43.93628,-19.89239],[-43.93632,-19.89385],[-43.93848,-19.89477],[-43.93828,-19.89576],[-43.93848,-19.89586],[-43.9388,-19.89607],[-43.93975,-19.89595],[-43.94279,-19.89566],[-43.94312,-19.89546],[-43.94304,-19.89496],[-43.94302,-19.89436],[-43.9434,-19.8943],[-43.94371,-19.89386],[-43.94385,-19.89273],[-43.9438,-19.89256],[-43.94349,-19.89185],[-43.94334,-19.89073],[-43.94334,-19.89056],[-43.94326,-19.88971],[-43.94301,-19.88969],[-43.94283,-19.88955],[-43.94279,-19.88947],[-43.94337,-19.88816],[-43.94366,-19.88746],[-43.94356,-19.88742],[-43.94221,-19.88615],[-43.94162,-19.88579],[-43.94128,-19.88563],[-43.94116,-19.8856],[-43.94083,-19.88556],[-43.93997,-19.88542],[-43.94001,-19.88344],[-43.94002,-19.88331],[-43.93976,-19.88325],[-43.93952,-19.88321],[-43.93755,-19.88307],[-43.93736,-19.88304],[-43.93724,-19.88299],[-43.93699,-19.88285],[-43.93696,-19.8831],[-43.93709,-19.88334],[-43.93731,-19.88367],[-43.93742,-19.88396],[-43.93747,-19.88439],[-43.93746,-19.88476],[-43.9374,-19.8852],[-43.93709,-19.88576],[-43.93702,-19.88613],[-43.9369,-19.88636],[-43.93647,-19.8867],[-43.9363,-19.88702],[-43.93631,-19.88807],[-43.93623,-19.88837],[-43.93609,-19.8886],[-43.93594,-19.88864],[-43.93595,-19.88886],[-43.93604,-19.88951],[-43.93609,-19.89013],[-43.93628,-19.89176],[-43.93628,-19.89239]]]]}},{"type":"Feature","properties":{"territory_id":"mg-3106200-ribeiro-de-abreu","name":"Ribeiro de Abreu","municipality_id":"mg-3106200","polling_places":4,"approx":false,"official":true,"method":"official-ibge-cd2022","whole_municipality":false,"approx_coords_only":false,"official_name":"Ribeiro de Abreu","official_code":"3106200407","match":"direct"},"geometry":{"type":"MultiPolygon","coordinates":[[[[-43.89656,-19.83819],[-43.89714,-19.83897],[-43.89737,-19.83934],[-43.89755,-19.83971],[-43.89761,-19.83995],[-43.8977,-19.84018],[-43.89782,-19.8402],[-43.89799,-19.84026],[-43.89803,-19.84029],[-43.89804,-19.84047],[-43.89799,-19.84055],[-43.89802,-19.84069],[-43.89825,-19.84131],[-43.89786,-19.84136],[-43.8977,-19.84141],[-43.8979,-19.84153],[-43.89783,-19.84202],[-43.89761,-19.84222],[-43.89821,-19.84208],[-43.89987,-19.84185],[-43.9017,-19.8415],[-43.9022,-19.84154],[-43.9023,-19.8413],[-43.90247,-19.8411],[-43.90279,-19.84095],[-43.90318,-19.84098],[-43.90354,-19.84124],[-43.90403,-19.84127],[-43.90461,-19.84115],[-43.90495,-19.84093],[-43.90498,-19.84012],[-43.90487,-19.84001],[-43.90525,-19.8396],[-43.9052,-19.83942],[-43.90529,-19.83912],[-43.90528,-19.83894],[-43.90506,-19.8378],[-43.90474,-19.83776],[-43.90462,-19.8377],[-43.90501,-19.83712],[-43.90512,-19.83703],[-43.90515,-19.83699],[-43.90557,-19.83724],[-43.90568,-19.83723],[-43.90642,-19.83672],[-43.90644,-19.83505],[-43.90606,-19.83456],[-43.90578,-19.83437],[-43.90555,-19.8343],[-43.90399,-19.83395],[-43.90391,-19.83387],[-43.90367,-19.83341],[-43.90362,-19.83325],[-43.90362,-19.83321],[-43.90377,-19.8331],[-43.9037,-19.83302],[-43.90366,-19.83294],[-43.90351,-19.83279],[-43.9032,-19.83224],[-43.90304,-19.832],[-43.90284,-19.83183],[-43.90263,-19.83158],[-43.90239,-19.83141],[-43.9023,-19.83132],[-43.90205,-19.83085],[-43.90203,-19.83071],[-43.90209,-19.83054],[-43.90228,-19.83035],[-43.90238,-19.83018],[-43.9025,-19.82982],[-43.90296,-19.82993],[-43.90331,-19.82994],[-43.90338,-19.82984],[-43.90335,-19.82958],[-43.90336,-19.82929],[-43.90342,-19.82898],[-43.90353,-19.82869],[-43.90367,-19.82844],[-43.9045,-19.82746],[-43.90475,-19.82714],[-43.9049,-19.82691],[-43.9051,-19.82646],[-43.9052,-19.82603],[-43.90523,-19.82581],[-43.9052,-19.82541],[-43.90505,-19.82483],[-43.90492,-19.82451],[-43.90465,-19.82412],[-43.90312,-19.82227],[-43.90324,-19.8222],[-43.90383,-19.82223],[-43.904,-19.8222],[-43.90412,-19.8221],[-43.90423,-19.82187],[-43.9042,-19.82147],[-43.90395,-19.82091],[-43.90397,-19.8208],[-43.90401,-19.82067],[-43.90417,-19.82051],[-43.90456,-19.82034],[-43.90393,-19.81815],[-43.90332,-19.81613],[-43.90298,-19.81624],[-43.90293,-19.81623],[-43.9025,-19.81634],[-43.90171,-19.81661],[-43.90094,-19.81666],[-43.9003,-19.8172],[-43.90045,-19.81743],[-43.90049,-19.81769],[-43.90065,-19.81791],[-43.90073,-19.81821],[-43.90071,-19.81852],[-43.9008,-19.81876],[-43.90104,-19.81912],[-43.90108,-19.81929],[-43.9012,-19.81949],[-43.90214,-19.82058],[-43.9021,-19.82107],[-43.90151,-19.82038],[-43.90142,-19.82048],[-43.90149,-19.82077],[-43.90133,-19.82103],[-43.90089,-19.82044],[-43.90062,-19.82019],[-43.90033,-19.8202],[-43.90021,-19.82031],[-43.90005,-19.82049],[-43.89988,-19.82122],[-43.89947,-19.82145],[-43.8993,-19.82147],[-43.89907,-19.82154],[-43.89898,-19.82159],[-43.89932,-19.82269],[-43.89936,-19.82278],[-43.89869,-19.82306],[-43.89774,-19.82341],[-43.89756,-19.82353],[-43.89744,-19.82366],[-43.89731,-19.82385],[-43.89727,-19.82398],[-43.89723,-19.82417],[-43.89725,-19.82433],[-43.89729,-19.82455],[-43.89736,-19.8247],[-43.89751,-19.82488],[-43.89816,-19.82529],[-43.89833,-19.82549],[-43.89841,-19.82561],[-43.89847,-19.82578],[-43.89838,-19.82632],[-43.89832,-19.82646],[-43.89825,-19.82656],[-43.89807,-19.82673],[-43.89797,-19.8268],[-43.89779,-19.8269],[-43.89749,-19.82704],[-43.89724,-19.82711],[-43.8971,-19.82719],[-43.89698,-19.8273],[-43.89689,-19.82742],[-43.89676,-19.82775],[-43.89671,-19.82797],[-43.89671,-19.8281],[-43.89668,-19.82827],[-43.89657,-19.82864],[-43.89646,-19.82881],[-43.89639,-19.82888],[-43.89617,-19.82903],[-43.89606,-19.82909],[-43.89595,-19.82912],[-43.89582,-19.82915],[-43.89555,-19.82918],[-43.89542,-19.82918],[-43.8952,-19.82914],[-43.8951,-19.82915],[-43.89495,-19.82918],[-43.89479,-19.82926],[-43.89447,-19.82953],[-43.89437,-19.82967],[-43.89431,-19.82984],[-43.89426,-19.83007],[-43.89418,-19.83032],[-43.89397,-19.8306],[-43.89383,-19.83073],[-43.89361,-19.83087],[-43.89348,-19.83091],[-43.89337,-19.83092],[-43.89268,-19.83086],[-43.8924,-19.83089],[-43.89228,-19.83093],[-43.89211,-19.83103],[-43.89185,-19.83129],[-43.89162,-19.83169],[-43.89267,-19.8323],[-43.89263,-19.83235],[-43.89289,-19.83253],[-43.89269,-19.83273],[-43.89333,-19.83325],[-43.89352,-19.83309],[-43.89371,-19.83332],[-43.89393,-19.83353],[-43.89413,-19.83335],[-43.89433,-19.83371],[-43.89445,-19.83405],[-43.89396,-19.83414],[-43.8941,-19.83433],[-43.89415,-19.83433],[-43.89436,-19.83428],[-43.89474,-19.83489],[-43.89508,-19.83535],[-43.89528,-19.83552],[-43.89553,-19.83587],[-43.89559,-19.83602],[-43.89575,-19.83626],[-43.89588,-19.83663],[-43.89605,-19.83701],[-43.89609,-19.83722],[-43.89612,-19.83745],[-43.89602,-19.8375],[-43.89629,-19.83785],[-43.89656,-19.83819]],[[-43.90318,-19.82812],[-43.90302,-19.82842],[-43.90265,-19.82942],[-43.90249,-19.8294],[-43.90221,-19.82954],[-43.90195,-19.82923],[-43.90207,-19.82913],[-43.9023,-19.82889],[-43.90235,-19.82875],[-43.90224,-19.82862],[-43.90225,-19.82852],[-43.90291,-19.82806],[-43.90305,-19.82801],[-43.90314,-19.82808],[-43.90318,-19.82812]]]]}},{"type":"Feature","properties":{"territory_id":"mg-3106200-rio-branco","name":"Rio Branco","municipality_id":"mg-3106200","polling_places":4,"approx":false,"official":true,"method":"official-ibge-cd2022","whole_municipality":false,"approx_coords_only":false,"official_name":"Rio Branco","official_code":"3106200489","match":"direct"},"geometry":{"type":"MultiPolygon","coordinates":[[[[-43.98358,-19.82172],[-43.9843,-19.82151],[-43.98507,-19.82123],[-43.98551,-19.82089],[-43.98629,-19.8218],[-43.9864,-19.82201],[-43.98721,-19.82189],[-43.98813,-19.82186],[-43.98837,-19.82183],[-43.98845,-19.82186],[-43.98895,-19.82191],[-43.98921,-19.82191],[-43.98979,-19.82201],[-43.99029,-19.82205],[-43.99039,-19.8209],[-43.99037,-19.82083],[-43.99021,-19.82078],[-43.99007,-19.82068],[-43.98995,-19.82057],[-43.98989,-19.82042],[-43.98984,-19.82026],[-43.98982,-19.82013],[-43.98774,-19.81993],[-43.98749,-19.8199],[-43.98729,-19.8198],[-43.98711,-19.81881],[-43.98785,-19.81559],[-43.9884,-19.81296],[-43.98847,-19.81259],[-43.98833,-19.8125],[-43.98749,-19.8125],[-43.98663,-19.81253],[-43.98567,-19.8126],[-43.98486,-19.81229],[-43.98471,-19.8128],[-43.98439,-19.81366],[-43.9843,-19.81359],[-43.98265,-19.81208],[-43.98249,-19.81218],[-43.98243,-19.81178],[-43.98118,-19.81222],[-43.98053,-19.81249],[-43.98042,-19.81177],[-43.98034,-19.81151],[-43.98027,-19.81138],[-43.9798,-19.81076],[-43.97963,-19.81063],[-43.97924,-19.81043],[-43.97877,-19.81132],[-43.97833,-19.81225],[-43.97803,-19.81291],[-43.97771,-19.81367],[-43.97646,-19.81425],[-43.97657,-19.81454],[-43.97238,-19.81463],[-43.9732,-19.81492],[-43.97393,-19.81515],[-43.97434,-19.81527],[-43.9751,-19.81554],[-43.97544,-19.81571],[-43.97596,-19.81607],[-43.97636,-19.81644],[-43.97662,-19.81675],[-43.97686,-19.81716],[-43.97699,-19.81742],[-43.9777,-19.81942],[-43.97792,-19.82009],[-43.97842,-19.82148],[-43.97844,-19.82158],[-43.97868,-19.82229],[-43.97885,-19.82269],[-43.97907,-19.8231],[-43.98034,-19.82269],[-43.98041,-19.82295],[-43.98072,-19.82382],[-43.98074,-19.82406],[-43.98068,-19.82424],[-43.98124,-19.82442],[-43.98255,-19.82478],[-43.9827,-19.82438],[-43.98313,-19.82304],[-43.98358,-19.82172]]]]}},{"type":"Feature","properties":{"territory_id":"mg-3106200-sagrada-familia","name":"Sagrada Familia","municipality_id":"mg-3106200","polling_places":5,"approx":false,"official":true,"method":"official-ibge-cd2022","whole_municipality":false,"approx_coords_only":false,"official_name":"Sagrada Família","official_code":"3106200004","match":"direct"},"geometry":{"type":"MultiPolygon","coordinates":[[[[-43.91796,-19.90783],[-43.91947,-19.90761],[-43.92018,-19.91162],[-43.92094,-19.91165],[-43.92405,-19.91184],[-43.9242,-19.91183],[-43.92436,-19.91178],[-43.92463,-19.91168],[-43.92488,-19.9116],[-43.92536,-19.91137],[-43.92612,-19.91095],[-43.92628,-19.91078],[-43.92633,-19.9107],[-43.92696,-19.90947],[-43.92703,-19.90935],[-43.92709,-19.90927],[-43.92926,-19.9077],[-43.92948,-19.90753],[-43.92965,-19.90734],[-43.92984,-19.90699],[-43.92999,-19.90661],[-43.93073,-19.90503],[-43.93127,-19.90337],[-43.93007,-19.90298],[-43.92946,-19.90276],[-43.92912,-19.90256],[-43.92896,-19.90243],[-43.92869,-19.90213],[-43.92851,-19.90187],[-43.92841,-19.90168],[-43.92832,-19.90133],[-43.92825,-19.90089],[-43.92815,-19.90033],[-43.9277,-19.89756],[-43.92754,-19.89676],[-43.9274,-19.89558],[-43.92741,-19.89523],[-43.92745,-19.89499],[-43.92754,-19.89465],[-43.92597,-19.89425],[-43.92445,-19.89382],[-43.92398,-19.8937],[-43.92374,-19.89365],[-43.92234,-19.89358],[-43.92194,-19.89344],[-43.92178,-19.89333],[-43.92154,-19.89316],[-43.92106,-19.89259],[-43.92083,-19.89214],[-43.92072,-19.89247],[-43.92095,-19.89351],[-43.92112,-19.89393],[-43.92123,-19.89412],[-43.92135,-19.89422],[-43.92128,-19.89431],[-43.92129,-19.89446],[-43.92169,-19.89539],[-43.92181,-19.89563],[-43.92173,-19.89572],[-43.92185,-19.89603],[-43.92149,-19.89617],[-43.92141,-19.89637],[-43.91992,-19.89675],[-43.91958,-19.89686],[-43.91915,-19.89697],[-43.91872,-19.89704],[-43.91794,-19.89712],[-43.91739,-19.89722],[-43.91659,-19.89742],[-43.91647,-19.89748],[-43.91494,-19.89827],[-43.91517,-19.89903],[-43.91506,-19.89905],[-43.91501,-19.8991],[-43.91533,-19.90072],[-43.91532,-19.90098],[-43.91535,-19.9015],[-43.91539,-19.90153],[-43.91549,-19.90219],[-43.91555,-19.90231],[-43.9156,-19.90256],[-43.91558,-19.90292],[-43.91555,-19.90313],[-43.91533,-19.90395],[-43.9152,-19.90442],[-43.9151,-19.90465],[-43.9151,-19.90477],[-43.91507,-19.90487],[-43.91497,-19.90511],[-43.91474,-19.9056],[-43.91461,-19.90578],[-43.91495,-19.90601],[-43.91571,-19.90644],[-43.91541,-19.90691],[-43.91499,-19.90775],[-43.91497,-19.90781],[-43.91498,-19.90789],[-43.91503,-19.90828],[-43.91645,-19.90806],[-43.91796,-19.90783]]]]}},{"type":"Feature","properties":{"territory_id":"mg-3106200-salgado-filho","name":"Salgado Filho","municipality_id":"mg-3106200","polling_places":4,"approx":false,"official":true,"method":"official-ibge-cd2022","whole_municipality":false,"approx_coords_only":false,"official_name":"Salgado Filho","official_code":"3106200136","match":"direct"},"geometry":{"type":"MultiPolygon","coordinates":[[[[-43.9813,-19.94977],[-43.98163,-19.9495],[-43.982,-19.94923],[-43.98283,-19.95019],[-43.983,-19.95027],[-43.9833,-19.94996],[-43.98377,-19.94957],[-43.98437,-19.94903],[-43.98463,-19.94882],[-43.98494,-19.94861],[-43.98528,-19.94846],[-43.9865,-19.94816],[-43.98695,-19.94799],[-43.98714,-19.94787],[-43.98738,-19.94758],[-43.98752,-19.94725],[-43.98754,-19.94691],[-43.98737,-19.94637],[-43.98723,-19.94603],[-43.98688,-19.9449],[-43.98691,-19.9446],[-43.987,-19.94436],[-43.9872,-19.94407],[-43.98779,-19.94354],[-43.98799,-19.94329],[-43.98815,-19.94302],[-43.9882,-19.94281],[-43.9882,-19.94272],[-43.98814,-19.94235],[-43.98799,-19.94206],[-43.98776,-19.94182],[-43.98586,-19.94035],[-43.98564,-19.94009],[-43.98545,-19.93969],[-43.98537,-19.93916],[-43.98531,-19.93851],[-43.98518,-19.938],[-43.98464,-19.93817],[-43.98434,-19.93829],[-43.98395,-19.93774],[-43.98398,-19.93765],[-43.9836,-19.93731],[-43.98307,-19.93746],[-43.98319,-19.937],[-43.98315,-19.93702],[-43.98234,-19.93682],[-43.98244,-19.93659],[-43.98228,-19.93654],[-43.9823,-19.93644],[-43.98203,-19.93637],[-43.98198,-19.93626],[-43.98169,-19.93619],[-43.98176,-19.93593],[-43.98167,-19.93591],[-43.98166,-19.93561],[-43.98153,-19.93559],[-43.98148,-19.93559],[-43.98082,-19.93544],[-43.98064,-19.93619],[-43.98019,-19.93589],[-43.97963,-19.93752],[-43.97952,-19.93823],[-43.97883,-19.93849],[-43.97857,-19.93887],[-43.97821,-19.93946],[-43.97799,-19.93991],[-43.97782,-19.94019],[-43.97791,-19.94023],[-43.97769,-19.94095],[-43.97751,-19.94159],[-43.97751,-19.94173],[-43.97793,-19.94341],[-43.97801,-19.94388],[-43.97807,-19.94399],[-43.9782,-19.94409],[-43.97913,-19.94458],[-43.97918,-19.94462],[-43.97894,-19.94478],[-43.97876,-19.94488],[-43.97865,-19.9449],[-43.9775,-19.94488],[-43.97742,-19.94502],[-43.97727,-19.94518],[-43.97698,-19.94533],[-43.97668,-19.94537],[-43.97609,-19.94531],[-43.97555,-19.94522],[-43.9754,-19.94523],[-43.9753,-19.94528],[-43.97521,-19.94534],[-43.97513,-19.94543],[-43.97459,-19.94635],[-43.97437,-19.94666],[-43.97429,-19.94682],[-43.97423,-19.94705],[-43.97415,-19.9478],[-43.97416,-19.94801],[-43.97427,-19.94829],[-43.97429,-19.94855],[-43.97435,-19.94852],[-43.97457,-19.94883],[-43.97488,-19.94863],[-43.9752,-19.94851],[-43.97593,-19.94831],[-43.97602,-19.94857],[-43.97617,-19.94861],[-43.97611,-19.94884],[-43.97595,-19.94874],[-43.9758,-19.94888],[-43.97592,-19.94912],[-43.97549,-19.94924],[-43.97558,-19.94953],[-43.97599,-19.94947],[-43.97626,-19.94939],[-43.97637,-19.9497],[-43.97677,-19.94948],[-43.97685,-19.94984],[-43.97703,-19.94981],[-43.97709,-19.95013],[-43.97591,-19.95033],[-43.9759,-19.95046],[-43.97597,-19.95049],[-43.97765,-19.95103],[-43.97779,-19.9506],[-43.97786,-19.95054],[-43.97873,-19.95064],[-43.97912,-19.95063],[-43.98028,-19.95069],[-43.98131,-19.95084],[-43.98142,-19.95087],[-43.98136,-19.95067],[-43.98132,-19.95046],[-43.98132,-19.95022],[-43.9813,-19.94977]]]]}},{"type":"Feature","properties":{"territory_id":"mg-3106200-santa-amelia","name":"Santa Amélia","municipality_id":"mg-3106200","polling_places":3,"approx":false,"official":true,"method":"official-ibge-cd2022","whole_municipality":false,"approx_coords_only":false,"official_name":"Santa Amélia","official_code":"3106200416","match":"direct"},"geometry":{"type":"MultiPolygon","coordinates":[[[[-43.97115,-19.8323],[-43.97104,-19.83276],[-43.971,-19.8331],[-43.97101,-19.83326],[-43.97115,-19.83412],[-43.97142,-19.8354],[-43.97153,-19.83608],[-43.97165,-19.83642],[-43.97189,-19.83689],[-43.97183,-19.83942],[-43.97175,-19.84074],[-43.97184,-19.84096],[-43.9725,-19.84221],[-43.97181,-19.84255],[-43.97144,-19.84221],[-43.97108,-19.84197],[-43.97044,-19.84285],[-43.97092,-19.84326],[-43.97106,-19.84343],[-43.97114,-19.84355],[-43.97126,-19.84377],[-43.97134,-19.84399],[-43.97162,-19.84482],[-43.97175,-19.84501],[-43.97189,-19.8452],[-43.97217,-19.84547],[-43.97256,-19.84573],[-43.97381,-19.84632],[-43.97422,-19.84646],[-43.97452,-19.84654],[-43.97481,-19.84659],[-43.97549,-19.84655],[-43.97614,-19.84634],[-43.97644,-19.8462],[-43.97656,-19.84609],[-43.97726,-19.84587],[-43.97748,-19.84584],[-43.97796,-19.84586],[-43.97816,-19.84591],[-43.97863,-19.8461],[-43.97971,-19.8467],[-43.98148,-19.84774],[-43.9821,-19.84802],[-43.98234,-19.84816],[-43.98298,-19.84819],[-43.98314,-19.84815],[-43.98361,-19.84798],[-43.985,-19.84693],[-43.9856,-19.84654],[-43.9865,-19.84533],[-43.98675,-19.84492],[-43.987,-19.84459],[-43.98736,-19.84418],[-43.98835,-19.8435],[-43.98979,-19.84257],[-43.98976,-19.84253],[-43.98974,-19.84246],[-43.98976,-19.84239],[-43.98833,-19.84139],[-43.98719,-19.84054],[-43.98701,-19.84038],[-43.98686,-19.84033],[-43.98567,-19.83984],[-43.98352,-19.83892],[-43.98268,-19.83855],[-43.9819,-19.83824],[-43.98167,-19.83823],[-43.98136,-19.83832],[-43.98118,-19.83839],[-43.98081,-19.83646],[-43.98078,-19.83618],[-43.98079,-19.83607],[-43.98084,-19.83588],[-43.98092,-19.83568],[-43.98104,-19.83548],[-43.98147,-19.83499],[-43.98152,-19.83472],[-43.98153,-19.83459],[-43.98148,-19.83407],[-43.98143,-19.83385],[-43.98132,-19.83371],[-43.9812,-19.83364],[-43.98068,-19.83368],[-43.9804,-19.83368],[-43.98016,-19.8336],[-43.98001,-19.83348],[-43.97991,-19.83328],[-43.9797,-19.83271],[-43.97882,-19.83267],[-43.97812,-19.83259],[-43.97709,-19.83246],[-43.97663,-19.83235],[-43.97624,-19.83214],[-43.97602,-19.83195],[-43.97578,-19.83178],[-43.97557,-19.83167],[-43.97513,-19.83147],[-43.97491,-19.83131],[-43.97474,-19.83117],[-43.97431,-19.8307],[-43.97402,-19.83045],[-43.97333,-19.83014],[-43.97303,-19.83004],[-43.97181,-19.82976],[-43.97167,-19.83032],[-43.97149,-19.83046],[-43.97151,-19.83091],[-43.97147,-19.83119],[-43.9714,-19.83157],[-43.97129,-19.83195],[-43.97115,-19.8323]]]]}},{"type":"Feature","properties":{"territory_id":"mg-3106200-santa-branca","name":"Santa Branca","municipality_id":"mg-3106200","polling_places":2,"approx":false,"official":true,"method":"official-ibge-cd2022","whole_municipality":false,"approx_coords_only":false,"official_name":"Santa Branca","official_code":"3106200417","match":"direct"},"geometry":{"type":"MultiPolygon","coordinates":[[[[-43.96616,-19.82878],[-43.96578,-19.82779],[-43.96445,-19.82875],[-43.96436,-19.82878],[-43.96424,-19.82881],[-43.96416,-19.8288],[-43.96278,-19.82864],[-43.96229,-19.83046],[-43.96285,-19.8318],[-43.96359,-19.83313],[-43.96441,-19.83498],[-43.96491,-19.83601],[-43.96584,-19.8378],[-43.96616,-19.83858],[-43.96669,-19.8396],[-43.96692,-19.84014],[-43.9674,-19.8411],[-43.96752,-19.84131],[-43.96756,-19.84146],[-43.96758,-19.84167],[-43.96784,-19.8417],[-43.96804,-19.84177],[-43.97019,-19.84271],[-43.97044,-19.84285],[-43.97108,-19.84197],[-43.97144,-19.84221],[-43.97181,-19.84255],[-43.9725,-19.84221],[-43.97184,-19.84096],[-43.97175,-19.84074],[-43.97183,-19.83942],[-43.97189,-19.83689],[-43.97165,-19.83642],[-43.97153,-19.83608],[-43.97142,-19.8354],[-43.97115,-19.83412],[-43.97101,-19.83326],[-43.971,-19.8331],[-43.97102,-19.83291],[-43.96959,-19.83279],[-43.96846,-19.83266],[-43.96797,-19.83267],[-43.96765,-19.83262],[-43.96697,-19.83102],[-43.9668,-19.8305],[-43.96639,-19.82942],[-43.96616,-19.82878]]]]}},{"type":"Feature","properties":{"territory_id":"mg-3106200-santa-cruz","name":"Santa Cruz","municipality_id":"mg-3106200","polling_places":3,"approx":false,"official":true,"method":"official-ibge-cd2022","whole_municipality":false,"approx_coords_only":false,"official_name":"Santa Cruz","official_code":"3106200066","match":"direct"},"geometry":{"type":"MultiPolygon","coordinates":[[[[-43.93638,-19.88192],[-43.93643,-19.882],[-43.93667,-19.88248],[-43.93677,-19.88264],[-43.93687,-19.88274],[-43.93699,-19.88285],[-43.93724,-19.88299],[-43.93736,-19.88304],[-43.93755,-19.88307],[-43.93952,-19.88321],[-43.93976,-19.88325],[-43.94002,-19.88331],[-43.94157,-19.88411],[-43.94196,-19.88435],[-43.94216,-19.88453],[-43.94276,-19.88517],[-43.94314,-19.88554],[-43.94345,-19.88581],[-43.94453,-19.88682],[-43.94514,-19.88688],[-43.94528,-19.88688],[-43.94543,-19.88683],[-43.94591,-19.88604],[-43.94607,-19.88542],[-43.94603,-19.88476],[-43.94657,-19.88369],[-43.94699,-19.8827],[-43.94742,-19.88177],[-43.94764,-19.88082],[-43.94769,-19.88047],[-43.94768,-19.88022],[-43.94773,-19.88003],[-43.94768,-19.88002],[-43.94752,-19.88007],[-43.94738,-19.88014],[-43.94729,-19.88016],[-43.94719,-19.88027],[-43.94707,-19.88028],[-43.94687,-19.88052],[-43.94677,-19.8805],[-43.94654,-19.8808],[-43.94645,-19.88095],[-43.94615,-19.88123],[-43.94448,-19.88183],[-43.94447,-19.88159],[-43.94418,-19.88147],[-43.94429,-19.8813],[-43.94439,-19.88121],[-43.94458,-19.88114],[-43.94591,-19.88097],[-43.94614,-19.88086],[-43.9464,-19.88064],[-43.94623,-19.88024],[-43.94674,-19.88014],[-43.9471,-19.88005],[-43.94705,-19.87978],[-43.94747,-19.87971],[-43.94753,-19.87997],[-43.94775,-19.87995],[-43.94803,-19.87922],[-43.94815,-19.87907],[-43.94855,-19.87872],[-43.94857,-19.87863],[-43.94866,-19.87851],[-43.94845,-19.87821],[-43.94834,-19.87814],[-43.94808,-19.87809],[-43.94798,-19.87805],[-43.94789,-19.87788],[-43.94787,-19.87779],[-43.94803,-19.87709],[-43.94805,-19.87692],[-43.94829,-19.87599],[-43.94841,-19.87576],[-43.94888,-19.87605],[-43.9491,-19.8758],[-43.94901,-19.87571],[-43.94923,-19.87513],[-43.94925,-19.87475],[-43.94918,-19.87456],[-43.94914,-19.87456],[-43.94904,-19.8745],[-43.94916,-19.87414],[-43.94891,-19.87345],[-43.94865,-19.87286],[-43.94849,-19.87255],[-43.94811,-19.87201],[-43.94791,-19.87191],[-43.94394,-19.87119],[-43.94336,-19.87134],[-43.94318,-19.87141],[-43.94271,-19.87165],[-43.94064,-19.87277],[-43.94037,-19.87295],[-43.94005,-19.8731],[-43.93875,-19.8738],[-43.93732,-19.87458],[-43.93631,-19.87509],[-43.93586,-19.87522],[-43.93545,-19.87531],[-43.93352,-19.87532],[-43.93338,-19.87536],[-43.93273,-19.87568],[-43.93153,-19.87654],[-43.93367,-19.8774],[-43.93405,-19.87759],[-43.93434,-19.87784],[-43.93452,-19.87809],[-43.93471,-19.87843],[-43.93523,-19.87955],[-43.93611,-19.88127],[-43.93638,-19.88192]]]]}},{"type":"Feature","properties":{"territory_id":"mg-3106200-santa-cruz-barreiro-de-cima","name":"Santa Cruz (barreiro de Cima)","municipality_id":"mg-3106200","polling_places":2,"approx":true,"official":false,"method":"voronoi-polling-places","whole_municipality":false,"approx_coords_only":false},"geometry":{"type":"MultiPolygon","coordinates":[[[[-44.02037,-19.9918],[-44.02001,-19.993],[-44.01674,-19.99626],[-44.01635,-19.99686],[-44.01377,-19.99615],[-44.01362,-19.99668],[-44.00673,-19.9961],[-44.00604,-19.99589],[-44.00546,-19.99563],[-44.00529,-19.99559],[-44.00505,-19.99545],[-44.00486,-19.99537],[-44.00403,-19.99508],[-44.00127,-19.99402],[-44.00131,-19.99397],[-44.0013,-19.99386],[-44.00119,-19.99341],[-44.00099,-19.99297],[-44.00088,-19.99281],[-43.99945,-19.99117],[-43.99795,-19.98958],[-43.99776,-19.9894],[-43.99763,-19.98933],[-43.99617,-19.98909],[-43.99575,-19.98899],[-43.99553,-19.98899],[-43.99523,-19.98904],[-43.99458,-19.98952],[-43.99445,-19.98959],[-43.99416,-19.98968],[-43.99364,-19.98968],[-43.99322,-19.98964],[-43.99291,-19.98954],[-43.99247,-19.98929],[-43.99192,-19.98892],[-43.99135,-19.98858],[-43.98964,-19.98748],[-43.99041,-19.98681],[-43.99122,-19.98614],[-43.99094,-19.98601],[-43.99081,-19.98598],[-43.99029,-19.98597],[-43.99192,-19.98443],[-43.99265,-19.98378],[-43.9932,-19.9832],[-43.99328,-19.98309],[-43.99334,-19.98313],[-43.99405,-19.98326],[-43.99472,-19.9834],[-43.99484,-19.98344],[-43.99514,-19.98217],[-43.99568,-19.98229],[-43.99601,-19.9824],[-43.99656,-19.98269],[-43.9968,-19.98288],[-43.99686,-19.98289],[-43.99802,-19.98349],[-43.99856,-19.98423],[-43.99861,-19.98393],[-44.00375,-19.98658],[-44.00621,-19.98789],[-44.00647,-19.9874],[-44.0083,-19.98838],[-44.00847,-19.98781],[-44.00835,-19.98772],[-44.00826,-19.98758],[-44.00823,-19.98745],[-44.00824,-19.98732],[-44.00828,-19.98723],[-44.00835,-19.98714],[-44.00846,-19.98709],[-44.00871,-19.98704],[-44.00899,-19.98588],[-44.0092,-19.9852],[-44.00961,-19.98381],[-44.01493,-19.98533],[-44.01449,-19.98653],[-44.01391,-19.98818],[-44.01458,-19.98842],[-44.01296,-19.99224],[-44.01584,-19.99412],[-44.01639,-19.99443],[-44.0167,-19.99457],[-44.01793,-19.99017],[-44.01807,-19.9898],[-44.01829,-19.98922],[-44.01843,-19.98859],[-44.01834,-19.98831],[-44.01867,-19.98844],[-44.01891,-19.98849],[-44.02037,-19.9918]]],[[[-44.00123,-19.98207],[-44.00072,-19.98296],[-43.99985,-19.98251],[-44.00008,-19.98217],[-43.99998,-19.98212],[-44.00029,-19.98159],[-44.0012,-19.98206],[-44.00123,-19.98207]]],[[[-43.98652,-19.98558],[-43.98608,-19.98606],[-43.9858,-19.98674],[-43.98571,-19.98687],[-43.98523,-19.98706],[-43.98516,-19.98702],[-43.98506,-19.98689],[-43.98507,-19.98666],[-43.98497,-19.98664],[-43.98483,-19.98673],[-43.98465,-19.98675],[-43.98459,-19.98672],[-43.98451,-19.98661],[-43.98451,-19.9864],[-43.98462,-19.98621],[-43.98464,-19.986],[-43.98444,-19.98582],[-43.98433,-19.98568],[-43.98421,-19.98529],[-43.98404,-19.98532],[-43.98393,-19.98523],[-43.98378,-19.98523],[-43.98361,-19.98518],[-43.98342,-19.98515],[-43.98313,-19.98492],[-43.9831,-19.9849],[-43.9846,-19.983],[-43.98466,-19.98296],[-43.98481,-19.98335],[-43.9846,-19.98366],[-43.98439,-19.98448],[-43.98445,-19.98467],[-43.98451,-19.98478],[-43.98488,-19.98504],[-43.98603,-19.98535],[-43.98652,-19.98558]]]]}},{"type":"Feature","properties":{"territory_id":"mg-3106200-santa-efigenia","name":"Santa Efigênia","municipality_id":"mg-3106200","polling_places":3,"approx":false,"official":true,"method":"official-ibge-cd2022","whole_municipality":false,"approx_coords_only":false,"official_name":"Santa Efigênia","official_code":"3106200043","match":"direct"},"geometry":{"type":"MultiPolygon","coordinates":[[[[-43.91739,-19.9276],[-43.91929,-19.92712],[-43.91994,-19.92698],[-43.92008,-19.92754],[-43.92019,-19.92769],[-43.92024,-19.92778],[-43.92035,-19.92772],[-43.92223,-19.92974],[-43.92243,-19.92963],[-43.92351,-19.92934],[-43.92477,-19.92905],[-43.92832,-19.92818],[-43.92867,-19.92811],[-43.92885,-19.92805],[-43.93126,-19.92747],[-43.93255,-19.92714],[-43.93168,-19.92401],[-43.93126,-19.92242],[-43.93128,-19.92208],[-43.93107,-19.92199],[-43.93145,-19.92135],[-43.93059,-19.921],[-43.92962,-19.92081],[-43.92887,-19.92069],[-43.92838,-19.92064],[-43.92595,-19.92025],[-43.9253,-19.92021],[-43.92478,-19.92022],[-43.92424,-19.9211],[-43.92413,-19.92105],[-43.92407,-19.92114],[-43.92386,-19.9211],[-43.92283,-19.92063],[-43.922,-19.92036],[-43.92134,-19.92017],[-43.9209,-19.92008],[-43.91934,-19.91985],[-43.91927,-19.92031],[-43.91929,-19.9206],[-43.91936,-19.92085],[-43.91938,-19.92098],[-43.91936,-19.92112],[-43.91931,-19.92123],[-43.9192,-19.92135],[-43.91915,-19.92112],[-43.91877,-19.92121],[-43.91816,-19.91978],[-43.91772,-19.9198],[-43.91724,-19.91987],[-43.91635,-19.92005],[-43.91596,-19.92009],[-43.91531,-19.92009],[-43.91499,-19.92004],[-43.91461,-19.91995],[-43.91405,-19.91971],[-43.91331,-19.9193],[-43.91196,-19.91849],[-43.91088,-19.91779],[-43.91069,-19.91806],[-43.91052,-19.91823],[-43.91042,-19.91828],[-43.9103,-19.91843],[-43.91015,-19.9187],[-43.91012,-19.91945],[-43.91016,-19.91956],[-43.91049,-19.91985],[-43.91077,-19.92012],[-43.91084,-19.92033],[-43.91108,-19.92082],[-43.91133,-19.92146],[-43.91146,-19.9217],[-43.91145,-19.92201],[-43.91131,-19.92311],[-43.91126,-19.9233],[-43.91111,-19.92356],[-43.91078,-19.92383],[-43.91046,-19.92393],[-43.90926,-19.92407],[-43.90905,-19.92405],[-43.90897,-19.92414],[-43.90859,-19.92438],[-43.90811,-19.92476],[-43.90787,-19.92509],[-43.90785,-19.92541],[-43.90794,-19.92566],[-43.90817,-19.92591],[-43.90843,-19.92612],[-43.90889,-19.92655],[-43.90902,-19.92676],[-43.9091,-19.92726],[-43.90902,-19.92771],[-43.90892,-19.92807],[-43.90873,-19.92839],[-43.90847,-19.92878],[-43.90833,-19.92911],[-43.90808,-19.92982],[-43.90864,-19.92994],[-43.90879,-19.92954],[-43.90936,-19.92961],[-43.90977,-19.92968],[-43.90987,-19.92965],[-43.91009,-19.92968],[-43.91039,-19.92968],[-43.9106,-19.92965],[-43.91062,-19.92979],[-43.91097,-19.92974],[-43.91115,-19.92969],[-43.91163,-19.9295],[-43.91151,-19.9292],[-43.9115,-19.92908],[-43.9115,-19.92873],[-43.91168,-19.92884],[-43.91182,-19.92895],[-43.91193,-19.92915],[-43.9122,-19.92935],[-43.9123,-19.92927],[-43.91366,-19.92851],[-43.91577,-19.92798],[-43.91739,-19.9276]]]]}},{"type":"Feature","properties":{"territory_id":"mg-3106200-santa-helena-barreiro","name":"Santa Helena (barreiro)","municipality_id":"mg-3106200","polling_places":1,"approx":true,"official":false,"method":"voronoi-polling-places","whole_municipality":false,"approx_coords_only":false},"geometry":{"type":"MultiPolygon","coordinates":[[[[-44.01943,-19.97258],[-44.01663,-19.97202],[-44.01638,-19.97201],[-44.01599,-19.97192],[-44.0157,-19.97176],[-44.01542,-19.97156],[-44.01534,-19.97176],[-44.01504,-19.97219],[-44.01482,-19.97242],[-44.01393,-19.97317],[-44.01393,-19.97323],[-44.01372,-19.97337],[-44.01329,-19.97387],[-44.01305,-19.97422],[-44.01278,-19.97478],[-44.01212,-19.97663],[-44.01182,-19.97734],[-44.01133,-19.97873],[-44.01112,-19.97922],[-44.01068,-19.98049],[-44.01047,-19.98126],[-44.01242,-19.98175],[-44.01517,-19.98262],[-44.01529,-19.98229],[-44.01586,-19.98242],[-44.0156,-19.98345],[-44.01493,-19.98533],[-44.00961,-19.98381],[-44.00967,-19.9836],[-44.00876,-19.9832],[-44.00867,-19.98337],[-44.00857,-19.98338],[-44.00661,-19.98228],[-44.006,-19.98196],[-44.00605,-19.98138],[-44.00597,-19.98038],[-44.00627,-19.98036],[-44.00604,-19.97958],[-44.00585,-19.97909],[-44.00573,-19.97883],[-44.00532,-19.97804],[-44.0051,-19.97773],[-44.005,-19.97754],[-44.00406,-19.97639],[-44.00247,-19.97454],[-44.01207,-19.96716],[-44.01617,-19.96684],[-44.0157,-19.9702],[-44.01931,-19.97071],[-44.01943,-19.97258]]]]}},{"type":"Feature","properties":{"territory_id":"mg-3106200-santa-ines","name":"Santa Ines","municipality_id":"mg-3106200","polling_places":2,"approx":false,"official":true,"method":"official-ibge-cd2022","whole_municipality":false,"approx_coords_only":false,"official_name":"Santa Inês","official_code":"3106200001","match":"direct"},"geometry":{"type":"MultiPolygon","coordinates":[[[[-43.90575,-19.88895],[-43.90603,-19.89003],[-43.9061,-19.89016],[-43.90702,-19.89126],[-43.9075,-19.89175],[-43.90799,-19.89223],[-43.90896,-19.89298],[-43.91067,-19.89423],[-43.91123,-19.89461],[-43.91157,-19.89489],[-43.91216,-19.89553],[-43.91299,-19.89249],[-43.91331,-19.89108],[-43.91334,-19.89083],[-43.9133,-19.89049],[-43.91269,-19.88849],[-43.91268,-19.88813],[-43.91296,-19.88551],[-43.91296,-19.88503],[-43.91319,-19.88449],[-43.91347,-19.88374],[-43.9138,-19.88275],[-43.91393,-19.88266],[-43.91413,-19.88255],[-43.91438,-19.88253],[-43.91465,-19.88256],[-43.91488,-19.8825],[-43.91441,-19.8818],[-43.9138,-19.88095],[-43.91308,-19.87989],[-43.91066,-19.87731],[-43.90995,-19.8765],[-43.90978,-19.87634],[-43.90904,-19.87743],[-43.90909,-19.87747],[-43.90889,-19.87794],[-43.90858,-19.87841],[-43.90847,-19.87865],[-43.90837,-19.87893],[-43.90838,-19.87911],[-43.90809,-19.8795],[-43.90824,-19.87998],[-43.9086,-19.88018],[-43.90852,-19.88071],[-43.9084,-19.88115],[-43.90828,-19.88147],[-43.90785,-19.88241],[-43.90783,-19.88251],[-43.90784,-19.88297],[-43.90783,-19.8834],[-43.90776,-19.88355],[-43.90765,-19.88368],[-43.90752,-19.88377],[-43.90732,-19.88386],[-43.90701,-19.88405],[-43.90684,-19.8842],[-43.90656,-19.88457],[-43.90618,-19.88535],[-43.90611,-19.88558],[-43.90593,-19.88648],[-43.90577,-19.88715],[-43.90568,-19.88731],[-43.90565,-19.88779],[-43.90567,-19.88841],[-43.90573,-19.88883],[-43.90575,-19.88895]]]]}},{"type":"Feature","properties":{"territory_id":"mg-3106200-santa-lucia","name":"Santa Lúcia","municipality_id":"mg-3106200","polling_places":2,"approx":false,"official":true,"method":"official-ibge-cd2022","whole_municipality":false,"approx_coords_only":false,"official_name":"Santa Lúcia","official_code":"3106200102","match":"direct"},"geometry":{"type":"MultiPolygon","coordinates":[[[[-43.94444,-19.95887],[-43.9442,-19.95892],[-43.94389,-19.95887],[-43.94349,-19.95921],[-43.94432,-19.96019],[-43.94452,-19.96045],[-43.94466,-19.96076],[-43.94471,-19.96099],[-43.94473,-19.96116],[-43.94471,-19.96132],[-43.94467,-19.96153],[-43.94461,-19.96169],[-43.94453,-19.96186],[-43.94422,-19.96221],[-43.94406,-19.96234],[-43.94394,-19.9624],[-43.94382,-19.96246],[-43.94354,-19.96255],[-43.94156,-19.96282],[-43.94107,-19.96285],[-43.94042,-19.96295],[-43.94011,-19.96303],[-43.93968,-19.96325],[-43.93947,-19.96346],[-43.93933,-19.96364],[-43.93913,-19.96418],[-43.93913,-19.96455],[-43.9392,-19.96485],[-43.9394,-19.96518],[-43.93954,-19.96537],[-43.93973,-19.96551],[-43.94067,-19.9659],[-43.94231,-19.96641],[-43.94289,-19.96662],[-43.94309,-19.96672],[-43.94344,-19.967],[-43.94359,-19.96728],[-43.94388,-19.96795],[-43.94514,-19.97118],[-43.94685,-19.97567],[-43.94734,-19.97558],[-43.94745,-19.97575],[-43.94783,-19.9758],[-43.94825,-19.97559],[-43.94923,-19.97494],[-43.94933,-19.97503],[-43.95266,-19.97299],[-43.95331,-19.97253],[-43.95451,-19.97131],[-43.95514,-19.97074],[-43.95662,-19.97082],[-43.95642,-19.97055],[-43.9563,-19.97035],[-43.95614,-19.97057],[-43.95586,-19.97062],[-43.95531,-19.97008],[-43.95498,-19.96959],[-43.95459,-19.96892],[-43.95464,-19.96858],[-43.95449,-19.96825],[-43.95447,-19.96814],[-43.95424,-19.96642],[-43.95425,-19.96618],[-43.95432,-19.9657],[-43.9545,-19.96531],[-43.95497,-19.9647],[-43.9555,-19.96408],[-43.95502,-19.96372],[-43.95479,-19.96348],[-43.95465,-19.96308],[-43.95464,-19.96282],[-43.9547,-19.9626],[-43.95483,-19.96234],[-43.95543,-19.96165],[-43.95483,-19.96127],[-43.95427,-19.96083],[-43.95371,-19.96151],[-43.95342,-19.96196],[-43.95327,-19.96238],[-43.9532,-19.96304],[-43.95311,-19.96322],[-43.95292,-19.96332],[-43.95102,-19.96409],[-43.95104,-19.96392],[-43.95119,-19.96332],[-43.95042,-19.96359],[-43.95073,-19.96226],[-43.95009,-19.96191],[-43.94989,-19.95967],[-43.95019,-19.95833],[-43.94941,-19.95831],[-43.94944,-19.95535],[-43.95022,-19.95535],[-43.95024,-19.95465],[-43.94805,-19.95464],[-43.94785,-19.95472],[-43.94767,-19.95486],[-43.94761,-19.95392],[-43.94843,-19.95391],[-43.94852,-19.95376],[-43.94866,-19.95349],[-43.9488,-19.95307],[-43.94837,-19.95246],[-43.94775,-19.95153],[-43.94771,-19.95142],[-43.94767,-19.9512],[-43.94754,-19.95108],[-43.94679,-19.9506],[-43.94644,-19.95105],[-43.9463,-19.9511],[-43.94588,-19.9511],[-43.94549,-19.95135],[-43.94536,-19.95155],[-43.94524,-19.95203],[-43.94527,-19.95226],[-43.94541,-19.9526],[-43.94552,-19.95293],[-43.94554,-19.95319],[-43.94541,-19.95439],[-43.9454,-19.95497],[-43.94568,-19.9552],[-43.94598,-19.95519],[-43.94621,-19.95507],[-43.94633,-19.95533],[-43.94647,-19.9553],[-43.94656,-19.95549],[-43.94628,-19.95562],[-43.94643,-19.95589],[-43.94607,-19.9562],[-43.94565,-19.95637],[-43.94583,-19.9565],[-43.94629,-19.95685],[-43.94579,-19.95704],[-43.94549,-19.95722],[-43.94516,-19.95738],[-43.94479,-19.95764],[-43.94468,-19.95775],[-43.94458,-19.95815],[-43.94461,-19.9584],[-43.94506,-19.95851],[-43.94503,-19.95856],[-43.9447,-19.95868],[-43.94445,-19.95887],[-43.94444,-19.95887]]]]}},{"type":"Feature","properties":{"territory_id":"mg-3106200-santa-maria","name":"Santa Maria","municipality_id":"mg-3106200","polling_places":1,"approx":false,"official":true,"method":"official-ibge-cd2022","whole_municipality":false,"approx_coords_only":false,"official_name":"Santa Maria","official_code":"3106200235","match":"direct"},"geometry":{"type":"MultiPolygon","coordinates":[[[[-44.00813,-19.9328],[-44.00766,-19.93277],[-44.00743,-19.93277],[-44.00763,-19.93735],[-44.00768,-19.939],[-44.00797,-19.93892],[-44.00871,-19.9388],[-44.0094,-19.93854],[-44.01008,-19.93851],[-44.01008,-19.93865],[-44.01089,-19.93859],[-44.01162,-19.93867],[-44.01199,-19.93874],[-44.01226,-19.93885],[-44.01242,-19.93889],[-44.01254,-19.9389],[-44.01301,-19.9388],[-44.01313,-19.93882],[-44.01384,-19.93873],[-44.01392,-19.93867],[-44.01417,-19.93873],[-44.01421,-19.9388],[-44.01454,-19.93885],[-44.01488,-19.93897],[-44.01559,-19.93944],[-44.01588,-19.93943],[-44.01629,-19.93876],[-44.01612,-19.93864],[-44.01641,-19.93806],[-44.01656,-19.93784],[-44.01668,-19.93746],[-44.01693,-19.93681],[-44.01671,-19.93669],[-44.01701,-19.93619],[-44.01685,-19.93609],[-44.01721,-19.93563],[-44.01725,-19.93554],[-44.01712,-19.93544],[-44.01714,-19.93539],[-44.01727,-19.93541],[-44.0174,-19.93553],[-44.0177,-19.9347],[-44.01778,-19.93328],[-44.01784,-19.93291],[-44.01794,-19.93267],[-44.01816,-19.93229],[-44.01847,-19.93195],[-44.01769,-19.93152],[-44.01702,-19.9313],[-44.01623,-19.93121],[-44.01553,-19.93129],[-44.01471,-19.93156],[-44.0135,-19.9323],[-44.01312,-19.93257],[-44.01278,-19.93275],[-44.01226,-19.933],[-44.01182,-19.93313],[-44.01132,-19.93322],[-44.01086,-19.93324],[-44.01052,-19.93323],[-44.00933,-19.93303],[-44.00813,-19.9328]]]]}},{"type":"Feature","properties":{"territory_id":"mg-3106200-santa-monica","name":"Santa Mônica","municipality_id":"mg-3106200","polling_places":4,"approx":false,"official":true,"method":"official-ibge-cd2022","whole_municipality":false,"approx_coords_only":false,"official_name":"Santa Mônica","official_code":"3106200418","match":"direct"},"geometry":{"type":"MultiPolygon","coordinates":[[[[-43.97535,-19.83157],[-43.97578,-19.83178],[-43.97602,-19.83195],[-43.97624,-19.83214],[-43.97663,-19.83235],[-43.97709,-19.83246],[-43.97882,-19.83267],[-43.9797,-19.83271],[-43.97973,-19.83278],[-43.97976,-19.83275],[-43.97998,-19.8327],[-43.97997,-19.83253],[-43.98013,-19.83248],[-43.98023,-19.83249],[-43.98053,-19.83233],[-43.98086,-19.83205],[-43.98124,-19.83163],[-43.9812,-19.83157],[-43.98132,-19.83144],[-43.98112,-19.83127],[-43.98138,-19.83104],[-43.98181,-19.83056],[-43.98192,-19.83047],[-43.98196,-19.8304],[-43.98194,-19.83038],[-43.98248,-19.82978],[-43.98279,-19.82947],[-43.98291,-19.82928],[-43.98297,-19.82915],[-43.98304,-19.82883],[-43.98272,-19.82873],[-43.98289,-19.82816],[-43.9832,-19.82827],[-43.98359,-19.82718],[-43.98368,-19.82721],[-43.98375,-19.827],[-43.98405,-19.8271],[-43.98422,-19.8266],[-43.98439,-19.8266],[-43.98436,-19.82651],[-43.98436,-19.82618],[-43.98439,-19.82588],[-43.98444,-19.82571],[-43.98445,-19.82548],[-43.98451,-19.8254],[-43.98453,-19.8253],[-43.98452,-19.82526],[-43.98456,-19.8251],[-43.98457,-19.82491],[-43.98461,-19.8248],[-43.98467,-19.82468],[-43.98549,-19.82478],[-43.98553,-19.82455],[-43.98568,-19.82457],[-43.98578,-19.8242],[-43.98575,-19.82416],[-43.98612,-19.82358],[-43.98649,-19.82296],[-43.98686,-19.82237],[-43.98712,-19.82191],[-43.9864,-19.82201],[-43.98629,-19.8218],[-43.98551,-19.82089],[-43.98507,-19.82123],[-43.9843,-19.82151],[-43.98358,-19.82172],[-43.98313,-19.82304],[-43.9827,-19.82438],[-43.98255,-19.82478],[-43.98124,-19.82442],[-43.98068,-19.82424],[-43.98074,-19.82406],[-43.98072,-19.82382],[-43.98041,-19.82295],[-43.98034,-19.82269],[-43.97907,-19.8231],[-43.97885,-19.82269],[-43.97868,-19.82229],[-43.97844,-19.82158],[-43.97842,-19.82148],[-43.97792,-19.82009],[-43.9777,-19.81942],[-43.97699,-19.81742],[-43.97686,-19.81716],[-43.97662,-19.81675],[-43.97636,-19.81644],[-43.97596,-19.81607],[-43.97544,-19.81571],[-43.9751,-19.81554],[-43.97434,-19.81527],[-43.97393,-19.81515],[-43.9732,-19.81492],[-43.97238,-19.81463],[-43.97198,-19.81463],[-43.9716,-19.81467],[-43.97118,-19.81475],[-43.97159,-19.81524],[-43.97209,-19.81577],[-43.97239,-19.81605],[-43.97251,-19.81619],[-43.97254,-19.81629],[-43.97255,-19.81683],[-43.9726,-19.81754],[-43.97264,-19.8189],[-43.97263,-19.81913],[-43.97259,-19.81929],[-43.97008,-19.82313],[-43.96985,-19.82344],[-43.96939,-19.82417],[-43.96913,-19.82463],[-43.96876,-19.82544],[-43.96835,-19.82629],[-43.96781,-19.82713],[-43.96699,-19.82711],[-43.96686,-19.82713],[-43.96672,-19.82717],[-43.96659,-19.82722],[-43.96641,-19.82733],[-43.96578,-19.82779],[-43.9668,-19.8305],[-43.96697,-19.83102],[-43.96765,-19.83262],[-43.96797,-19.83267],[-43.96846,-19.83266],[-43.96959,-19.83279],[-43.97102,-19.83291],[-43.97104,-19.83276],[-43.97115,-19.8323],[-43.97129,-19.83195],[-43.9714,-19.83157],[-43.97151,-19.83091],[-43.97149,-19.83046],[-43.97167,-19.83032],[-43.97181,-19.82976],[-43.97303,-19.83004],[-43.97333,-19.83014],[-43.97402,-19.83045],[-43.97431,-19.8307],[-43.97474,-19.83117],[-43.97491,-19.83131],[-43.97513,-19.83147],[-43.97534,-19.83156],[-43.97535,-19.83157]]]]}},{"type":"Feature","properties":{"territory_id":"mg-3106200-santa-teresa","name":"Santa Teresa","municipality_id":"mg-3106200","polling_places":4,"approx":true,"official":false,"method":"voronoi-polling-places","whole_municipality":false,"approx_coords_only":false},"geometry":{"type":"MultiPolygon","coordinates":[[[[-43.93775,-19.93111],[-43.93552,-19.93166],[-43.93389,-19.93204],[-43.93355,-19.9308],[-43.93346,-19.93052],[-43.93288,-19.92837],[-43.93299,-19.92822],[-43.93387,-19.92678],[-43.93421,-19.92673],[-43.93512,-19.92652],[-43.93609,-19.92497],[-43.93642,-19.92621],[-43.93744,-19.92987],[-43.93775,-19.93111]]],[[[-43.93539,-19.94806],[-43.93526,-19.94779],[-43.93522,-19.94769],[-43.93539,-19.94806]]],[[[-43.93529,-19.9492],[-43.93521,-19.94922],[-43.93517,-19.94907],[-43.9351,-19.94909],[-43.93502,-19.94881],[-43.93477,-19.94888],[-43.9348,-19.94866],[-43.93485,-19.9485],[-43.93482,-19.94845],[-43.93489,-19.94829],[-43.93483,-19.94811],[-43.93485,-19.94808],[-43.93492,-19.9483],[-43.93491,-19.94837],[-43.93506,-19.94839],[-43.93509,-19.94844],[-43.93529,-19.9492]]],[[[-43.93521,-19.94766],[-43.93517,-19.94755],[-43.93513,-19.9474],[-43.93521,-19.94766]]],[[[-43.93145,-19.94817],[-43.93027,-19.94395],[-43.9299,-19.94265],[-43.93005,-19.94314],[-43.93112,-19.94699],[-43.93145,-19.94817]]],[[[-43.92987,-19.93321],[-43.92631,-19.93897],[-43.92809,-19.93608],[-43.92987,-19.93321]]],[[[-43.92973,-19.95528],[-43.92706,-19.95823],[-43.92704,-19.95811],[-43.9271,-19.95784],[-43.92719,-19.95775],[-43.92711,-19.95774],[-43.92158,-19.95777],[-43.92115,-19.95773],[-43.91933,-19.95714],[-43.91916,-19.95703],[-43.91903,-19.95685],[-43.91893,-19.95661],[-43.9185,-19.9548],[-43.91851,-19.95361],[-43.91856,-19.95329],[-43.91866,-19.95292],[-43.91873,-19.95229],[-43.91871,-19.9522],[-43.91928,-19.95211],[-43.91969,-19.9524],[-43.91975,-19.9523],[-43.91978,-19.95202],[-43.91972,-19.95196],[-43.9195,-19.95183],[-43.91885,-19.9515],[-43.91915,-19.95091],[-43.91869,-19.95066],[-43.91861,-19.95059],[-43.91927,-19.9502],[-43.91951,-19.94993],[-43.91967,-19.94972],[-43.91985,-19.94939],[-43.92008,-19.94941],[-43.92023,-19.94935],[-43.92032,-19.94928],[-43.92035,-19.94923],[-43.92105,-19.94959],[-43.92134,-19.94974],[-43.92163,-19.94987],[-43.92183,-19.95],[-43.922,-19.95013],[-43.92217,-19.95037],[-43.92222,-19.95049],[-43.92227,-19.95085],[-43.92225,-19.95135],[-43.92224,-19.95151],[-43.92226,-19.95163],[-43.92242,-19.952],[-43.92253,-19.95218],[-43.92277,-19.95237],[-43.92307,-19.9525],[-43.92318,-19.95253],[-43.92396,-19.95266],[-43.92443,-19.9529],[-43.92606,-19.9539],[-43.92625,-19.95403],[-43.92652,-19.95411],[-43.92683,-19.95417],[-43.92739,-19.95412],[-43.92766,-19.95406],[-43.92896,-19.95385],[-43.92914,-19.9539],[-43.92936,-19.95404],[-43.92957,-19.95429],[-43.92962,-19.95445],[-43.92969,-19.95484],[-43.92973,-19.95528]]],[[[-43.92906,-19.90785],[-43.92897,-19.90791],[-43.92877,-19.90806],[-43.92906,-19.90785]]],[[[-43.92726,-19.91602],[-43.92722,-19.91612],[-43.92621,-19.91769],[-43.92555,-19.91875],[-43.92552,-19.91883],[-43.92413,-19.92105],[-43.92407,-19.92114],[-43.92386,-19.9211],[-43.92283,-19.92063],[-43.922,-19.92036],[-43.92134,-19.92017],[-43.9209,-19.92008],[-43.91934,-19.91985],[-43.91927,-19.92031],[-43.91929,-19.9206],[-43.91936,-19.92085],[-43.91938,-19.92098],[-43.91936,-19.92112],[-43.91931,-19.92123],[-43.9192,-19.92135],[-43.91915,-19.92112],[-43.91877,-19.92121],[-43.91816,-19.91978],[-43.91772,-19.9198],[-43.91724,-19.91987],[-43.91635,-19.92005],[-43.91596,-19.92009],[-43.91531,-19.92009],[-43.91499,-19.92004],[-43.91461,-19.91995],[-43.91405,-19.91971],[-43.91331,-19.9193],[-43.91196,-19.91849],[-43.91088,-19.91779],[-43.91035,-19.91743],[-43.91005,-19.91713],[-43.90968,-19.91672],[-43.9092,-19.91604],[-43.90893,-19.91566],[-43.9085,-19.91502],[-43.90826,-19.91454],[-43.90813,-19.91416],[-43.90806,-19.9138],[-43.90804,-19.9131],[-43.9081,-19.91276],[-43.90822,-19.91232],[-43.90844,-19.91181],[-43.90895,-19.91078],[-43.90952,-19.91102],[-43.90971,-19.91066],[-43.91022,-19.91088],[-43.91042,-19.91087],[-43.91177,-19.91047],[-43.91203,-19.91033],[-43.91208,-19.91039],[-43.91223,-19.9103],[-43.91258,-19.91002],[-43.91279,-19.90981],[-43.913,-19.90955],[-43.91319,-19.90925],[-43.91334,-19.90889],[-43.91473,-19.90934],[-43.91509,-19.90958],[-43.91528,-19.90966],[-43.91581,-19.90975],[-43.91621,-19.91006],[-43.91654,-19.91028],[-43.91675,-19.91051],[-43.91702,-19.91103],[-43.91729,-19.91167],[-43.91774,-19.91257],[-43.91795,-19.91282],[-43.91812,-19.91293],[-43.91841,-19.91304],[-43.9185,-19.91306],[-43.9187,-19.91305],[-43.92047,-19.91262],[-43.92108,-19.91256],[-43.92333,-19.91244],[-43.92439,-19.9124],[-43.92467,-19.91462],[-43.92552,-19.91451],[-43.92561,-19.91503],[-43.92563,-19.91522],[-43.92576,-19.91525],[-43.92617,-19.9154],[-43.92669,-19.91572],[-43.92726,-19.91602]]],[[[-43.92703,-19.94322],[-43.92691,-19.94368],[-43.92687,-19.94377],[-43.92701,-19.9442],[-43.92673,-19.94427],[-43.92668,-19.94402],[-43.92661,-19.94401],[-43.92642,-19.94392],[-43.92677,-19.94314],[-43.92703,-19.94322]]],[[[-43.92612,-19.91095],[-43.92588,-19.91109],[-43.92559,-19.91124],[-43.92612,-19.91095]]],[[[-43.92559,-19.94009],[-43.92255,-19.945],[-43.92373,-19.94309],[-43.92341,-19.94304],[-43.92326,-19.94297],[-43.9234,-19.94274],[-43.92335,-19.94267],[-43.92345,-19.94258],[-43.92355,-19.94264],[-43.92396,-19.94204],[-43.92427,-19.94222],[-43.92559,-19.94009]]],[[[-43.92521,-19.91145],[-43.92511,-19.91149],[-43.92488,-19.9116],[-43.92521,-19.91145]]],[[[-43.92489,-19.94718],[-43.9247,-19.94752],[-43.92482,-19.94729],[-43.92489,-19.94718]]],[[[-43.92481,-19.94428],[-43.92442,-19.94424],[-43.92423,-19.94356],[-43.92461,-19.94347],[-43.92481,-19.94428]]],[[[-43.92405,-19.91184],[-43.92325,-19.9118],[-43.92094,-19.91165],[-43.92405,-19.91184]]],[[[-43.92357,-19.93182],[-43.92032,-19.93368],[-43.91959,-19.93408],[-43.92094,-19.93333],[-43.92095,-19.93332],[-43.92357,-19.93182]]],[[[-43.92185,-19.89603],[-43.92149,-19.89617],[-43.92141,-19.89637],[-43.91992,-19.89675],[-43.91958,-19.89686],[-43.91915,-19.89697],[-43.91872,-19.89704],[-43.91794,-19.89712],[-43.91739,-19.89722],[-43.91659,-19.89742],[-43.91647,-19.89748],[-43.91494,-19.89827],[-43.91517,-19.89903],[-43.91506,-19.89905],[-43.91501,-19.8991],[-43.91533,-19.90072],[-43.91532,-19.90098],[-43.91535,-19.9015],[-43.91539,-19.90153],[-43.91549,-19.90219],[-43.91555,-19.90231],[-43.9156,-19.90256],[-43.91558,-19.90292],[-43.91555,-19.90313],[-43.91533,-19.90395],[-43.9152,-19.90442],[-43.9151,-19.90465],[-43.9151,-19.90477],[-43.91507,-19.90487],[-43.91497,-19.90511],[-43.91474,-19.9056],[-43.91461,-19.90578],[-43.91495,-19.90601],[-43.91531,-19.90621],[-43.91496,-19.90675],[-43.9148,-19.90703],[-43.91462,-19.90727],[-43.91431,-19.90749],[-43.9139,-19.90766],[-43.91362,-19.90773],[-43.91374,-19.90838],[-43.91374,-19.90852],[-43.91314,-19.90825],[-43.91307,-19.90783],[-43.913,-19.90755],[-43.91252,-19.90722],[-43.91233,-19.90714],[-43.91218,-19.90704],[-43.91191,-19.90616],[-43.91106,-19.90665],[-43.91109,-19.90742],[-43.91047,-19.90735],[-43.91045,-19.90656],[-43.91041,-19.90628],[-43.91036,-19.90606],[-43.91018,-19.90555],[-43.90997,-19.90521],[-43.9095,-19.90459],[-43.90921,-19.90429],[-43.90881,-19.90394],[-43.90842,-19.90364],[-43.90817,-19.90346],[-43.90788,-19.90321],[-43.90728,-19.90263],[-43.90671,-19.90205],[-43.90639,-19.90185],[-43.9061,-19.9017],[-43.90585,-19.90165],[-43.90569,-19.90166],[-43.90562,-19.90108],[-43.90549,-19.90076],[-43.90507,-19.89998],[-43.90455,-19.8994],[-43.90472,-19.89935],[-43.90476,-19.89933],[-43.90484,-19.89925],[-43.90492,-19.89909],[-43.90499,-19.899],[-43.90508,-19.89895],[-43.90549,-19.89884],[-43.90582,-19.89873],[-43.9061,-19.89859],[-43.90633,-19.89843],[-43.90653,-19.89827],[-43.90665,-19.89815],[-43.90686,-19.89785],[-43.90707,-19.89752],[-43.90733,-19.89722],[-43.90778,-19.89688],[-43.90829,-19.8966],[-43.90862,-19.89643],[-43.90902,-19.89619],[-43.9097,-19.89581],[-43.91005,-19.89553],[-43.91026,-19.89526],[-43.91047,-19.89479],[-43.91067,-19.89423],[-43.91123,-19.89461],[-43.91157,-19.89489],[-43.91216,-19.89553],[-43.91299,-19.89249],[-43.91331,-19.89108],[-43.91334,-19.89083],[-43.9133,-19.89049],[-43.91309,-19.88981],[-43.91395,-19.88969],[-43.91889,-19.88854],[-43.91914,-19.88906],[-43.91945,-19.88952],[-43.9202,-19.89093],[-43.92051,-19.89155],[-43.92083,-19.89215],[-43.92072,-19.89247],[-43.92095,-19.89351],[-43.92112,-19.89393],[-43.92123,-19.89412],[-43.92135,-19.89422],[-43.92128,-19.89431],[-43.92129,-19.89446],[-43.92169,-19.89539],[-43.92181,-19.89563],[-43.92173,-19.89572],[-43.92185,-19.89603]]],[[[-43.92088,-19.94767],[-43.92022,-19.94874],[-43.92059,-19.94813],[-43.92088,-19.94767]]],[[[-43.91991,-19.92913],[-43.91931,-19.93005],[-43.91946,-19.93032],[-43.91939,-19.93037],[-43.91934,-19.93051],[-43.91914,-19.93058],[-43.9193,-19.93086],[-43.91899,-19.931],[-43.91908,-19.93105],[-43.91912,-19.93111],[-43.91911,-19.93123],[-43.91905,-19.93131],[-43.91836,-19.93161],[-43.91787,-19.93224],[-43.91808,-19.93271],[-43.91805,-19.93272],[-43.91779,-19.93331],[-43.9178,-19.93338],[-43.91741,-19.93359],[-43.91807,-19.93414],[-43.91799,-19.93422],[-43.91776,-19.93426],[-43.91778,-19.93449],[-43.9176,-19.93455],[-43.91743,-19.93456],[-43.9176,-19.93508],[-43.91768,-19.93516],[-43.91797,-19.93504],[-43.91764,-19.93518],[-43.91783,-19.93588],[-43.91772,-19.93579],[-43.91769,-19.93589],[-43.91775,-19.93621],[-43.91763,-19.93629],[-43.91754,-19.93638],[-43.91761,-19.93659],[-43.9176,-19.93666],[-43.91765,-19.93692],[-43.91752,-19.93697],[-43.91737,-19.93716],[-43.91734,-19.93716],[-43.91701,-19.9374],[-43.91707,-19.93765],[-43.91612,-19.93795],[-43.91588,-19.93789],[-43.91538,-19.93797],[-43.91524,-19.93797],[-43.91468,-19.93828],[-43.91141,-19.93795],[-43.91125,-19.93923],[-43.91132,-19.93926],[-43.91125,-19.93975],[-43.9112,-19.93985],[-43.91132,-19.93998],[-43.91153,-19.94034],[-43.91157,-19.94033],[-43.91164,-19.94046],[-43.91193,-19.94067],[-43.91196,-19.94084],[-43.91196,-19.94105],[-43.91186,-19.94099],[-43.91173,-19.94079],[-43.91139,-19.94083],[-43.91116,-19.94094],[-43.91127,-19.94121],[-43.91115,-19.94126],[-43.91105,-19.94134],[-43.91116,-19.94156],[-43.91124,-19.94175],[-43.9114,-19.94173],[-43.9114,-19.94168],[-43.91166,-19.94177],[-43.91184,-19.94187],[-43.91184,-19.9419],[-43.91208,-19.94199],[-43.91212,-19.94198],[-43.91238,-19.94204],[-43.91243,-19.94207],[-43.91247,-19.94214],[-43.91405,-19.94305],[-43.91437,-19.94321],[-43.91424,-19.9434],[-43.91414,-19.94347],[-43.91406,-19.94349],[-43.91399,-19.94349],[-43.9133,-19.9433],[-43.91063,-19.94373],[-43.90974,-19.94439],[-43.90943,-19.94439],[-43.90821,-19.94371],[-43.90782,-19.94333],[-43.90756,-19.94316],[-43.90739,-19.94315],[-43.90703,-19.94306],[-43.90657,-19.94311],[-43.90645,-19.943],[-43.90592,-19.94277],[-43.90547,-19.94237],[-43.90514,-19.94205],[-43.905,-19.94186],[-43.90487,-19.94178],[-43.90466,-19.94174],[-43.90449,-19.94173],[-43.9043,-19.94168],[-43.9039,-19.94144],[-43.90341,-19.94098],[-43.90324,-19.94089],[-43.90305,-19.9409],[-43.90284,-19.94099],[-43.90273,-19.94099],[-43.90176,-19.9407],[-43.90156,-19.94068],[-43.90128,-19.94068],[-43.90125,-19.93804],[-43.90089,-19.92639],[-43.9018,-19.927],[-43.90203,-19.92724],[-43.90246,-19.92774],[-43.90278,-19.92798],[-43.90303,-19.92812],[-43.90321,-19.9281],[-43.90303,-19.92812],[-43.90305,-19.92819],[-43.90317,-19.92834],[-43.90323,-19.92859],[-43.90322,-19.9288],[-43.90316,-19.92897],[-43.90313,-19.92916],[-43.90332,-19.92972],[-43.90315,-19.93144],[-43.90314,-19.93171],[-43.9032,-19.93174],[-43.9034,-19.93193],[-43.90414,-19.93246],[-43.90477,-19.93282],[-43.90511,-19.9331],[-43.90513,-19.9332],[-43.90524,-19.93342],[-43.90532,-19.93373],[-43.90519,-19.93402],[-43.90522,-19.9342],[-43.90551,-19.93421],[-43.90571,-19.93419],[-43.90575,-19.93386],[-43.9061,-19.93356],[-43.90654,-19.93323],[-43.90664,-19.93309],[-43.90676,-19.93286],[-43.90676,-19.9325],[-43.90682,-19.93234],[-43.90697,-19.93215],[-43.90723,-19.9319],[-43.90762,-19.9314],[-43.90777,-19.93125],[-43.90807,-19.9307],[-43.9081,-19.93039],[-43.90808,-19.93023],[-43.90808,-19.92982],[-43.90864,-19.92994],[-43.90879,-19.92954],[-43.90936,-19.92961],[-43.90977,-19.92968],[-43.90987,-19.92965],[-43.91009,-19.92968],[-43.91039,-19.92968],[-43.9106,-19.92965],[-43.91062,-19.92979],[-43.91097,-19.92974],[-43.91115,-19.92969],[-43.91163,-19.9295],[-43.91151,-19.9292],[-43.9115,-19.92908],[-43.9115,-19.92873],[-43.91168,-19.92884],[-43.91182,-19.92895],[-43.91193,-19.92915],[-43.9122,-19.92935],[-43.9123,-19.92927],[-43.91366,-19.92851],[-43.91577,-19.92798],[-43.91739,-19.9276],[-43.91751,-19.92799],[-43.9176,-19.92843],[-43.91792,-19.92947],[-43.91832,-19.92934],[-43.91852,-19.92921],[-43.91859,-19.92917],[-43.91863,-19.92903],[-43.91953,-19.92823],[-43.91973,-19.92848],[-43.91968,-19.92856],[-43.91971,-19.92871],[-43.91982,-19.92891],[-43.91991,-19.92913]]],[[[-43.9128,-19.90941],[-43.91278,-19.90947],[-43.91268,-19.90953],[-43.91231,-19.90991],[-43.91228,-19.90999],[-43.91214,-19.90999],[-43.91214,-19.91011],[-43.91201,-19.91025],[-43.91203,-19.90957],[-43.91194,-19.90957],[-43.91194,-19.90948],[-43.91178,-19.90942],[-43.91175,-19.9093],[-43.91153,-19.90931],[-43.91153,-19.90956],[-43.91144,-19.90955],[-43.91143,-19.90995],[-43.91119,-19.90994],[-43.91109,-19.90917],[-43.91099,-19.90921],[-43.91065,-19.90895],[-43.9106,-19.90891],[-43.91276,-19.9086],[-43.91253,-19.90906],[-43.91267,-19.90942],[-43.9128,-19.90941]]],[[[-43.91047,-19.90735],[-43.91032,-19.90804],[-43.9103,-19.90808],[-43.91047,-19.90735]]],[[[-43.91015,-19.9187],[-43.91012,-19.91945],[-43.90958,-19.91978],[-43.90955,-19.91994],[-43.90939,-19.91993],[-43.90922,-19.91988],[-43.90922,-19.91973],[-43.90903,-19.91978],[-43.90902,-19.91973],[-43.90912,-19.91838],[-43.90951,-19.91833],[-43.91005,-19.91812],[-43.90994,-19.9184],[-43.90986,-19.91853],[-43.90977,-19.9188],[-43.9097,-19.91891],[-43.90977,-19.91919],[-43.91013,-19.91913],[-43.91015,-19.9187]]],[[[-43.90799,-19.89223],[-43.90762,-19.89187],[-43.90754,-19.8918],[-43.90799,-19.89223]]],[[[-43.90799,-19.91967],[-43.90798,-19.91975],[-43.90784,-19.91979],[-43.90776,-19.91994],[-43.90769,-19.91993],[-43.90765,-19.92012],[-43.90695,-19.9201],[-43.90703,-19.91935],[-43.90706,-19.91918],[-43.90724,-19.91919],[-43.90742,-19.91922],[-43.90759,-19.91929],[-43.90764,-19.91933],[-43.90785,-19.91941],[-43.90782,-19.91954],[-43.90782,-19.91965],[-43.90799,-19.91967]]],[[[-43.90788,-19.91245],[-43.90786,-19.91245],[-43.90785,-19.91251],[-43.90774,-19.9125],[-43.90752,-19.91259],[-43.90763,-19.91271],[-43.9077,-19.91274],[-43.90776,-19.91284],[-43.90771,-19.91342],[-43.90771,-19.91393],[-43.90763,-19.91399],[-43.90721,-19.91419],[-43.90706,-19.91398],[-43.90698,-19.91367],[-43.90693,-19.91357],[-43.90686,-19.91334],[-43.90668,-19.9133],[-43.90658,-19.91323],[-43.90589,-19.91297],[-43.90565,-19.91279],[-43.90548,-19.91274],[-43.90493,-19.91287],[-43.9049,-19.91308],[-43.90511,-19.91363],[-43.90521,-19.91374],[-43.9053,-19.91377],[-43.90538,-19.91391],[-43.90513,-19.91386],[-43.90488,-19.91337],[-43.90482,-19.91336],[-43.90476,-19.91324],[-43.90469,-19.91306],[-43.90475,-19.91305],[-43.90471,-19.91294],[-43.90462,-19.91294],[-43.90472,-19.9125],[-43.90475,-19.91242],[-43.9064,-19.9126],[-43.90734,-19.91262],[-43.90733,-19.91232],[-43.90787,-19.91216],[-43.90788,-19.91245]]],[[[-43.90705,-19.90948],[-43.90704,-19.90972],[-43.90697,-19.90992],[-43.90682,-19.91021],[-43.90648,-19.91041],[-43.90599,-19.91061],[-43.90576,-19.91065],[-43.90582,-19.91029],[-43.9063,-19.9101],[-43.9062,-19.90987],[-43.9058,-19.91005],[-43.90577,-19.9102],[-43.90535,-19.91017],[-43.90531,-19.91021],[-43.90514,-19.91023],[-43.90489,-19.91018],[-43.90492,-19.91004],[-43.90472,-19.91],[-43.90481,-19.90942],[-43.90516,-19.90927],[-43.90525,-19.90938],[-43.90575,-19.90935],[-43.90564,-19.90907],[-43.90575,-19.90905],[-43.90588,-19.90928],[-43.90612,-19.90923],[-43.90612,-19.90917],[-43.90642,-19.90916],[-43.90666,-19.9091],[-43.90672,-19.90938],[-43.9068,-19.90943],[-43.90704,-19.90941],[-43.90705,-19.90948]]],[[[-43.90474,-19.91887],[-43.90474,-19.91892],[-43.90468,-19.91896],[-43.90448,-19.91892],[-43.90445,-19.91923],[-43.90436,-19.91926],[-43.90435,-19.91941],[-43.90431,-19.91943],[-43.90431,-19.91951],[-43.90434,-19.91951],[-43.90432,-19.91965],[-43.9041,-19.91965],[-43.90398,-19.9196],[-43.90386,-19.91952],[-43.90381,-19.91953],[-43.90371,-19.91939],[-43.90379,-19.91936],[-43.90373,-19.91927],[-43.90373,-19.91914],[-43.90387,-19.91897],[-43.9037,-19.91876],[-43.9032,-19.91853],[-43.90309,-19.9185],[-43.90295,-19.91851],[-43.90276,-19.91847],[-43.90261,-19.91876],[-43.90259,-19.91877],[-43.90245,-19.91873],[-43.90234,-19.91873],[-43.90235,-19.91879],[-43.90233,-19.91882],[-43.90231,-19.91882],[-43.9023,-19.91891],[-43.90213,-19.91889],[-43.9021,-19.919],[-43.90193,-19.9191],[-43.9019,-19.91908],[-43.90163,-19.91932],[-43.90158,-19.91963],[-43.90155,-19.91978],[-43.90148,-19.92],[-43.9014,-19.92016],[-43.90134,-19.92016],[-43.90134,-19.92011],[-43.9014,-19.91982],[-43.90114,-19.9198],[-43.90099,-19.91992],[-43.90102,-19.92014],[-43.90101,-19.92023],[-43.90093,-19.92015],[-43.9007,-19.92035],[-43.90067,-19.91927],[-43.90072,-19.91926],[-43.90166,-19.91839],[-43.90197,-19.91808],[-43.9021,-19.91798],[-43.9022,-19.91796],[-43.90247,-19.918],[-43.90254,-19.91803],[-43.90266,-19.91822],[-43.9036,-19.91842],[-43.90411,-19.91871],[-43.90427,-19.91864],[-43.90429,-19.91859],[-43.90435,-19.91863],[-43.90446,-19.91879],[-43.90456,-19.91882],[-43.90471,-19.91883],[-43.90474,-19.91887]]],[[[-43.90472,-19.90946],[-43.90462,-19.90945],[-43.90326,-19.90923],[-43.90472,-19.90946]]],[[[-43.90107,-19.91366],[-43.90065,-19.91356],[-43.90068,-19.91339],[-43.90062,-19.91337],[-43.90062,-19.91325],[-43.90104,-19.91332],[-43.90107,-19.91366]]],[[[-43.90044,-19.9005],[-43.90026,-19.90079],[-43.9001,-19.90087],[-43.90007,-19.90001],[-43.9001,-19.90002],[-43.90043,-19.90032],[-43.90044,-19.9005]]]]}},{"type":"Feature","properties":{"territory_id":"mg-3106200-santo-agostinho","name":"Santo Agostinho","municipality_id":"mg-3106200","polling_places":3,"approx":false,"official":true,"method":"official-ibge-cd2022","whole_municipality":false,"approx_coords_only":false,"official_name":"Santo Agostinho","official_code":"3106200090","match":"direct"},"geometry":{"type":"MultiPolygon","coordinates":[[[[-43.94676,-19.92366],[-43.94592,-19.9232],[-43.94556,-19.92346],[-43.94537,-19.92353],[-43.94565,-19.92453],[-43.94615,-19.92643],[-43.94649,-19.92765],[-43.94715,-19.93011],[-43.94849,-19.935],[-43.95066,-19.93445],[-43.95147,-19.93427],[-43.95233,-19.93406],[-43.95366,-19.93371],[-43.95472,-19.93262],[-43.95686,-19.93032],[-43.95719,-19.92945],[-43.95708,-19.92942],[-43.95649,-19.92911],[-43.955,-19.92825],[-43.95329,-19.92733],[-43.95312,-19.92721],[-43.95165,-19.92638],[-43.94827,-19.92449],[-43.94676,-19.92366]]]]}},{"type":"Feature","properties":{"territory_id":"mg-3106200-santo-andre","name":"Santo André","municipality_id":"mg-3106200","polling_places":1,"approx":false,"official":true,"method":"official-ibge-cd2022","whole_municipality":false,"approx_coords_only":false,"official_name":"Santo André","official_code":"3106200236","match":"direct"},"geometry":{"type":"MultiPolygon","coordinates":[[[[-43.95424,-19.8987],[-43.95313,-19.89848],[-43.95257,-19.89907],[-43.95245,-19.89913],[-43.95232,-19.89917],[-43.95227,-19.8993],[-43.95223,-19.89937],[-43.95164,-19.89992],[-43.95162,-19.89999],[-43.9515,-19.90004],[-43.95123,-19.90024],[-43.9511,-19.90025],[-43.95098,-19.90021],[-43.95071,-19.90025],[-43.95035,-19.90023],[-43.95053,-19.9013],[-43.95053,-19.9014],[-43.95164,-19.90141],[-43.95165,-19.90227],[-43.95164,-19.90235],[-43.95161,-19.9028],[-43.95157,-19.90421],[-43.95158,-19.9043],[-43.95156,-19.90452],[-43.95097,-19.9046],[-43.95097,-19.90472],[-43.95084,-19.90473],[-43.95101,-19.90538],[-43.95019,-19.9056],[-43.95009,-19.90573],[-43.95024,-19.90627],[-43.95031,-19.90646],[-43.95044,-19.90658],[-43.95058,-19.90666],[-43.95031,-19.90703],[-43.95014,-19.90719],[-43.95007,-19.90731],[-43.94966,-19.90756],[-43.94979,-19.9077],[-43.95101,-19.90707],[-43.95149,-19.90708],[-43.95152,-19.90583],[-43.95635,-19.90589],[-43.95713,-19.90592],[-43.95719,-19.90619],[-43.95736,-19.90627],[-43.95876,-19.9083],[-43.9588,-19.90841],[-43.95908,-19.90827],[-43.95959,-19.9081],[-43.96012,-19.908],[-43.95977,-19.90655],[-43.96016,-19.90656],[-43.96018,-19.90456],[-43.96189,-19.90454],[-43.96179,-19.90384],[-43.96106,-19.90389],[-43.9582,-19.90373],[-43.95638,-19.90366],[-43.95641,-19.90149],[-43.95706,-19.89912],[-43.95685,-19.89912],[-43.9567,-19.89914],[-43.95593,-19.89902],[-43.95424,-19.8987]]]]}},{"type":"Feature","properties":{"territory_id":"mg-3106200-santo-antonio","name":"Santo Antonio","municipality_id":"mg-3106200","polling_places":5,"approx":false,"official":true,"method":"official-ibge-cd2022","whole_municipality":false,"approx_coords_only":false,"official_name":"Santo Antônio","official_code":"3106200113","match":"direct"},"geometry":{"type":"MultiPolygon","coordinates":[[[[-43.94247,-19.94946],[-43.94213,-19.94927],[-43.94142,-19.94895],[-43.94123,-19.94924],[-43.94114,-19.94953],[-43.94141,-19.94996],[-43.94188,-19.95027],[-43.94213,-19.95038],[-43.9427,-19.95099],[-43.94305,-19.95094],[-43.94332,-19.95093],[-43.94341,-19.95095],[-43.94399,-19.95092],[-43.94404,-19.9509],[-43.94553,-19.95088],[-43.94553,-19.95103],[-43.94561,-19.95103],[-43.94588,-19.9511],[-43.9463,-19.9511],[-43.94644,-19.95105],[-43.94679,-19.9506],[-43.94754,-19.95108],[-43.94767,-19.9512],[-43.94756,-19.94905],[-43.94759,-19.94881],[-43.94909,-19.94655],[-43.94918,-19.9464],[-43.94924,-19.94623],[-43.94931,-19.946],[-43.94933,-19.94572],[-43.94929,-19.94519],[-43.94927,-19.94503],[-43.9491,-19.94472],[-43.94872,-19.94433],[-43.94857,-19.94414],[-43.94843,-19.94382],[-43.94846,-19.94344],[-43.94852,-19.94324],[-43.9486,-19.94311],[-43.949,-19.94263],[-43.94909,-19.94235],[-43.94911,-19.94218],[-43.94905,-19.9419],[-43.94887,-19.94163],[-43.94817,-19.94078],[-43.94798,-19.94048],[-43.94789,-19.94021],[-43.94779,-19.93933],[-43.94768,-19.93883],[-43.94656,-19.93548],[-43.94604,-19.93562],[-43.94589,-19.93567],[-43.94404,-19.93867],[-43.94396,-19.93874],[-43.94272,-19.93905],[-43.94143,-19.93939],[-43.93881,-19.93999],[-43.93775,-19.94027],[-43.93755,-19.94031],[-43.93818,-19.94269],[-43.9394,-19.94708],[-43.93992,-19.94783],[-43.94044,-19.94848],[-43.94053,-19.94843],[-43.94075,-19.94824],[-43.94141,-19.94786],[-43.94146,-19.94789],[-43.94155,-19.948],[-43.94167,-19.94795],[-43.94193,-19.94778],[-43.94214,-19.94769],[-43.94235,-19.94766],[-43.94245,-19.94807],[-43.94242,-19.94863],[-43.94242,-19.94905],[-43.94251,-19.94922],[-43.94251,-19.94934],[-43.94247,-19.94946]]]]}},{"type":"Feature","properties":{"territory_id":"mg-3106200-sao-bento","name":"Sao Bento","municipality_id":"mg-3106200","polling_places":1,"approx":false,"official":true,"method":"official-ibge-cd2022","whole_municipality":false,"approx_coords_only":false,"official_name":"São Bento","official_code":"3106200104","match":"direct"},"geometry":{"type":"MultiPolygon","coordinates":[[[[-43.9522,-19.95353],[-43.95189,-19.95389],[-43.95147,-19.9539],[-43.94999,-19.95387],[-43.94986,-19.9538],[-43.9488,-19.95307],[-43.94866,-19.95349],[-43.94852,-19.95376],[-43.94843,-19.95391],[-43.94761,-19.95392],[-43.94767,-19.95486],[-43.94785,-19.95472],[-43.94805,-19.95464],[-43.95024,-19.95465],[-43.95022,-19.95535],[-43.94944,-19.95535],[-43.94941,-19.95831],[-43.95019,-19.95833],[-43.94989,-19.95967],[-43.95009,-19.96191],[-43.95073,-19.96226],[-43.95042,-19.96359],[-43.95119,-19.96332],[-43.95104,-19.96392],[-43.95102,-19.96409],[-43.95292,-19.96332],[-43.95311,-19.96322],[-43.9532,-19.96304],[-43.95327,-19.96238],[-43.95342,-19.96196],[-43.95371,-19.96151],[-43.95427,-19.96083],[-43.95483,-19.96127],[-43.95543,-19.96165],[-43.95483,-19.96234],[-43.9547,-19.9626],[-43.95464,-19.96282],[-43.95465,-19.96308],[-43.95479,-19.96348],[-43.95502,-19.96372],[-43.95543,-19.96403],[-43.95609,-19.96327],[-43.95648,-19.96279],[-43.95672,-19.96254],[-43.95691,-19.96229],[-43.9571,-19.96198],[-43.95728,-19.96162],[-43.95738,-19.96089],[-43.95749,-19.95981],[-43.95746,-19.95957],[-43.95709,-19.95837],[-43.95704,-19.95809],[-43.95704,-19.95787],[-43.9571,-19.95755],[-43.95721,-19.95723],[-43.95738,-19.95695],[-43.95899,-19.95465],[-43.95977,-19.95343],[-43.96019,-19.95267],[-43.96051,-19.95213],[-43.95983,-19.95191],[-43.9597,-19.95185],[-43.95946,-19.95208],[-43.95915,-19.95232],[-43.95893,-19.95229],[-43.95817,-19.95235],[-43.95758,-19.95224],[-43.9571,-19.9523],[-43.9569,-19.95257],[-43.95635,-19.95289],[-43.95533,-19.95316],[-43.95439,-19.95299],[-43.9543,-19.95285],[-43.9544,-19.95235],[-43.9546,-19.95205],[-43.95407,-19.95189],[-43.95397,-19.95188],[-43.95366,-19.95181],[-43.9536,-19.95187],[-43.95292,-19.95197],[-43.9524,-19.95213],[-43.95226,-19.95231],[-43.95215,-19.9525],[-43.95184,-19.95286],[-43.95176,-19.95294],[-43.95156,-19.95306],[-43.95148,-19.95307],[-43.95214,-19.95349],[-43.9522,-19.95353]]]]}},{"type":"Feature","properties":{"territory_id":"mg-3106200-sao-bernardo","name":"São Bernardo","municipality_id":"mg-3106200","polling_places":2,"approx":false,"official":true,"method":"official-ibge-cd2022","whole_municipality":false,"approx_coords_only":false,"official_name":"São Bernardo","official_code":"3106200454","match":"direct"},"geometry":{"type":"MultiPolygon","coordinates":[[[[-43.94218,-19.85061],[-43.94307,-19.84976],[-43.94323,-19.84963],[-43.94339,-19.84942],[-43.94401,-19.84881],[-43.94406,-19.84878],[-43.94403,-19.84874],[-43.94372,-19.84865],[-43.94387,-19.84826],[-43.9444,-19.84843],[-43.94466,-19.84789],[-43.94471,-19.84791],[-43.94487,-19.84771],[-43.94485,-19.84765],[-43.94524,-19.84731],[-43.9453,-19.84733],[-43.9454,-19.84723],[-43.94548,-19.84725],[-43.94653,-19.84672],[-43.94679,-19.84662],[-43.94721,-19.84652],[-43.94753,-19.84638],[-43.94765,-19.84638],[-43.94788,-19.84633],[-43.94794,-19.84648],[-43.94794,-19.84654],[-43.94869,-19.8465],[-43.94864,-19.84619],[-43.9485,-19.84567],[-43.94836,-19.84526],[-43.94818,-19.84496],[-43.94806,-19.84489],[-43.94797,-19.84486],[-43.94673,-19.84465],[-43.94645,-19.84456],[-43.9463,-19.84448],[-43.94605,-19.84429],[-43.94594,-19.84419],[-43.94626,-19.84409],[-43.94648,-19.84394],[-43.94667,-19.8439],[-43.94686,-19.84389],[-43.94725,-19.84361],[-43.9478,-19.84316],[-43.94736,-19.84268],[-43.94685,-19.84309],[-43.94662,-19.84319],[-43.94569,-19.84352],[-43.94437,-19.84417],[-43.94394,-19.84443],[-43.94369,-19.84455],[-43.94336,-19.84467],[-43.94309,-19.84483],[-43.94281,-19.84494],[-43.94271,-19.84497],[-43.9425,-19.84461],[-43.94224,-19.84475],[-43.94217,-19.84476],[-43.94187,-19.84467],[-43.94122,-19.84501],[-43.94021,-19.84548],[-43.93998,-19.84553],[-43.9396,-19.84556],[-43.93948,-19.84586],[-43.93942,-19.84596],[-43.9396,-19.84624],[-43.93979,-19.84681],[-43.93895,-19.84692],[-43.93879,-19.84695],[-43.93867,-19.84699],[-43.93854,-19.84707],[-43.93842,-19.84716],[-43.93813,-19.8472],[-43.93784,-19.84719],[-43.93748,-19.84713],[-43.93696,-19.847],[-43.93614,-19.84659],[-43.93546,-19.84632],[-43.93497,-19.8462],[-43.93467,-19.84618],[-43.93387,-19.84623],[-43.93337,-19.84633],[-43.93277,-19.8468],[-43.9326,-19.84703],[-43.93263,-19.84743],[-43.93272,-19.84809],[-43.93286,-19.8489],[-43.93309,-19.84947],[-43.93328,-19.84987],[-43.93465,-19.85236],[-43.93487,-19.85298],[-43.93498,-19.8532],[-43.93508,-19.85349],[-43.93521,-19.85414],[-43.93524,-19.85435],[-43.93525,-19.85472],[-43.93524,-19.85522],[-43.9352,-19.85555],[-43.93512,-19.85601],[-43.93491,-19.85681],[-43.93468,-19.85744],[-43.93458,-19.85775],[-43.93435,-19.85829],[-43.93486,-19.85837],[-43.93515,-19.85826],[-43.93567,-19.85804],[-43.93589,-19.85783],[-43.93612,-19.85755],[-43.93638,-19.85703],[-43.93645,-19.85676],[-43.93652,-19.85617],[-43.93641,-19.85502],[-43.93641,-19.85449],[-43.93638,-19.85417],[-43.9363,-19.85386],[-43.93598,-19.85301],[-43.93741,-19.85244],[-43.93872,-19.85199],[-43.94199,-19.85079],[-43.94218,-19.85061]]]]}},{"type":"Feature","properties":{"territory_id":"mg-3106200-sao-cristovao","name":"São Cristóvão","municipality_id":"mg-3106200","polling_places":2,"approx":false,"official":true,"method":"official-ibge-cd2022","whole_municipality":false,"approx_coords_only":false,"official_name":"São Cristóvão","official_code":"3106200055","match":"direct"},"geometry":{"type":"MultiPolygon","coordinates":[[[[-43.94705,-19.90084],[-43.94615,-19.9005],[-43.94702,-19.89887],[-43.94733,-19.8984],[-43.9474,-19.89745],[-43.94655,-19.89748],[-43.9465,-19.89694],[-43.94644,-19.89699],[-43.94621,-19.89728],[-43.94558,-19.89814],[-43.94553,-19.89817],[-43.94496,-19.8983],[-43.94491,-19.89845],[-43.94484,-19.89854],[-43.94476,-19.89858],[-43.94463,-19.89857],[-43.94447,-19.89894],[-43.94386,-19.89979],[-43.94354,-19.90028],[-43.94317,-19.90079],[-43.94281,-19.90134],[-43.94255,-19.90165],[-43.94241,-19.9019],[-43.94224,-19.90208],[-43.9421,-19.90234],[-43.94267,-19.90268],[-43.94314,-19.90288],[-43.94364,-19.90331],[-43.9437,-19.90333],[-43.94375,-19.90343],[-43.94385,-19.90353],[-43.94444,-19.90379],[-43.94482,-19.90399],[-43.94529,-19.90428],[-43.94612,-19.90513],[-43.94645,-19.90497],[-43.94673,-19.90482],[-43.94684,-19.9048],[-43.94707,-19.90473],[-43.94724,-19.90471],[-43.94794,-19.90499],[-43.94819,-19.90507],[-43.94842,-19.9051],[-43.94865,-19.90507],[-43.94883,-19.90501],[-43.94982,-19.90454],[-43.94924,-19.9043],[-43.94869,-19.90456],[-43.94867,-19.90408],[-43.94853,-19.90409],[-43.94826,-19.90397],[-43.94849,-19.90357],[-43.94745,-19.90314],[-43.94744,-19.90297],[-43.94778,-19.90245],[-43.9483,-19.90156],[-43.9482,-19.90128],[-43.94752,-19.90102],[-43.94705,-19.90084]]]]}},{"type":"Feature","properties":{"territory_id":"mg-3106200-sao-francisco","name":"São Francisco","municipality_id":"mg-3106200","polling_places":2,"approx":false,"official":true,"method":"official-ibge-cd2022","whole_municipality":false,"approx_coords_only":false,"official_name":"São Francisco","official_code":"3106200281","match":"direct"},"geometry":{"type":"MultiPolygon","coordinates":[[[[-43.95024,-19.86956],[-43.94968,-19.86988],[-43.94948,-19.87004],[-43.94948,-19.87018],[-43.9496,-19.87092],[-43.94957,-19.87105],[-43.94945,-19.87121],[-43.94917,-19.8715],[-43.94904,-19.87168],[-43.94882,-19.87203],[-43.94869,-19.87214],[-43.94853,-19.87221],[-43.94893,-19.87284],[-43.94926,-19.87345],[-43.94939,-19.87377],[-43.94956,-19.87431],[-43.94966,-19.87471],[-43.94982,-19.87463],[-43.95001,-19.87492],[-43.95014,-19.87508],[-43.95027,-19.87507],[-43.95035,-19.87501],[-43.95131,-19.87603],[-43.95149,-19.87589],[-43.95161,-19.87593],[-43.95175,-19.87594],[-43.95192,-19.87601],[-43.95201,-19.87611],[-43.95207,-19.87623],[-43.95175,-19.87653],[-43.9516,-19.87645],[-43.95077,-19.8765],[-43.95066,-19.8765],[-43.95224,-19.87845],[-43.95258,-19.8789],[-43.95337,-19.87987],[-43.95374,-19.88021],[-43.95394,-19.88037],[-43.95424,-19.88054],[-43.9547,-19.88074],[-43.95625,-19.88126],[-43.95881,-19.88207],[-43.9644,-19.88391],[-43.96501,-19.88415],[-43.96527,-19.88427],[-43.96552,-19.88401],[-43.96551,-19.88389],[-43.96506,-19.88342],[-43.96438,-19.88304],[-43.96431,-19.88289],[-43.96441,-19.88165],[-43.96422,-19.88147],[-43.96425,-19.88115],[-43.96418,-19.87995],[-43.96408,-19.87986],[-43.96422,-19.87969],[-43.96465,-19.87905],[-43.9646,-19.87864],[-43.96486,-19.87861],[-43.9647,-19.87733],[-43.96438,-19.8769],[-43.96412,-19.87651],[-43.96238,-19.87757],[-43.95779,-19.87277],[-43.95754,-19.87253],[-43.95847,-19.87172],[-43.95866,-19.87159],[-43.95821,-19.87117],[-43.95789,-19.87066],[-43.95652,-19.87151],[-43.95613,-19.87171],[-43.95575,-19.87174],[-43.9548,-19.87163],[-43.95521,-19.87055],[-43.9544,-19.86975],[-43.95345,-19.86875],[-43.95339,-19.86868],[-43.95328,-19.86845],[-43.95319,-19.86834],[-43.95256,-19.86848],[-43.95246,-19.86848],[-43.9517,-19.86869],[-43.95161,-19.8688],[-43.95118,-19.86908],[-43.95081,-19.86926],[-43.95066,-19.86935],[-43.95037,-19.86949],[-43.95024,-19.86956]],[[-43.96333,-19.88058],[-43.96255,-19.88124],[-43.96245,-19.88114],[-43.96265,-19.88099],[-43.96252,-19.88087],[-43.96284,-19.8806],[-43.96279,-19.88054],[-43.96307,-19.8803],[-43.96326,-19.8805],[-43.96333,-19.88058]],[[-43.95408,-19.87899],[-43.95365,-19.87853],[-43.95391,-19.87833],[-43.95416,-19.87845],[-43.95434,-19.87877],[-43.95412,-19.87895],[-43.95408,-19.87899]],[[-43.95107,-19.8707],[-43.95112,-19.87067],[-43.95185,-19.87008],[-43.95198,-19.87019],[-43.95191,-19.87022],[-43.95139,-19.8706],[-43.95148,-19.8707],[-43.9513,-19.87084],[-43.95122,-19.87084],[-43.95111,-19.87078],[-43.95076,-19.87108],[-43.95145,-19.87182],[-43.95108,-19.87212],[-43.95128,-19.87233],[-43.95136,-19.87237],[-43.95159,-19.87259],[-43.95139,-19.87269],[-43.95122,-19.87254],[-43.95082,-19.87289],[-43.95078,-19.87285],[-43.95042,-19.8732],[-43.95037,-19.87334],[-43.95018,-19.87354],[-43.95044,-19.87383],[-43.95025,-19.87399],[-43.95009,-19.87406],[-43.94968,-19.87367],[-43.94978,-19.87349],[-43.94981,-19.87359],[-43.95025,-19.87325],[-43.95023,-19.87313],[-43.95018,-19.87206],[-43.94991,-19.87207],[-43.95004,-19.87162],[-43.95004,-19.87116],[-43.95011,-19.87115],[-43.95017,-19.87118],[-43.95037,-19.87135],[-43.95088,-19.87087],[-43.95107,-19.8707]]]]}},{"type":"Feature","properties":{"territory_id":"mg-3106200-sao-gabriel","name":"São Gabriel","municipality_id":"mg-3106200","polling_places":4,"approx":false,"official":true,"method":"official-ibge-cd2022","whole_municipality":false,"approx_coords_only":false,"official_name":"São Gabriel","official_code":"3106200390","match":"direct"},"geometry":{"type":"MultiPolygon","coordinates":[[[[-43.91578,-19.8471],[-43.91473,-19.84646],[-43.91466,-19.84658],[-43.9146,-19.84653],[-43.9144,-19.84674],[-43.91427,-19.84668],[-43.91426,-19.84671],[-43.91396,-19.84663],[-43.91362,-19.84656],[-43.91324,-19.84652],[-43.91236,-19.8467],[-43.91201,-19.84683],[-43.91171,-19.84698],[-43.91128,-19.84734],[-43.9107,-19.84795],[-43.91036,-19.84837],[-43.91002,-19.84868],[-43.90984,-19.84879],[-43.90966,-19.84882],[-43.90958,-19.84898],[-43.90937,-19.8492],[-43.90914,-19.8494],[-43.90897,-19.84952],[-43.90869,-19.84969],[-43.90809,-19.84995],[-43.9079,-19.85001],[-43.90637,-19.85067],[-43.90559,-19.85097],[-43.90569,-19.85101],[-43.90578,-19.85116],[-43.90582,-19.85147],[-43.90583,-19.85181],[-43.90575,-19.85249],[-43.90565,-19.854],[-43.90657,-19.85391],[-43.90713,-19.85392],[-43.90744,-19.85421],[-43.90853,-19.85531],[-43.90936,-19.85583],[-43.90983,-19.85601],[-43.90997,-19.85602],[-43.91015,-19.85597],[-43.91029,-19.85664],[-43.91039,-19.85689],[-43.91096,-19.85774],[-43.91106,-19.85796],[-43.9105,-19.85818],[-43.91035,-19.85831],[-43.91122,-19.8584],[-43.91252,-19.8585],[-43.91291,-19.85855],[-43.91315,-19.85856],[-43.91428,-19.8587],[-43.91516,-19.85894],[-43.91617,-19.85924],[-43.91731,-19.85975],[-43.91857,-19.86036],[-43.91982,-19.86088],[-43.92022,-19.86016],[-43.92053,-19.86031],[-43.92088,-19.85972],[-43.92117,-19.85957],[-43.92123,-19.85944],[-43.92135,-19.85949],[-43.92117,-19.85991],[-43.92105,-19.85985],[-43.92058,-19.86075],[-43.92057,-19.86079],[-43.92059,-19.86087],[-43.92063,-19.86093],[-43.92122,-19.8613],[-43.92134,-19.86135],[-43.92127,-19.86153],[-43.92204,-19.86193],[-43.92234,-19.86207],[-43.92324,-19.8626],[-43.92431,-19.86329],[-43.92533,-19.86386],[-43.92743,-19.86489],[-43.92757,-19.86477],[-43.92787,-19.86469],[-43.92806,-19.86474],[-43.92832,-19.86475],[-43.92858,-19.86468],[-43.9287,-19.8646],[-43.92882,-19.86458],[-43.92924,-19.86469],[-43.92935,-19.86463],[-43.92947,-19.86448],[-43.92954,-19.86432],[-43.92957,-19.86395],[-43.92952,-19.86382],[-43.92945,-19.86372],[-43.92905,-19.86372],[-43.92891,-19.86363],[-43.9287,-19.86342],[-43.92832,-19.86323],[-43.92795,-19.8633],[-43.92781,-19.86331],[-43.92768,-19.8633],[-43.92753,-19.86326],[-43.92725,-19.86316],[-43.92684,-19.86248],[-43.92657,-19.86207],[-43.92627,-19.8618],[-43.92573,-19.8614],[-43.92491,-19.86087],[-43.92465,-19.86059],[-43.92458,-19.86048],[-43.92454,-19.86039],[-43.92449,-19.86014],[-43.92447,-19.85996],[-43.92448,-19.85952],[-43.92446,-19.85881],[-43.92427,-19.85813],[-43.92368,-19.85682],[-43.92338,-19.8561],[-43.92279,-19.855],[-43.92246,-19.85432],[-43.92154,-19.85258],[-43.92064,-19.85096],[-43.92024,-19.85034],[-43.92002,-19.84996],[-43.91979,-19.84959],[-43.91939,-19.8492],[-43.91859,-19.84853],[-43.91816,-19.84825],[-43.91776,-19.84801],[-43.9173,-19.84769],[-43.91603,-19.84672],[-43.91587,-19.84696],[-43.91578,-19.8471]],[[-43.9184,-19.85217],[-43.91844,-19.85215],[-43.91844,-19.85193],[-43.91877,-19.85169],[-43.91947,-19.85279],[-43.91979,-19.85344],[-43.92065,-19.85498],[-43.92132,-19.85625],[-43.92145,-19.85655],[-43.92151,-19.85675],[-43.92149,-19.85707],[-43.92144,-19.85701],[-43.9213,-19.85695],[-43.9209,-19.85681],[-43.92097,-19.85673],[-43.92025,-19.85541],[-43.91989,-19.85481],[-43.91977,-19.85456],[-43.91931,-19.85379],[-43.91894,-19.85312],[-43.9184,-19.85217]]]]}},{"type":"Feature","properties":{"territory_id":"mg-3106200-sao-geraldo","name":"São Geraldo","municipality_id":"mg-3106200","polling_places":2,"approx":false,"official":true,"method":"official-ibge-cd2022","whole_municipality":false,"approx_coords_only":false,"official_name":"São Geraldo","official_code":"3106200016","match":"direct"},"geometry":{"type":"MultiPolygon","coordinates":[[[[-43.8948,-19.896],[-43.89439,-19.89588],[-43.89431,-19.8961],[-43.89417,-19.89606],[-43.89407,-19.89609],[-43.89391,-19.89605],[-43.89385,-19.89613],[-43.89375,-19.89614],[-43.89363,-19.89656],[-43.8932,-19.89796],[-43.89295,-19.89864],[-43.89165,-19.89826],[-43.89136,-19.898],[-43.89124,-19.89792],[-43.89114,-19.89797],[-43.89091,-19.89899],[-43.89052,-19.90047],[-43.8902,-19.90184],[-43.88993,-19.90278],[-43.88988,-19.90284],[-43.88995,-19.90291],[-43.89019,-19.9031],[-43.88973,-19.90365],[-43.88869,-19.90423],[-43.88881,-19.90434],[-43.88891,-19.90449],[-43.88934,-19.90488],[-43.88953,-19.90486],[-43.88966,-19.90479],[-43.88981,-19.90468],[-43.89001,-19.90449],[-43.89083,-19.90403],[-43.89115,-19.90388],[-43.89203,-19.90357],[-43.89241,-19.90348],[-43.8928,-19.90345],[-43.89311,-19.90351],[-43.89326,-19.90357],[-43.89343,-19.90367],[-43.89368,-19.9039],[-43.8945,-19.90476],[-43.89482,-19.90495],[-43.89507,-19.90507],[-43.89522,-19.90511],[-43.8953,-19.90519],[-43.89536,-19.90521],[-43.89546,-19.90518],[-43.89582,-19.9052],[-43.89726,-19.90536],[-43.89757,-19.90535],[-43.8981,-19.90527],[-43.8982,-19.90527],[-43.89831,-19.90522],[-43.89863,-19.90501],[-43.89878,-19.90489],[-43.89901,-19.90464],[-43.89929,-19.90428],[-43.89932,-19.90412],[-43.89977,-19.90365],[-43.89992,-19.90352],[-43.90002,-19.90346],[-43.9005,-19.90328],[-43.90388,-19.90249],[-43.90433,-19.90229],[-43.90529,-19.90178],[-43.90569,-19.90166],[-43.90562,-19.90108],[-43.90549,-19.90076],[-43.90507,-19.89998],[-43.90455,-19.8994],[-43.9039,-19.89863],[-43.90236,-19.8965],[-43.90128,-19.8951],[-43.89787,-19.89431],[-43.89767,-19.8943],[-43.89466,-19.89343],[-43.89441,-19.89416],[-43.89451,-19.89419],[-43.89442,-19.89451],[-43.89436,-19.8945],[-43.89435,-19.89458],[-43.89437,-19.89461],[-43.89401,-19.89577],[-43.89439,-19.89585],[-43.89443,-19.89572],[-43.89476,-19.89573],[-43.89482,-19.89558],[-43.89492,-19.89561],[-43.89481,-19.89597],[-43.8948,-19.896]],[[-43.89938,-19.90044],[-43.89982,-19.90002],[-43.89991,-19.89991],[-43.9001,-19.90002],[-43.90043,-19.90032],[-43.90044,-19.9005],[-43.90026,-19.90079],[-43.90002,-19.90091],[-43.89976,-19.90099],[-43.89969,-19.90078],[-43.89959,-19.90067],[-43.89938,-19.90044]],[[-43.89898,-19.89638],[-43.89873,-19.89631],[-43.89874,-19.89611],[-43.89876,-19.89603],[-43.89866,-19.89542],[-43.8989,-19.8955],[-43.89894,-19.89532],[-43.89929,-19.89543],[-43.89924,-19.89561],[-43.89898,-19.89638]]]]}},{"type":"Feature","properties":{"territory_id":"mg-3106200-sao-joao-batista-venda-nova-parte","name":"Sao Joao Batista (venda Nova) (parte)","municipality_id":"mg-3106200","polling_places":1,"approx":true,"official":false,"method":"voronoi-polling-places","whole_municipality":false,"approx_coords_only":false},"geometry":{"type":"MultiPolygon","coordinates":[[[[-43.97179,-19.81597],[-43.97124,-19.82134],[-43.97008,-19.82313],[-43.96985,-19.82344],[-43.96939,-19.82417],[-43.96913,-19.82463],[-43.96876,-19.82544],[-43.96835,-19.82629],[-43.96781,-19.82713],[-43.96699,-19.82711],[-43.96686,-19.82713],[-43.96672,-19.82717],[-43.96659,-19.82722],[-43.96641,-19.82733],[-43.96578,-19.82779],[-43.96445,-19.82875],[-43.96436,-19.82878],[-43.96424,-19.82881],[-43.96416,-19.8288],[-43.96278,-19.82864],[-43.96229,-19.83046],[-43.96166,-19.8295],[-43.96112,-19.82882],[-43.96077,-19.82849],[-43.96035,-19.82812],[-43.95982,-19.82773],[-43.95909,-19.82729],[-43.95833,-19.82193],[-43.96068,-19.81544],[-43.96253,-19.8121],[-43.97179,-19.81597]]],[[[-43.9668,-19.8305],[-43.96639,-19.82942],[-43.96629,-19.82914],[-43.9668,-19.8305]]]]}},{"type":"Feature","properties":{"territory_id":"mg-3106200-sao-lucas","name":"São Lucas","municipality_id":"mg-3106200","polling_places":3,"approx":false,"official":true,"method":"official-ibge-cd2022","whole_municipality":false,"approx_coords_only":false,"official_name":"São Lucas","official_code":"3106200092","match":"direct"},"geometry":{"type":"MultiPolygon","coordinates":[[[[-43.92095,-19.93332],[-43.92357,-19.93182],[-43.924,-19.9318],[-43.92407,-19.93176],[-43.92317,-19.93074],[-43.92035,-19.92772],[-43.92024,-19.92778],[-43.92019,-19.92769],[-43.92008,-19.92754],[-43.91994,-19.92698],[-43.91929,-19.92712],[-43.91739,-19.9276],[-43.91751,-19.92799],[-43.9176,-19.92843],[-43.91792,-19.92947],[-43.91832,-19.92934],[-43.91852,-19.92921],[-43.91859,-19.92917],[-43.91863,-19.92903],[-43.91953,-19.92823],[-43.91973,-19.92848],[-43.91968,-19.92856],[-43.91971,-19.92871],[-43.91982,-19.92891],[-43.91991,-19.92913],[-43.91931,-19.93005],[-43.91946,-19.93032],[-43.91939,-19.93037],[-43.91934,-19.93051],[-43.91914,-19.93058],[-43.9193,-19.93086],[-43.91899,-19.931],[-43.91908,-19.93105],[-43.91912,-19.93111],[-43.91911,-19.93123],[-43.91905,-19.93131],[-43.91836,-19.93161],[-43.91787,-19.93224],[-43.91808,-19.93271],[-43.91805,-19.93272],[-43.91779,-19.93331],[-43.9178,-19.93338],[-43.91741,-19.93359],[-43.91807,-19.93414],[-43.91799,-19.93422],[-43.91776,-19.93426],[-43.91778,-19.93449],[-43.9176,-19.93455],[-43.91743,-19.93456],[-43.9176,-19.93508],[-43.91768,-19.93516],[-43.91797,-19.93504],[-43.91959,-19.93408],[-43.92094,-19.93333],[-43.92095,-19.93332]]]]}},{"type":"Feature","properties":{"territory_id":"mg-3106200-sao-luiz-pampulha","name":"São Luiz (pampulha)","municipality_id":"mg-3106200","polling_places":1,"approx":true,"official":false,"method":"voronoi-polling-places","whole_municipality":false,"approx_coords_only":false},"geometry":{"type":"MultiPolygon","coordinates":[[[[-43.98472,-19.84715],[-43.98464,-19.85406],[-43.98123,-19.86418],[-43.98081,-19.86451],[-43.98073,-19.86451],[-43.98075,-19.8656],[-43.98014,-19.86739],[-43.97968,-19.86738],[-43.97969,-19.86843],[-43.97927,-19.86918],[-43.97917,-19.86943],[-43.97915,-19.86956],[-43.97916,-19.86967],[-43.97925,-19.86997],[-43.97926,-19.87],[-43.97839,-19.8726],[-43.97792,-19.87303],[-43.97772,-19.87325],[-43.97742,-19.87382],[-43.97706,-19.8738],[-43.97691,-19.8737],[-43.97692,-19.87434],[-43.9769,-19.87579],[-43.97729,-19.87585],[-43.97579,-19.88028],[-43.9642,-19.88025],[-43.96418,-19.87995],[-43.96408,-19.87986],[-43.96422,-19.87969],[-43.96465,-19.87905],[-43.9646,-19.87864],[-43.96486,-19.87861],[-43.9647,-19.87733],[-43.96438,-19.8769],[-43.96412,-19.87651],[-43.96238,-19.87757],[-43.95779,-19.87277],[-43.95754,-19.87253],[-43.95847,-19.87172],[-43.95866,-19.87159],[-43.95821,-19.87117],[-43.95789,-19.87066],[-43.95652,-19.87151],[-43.95613,-19.87171],[-43.95575,-19.87174],[-43.9548,-19.87163],[-43.95521,-19.87055],[-43.9544,-19.86975],[-43.95345,-19.86875],[-43.95339,-19.86868],[-43.95328,-19.86845],[-43.95319,-19.86834],[-43.95256,-19.86848],[-43.95246,-19.86848],[-43.9517,-19.86869],[-43.95161,-19.8688],[-43.95118,-19.86908],[-43.95081,-19.86926],[-43.95066,-19.86935],[-43.95037,-19.86949],[-43.95024,-19.86956],[-43.94968,-19.86988],[-43.94949,-19.87004],[-43.94951,-19.86976],[-43.94955,-19.86958],[-43.94944,-19.86955],[-43.94928,-19.86948],[-43.94863,-19.86935],[-43.94847,-19.8689],[-43.94835,-19.86864],[-43.94813,-19.86828],[-43.94744,-19.86823],[-43.94731,-19.86821],[-43.94714,-19.86814],[-43.94671,-19.86786],[-43.94647,-19.86773],[-43.94623,-19.86756],[-43.94593,-19.8674],[-43.94576,-19.86735],[-43.94546,-19.86731],[-43.94517,-19.86731],[-43.94492,-19.86734],[-43.94476,-19.86739],[-43.94463,-19.86745],[-43.94351,-19.86677],[-43.94345,-19.86675],[-43.94224,-19.86597],[-43.9418,-19.86587],[-43.94255,-19.86324],[-43.94127,-19.86292],[-43.93868,-19.86263],[-43.9386,-19.86263],[-43.94047,-19.85701],[-43.94405,-19.85573],[-43.94399,-19.85557],[-43.94528,-19.85524],[-43.94596,-19.85701],[-43.94587,-19.85726],[-43.94625,-19.85785],[-43.94637,-19.85799],[-43.94647,-19.85815],[-43.94715,-19.85946],[-43.94739,-19.86012],[-43.94807,-19.85959],[-43.94878,-19.859],[-43.94893,-19.85884],[-43.9491,-19.85857],[-43.9494,-19.85804],[-43.94993,-19.85765],[-43.95023,-19.85844],[-43.95028,-19.85872],[-43.95033,-19.85954],[-43.95036,-19.86035],[-43.95036,-19.86054],[-43.95031,-19.86097],[-43.95057,-19.86095],[-43.95072,-19.86109],[-43.95128,-19.8615],[-43.95234,-19.86233],[-43.95397,-19.86358],[-43.95416,-19.86376],[-43.95452,-19.86399],[-43.95588,-19.86465],[-43.95576,-19.86518],[-43.95566,-19.86542],[-43.95556,-19.86554],[-43.95546,-19.86562],[-43.95534,-19.86567],[-43.95685,-19.86619],[-43.95805,-19.86296],[-43.95823,-19.86252],[-43.95771,-19.86208],[-43.95772,-19.86198],[-43.95748,-19.86187],[-43.95784,-19.86146],[-43.95788,-19.86149],[-43.9581,-19.86134],[-43.95826,-19.86139],[-43.95832,-19.86149],[-43.95833,-19.86171],[-43.95851,-19.86182],[-43.95917,-19.86003],[-43.95945,-19.85934],[-43.95956,-19.85898],[-43.95968,-19.85861],[-43.96019,-19.85725],[-43.95947,-19.85703],[-43.95945,-19.85682],[-43.95937,-19.85664],[-43.95926,-19.85642],[-43.9589,-19.85662],[-43.95905,-19.85687],[-43.95877,-19.85704],[-43.9586,-19.85713],[-43.95843,-19.85689],[-43.95855,-19.85683],[-43.95838,-19.8566],[-43.95787,-19.85693],[-43.95773,-19.85673],[-43.958,-19.85658],[-43.958,-19.8565],[-43.95803,-19.85647],[-43.95803,-19.8564],[-43.95798,-19.85633],[-43.95847,-19.85608],[-43.9585,-19.85614],[-43.95888,-19.85588],[-43.9579,-19.85451],[-43.95724,-19.85354],[-43.95673,-19.8531],[-43.95611,-19.85278],[-43.95611,-19.85269],[-43.95608,-19.85263],[-43.95719,-19.85117],[-43.95739,-19.85099],[-43.95754,-19.85098],[-43.9581,-19.85116],[-43.963,-19.85015],[-43.96466,-19.84975],[-43.96521,-19.8497],[-43.96596,-19.84904],[-43.96664,-19.8486],[-43.96716,-19.84508],[-43.96612,-19.84515],[-43.9661,-19.84475],[-43.96566,-19.84407],[-43.96545,-19.84397],[-43.9649,-19.84414],[-43.96197,-19.84478],[-43.95689,-19.84586],[-43.95579,-19.8461],[-43.9557,-19.84598],[-43.95561,-19.84574],[-43.95566,-19.84556],[-43.95577,-19.84528],[-43.95683,-19.84441],[-43.95693,-19.84426],[-43.96654,-19.84187],[-43.96715,-19.84173],[-43.96758,-19.84167],[-43.96784,-19.8417],[-43.96804,-19.84177],[-43.97019,-19.84271],[-43.97044,-19.84285],[-43.97092,-19.84326],[-43.97106,-19.84343],[-43.97114,-19.84355],[-43.97126,-19.84377],[-43.97134,-19.84399],[-43.97162,-19.84482],[-43.97175,-19.84501],[-43.97189,-19.8452],[-43.97217,-19.84547],[-43.97256,-19.84573],[-43.97381,-19.84632],[-43.97422,-19.84646],[-43.97452,-19.84654],[-43.97481,-19.84659],[-43.97549,-19.84655],[-43.97614,-19.84634],[-43.97644,-19.8462],[-43.97656,-19.84609],[-43.97726,-19.84587],[-43.97748,-19.84584],[-43.97796,-19.84586],[-43.97816,-19.84591],[-43.97863,-19.8461],[-43.97971,-19.8467],[-43.98148,-19.84774],[-43.9821,-19.84802],[-43.98234,-19.84816],[-43.98298,-19.84819],[-43.98314,-19.84815],[-43.98361,-19.84798],[-43.98472,-19.84715]]],[[[-43.95481,-19.85567],[-43.95434,-19.85661],[-43.95402,-19.85649],[-43.95354,-19.85621],[-43.95343,-19.85624],[-43.95337,-19.85628],[-43.95329,-19.85625],[-43.95274,-19.85577],[-43.95254,-19.85582],[-43.95252,-19.85567],[-43.95261,-19.85567],[-43.95218,-19.85527],[-43.95304,-19.85474],[-43.95337,-19.85493],[-43.95386,-19.85519],[-43.95394,-19.85521],[-43.95481,-19.85567]]],[[[-43.95434,-19.87877],[-43.95413,-19.87894],[-43.95394,-19.87884],[-43.95365,-19.87853],[-43.95391,-19.87833],[-43.95416,-19.87845],[-43.95434,-19.87877]]],[[[-43.95207,-19.87623],[-43.95175,-19.87653],[-43.9516,-19.87645],[-43.95077,-19.8765],[-43.95066,-19.8765],[-43.95025,-19.87599],[-43.94991,-19.87543],[-43.94956,-19.87574],[-43.94976,-19.87598],[-43.94933,-19.87631],[-43.94909,-19.87618],[-43.94841,-19.87576],[-43.94888,-19.87605],[-43.9491,-19.8758],[-43.94901,-19.87571],[-43.94923,-19.87513],[-43.94925,-19.87475],[-43.94918,-19.87456],[-43.94914,-19.87456],[-43.94904,-19.8745],[-43.94916,-19.87414],[-43.94891,-19.87345],[-43.94865,-19.87286],[-43.94849,-19.87255],[-43.94811,-19.87201],[-43.94791,-19.87191],[-43.94394,-19.87119],[-43.94336,-19.87134],[-43.94318,-19.87141],[-43.94271,-19.87165],[-43.94238,-19.87079],[-43.94153,-19.87069],[-43.94119,-19.87072],[-43.9411,-19.87052],[-43.94099,-19.87056],[-43.94068,-19.87054],[-43.94045,-19.8705],[-43.93949,-19.87031],[-43.93912,-19.87025],[-43.9391,-19.87025],[-43.93893,-19.86867],[-43.94351,-19.86997],[-43.94413,-19.87008],[-43.94458,-19.87013],[-43.94585,-19.87019],[-43.94618,-19.87023],[-43.94635,-19.87025],[-43.94669,-19.87035],[-43.94695,-19.87045],[-43.9471,-19.87053],[-43.94753,-19.87086],[-43.94766,-19.87099],[-43.94787,-19.87123],[-43.94806,-19.87151],[-43.94823,-19.87173],[-43.94853,-19.87221],[-43.94893,-19.87284],[-43.94926,-19.87345],[-43.94939,-19.87377],[-43.94956,-19.87431],[-43.94966,-19.87471],[-43.94982,-19.87463],[-43.95001,-19.87492],[-43.95014,-19.87508],[-43.95027,-19.87507],[-43.95035,-19.87501],[-43.95131,-19.87603],[-43.95149,-19.87589],[-43.95161,-19.87593],[-43.95175,-19.87594],[-43.95192,-19.87601],[-43.95201,-19.87611],[-43.95207,-19.87623]]],[[[-43.95198,-19.87019],[-43.95191,-19.87022],[-43.95139,-19.8706],[-43.95148,-19.8707],[-43.9513,-19.87084],[-43.95122,-19.87084],[-43.95111,-19.87078],[-43.95076,-19.87108],[-43.95145,-19.87182],[-43.95108,-19.87212],[-43.95128,-19.87233],[-43.95136,-19.87237],[-43.95159,-19.87259],[-43.95139,-19.87269],[-43.95122,-19.87254],[-43.95082,-19.87289],[-43.95078,-19.87285],[-43.95042,-19.8732],[-43.95037,-19.87334],[-43.95018,-19.87354],[-43.95044,-19.87383],[-43.95025,-19.87399],[-43.95009,-19.87406],[-43.94968,-19.87367],[-43.94978,-19.87349],[-43.94981,-19.87359],[-43.95025,-19.87325],[-43.95023,-19.87313],[-43.95018,-19.87206],[-43.94991,-19.87207],[-43.95004,-19.87162],[-43.95004,-19.87116],[-43.95011,-19.87115],[-43.95017,-19.87118],[-43.95037,-19.87135],[-43.95088,-19.87087],[-43.95107,-19.8707],[-43.95112,-19.87067],[-43.95185,-19.87008],[-43.95198,-19.87019]]],[[[-43.95052,-19.84729],[-43.95047,-19.84726],[-43.94771,-19.84789],[-43.94763,-19.84789],[-43.94747,-19.84795],[-43.94406,-19.84878],[-43.94403,-19.84874],[-43.94372,-19.84865],[-43.94387,-19.84826],[-43.9444,-19.84843],[-43.94466,-19.84789],[-43.94471,-19.84791],[-43.94487,-19.84771],[-43.94485,-19.84765],[-43.94524,-19.84731],[-43.9453,-19.84733],[-43.9454,-19.84723],[-43.94548,-19.84725],[-43.94653,-19.84672],[-43.94679,-19.84662],[-43.94721,-19.84652],[-43.94753,-19.84638],[-43.94765,-19.84638],[-43.94788,-19.84633],[-43.94794,-19.84648],[-43.94794,-19.84654],[-43.94869,-19.8465],[-43.94894,-19.84648],[-43.94915,-19.84651],[-43.9495,-19.84662],[-43.94999,-19.84691],[-43.95052,-19.84729]]],[[[-43.94818,-19.84496],[-43.94809,-19.84491],[-43.94813,-19.84492],[-43.94818,-19.84496]]],[[[-43.94323,-19.84963],[-43.94289,-19.84993],[-43.94307,-19.84976],[-43.94323,-19.84963]]]]}},{"type":"Feature","properties":{"territory_id":"mg-3106200-sao-marcos","name":"São Marcos","municipality_id":"mg-3106200","polling_places":1,"approx":false,"official":true,"method":"official-ibge-cd2022","whole_municipality":false,"approx_coords_only":false,"official_name":"São Marcos","official_code":"3106200374","match":"direct"},"geometry":{"type":"MultiPolygon","coordinates":[[[[-43.91297,-19.87189],[-43.91344,-19.87134],[-43.91347,-19.87127],[-43.91368,-19.87115],[-43.91464,-19.87047],[-43.91544,-19.86994],[-43.91599,-19.86969],[-43.91624,-19.86954],[-43.91631,-19.86891],[-43.91701,-19.86812],[-43.91702,-19.86803],[-43.91689,-19.86741],[-43.91629,-19.86725],[-43.91495,-19.86698],[-43.91443,-19.86693],[-43.9124,-19.86731],[-43.91212,-19.86741],[-43.912,-19.86739],[-43.91093,-19.86699],[-43.91031,-19.86683],[-43.90965,-19.86717],[-43.90951,-19.86717],[-43.90944,-19.86713],[-43.90932,-19.86716],[-43.90921,-19.86722],[-43.90856,-19.86776],[-43.90839,-19.86795],[-43.90829,-19.86799],[-43.90755,-19.86857],[-43.90732,-19.87001],[-43.90726,-19.87029],[-43.90715,-19.87067],[-43.90711,-19.87096],[-43.90715,-19.8713],[-43.90722,-19.87153],[-43.9079,-19.87349],[-43.90804,-19.87392],[-43.90806,-19.87433],[-43.90803,-19.87457],[-43.90787,-19.87488],[-43.9073,-19.87551],[-43.90717,-19.87571],[-43.90911,-19.87611],[-43.90923,-19.87611],[-43.90978,-19.87634],[-43.91003,-19.87603],[-43.91042,-19.87551],[-43.91048,-19.8754],[-43.91081,-19.87497],[-43.9114,-19.87411],[-43.91195,-19.87343],[-43.91236,-19.87288],[-43.91278,-19.87222],[-43.91297,-19.87189]]]]}},{"type":"Feature","properties":{"territory_id":"mg-3106200-sao-paulo","name":"São Paulo","municipality_id":"mg-3106200","polling_places":2,"approx":false,"official":true,"method":"official-ibge-cd2022","whole_municipality":false,"approx_coords_only":false,"official_name":"São Paulo","official_code":"3106200074","match":"direct"},"geometry":{"type":"MultiPolygon","coordinates":[[[[-43.92214,-19.8685],[-43.92178,-19.86849],[-43.92171,-19.86811],[-43.92104,-19.8677],[-43.92101,-19.86751],[-43.92093,-19.86745],[-43.92048,-19.86732],[-43.92057,-19.86719],[-43.92038,-19.86716],[-43.92041,-19.86714],[-43.92046,-19.86704],[-43.92047,-19.86694],[-43.92061,-19.86671],[-43.92088,-19.86595],[-43.9209,-19.8653],[-43.92112,-19.86459],[-43.92033,-19.86458],[-43.92063,-19.86529],[-43.92033,-19.86592],[-43.91937,-19.86777],[-43.91957,-19.86883],[-43.91959,-19.8692],[-43.91996,-19.86897],[-43.92029,-19.86925],[-43.92078,-19.86974],[-43.92137,-19.87002],[-43.9231,-19.87079],[-43.92202,-19.87276],[-43.92227,-19.87264],[-43.92254,-19.87256],[-43.92301,-19.87245],[-43.9236,-19.87235],[-43.92375,-19.87228],[-43.92411,-19.87191],[-43.92426,-19.87205],[-43.92452,-19.87226],[-43.92472,-19.87241],[-43.9243,-19.87287],[-43.92461,-19.87316],[-43.92527,-19.87265],[-43.9255,-19.87249],[-43.9257,-19.87267],[-43.9261,-19.87292],[-43.92618,-19.87291],[-43.92653,-19.87252],[-43.92673,-19.87242],[-43.92707,-19.8724],[-43.92756,-19.87243],[-43.92753,-19.87212],[-43.92757,-19.87157],[-43.92766,-19.87106],[-43.92778,-19.87071],[-43.92816,-19.8699],[-43.92829,-19.86938],[-43.92833,-19.86916],[-43.92835,-19.86898],[-43.92834,-19.86889],[-43.92835,-19.86856],[-43.92822,-19.86794],[-43.92804,-19.86736],[-43.9274,-19.86592],[-43.92729,-19.86483],[-43.92561,-19.86399],[-43.92557,-19.86407],[-43.9261,-19.86435],[-43.92617,-19.86453],[-43.92675,-19.86558],[-43.92723,-19.86681],[-43.92644,-19.86701],[-43.92596,-19.86547],[-43.92555,-19.86558],[-43.92537,-19.86506],[-43.92533,-19.86486],[-43.92466,-19.86503],[-43.92413,-19.86697],[-43.92346,-19.8668],[-43.92279,-19.86667],[-43.92237,-19.86817],[-43.92231,-19.8682],[-43.92214,-19.8685]]]]}},{"type":"Feature","properties":{"territory_id":"mg-3106200-sao-pedro","name":"São Pedro","municipality_id":"mg-3106200","polling_places":2,"approx":false,"official":true,"method":"official-ibge-cd2022","whole_municipality":false,"approx_coords_only":false,"official_name":"São Pedro","official_code":"3106200117","match":"direct"},"geometry":{"type":"MultiPolygon","coordinates":[[[[-43.93509,-19.94727],[-43.93522,-19.94768],[-43.93539,-19.94806],[-43.93603,-19.94905],[-43.9371,-19.95061],[-43.93757,-19.95133],[-43.93808,-19.95206],[-43.94043,-19.95552],[-43.94045,-19.95531],[-43.94047,-19.9542],[-43.94043,-19.95408],[-43.94028,-19.95382],[-43.93988,-19.95325],[-43.9398,-19.953],[-43.93979,-19.95282],[-43.93984,-19.95264],[-43.9401,-19.95216],[-43.94014,-19.95202],[-43.94013,-19.95185],[-43.94005,-19.95162],[-43.93954,-19.95081],[-43.93975,-19.95062],[-43.93972,-19.95056],[-43.94003,-19.95033],[-43.94024,-19.95012],[-43.94016,-19.94999],[-43.93994,-19.94978],[-43.93955,-19.94956],[-43.93918,-19.94931],[-43.93911,-19.94929],[-43.93903,-19.9493],[-43.93882,-19.94941],[-43.93852,-19.94923],[-43.93839,-19.94879],[-43.93835,-19.9486],[-43.93884,-19.9485],[-43.93919,-19.94888],[-43.9396,-19.94866],[-43.93981,-19.94892],[-43.9401,-19.94923],[-43.94054,-19.94865],[-43.94044,-19.94848],[-43.93992,-19.94783],[-43.9394,-19.94708],[-43.93818,-19.94269],[-43.93755,-19.94031],[-43.93308,-19.93988],[-43.93316,-19.9401],[-43.93317,-19.94022],[-43.93352,-19.94154],[-43.93448,-19.94499],[-43.93479,-19.94615],[-43.93509,-19.94727]]]]}},{"type":"Feature","properties":{"territory_id":"mg-3106200-sao-salvador","name":"São Salvador","municipality_id":"mg-3106200","polling_places":2,"approx":false,"official":true,"method":"official-ibge-cd2022","whole_municipality":false,"approx_coords_only":false,"official_name":"São Salvador","official_code":"3106200239","match":"direct"},"geometry":{"type":"MultiPolygon","coordinates":[[[[-44.01032,-19.89136],[-44.01027,-19.89138],[-44.00987,-19.89171],[-44.00968,-19.8919],[-44.00944,-19.89227],[-44.00931,-19.8925],[-44.00915,-19.89302],[-44.00895,-19.8936],[-44.0089,-19.89372],[-44.00991,-19.8946],[-44.01013,-19.89499],[-44.01129,-19.89518],[-44.01213,-19.89535],[-44.01283,-19.89557],[-44.01417,-19.89626],[-44.01609,-19.89737],[-44.01626,-19.8973],[-44.01637,-19.8972],[-44.01898,-19.89455],[-44.01905,-19.89441],[-44.01958,-19.89287],[-44.01577,-19.89169],[-44.01598,-19.89092],[-44.01586,-19.89085],[-44.01579,-19.89075],[-44.01519,-19.88914],[-44.01491,-19.88835],[-44.01476,-19.88787],[-44.01472,-19.88792],[-44.01463,-19.88798],[-44.01456,-19.88807],[-44.0145,-19.88816],[-44.01438,-19.88827],[-44.01197,-19.88992],[-44.01127,-19.89047],[-44.01039,-19.89128],[-44.01032,-19.89136]]]]}},{"type":"Feature","properties":{"territory_id":"mg-3106200-sao-tomaz","name":"São Tomaz","municipality_id":"mg-3106200","polling_places":1,"approx":false,"official":true,"method":"official-ibge-cd2022","whole_municipality":false,"approx_coords_only":false,"official_name":"São Tomáz","official_code":"3106200419","match":"direct"},"geometry":{"type":"MultiPolygon","coordinates":[[[[-43.94686,-19.84389],[-43.94667,-19.8439],[-43.94648,-19.84394],[-43.94626,-19.84409],[-43.94594,-19.84419],[-43.94605,-19.84429],[-43.9463,-19.84448],[-43.94645,-19.84456],[-43.94673,-19.84465],[-43.94797,-19.84486],[-43.94813,-19.84492],[-43.94818,-19.84496],[-43.94836,-19.84526],[-43.94864,-19.84619],[-43.94869,-19.8465],[-43.94894,-19.84648],[-43.94915,-19.84651],[-43.9495,-19.84662],[-43.94999,-19.84691],[-43.95052,-19.84729],[-43.9507,-19.84728],[-43.95116,-19.84716],[-43.95182,-19.84703],[-43.9526,-19.84683],[-43.9544,-19.84641],[-43.95539,-19.8462],[-43.95579,-19.8461],[-43.9557,-19.84598],[-43.95561,-19.84574],[-43.95566,-19.84556],[-43.95577,-19.84528],[-43.95683,-19.84441],[-43.95693,-19.84426],[-43.95615,-19.84444],[-43.95559,-19.84454],[-43.95523,-19.84453],[-43.9549,-19.84449],[-43.95445,-19.84439],[-43.95406,-19.84421],[-43.95373,-19.844],[-43.9534,-19.84373],[-43.95297,-19.84315],[-43.952,-19.84163],[-43.95129,-19.84048],[-43.9512,-19.84034],[-43.95097,-19.84012],[-43.95045,-19.84054],[-43.95013,-19.84077],[-43.94986,-19.84107],[-43.94942,-19.84151],[-43.94908,-19.8419],[-43.94815,-19.84287],[-43.94725,-19.84361],[-43.94686,-19.84389]]]]}},{"type":"Feature","properties":{"territory_id":"mg-3106200-saudade","name":"Saudade","municipality_id":"mg-3106200","polling_places":3,"approx":false,"official":true,"method":"official-ibge-cd2022","whole_municipality":false,"approx_coords_only":false,"official_name":"Saudade","official_code":"3106200029","match":"direct"},"geometry":{"type":"MultiPolygon","coordinates":[[[[-43.90007,-19.91934],[-43.90072,-19.91926],[-43.90166,-19.91839],[-43.90197,-19.91808],[-43.90193,-19.91741],[-43.90196,-19.91711],[-43.90205,-19.91695],[-43.90217,-19.91678],[-43.90252,-19.91646],[-43.9026,-19.91634],[-43.90267,-19.91619],[-43.90267,-19.91605],[-43.90266,-19.91599],[-43.90217,-19.91512],[-43.90174,-19.91464],[-43.90152,-19.91435],[-43.9011,-19.91386],[-43.90107,-19.91366],[-43.90065,-19.91356],[-43.90068,-19.91339],[-43.90062,-19.91337],[-43.90062,-19.91325],[-43.90104,-19.91332],[-43.90096,-19.91245],[-43.90094,-19.91237],[-43.9009,-19.91229],[-43.90085,-19.91224],[-43.90009,-19.91154],[-43.89983,-19.91134],[-43.89977,-19.91144],[-43.89787,-19.91103],[-43.89779,-19.91136],[-43.89734,-19.91126],[-43.89743,-19.91094],[-43.89696,-19.91085],[-43.89668,-19.91188],[-43.89692,-19.91221],[-43.89656,-19.91244],[-43.89568,-19.91613],[-43.89475,-19.91592],[-43.89381,-19.91574],[-43.89324,-19.91818],[-43.89415,-19.91826],[-43.89575,-19.91897],[-43.89591,-19.91906],[-43.89594,-19.91913],[-43.89696,-19.91956],[-43.8972,-19.91964],[-43.89733,-19.91965],[-43.89757,-19.91965],[-43.9,-19.91936],[-43.90007,-19.91934]]]]}},{"type":"Feature","properties":{"territory_id":"mg-3106200-savassi","name":"Savassi","municipality_id":"mg-3106200","polling_places":2,"approx":false,"official":true,"method":"official-ibge-cd2022","whole_municipality":false,"approx_coords_only":false,"official_name":"Savassi","official_code":"3106200087","match":"direct"},"geometry":{"type":"MultiPolygon","coordinates":[[[[-43.92652,-19.93907],[-43.92672,-19.93916],[-43.92689,-19.93922],[-43.9271,-19.93926],[-43.92901,-19.93945],[-43.93002,-19.93957],[-43.93087,-19.93964],[-43.93308,-19.93988],[-43.93755,-19.94031],[-43.93775,-19.94027],[-43.93881,-19.93999],[-43.94143,-19.93939],[-43.94073,-19.93691],[-43.93986,-19.93366],[-43.93907,-19.93078],[-43.93826,-19.93099],[-43.93775,-19.93111],[-43.93552,-19.93166],[-43.93389,-19.93204],[-43.93355,-19.9308],[-43.93192,-19.92991],[-43.93097,-19.93146],[-43.92987,-19.93321],[-43.92631,-19.93897],[-43.92642,-19.93902],[-43.92652,-19.93907]]]]}},{"type":"Feature","properties":{"territory_id":"mg-3106200-serra","name":"Serra","municipality_id":"mg-3106200","polling_places":8,"approx":false,"official":true,"method":"official-ibge-cd2022","whole_municipality":false,"approx_coords_only":false,"official_name":"Serra","official_code":"3106200098","match":"direct"},"geometry":{"type":"MultiPolygon","coordinates":[[[[-43.92095,-19.94754],[-43.92164,-19.94642],[-43.92255,-19.945],[-43.92373,-19.94309],[-43.92341,-19.94304],[-43.92326,-19.94297],[-43.9234,-19.94274],[-43.92335,-19.94267],[-43.92345,-19.94258],[-43.92355,-19.94264],[-43.92396,-19.94204],[-43.92427,-19.94222],[-43.92559,-19.94009],[-43.92582,-19.93978],[-43.92631,-19.93897],[-43.92611,-19.93885],[-43.92604,-19.93876],[-43.92597,-19.9386],[-43.92582,-19.93795],[-43.92421,-19.93201],[-43.92414,-19.9318],[-43.92407,-19.93176],[-43.924,-19.9318],[-43.92357,-19.93182],[-43.92032,-19.93368],[-43.91959,-19.93408],[-43.91797,-19.93504],[-43.91764,-19.93518],[-43.91783,-19.93588],[-43.91772,-19.93579],[-43.91769,-19.93589],[-43.91775,-19.93621],[-43.91763,-19.93629],[-43.91754,-19.93638],[-43.91761,-19.93659],[-43.9176,-19.93666],[-43.91765,-19.93692],[-43.91752,-19.93697],[-43.91737,-19.93716],[-43.91734,-19.93716],[-43.91701,-19.9374],[-43.91707,-19.93765],[-43.91612,-19.93795],[-43.91588,-19.93789],[-43.91538,-19.93797],[-43.91524,-19.93797],[-43.91468,-19.93828],[-43.91141,-19.93795],[-43.91125,-19.93923],[-43.91132,-19.93926],[-43.91125,-19.93975],[-43.9112,-19.93985],[-43.91132,-19.93998],[-43.91153,-19.94034],[-43.91157,-19.94033],[-43.91164,-19.94046],[-43.91193,-19.94067],[-43.91196,-19.94084],[-43.91196,-19.94105],[-43.91186,-19.94099],[-43.91173,-19.94079],[-43.91139,-19.94083],[-43.91116,-19.94094],[-43.91127,-19.94121],[-43.91115,-19.94126],[-43.91105,-19.94134],[-43.91116,-19.94156],[-43.91124,-19.94175],[-43.9114,-19.94173],[-43.9114,-19.94168],[-43.91166,-19.94177],[-43.91184,-19.94187],[-43.91184,-19.9419],[-43.91208,-19.94199],[-43.91212,-19.94198],[-43.91238,-19.94204],[-43.91243,-19.94207],[-43.91247,-19.94214],[-43.91405,-19.94305],[-43.91437,-19.94321],[-43.91424,-19.9434],[-43.91414,-19.94347],[-43.91406,-19.94349],[-43.91443,-19.94356],[-43.91456,-19.94361],[-43.91448,-19.94429],[-43.91504,-19.94437],[-43.91508,-19.94381],[-43.91518,-19.94384],[-43.91519,-19.94372],[-43.91617,-19.94434],[-43.91674,-19.94464],[-43.91656,-19.94478],[-43.91643,-19.94496],[-43.91641,-19.94518],[-43.91645,-19.94523],[-43.91672,-19.94539],[-43.91724,-19.94582],[-43.91745,-19.94603],[-43.91762,-19.94628],[-43.91774,-19.94651],[-43.9179,-19.947],[-43.91801,-19.94773],[-43.91817,-19.94822],[-43.91837,-19.94851],[-43.91856,-19.94871],[-43.91963,-19.94898],[-43.91964,-19.94909],[-43.91973,-19.94928],[-43.91979,-19.94936],[-43.91985,-19.94939],[-43.92008,-19.94941],[-43.92023,-19.94935],[-43.92032,-19.94928],[-43.92035,-19.94923],[-43.92037,-19.94905],[-43.92037,-19.94899],[-43.9203,-19.94881],[-43.92022,-19.94874],[-43.92059,-19.94813],[-43.92095,-19.94754]]]]}},{"type":"Feature","properties":{"territory_id":"mg-3106200-serra-verde-venda-nova","name":"Serra Verde (venda Nova)","municipality_id":"mg-3106200","polling_places":2,"approx":true,"official":false,"method":"voronoi-polling-places","whole_municipality":false,"approx_coords_only":false},"geometry":{"type":"MultiPolygon","coordinates":[[[[-43.96252,-19.79153],[-43.96251,-19.79185],[-43.9595,-19.79737],[-43.95833,-19.80118],[-43.95766,-19.80158],[-43.95064,-19.80427],[-43.94553,-19.79597],[-43.94301,-19.7928],[-43.93912,-19.7814],[-43.9461,-19.7772],[-43.95779,-19.77923],[-43.96252,-19.79153]]]]}},{"type":"Feature","properties":{"territory_id":"mg-3106200-serrano","name":"Serrano","municipality_id":"mg-3106200","polling_places":2,"approx":false,"official":true,"method":"official-ibge-cd2022","whole_municipality":false,"approx_coords_only":false,"official_name":"Serrano","official_code":"3106200241","match":"direct"},"geometry":{"type":"MultiPolygon","coordinates":[[[[-44.01088,-19.88907],[-44.01075,-19.88879],[-44.0106,-19.88882],[-44.01037,-19.8884],[-44.01082,-19.88808],[-44.01216,-19.88918],[-44.01225,-19.88932],[-44.01183,-19.88962],[-44.01197,-19.88992],[-44.01438,-19.88827],[-44.0145,-19.88816],[-44.01456,-19.88807],[-44.01463,-19.88798],[-44.01472,-19.88792],[-44.01476,-19.88787],[-44.01462,-19.88753],[-44.01458,-19.88755],[-44.01454,-19.88739],[-44.01445,-19.88728],[-44.01441,-19.8871],[-44.01432,-19.88699],[-44.01435,-19.88698],[-44.01441,-19.88675],[-44.01407,-19.88633],[-44.01431,-19.88617],[-44.01436,-19.88598],[-44.01426,-19.88512],[-44.01424,-19.8844],[-44.0142,-19.88401],[-44.01415,-19.88377],[-44.014,-19.88345],[-44.0138,-19.88313],[-44.01319,-19.88231],[-44.01311,-19.88215],[-44.01327,-19.8816],[-44.01391,-19.87986],[-44.01404,-19.87919],[-44.01499,-19.87942],[-44.01522,-19.87907],[-44.01562,-19.87803],[-44.01564,-19.87795],[-44.01553,-19.87776],[-44.01564,-19.87769],[-44.01568,-19.87763],[-44.01531,-19.87723],[-44.01531,-19.87718],[-44.01538,-19.87707],[-44.01554,-19.87683],[-44.01556,-19.87677],[-44.01601,-19.87623],[-44.01677,-19.8769],[-44.0173,-19.87662],[-44.01624,-19.87549],[-44.01548,-19.87482],[-44.0155,-19.87442],[-44.01629,-19.87462],[-44.01657,-19.87481],[-44.01692,-19.87517],[-44.01812,-19.8738],[-44.01818,-19.87362],[-44.01573,-19.87386],[-44.01527,-19.87386],[-44.01484,-19.87368],[-44.01454,-19.87354],[-44.01418,-19.8733],[-44.01362,-19.87286],[-44.01324,-19.87328],[-44.01264,-19.87407],[-44.01248,-19.87436],[-44.01238,-19.87462],[-44.01234,-19.87509],[-44.01233,-19.87675],[-44.01231,-19.87762],[-44.01223,-19.87758],[-44.01076,-19.87717],[-44.00991,-19.87699],[-44.00934,-19.87681],[-44.00876,-19.8766],[-44.0086,-19.87651],[-44.00845,-19.87638],[-44.00837,-19.87628],[-44.00679,-19.87738],[-44.00533,-19.87833],[-44.00545,-19.8785],[-44.00559,-19.87875],[-44.0058,-19.87923],[-44.00587,-19.87956],[-44.00592,-19.88292],[-44.006,-19.88334],[-44.00715,-19.88313],[-44.01025,-19.8825],[-44.01047,-19.88247],[-44.01076,-19.88256],[-44.01089,-19.88261],[-44.011,-19.88268],[-44.01123,-19.88288],[-44.01149,-19.88393],[-44.01184,-19.88551],[-44.01147,-19.88551],[-44.01072,-19.88545],[-44.01022,-19.88692],[-44.01015,-19.88715],[-44.01009,-19.88745],[-44.01008,-19.8881],[-44.0101,-19.8886],[-44.01019,-19.88937],[-44.00832,-19.88978],[-44.00844,-19.89031],[-44.00755,-19.89052],[-44.0077,-19.8913],[-44.00783,-19.89244],[-44.00803,-19.89286],[-44.00838,-19.89329],[-44.0089,-19.89372],[-44.00895,-19.8936],[-44.00915,-19.89302],[-44.00931,-19.8925],[-44.00944,-19.89227],[-44.00968,-19.8919],[-44.00987,-19.89171],[-44.01027,-19.89138],[-44.01032,-19.89136],[-44.01039,-19.89128],[-44.01036,-19.89117],[-44.01037,-19.8902],[-44.01154,-19.88933],[-44.01144,-19.88921],[-44.01134,-19.88911],[-44.01125,-19.88917],[-44.01109,-19.88897],[-44.0109,-19.88911],[-44.01088,-19.88907]]]]}},{"type":"Feature","properties":{"territory_id":"mg-3106200-sinimbu-venda-nova","name":"Sinimbu (venda Nova)","municipality_id":"mg-3106200","polling_places":1,"approx":true,"official":false,"method":"voronoi-polling-places","whole_municipality":false,"approx_coords_only":false},"geometry":{"type":"MultiPolygon","coordinates":[[[[-44.00438,-19.83183],[-43.99499,-19.83733],[-43.99531,-19.83616],[-43.99556,-19.83528],[-43.99572,-19.83451],[-43.99576,-19.8341],[-43.99624,-19.83079],[-43.99691,-19.83086],[-43.99706,-19.83085],[-43.99693,-19.8318],[-43.99694,-19.83192],[-43.99708,-19.83193],[-43.99907,-19.83151],[-43.99925,-19.83149],[-43.99919,-19.83139],[-43.99863,-19.83091],[-43.99948,-19.83087],[-44.00043,-19.8308],[-44.00042,-19.83177],[-44.00047,-19.83187],[-44.00058,-19.83198],[-44.00126,-19.83195],[-44.00156,-19.83196],[-44.00356,-19.83185],[-44.00438,-19.83183]]],[[[-43.99581,-19.81924],[-43.9958,-19.81941],[-43.99555,-19.82095],[-43.99462,-19.82183],[-43.99452,-19.82172],[-43.99431,-19.8216],[-43.99407,-19.82154],[-43.9942,-19.82082],[-43.99424,-19.82069],[-43.99452,-19.82026],[-43.99451,-19.82017],[-43.99441,-19.82005],[-43.99461,-19.81984],[-43.9945,-19.81979],[-43.99457,-19.81967],[-43.99484,-19.81943],[-43.99495,-19.81949],[-43.99506,-19.8195],[-43.99529,-19.81941],[-43.99571,-19.81917],[-43.99581,-19.81924]]],[[[-43.99441,-19.82455],[-43.99439,-19.82471],[-43.99374,-19.83049],[-43.99441,-19.82455]]],[[[-43.99437,-19.81819],[-43.99431,-19.81824],[-43.99424,-19.81836],[-43.99431,-19.81843],[-43.99395,-19.81872],[-43.99345,-19.81903],[-43.9933,-19.8192],[-43.99315,-19.81942],[-43.99305,-19.81962],[-43.99301,-19.81973],[-43.99258,-19.81967],[-43.99203,-19.81962],[-43.99182,-19.81959],[-43.9918,-19.81961],[-43.99183,-19.81967],[-43.9919,-19.81995],[-43.99202,-19.82006],[-43.99178,-19.82003],[-43.99157,-19.82003],[-43.9916,-19.81967],[-43.99155,-19.81956],[-43.99151,-19.8194],[-43.99149,-19.81919],[-43.99151,-19.81889],[-43.99134,-19.81887],[-43.99129,-19.81887],[-43.99131,-19.81866],[-43.9916,-19.81865],[-43.99168,-19.81854],[-43.99175,-19.81856],[-43.99204,-19.81817],[-43.99215,-19.81821],[-43.99233,-19.81824],[-43.99262,-19.81825],[-43.99273,-19.81823],[-43.99298,-19.81856],[-43.99348,-19.81829],[-43.99363,-19.81819],[-43.99373,-19.81811],[-43.99378,-19.81804],[-43.99387,-19.81782],[-43.99437,-19.81819]]],[[[-43.99364,-19.82849],[-43.9936,-19.8288],[-43.99327,-19.82872],[-43.99325,-19.82887],[-43.99292,-19.82883],[-43.99292,-19.82895],[-43.99256,-19.82891],[-43.99256,-19.829],[-43.99223,-19.82896],[-43.99213,-19.82987],[-43.99186,-19.82985],[-43.99183,-19.83],[-43.99177,-19.83],[-43.99173,-19.82995],[-43.9914,-19.82993],[-43.9913,-19.82998],[-43.99107,-19.83],[-43.99074,-19.82997],[-43.99074,-19.82986],[-43.98935,-19.82971],[-43.98939,-19.82942],[-43.98953,-19.82936],[-43.98957,-19.82905],[-43.98962,-19.82842],[-43.98951,-19.82842],[-43.98954,-19.82813],[-43.98804,-19.82795],[-43.98756,-19.82793],[-43.98761,-19.82757],[-43.98848,-19.82768],[-43.98852,-19.82737],[-43.98794,-19.82731],[-43.98797,-19.82698],[-43.98856,-19.82703],[-43.98864,-19.82638],[-43.98869,-19.82577],[-43.98861,-19.82575],[-43.9881,-19.82518],[-43.98767,-19.82476],[-43.98748,-19.82469],[-43.98751,-19.82435],[-43.98797,-19.82439],[-43.98795,-19.82464],[-43.98798,-19.8249],[-43.98807,-19.82499],[-43.98812,-19.82501],[-43.98852,-19.82507],[-43.98859,-19.82446],[-43.98895,-19.8245],[-43.98899,-19.82387],[-43.98906,-19.82388],[-43.98897,-19.82482],[-43.98921,-19.82483],[-43.98917,-19.82516],[-43.9903,-19.82527],[-43.99034,-19.82498],[-43.99064,-19.82503],[-43.99067,-19.82466],[-43.99093,-19.82469],[-43.9909,-19.82501],[-43.99133,-19.8251],[-43.9918,-19.82517],[-43.99231,-19.8252],[-43.99225,-19.826],[-43.99214,-19.82669],[-43.99248,-19.8267],[-43.99246,-19.8269],[-43.99286,-19.82691],[-43.99284,-19.82714],[-43.99343,-19.8272],[-43.99334,-19.82802],[-43.993,-19.82801],[-43.99297,-19.82829],[-43.9933,-19.8283],[-43.99328,-19.82844],[-43.99364,-19.82849]]],[[[-43.99339,-19.83827],[-43.98941,-19.8406],[-43.98943,-19.84054],[-43.98956,-19.84008],[-43.98988,-19.83921],[-43.99006,-19.83864],[-43.99074,-19.83667],[-43.99165,-19.83738],[-43.99339,-19.83827]]],[[[-43.9917,-19.83059],[-43.99002,-19.83038],[-43.9882,-19.83018],[-43.99059,-19.83044],[-43.9917,-19.83059]]],[[[-43.99094,-19.82209],[-43.99093,-19.82232],[-43.99065,-19.82228],[-43.99063,-19.82245],[-43.98937,-19.82232],[-43.9894,-19.82203],[-43.98919,-19.82201],[-43.98918,-19.82191],[-43.98895,-19.82191],[-43.98921,-19.82191],[-43.98979,-19.82201],[-43.99029,-19.82205],[-43.99032,-19.82174],[-43.99066,-19.82177],[-43.99063,-19.82189],[-43.99077,-19.82191],[-43.99075,-19.82207],[-43.99094,-19.82209]]],[[[-43.98992,-19.82363],[-43.98988,-19.82396],[-43.9898,-19.82395],[-43.98906,-19.82388],[-43.98906,-19.82385],[-43.98935,-19.82357],[-43.98992,-19.82363]]],[[[-43.98845,-19.82186],[-43.98845,-19.82192],[-43.98815,-19.82199],[-43.98817,-19.8221],[-43.98816,-19.82228],[-43.98716,-19.82221],[-43.98715,-19.82239],[-43.98686,-19.82237],[-43.98712,-19.82191],[-43.9864,-19.82201],[-43.98721,-19.82189],[-43.98813,-19.82186],[-43.98837,-19.82183],[-43.98845,-19.82186]]],[[[-43.98654,-19.83857],[-43.98646,-19.83926],[-43.98592,-19.83875],[-43.98585,-19.8387],[-43.98583,-19.8389],[-43.98551,-19.83885],[-43.98551,-19.83875],[-43.98545,-19.83872],[-43.98539,-19.83855],[-43.98515,-19.83851],[-43.98522,-19.83803],[-43.98525,-19.838],[-43.98529,-19.83744],[-43.98533,-19.83746],[-43.98632,-19.83755],[-43.98621,-19.83853],[-43.98654,-19.83857]]],[[[-43.98641,-19.82444],[-43.98637,-19.82497],[-43.98633,-19.82505],[-43.98626,-19.82505],[-43.98619,-19.82497],[-43.98613,-19.82488],[-43.98608,-19.82487],[-43.98591,-19.82486],[-43.98565,-19.82482],[-43.98549,-19.82478],[-43.98553,-19.82455],[-43.98568,-19.82457],[-43.98578,-19.8242],[-43.98575,-19.82416],[-43.98581,-19.82425],[-43.9861,-19.82436],[-43.98641,-19.82444]]],[[[-43.98553,-19.83506],[-43.98548,-19.83545],[-43.98546,-19.83583],[-43.98552,-19.83588],[-43.98542,-19.83678],[-43.98472,-19.83672],[-43.98473,-19.8366],[-43.98517,-19.83652],[-43.98517,-19.8355],[-43.98502,-19.83522],[-43.9849,-19.83521],[-43.98491,-19.83498],[-43.98531,-19.83505],[-43.98553,-19.83506]]],[[[-43.98511,-19.82774],[-43.9851,-19.82798],[-43.98489,-19.82794],[-43.98474,-19.82793],[-43.98478,-19.82762],[-43.98417,-19.82754],[-43.98399,-19.82755],[-43.98392,-19.8276],[-43.98376,-19.82794],[-43.98365,-19.82804],[-43.98364,-19.82821],[-43.98367,-19.82838],[-43.98357,-19.82869],[-43.9835,-19.82907],[-43.98342,-19.82915],[-43.98335,-19.8293],[-43.9836,-19.82933],[-43.98371,-19.82949],[-43.98367,-19.82968],[-43.98405,-19.82976],[-43.98359,-19.82967],[-43.98353,-19.82991],[-43.98338,-19.82989],[-43.98333,-19.83001],[-43.98331,-19.83012],[-43.98325,-19.83011],[-43.98301,-19.8301],[-43.98227,-19.83086],[-43.98239,-19.83096],[-43.98238,-19.83118],[-43.982,-19.83116],[-43.98173,-19.8315],[-43.98171,-19.8318],[-43.98166,-19.83206],[-43.98178,-19.83208],[-43.98173,-19.8324],[-43.98161,-19.83238],[-43.98161,-19.83272],[-43.98136,-19.83263],[-43.98121,-19.83248],[-43.98108,-19.83209],[-43.98086,-19.83205],[-43.98124,-19.83163],[-43.9812,-19.83157],[-43.98132,-19.83144],[-43.98112,-19.83127],[-43.98138,-19.83104],[-43.98181,-19.83056],[-43.98192,-19.83047],[-43.98196,-19.8304],[-43.98194,-19.83038],[-43.98248,-19.82978],[-43.98279,-19.82947],[-43.98291,-19.82928],[-43.98297,-19.82915],[-43.98304,-19.82883],[-43.98272,-19.82873],[-43.98289,-19.82816],[-43.9832,-19.82827],[-43.98359,-19.82718],[-43.98368,-19.82721],[-43.98375,-19.827],[-43.98405,-19.8271],[-43.98422,-19.8266],[-43.98439,-19.8266],[-43.98439,-19.82675],[-43.98433,-19.82686],[-43.9845,-19.82699],[-43.98458,-19.82711],[-43.98457,-19.82722],[-43.98505,-19.82728],[-43.985,-19.82773],[-43.98511,-19.82774]]],[[[-43.97991,-19.83328],[-43.9797,-19.83271],[-43.97973,-19.83278],[-43.97991,-19.83328]]],[[[-43.97882,-19.83267],[-43.97812,-19.83259],[-43.97709,-19.83246],[-43.97882,-19.83267]]],[[[-43.97538,-19.83159],[-43.97513,-19.83147],[-43.97534,-19.83156],[-43.97535,-19.83157],[-43.97538,-19.83159]]],[[[-43.97264,-19.8189],[-43.97263,-19.81913],[-43.97259,-19.81929],[-43.97124,-19.82134],[-43.97179,-19.81597],[-43.97204,-19.81571],[-43.97209,-19.81577],[-43.97239,-19.81605],[-43.97251,-19.81619],[-43.97254,-19.81629],[-43.97255,-19.81683],[-43.9726,-19.81754],[-43.97264,-19.8189]]],[[[-43.97151,-19.83091],[-43.97147,-19.83119],[-43.9714,-19.83157],[-43.97151,-19.83091]]],[[[-43.97104,-19.83276],[-43.971,-19.8331],[-43.97102,-19.83291],[-43.97104,-19.83276]]]]}},{"type":"Feature","properties":{"territory_id":"mg-3106200-sion","name":"Sion","municipality_id":"mg-3106200","polling_places":2,"approx":false,"official":true,"method":"official-ibge-cd2022","whole_municipality":false,"approx_coords_only":false,"official_name":"Sion","official_code":"3106200121","match":"direct"},"geometry":{"type":"MultiPolygon","coordinates":[[[[-43.93382,-19.9575],[-43.93431,-19.95853],[-43.93449,-19.95883],[-43.93458,-19.95893],[-43.93511,-19.95926],[-43.93565,-19.95971],[-43.93585,-19.95985],[-43.93596,-19.95988],[-43.93607,-19.95989],[-43.93623,-19.95986],[-43.93663,-19.95974],[-43.93702,-19.95946],[-43.93715,-19.95941],[-43.93737,-19.95934],[-43.93757,-19.9596],[-43.93922,-19.95855],[-43.93928,-19.95849],[-43.93954,-19.95852],[-43.93971,-19.95849],[-43.93988,-19.95844],[-43.94012,-19.95833],[-43.94077,-19.95796],[-43.94094,-19.95783],[-43.94104,-19.95766],[-43.94113,-19.95757],[-43.94124,-19.95762],[-43.9423,-19.95836],[-43.94237,-19.95836],[-43.94243,-19.95833],[-43.94256,-19.9582],[-43.94164,-19.95714],[-43.94043,-19.95552],[-43.93808,-19.95206],[-43.93757,-19.95133],[-43.9371,-19.95061],[-43.93603,-19.94905],[-43.93539,-19.94806],[-43.93526,-19.94779],[-43.93517,-19.94755],[-43.93479,-19.94615],[-43.93375,-19.94641],[-43.93357,-19.94641],[-43.93112,-19.94699],[-43.93145,-19.94817],[-43.92953,-19.95296],[-43.92914,-19.9539],[-43.92936,-19.95404],[-43.92957,-19.95429],[-43.92962,-19.95445],[-43.92969,-19.95484],[-43.92975,-19.95544],[-43.92979,-19.95637],[-43.92995,-19.95677],[-43.92984,-19.95692],[-43.9298,-19.9571],[-43.92984,-19.95771],[-43.92983,-19.95792],[-43.9298,-19.95807],[-43.92951,-19.95867],[-43.92941,-19.95884],[-43.92926,-19.959],[-43.92867,-19.95982],[-43.9287,-19.96002],[-43.92913,-19.9601],[-43.92905,-19.96047],[-43.92922,-19.96063],[-43.92908,-19.96078],[-43.92925,-19.96104],[-43.92948,-19.96158],[-43.92965,-19.96138],[-43.92975,-19.96131],[-43.92996,-19.96122],[-43.92987,-19.96086],[-43.92993,-19.96058],[-43.93007,-19.96031],[-43.93036,-19.96004],[-43.93058,-19.95987],[-43.93085,-19.95954],[-43.93112,-19.95894],[-43.93125,-19.95852],[-43.93141,-19.95825],[-43.93155,-19.95808],[-43.93171,-19.95795],[-43.93188,-19.95789],[-43.93194,-19.95819],[-43.93211,-19.95835],[-43.93244,-19.95807],[-43.93238,-19.95779],[-43.93267,-19.95775],[-43.9334,-19.9576],[-43.93352,-19.95755],[-43.93371,-19.95754],[-43.93382,-19.9575]],[[-43.93489,-19.94829],[-43.93483,-19.94811],[-43.93485,-19.94808],[-43.93492,-19.9483],[-43.93491,-19.94837],[-43.93506,-19.94839],[-43.93509,-19.94844],[-43.93529,-19.9492],[-43.93521,-19.94922],[-43.93517,-19.94907],[-43.9351,-19.94909],[-43.93502,-19.94881],[-43.93477,-19.94888],[-43.9348,-19.94866],[-43.93485,-19.9485],[-43.93482,-19.94845],[-43.93489,-19.94829]]]]}},{"type":"Feature","properties":{"territory_id":"mg-3106200-solimoes","name":"Solimões","municipality_id":"mg-3106200","polling_places":1,"approx":false,"official":true,"method":"official-ibge-cd2022","whole_municipality":false,"approx_coords_only":false,"official_name":"Solimões","official_code":"3106200459","match":"direct"},"geometry":{"type":"MultiPolygon","coordinates":[[[[-43.92453,-19.82549],[-43.92482,-19.82527],[-43.92491,-19.82516],[-43.92504,-19.82507],[-43.92521,-19.82501],[-43.9254,-19.82496],[-43.92583,-19.82487],[-43.92617,-19.82484],[-43.92665,-19.82483],[-43.92694,-19.82478],[-43.92728,-19.82469],[-43.9275,-19.82453],[-43.92769,-19.82437],[-43.92785,-19.8242],[-43.92794,-19.82404],[-43.92815,-19.82374],[-43.92829,-19.82341],[-43.92846,-19.82326],[-43.9287,-19.82294],[-43.92905,-19.82222],[-43.92916,-19.82189],[-43.92929,-19.82172],[-43.92905,-19.8215],[-43.9289,-19.82132],[-43.9288,-19.82116],[-43.92808,-19.82051],[-43.92789,-19.82026],[-43.92759,-19.81993],[-43.92753,-19.81983],[-43.92734,-19.81939],[-43.92712,-19.81908],[-43.92708,-19.81889],[-43.92697,-19.81874],[-43.92687,-19.81857],[-43.92659,-19.81837],[-43.92623,-19.81808],[-43.92608,-19.81806],[-43.9259,-19.81811],[-43.92583,-19.81816],[-43.92568,-19.81833],[-43.92569,-19.81854],[-43.92565,-19.8187],[-43.9255,-19.81897],[-43.92553,-19.81911],[-43.92545,-19.81941],[-43.92536,-19.81954],[-43.92534,-19.81974],[-43.92524,-19.82002],[-43.92507,-19.8206],[-43.92504,-19.82111],[-43.92383,-19.8211],[-43.92383,-19.82154],[-43.92409,-19.82156],[-43.92427,-19.82193],[-43.92351,-19.82247],[-43.92362,-19.82267],[-43.92352,-19.8233],[-43.92357,-19.8236],[-43.92365,-19.82379],[-43.92363,-19.82402],[-43.92348,-19.82427],[-43.92336,-19.82451],[-43.9234,-19.8247],[-43.92354,-19.82489],[-43.92412,-19.82524],[-43.92422,-19.82537],[-43.92429,-19.82552],[-43.92432,-19.8256],[-43.92449,-19.82552],[-43.92453,-19.82549]]]]}},{"type":"Feature","properties":{"territory_id":"mg-3106200-suzana","name":"Suzana","municipality_id":"mg-3106200","polling_places":1,"approx":false,"official":true,"method":"official-ibge-cd2022","whole_municipality":false,"approx_coords_only":false,"official_name":"Suzana","official_code":"3106200284","match":"direct"},"geometry":{"type":"MultiPolygon","coordinates":[[[[-43.93502,-19.86186],[-43.93476,-19.86244],[-43.93428,-19.86314],[-43.93415,-19.86308],[-43.93228,-19.86408],[-43.93214,-19.86422],[-43.93197,-19.86427],[-43.9316,-19.86368],[-43.93117,-19.8639],[-43.93069,-19.86403],[-43.93025,-19.86404],[-43.92956,-19.864],[-43.92954,-19.86432],[-43.92947,-19.86448],[-43.92935,-19.86463],[-43.92924,-19.86469],[-43.92882,-19.86458],[-43.9287,-19.8646],[-43.92858,-19.86468],[-43.92832,-19.86475],[-43.92806,-19.86474],[-43.92787,-19.86469],[-43.92757,-19.86477],[-43.92743,-19.86489],[-43.92921,-19.86577],[-43.93,-19.86613],[-43.93062,-19.86641],[-43.93123,-19.86665],[-43.93223,-19.86692],[-43.93421,-19.86735],[-43.93461,-19.86745],[-43.93631,-19.86791],[-43.93858,-19.86857],[-43.93868,-19.86263],[-43.93787,-19.86259],[-43.93665,-19.86299],[-43.93653,-19.86306],[-43.93642,-19.8631],[-43.93537,-19.86217],[-43.93502,-19.86186]],[[-43.93361,-19.86589],[-43.93341,-19.86602],[-43.93356,-19.86623],[-43.93348,-19.86631],[-43.9336,-19.86649],[-43.9336,-19.86652],[-43.93351,-19.86658],[-43.93337,-19.86635],[-43.93324,-19.86638],[-43.9329,-19.86587],[-43.93319,-19.86569],[-43.93335,-19.86591],[-43.93354,-19.86579],[-43.93357,-19.86583],[-43.93361,-19.86589]]]]}},{"type":"Feature","properties":{"territory_id":"mg-3106200-taquaril","name":"Taquaril","municipality_id":"mg-3106200","polling_places":1,"approx":false,"official":true,"method":"official-ibge-cd2022","whole_municipality":false,"approx_coords_only":false,"official_name":"Taquaril","official_code":"3106200035","match":"direct"},"geometry":{"type":"MultiPolygon","coordinates":[[[[-43.8834,-19.92145],[-43.88429,-19.92128],[-43.88444,-19.92127],[-43.88457,-19.92121],[-43.88476,-19.92107],[-43.88488,-19.92094],[-43.88634,-19.91952],[-43.88642,-19.91941],[-43.88683,-19.91901],[-43.88689,-19.91904],[-43.88802,-19.91946],[-43.88852,-19.9175],[-43.88858,-19.91737],[-43.8886,-19.91716],[-43.88816,-19.91687],[-43.88789,-19.91672],[-43.88779,-19.91671],[-43.88771,-19.91674],[-43.88762,-19.91682],[-43.88767,-19.9164],[-43.88771,-19.91628],[-43.88751,-19.91573],[-43.88678,-19.91458],[-43.88656,-19.91443],[-43.88586,-19.91409],[-43.8841,-19.91329],[-43.88422,-19.91419],[-43.88341,-19.91383],[-43.88333,-19.91416],[-43.88318,-19.91445],[-43.88302,-19.91464],[-43.88281,-19.91523],[-43.88292,-19.91586],[-43.88303,-19.91681],[-43.88339,-19.91697],[-43.88354,-19.91701],[-43.88349,-19.91725],[-43.88335,-19.91774],[-43.88297,-19.91772],[-43.88271,-19.91774],[-43.88217,-19.91787],[-43.88201,-19.91792],[-43.88174,-19.91817],[-43.88172,-19.91822],[-43.88151,-19.91934],[-43.88127,-19.92024],[-43.88097,-19.92162],[-43.88172,-19.92166],[-43.88219,-19.92166],[-43.88257,-19.92158],[-43.8834,-19.92145]]]]}},{"type":"Feature","properties":{"territory_id":"mg-3106200-teixeira-dias","name":"Teixeira Dias","municipality_id":"mg-3106200","polling_places":1,"approx":false,"official":true,"method":"official-ibge-cd2022","whole_municipality":false,"approx_coords_only":false,"official_name":"Teixeira Dias","official_code":"3106200355","match":"direct"},"geometry":{"type":"MultiPolygon","coordinates":[[[[-44.01807,-19.9898],[-44.01829,-19.98922],[-44.01843,-19.98859],[-44.01834,-19.98831],[-44.01867,-19.98844],[-44.01939,-19.9886],[-44.01944,-19.98861],[-44.01947,-19.98853],[-44.01953,-19.98851],[-44.01985,-19.98853],[-44.01989,-19.9884],[-44.01996,-19.98836],[-44.02037,-19.98696],[-44.02058,-19.98701],[-44.02131,-19.98702],[-44.02134,-19.98688],[-44.0215,-19.98642],[-44.02173,-19.98589],[-44.02204,-19.98464],[-44.02216,-19.98436],[-44.02222,-19.98413],[-44.02224,-19.9839],[-44.02221,-19.98376],[-44.02201,-19.98337],[-44.02195,-19.98327],[-44.02214,-19.98317],[-44.02227,-19.98305],[-44.02246,-19.98265],[-44.02258,-19.98222],[-44.02129,-19.98186],[-44.01953,-19.98142],[-44.01951,-19.98151],[-44.01934,-19.98162],[-44.01872,-19.98194],[-44.01747,-19.98268],[-44.01737,-19.98271],[-44.01586,-19.98242],[-44.0156,-19.98345],[-44.01449,-19.98653],[-44.01391,-19.98818],[-44.01458,-19.98842],[-44.01296,-19.99224],[-44.01584,-19.99412],[-44.01639,-19.99443],[-44.0167,-19.99457],[-44.01793,-19.99017],[-44.01807,-19.9898]]]]}},{"type":"Feature","properties":{"territory_id":"mg-3106200-tirol","name":"Tirol","municipality_id":"mg-3106200","polling_places":3,"approx":false,"official":true,"method":"official-ibge-cd2022","whole_municipality":false,"approx_coords_only":false,"official_name":"Tirol","official_code":"3106200363","match":"direct"},"geometry":{"type":"MultiPolygon","coordinates":[[[[-44.03399,-19.9872],[-44.03372,-19.98742],[-44.03368,-19.9875],[-44.03363,-19.98779],[-44.03344,-19.98832],[-44.03334,-19.98872],[-44.03312,-19.98946],[-44.03315,-19.98975],[-44.03326,-19.98997],[-44.03359,-19.99041],[-44.03355,-19.99047],[-44.03383,-19.99038],[-44.03414,-19.9904],[-44.0342,-19.99045],[-44.03441,-19.99056],[-44.03449,-19.99118],[-44.03498,-19.99113],[-44.03497,-19.99118],[-44.03585,-19.99144],[-44.03616,-19.99156],[-44.03539,-19.99242],[-44.03532,-19.99256],[-44.03518,-19.99262],[-44.0351,-19.9926],[-44.03481,-19.99259],[-44.03469,-19.99412],[-44.03482,-19.99428],[-44.0349,-19.99444],[-44.03539,-19.99489],[-44.03635,-19.99563],[-44.03723,-19.99625],[-44.0377,-19.99552],[-44.03834,-19.99486],[-44.03842,-19.99491],[-44.03868,-19.99466],[-44.03937,-19.99371],[-44.0407,-19.9937],[-44.04128,-19.99388],[-44.04261,-19.99435],[-44.04277,-19.99442],[-44.04477,-19.9964],[-44.04456,-19.99659],[-44.04407,-19.99752],[-44.04338,-19.99876],[-44.04299,-19.99942],[-44.04382,-19.99951],[-44.04612,-20.00009],[-44.04612,-19.9999],[-44.04576,-19.9997],[-44.04668,-19.99602],[-44.04571,-19.99554],[-44.0462,-19.99508],[-44.04639,-19.99498],[-44.04663,-19.99488],[-44.04617,-19.99423],[-44.04604,-19.99394],[-44.04595,-19.99367],[-44.04589,-19.99345],[-44.04587,-19.99312],[-44.04583,-19.99221],[-44.04584,-19.99204],[-44.04586,-19.99189],[-44.04591,-19.99178],[-44.04599,-19.99165],[-44.04625,-19.99142],[-44.04645,-19.99128],[-44.04653,-19.99119],[-44.04674,-19.99095],[-44.04681,-19.99084],[-44.0469,-19.99059],[-44.04693,-19.99013],[-44.04685,-19.98974],[-44.04675,-19.9895],[-44.0466,-19.98931],[-44.04615,-19.9888],[-44.04509,-19.98766],[-44.04586,-19.98543],[-44.04625,-19.98414],[-44.04649,-19.98319],[-44.04602,-19.98322],[-44.04556,-19.98318],[-44.04526,-19.9831],[-44.04497,-19.98299],[-44.04468,-19.98286],[-44.04429,-19.98255],[-44.04389,-19.9822],[-44.04367,-19.98203],[-44.0435,-19.98191],[-44.04308,-19.98167],[-44.04274,-19.98162],[-44.04238,-19.98152],[-44.04213,-19.98149],[-44.04159,-19.98151],[-44.04121,-19.98158],[-44.04103,-19.98163],[-44.04063,-19.98179],[-44.04045,-19.98188],[-44.03972,-19.98237],[-44.03878,-19.98296],[-44.03858,-19.98311],[-44.03864,-19.98326],[-44.03804,-19.98354],[-44.03751,-19.98371],[-44.03682,-19.98377],[-44.03659,-19.98378],[-44.03619,-19.98372],[-44.03602,-19.98367],[-44.0359,-19.98437],[-44.03562,-19.98433],[-44.03554,-19.98427],[-44.03516,-19.9843],[-44.03517,-19.98425],[-44.03545,-19.98391],[-44.03541,-19.98379],[-44.03508,-19.9836],[-44.035,-19.98374],[-44.03512,-19.98405],[-44.0351,-19.98416],[-44.03497,-19.98438],[-44.03484,-19.98432],[-44.03439,-19.98419],[-44.03408,-19.98415],[-44.03376,-19.98423],[-44.03377,-19.98441],[-44.03381,-19.98451],[-44.03381,-19.98456],[-44.03371,-19.98457],[-44.03362,-19.98471],[-44.03359,-19.98492],[-44.03359,-19.98526],[-44.03423,-19.98625],[-44.03428,-19.98638],[-44.03429,-19.98651],[-44.03414,-19.98696],[-44.03408,-19.98709],[-44.03399,-19.9872]],[[-44.0396,-19.99256],[-44.03955,-19.99266],[-44.03824,-19.99233],[-44.0383,-19.99197],[-44.03869,-19.9922],[-44.03913,-19.99241],[-44.0396,-19.99256]],[[-44.03737,-19.99178],[-44.03697,-19.99159],[-44.03709,-19.99077],[-44.03776,-19.99139],[-44.0374,-19.99175],[-44.03737,-19.99178]]]]}},{"type":"Feature","properties":{"territory_id":"mg-3106200-trevo","name":"Trevo","municipality_id":"mg-3106200","polling_places":1,"approx":false,"official":true,"method":"official-ibge-cd2022","whole_municipality":false,"approx_coords_only":false,"official_name":"Trevo","official_code":"3106200285","match":"direct"},"geometry":{"type":"MultiPolygon","coordinates":[[[[-44.01053,-19.84082],[-44.01111,-19.84117],[-44.01273,-19.83893],[-44.01344,-19.83932],[-44.01367,-19.83949],[-44.01337,-19.8399],[-44.01465,-19.84067],[-44.01506,-19.841],[-44.01508,-19.84082],[-44.01512,-19.84071],[-44.01513,-19.84065],[-44.01519,-19.84058],[-44.01531,-19.84055],[-44.01537,-19.84039],[-44.01538,-19.84024],[-44.01558,-19.83958],[-44.01599,-19.839],[-44.01618,-19.83867],[-44.01629,-19.83808],[-44.01638,-19.8377],[-44.01634,-19.83721],[-44.01647,-19.83695],[-44.01712,-19.83516],[-44.01732,-19.83484],[-44.01743,-19.83426],[-44.01781,-19.83479],[-44.01781,-19.83433],[-44.01738,-19.83375],[-44.01706,-19.83369],[-44.01546,-19.83169],[-44.01542,-19.83176],[-44.01533,-19.8318],[-44.01506,-19.83176],[-44.01453,-19.8316],[-44.01429,-19.83149],[-44.0138,-19.83115],[-44.01307,-19.83061],[-44.0123,-19.82982],[-44.01318,-19.82787],[-44.01356,-19.82777],[-44.01335,-19.82706],[-44.01344,-19.82702],[-44.01345,-19.82677],[-44.01354,-19.82646],[-44.01355,-19.82626],[-44.01308,-19.82622],[-44.01258,-19.8261],[-44.01245,-19.826],[-44.01241,-19.82592],[-44.01208,-19.82575],[-44.01115,-19.82573],[-44.011,-19.82575],[-44.01071,-19.82591],[-44.01041,-19.82601],[-44.00926,-19.82627],[-44.00867,-19.82639],[-44.00682,-19.82698],[-44.00645,-19.82707],[-44.00619,-19.82776],[-44.00568,-19.82877],[-44.00541,-19.82965],[-44.00496,-19.832],[-44.00479,-19.8328],[-44.00478,-19.83287],[-44.00492,-19.83634],[-44.00488,-19.83705],[-44.00477,-19.83728],[-44.0049,-19.83765],[-44.0049,-19.8377],[-44.00451,-19.83757],[-44.00406,-19.83752],[-44.00386,-19.83751],[-44.00357,-19.8376],[-44.00321,-19.83753],[-44.00293,-19.83744],[-44.00273,-19.83731],[-44.0025,-19.83713],[-44.00235,-19.83695],[-44.00213,-19.83656],[-44.0021,-19.83644],[-44.00201,-19.83634],[-44.00192,-19.8363],[-44.00178,-19.83632],[-44.00125,-19.83691],[-44.00075,-19.8375],[-43.99967,-19.8388],[-43.9996,-19.83891],[-43.99994,-19.84056],[-44.00006,-19.84053],[-44.00017,-19.84029],[-44.00025,-19.84003],[-44.00043,-19.83961],[-44.00065,-19.83929],[-44.00168,-19.83807],[-44.00185,-19.8381],[-44.00199,-19.83809],[-44.00223,-19.83825],[-44.00248,-19.83838],[-44.00285,-19.8385],[-44.00336,-19.83861],[-44.0031,-19.83907],[-44.00311,-19.83912],[-44.00343,-19.83972],[-44.00347,-19.83982],[-44.00333,-19.83976],[-44.00295,-19.83964],[-44.0025,-19.83964],[-44.00227,-19.83973],[-44.00205,-19.83989],[-44.0019,-19.84008],[-44.00164,-19.84085],[-44.00163,-19.84101],[-44.00167,-19.84112],[-44.00198,-19.84151],[-44.00234,-19.84201],[-44.00251,-19.84229],[-44.00263,-19.84245],[-44.00291,-19.84258],[-44.00309,-19.84261],[-44.00434,-19.8424],[-44.00453,-19.84235],[-44.00554,-19.84221],[-44.00972,-19.84149],[-44.01,-19.84142],[-44.01022,-19.84122],[-44.01042,-19.84096],[-44.01053,-19.84082]],[[-44.01065,-19.83148],[-44.01052,-19.83099],[-44.01197,-19.83079],[-44.01166,-19.83199],[-44.01136,-19.83197],[-44.01072,-19.83176],[-44.01065,-19.83148]]]]}},{"type":"Feature","properties":{"territory_id":"mg-3106200-tupi","name":"Tupi","municipality_id":"mg-3106200","polling_places":4,"approx":true,"official":false,"method":"voronoi-polling-places","whole_municipality":false,"approx_coords_only":false},"geometry":{"type":"MultiPolygon","coordinates":[[[[-43.94487,-19.84252],[-43.94469,-19.84331],[-43.94441,-19.84344],[-43.94408,-19.84331],[-43.94361,-19.84352],[-43.94345,-19.84324],[-43.94319,-19.84334],[-43.94303,-19.84309],[-43.9431,-19.84305],[-43.94295,-19.84276],[-43.94315,-19.84267],[-43.94307,-19.84247],[-43.94295,-19.84242],[-43.94278,-19.84248],[-43.94268,-19.84236],[-43.94242,-19.8425],[-43.94234,-19.84236],[-43.94273,-19.84217],[-43.94274,-19.84211],[-43.94246,-19.84204],[-43.94229,-19.84211],[-43.94219,-19.84194],[-43.94177,-19.84214],[-43.94184,-19.84228],[-43.94139,-19.84246],[-43.94135,-19.8425],[-43.94131,-19.84237],[-43.94122,-19.84198],[-43.94112,-19.84195],[-43.94111,-19.84166],[-43.94115,-19.84155],[-43.94136,-19.84132],[-43.94148,-19.84107],[-43.94149,-19.84094],[-43.94147,-19.8408],[-43.94135,-19.84034],[-43.94141,-19.84018],[-43.94135,-19.83995],[-43.94124,-19.83977],[-43.94114,-19.8393],[-43.94116,-19.8392],[-43.9412,-19.83917],[-43.94134,-19.83914],[-43.94115,-19.83893],[-43.94097,-19.8388],[-43.94092,-19.83869],[-43.94064,-19.83886],[-43.94003,-19.83801],[-43.94025,-19.83786],[-43.94036,-19.83776],[-43.94021,-19.83754],[-43.9402,-19.8374],[-43.9403,-19.83713],[-43.94024,-19.83702],[-43.94023,-19.83693],[-43.94025,-19.83673],[-43.94039,-19.83656],[-43.94041,-19.83649],[-43.93999,-19.83631],[-43.94004,-19.83618],[-43.94023,-19.83628],[-43.9403,-19.8363],[-43.94071,-19.83634],[-43.94078,-19.83633],[-43.94103,-19.83637],[-43.94095,-19.83647],[-43.94082,-19.83674],[-43.94079,-19.83697],[-43.9408,-19.83704],[-43.94145,-19.83845],[-43.94152,-19.83887],[-43.94152,-19.83913],[-43.94163,-19.83929],[-43.94159,-19.8394],[-43.94172,-19.83943],[-43.9423,-19.83948],[-43.94229,-19.83968],[-43.94206,-19.83966],[-43.94199,-19.83986],[-43.94182,-19.84051],[-43.94173,-19.84079],[-43.94172,-19.84098],[-43.94174,-19.8411],[-43.94173,-19.8412],[-43.94224,-19.84135],[-43.94216,-19.84159],[-43.94224,-19.84155],[-43.94236,-19.8416],[-43.94233,-19.84166],[-43.94256,-19.84178],[-43.94264,-19.84187],[-43.94269,-19.842],[-43.94275,-19.84208],[-43.94282,-19.84205],[-43.94304,-19.8421],[-43.94302,-19.84217],[-43.94313,-19.84226],[-43.94308,-19.84232],[-43.94324,-19.84241],[-43.9434,-19.84247],[-43.94341,-19.84231],[-43.94345,-19.8423],[-43.94371,-19.84236],[-43.9438,-19.84217],[-43.94411,-19.84225],[-43.94411,-19.84234],[-43.94397,-19.84281],[-43.94398,-19.84294],[-43.94408,-19.84293],[-43.94487,-19.84252]]],[[[-43.94309,-19.84483],[-43.94281,-19.84494],[-43.94271,-19.84497],[-43.94309,-19.84483]]],[[[-43.94261,-19.8502],[-43.94199,-19.85079],[-43.94218,-19.85061],[-43.94261,-19.8502]]],[[[-43.94047,-19.85701],[-43.9386,-19.86263],[-43.93787,-19.86259],[-43.93715,-19.86283],[-43.93511,-19.86193],[-43.93502,-19.86186],[-43.93501,-19.86189],[-43.93316,-19.86108],[-43.93415,-19.85878],[-43.93435,-19.85829],[-43.93486,-19.85837],[-43.93515,-19.85826],[-43.93567,-19.85804],[-43.93589,-19.85783],[-43.93612,-19.85755],[-43.93638,-19.85703],[-43.93645,-19.85676],[-43.93652,-19.85617],[-43.93641,-19.85502],[-43.93641,-19.85449],[-43.93639,-19.85424],[-43.9365,-19.85455],[-43.93787,-19.85795],[-43.93881,-19.8576],[-43.93866,-19.8572],[-43.93929,-19.85694],[-43.93948,-19.85734],[-43.93985,-19.85719],[-43.93971,-19.85685],[-43.93992,-19.85675],[-43.94011,-19.85714],[-43.94047,-19.85701]]],[[[-43.94045,-19.83348],[-43.94036,-19.83451],[-43.94044,-19.83358],[-43.94045,-19.83348]]],[[[-43.93951,-19.84578],[-43.93948,-19.84586],[-43.93942,-19.84596],[-43.93951,-19.84578]]],[[[-43.93661,-19.83945],[-43.93565,-19.84092],[-43.93636,-19.83982],[-43.93661,-19.83945]]],[[[-43.93565,-19.84092],[-43.93541,-19.84125],[-43.93498,-19.84181],[-43.93565,-19.84092]]],[[[-43.93524,-19.85435],[-43.9352,-19.85407],[-43.93521,-19.85414],[-43.93524,-19.85435]]],[[[-43.93308,-19.86006],[-43.93283,-19.8603],[-43.93278,-19.86045],[-43.93263,-19.8607],[-43.93254,-19.8607],[-43.93261,-19.86084],[-43.93002,-19.85962],[-43.92982,-19.85899],[-43.93042,-19.85877],[-43.93076,-19.85857],[-43.93082,-19.85863],[-43.93065,-19.85879],[-43.93064,-19.85889],[-43.93067,-19.85897],[-43.93082,-19.85904],[-43.93093,-19.85902],[-43.93099,-19.85897],[-43.93141,-19.85891],[-43.93146,-19.85893],[-43.93159,-19.85892],[-43.93165,-19.85893],[-43.93208,-19.85877],[-43.9322,-19.85877],[-43.93216,-19.85892],[-43.93206,-19.85916],[-43.93308,-19.86006]]],[[[-43.9324,-19.85752],[-43.93199,-19.8577],[-43.93112,-19.85805],[-43.9324,-19.85752]]],[[[-43.93225,-19.82899],[-43.93177,-19.83087],[-43.93157,-19.83081],[-43.93048,-19.8297],[-43.93066,-19.82953],[-43.93059,-19.82945],[-43.93112,-19.82892],[-43.93154,-19.82895],[-43.93205,-19.82896],[-43.93225,-19.82899]]],[[[-43.93139,-19.84286],[-43.9311,-19.84271],[-43.9299,-19.84206],[-43.93139,-19.84286]]],[[[-43.93117,-19.83267],[-43.93083,-19.8333],[-43.93047,-19.83404],[-43.9302,-19.83454],[-43.93046,-19.83603],[-43.93029,-19.83738],[-43.93025,-19.8376],[-43.93018,-19.83784],[-43.93005,-19.838],[-43.9299,-19.83816],[-43.92972,-19.83829],[-43.92948,-19.83844],[-43.92778,-19.83934],[-43.92713,-19.83977],[-43.92684,-19.84032],[-43.92677,-19.84066],[-43.92703,-19.8407],[-43.92642,-19.84062],[-43.92501,-19.84053],[-43.92475,-19.84054],[-43.9218,-19.84141],[-43.92175,-19.84144],[-43.92092,-19.84175],[-43.92043,-19.84204],[-43.91903,-19.84281],[-43.91859,-19.84324],[-43.91824,-19.84377],[-43.91804,-19.84397],[-43.91792,-19.84403],[-43.91784,-19.8441],[-43.91748,-19.84429],[-43.9172,-19.84447],[-43.91591,-19.84406],[-43.91487,-19.84367],[-43.91458,-19.84361],[-43.9138,-19.84331],[-43.91361,-19.84326],[-43.91242,-19.8427],[-43.91235,-19.84273],[-43.91185,-19.84235],[-43.91097,-19.84116],[-43.9093,-19.83868],[-43.90911,-19.83843],[-43.90895,-19.83817],[-43.90872,-19.83789],[-43.90818,-19.83738],[-43.90804,-19.83726],[-43.90784,-19.83705],[-43.90772,-19.83692],[-43.90747,-19.83657],[-43.90736,-19.83633],[-43.90704,-19.83525],[-43.90699,-19.83513],[-43.90661,-19.83516],[-43.90679,-19.83537],[-43.90701,-19.83594],[-43.9069,-19.83621],[-43.9067,-19.83649],[-43.90642,-19.83672],[-43.90644,-19.83505],[-43.90606,-19.83456],[-43.90578,-19.83437],[-43.90555,-19.8343],[-43.90399,-19.83395],[-43.90391,-19.83387],[-43.90367,-19.83341],[-43.90362,-19.83325],[-43.90362,-19.83321],[-43.90377,-19.8331],[-43.9037,-19.83302],[-43.90366,-19.83294],[-43.90351,-19.83279],[-43.9032,-19.83224],[-43.90304,-19.832],[-43.90284,-19.83183],[-43.90263,-19.83158],[-43.90239,-19.83141],[-43.9023,-19.83132],[-43.90205,-19.83085],[-43.90203,-19.83071],[-43.90209,-19.83054],[-43.90228,-19.83035],[-43.90238,-19.83018],[-43.9025,-19.82982],[-43.90296,-19.82993],[-43.90331,-19.82994],[-43.90338,-19.82984],[-43.90335,-19.82958],[-43.90336,-19.82929],[-43.90342,-19.82898],[-43.90353,-19.82869],[-43.90367,-19.82844],[-43.9045,-19.82746],[-43.90475,-19.82714],[-43.9049,-19.82691],[-43.9051,-19.82646],[-43.9052,-19.82603],[-43.90523,-19.82581],[-43.9052,-19.82541],[-43.90505,-19.82483],[-43.90492,-19.82451],[-43.90465,-19.82412],[-43.90312,-19.82227],[-43.90324,-19.8222],[-43.90383,-19.82223],[-43.904,-19.8222],[-43.90412,-19.8221],[-43.90423,-19.82187],[-43.9042,-19.82147],[-43.90395,-19.82091],[-43.90397,-19.8208],[-43.90401,-19.82067],[-43.90417,-19.82051],[-43.90456,-19.82034],[-43.90393,-19.81815],[-43.90332,-19.81613],[-43.90298,-19.81624],[-43.90293,-19.81623],[-43.9025,-19.81634],[-43.90171,-19.81661],[-43.90094,-19.81666],[-43.9003,-19.8172],[-43.90045,-19.81743],[-43.90049,-19.81769],[-43.90065,-19.81791],[-43.90073,-19.81821],[-43.90071,-19.81852],[-43.9008,-19.81876],[-43.90104,-19.81912],[-43.90108,-19.81929],[-43.9012,-19.81949],[-43.90214,-19.82058],[-43.9021,-19.82107],[-43.90151,-19.82038],[-43.90142,-19.82048],[-43.90149,-19.82077],[-43.90133,-19.82103],[-43.90089,-19.82044],[-43.90062,-19.82019],[-43.90033,-19.8202],[-43.90021,-19.82031],[-43.90005,-19.82049],[-43.89988,-19.82122],[-43.89947,-19.82145],[-43.8993,-19.82147],[-43.89907,-19.82154],[-43.89898,-19.82159],[-43.89889,-19.82165],[-43.8987,-19.82166],[-43.89839,-19.82193],[-43.89777,-19.82209],[-43.89696,-19.82193],[-43.89642,-19.82188],[-43.89503,-19.822],[-43.89381,-19.82205],[-43.89338,-19.82211],[-43.89304,-19.82214],[-43.89247,-19.82213],[-43.89181,-19.82227],[-43.89137,-19.82222],[-43.89078,-19.8221],[-43.89066,-19.82209],[-43.88335,-19.81496],[-43.90008,-19.80489],[-43.92462,-19.81893],[-43.92553,-19.81912],[-43.92545,-19.81941],[-43.92536,-19.81954],[-43.92534,-19.81974],[-43.92524,-19.82002],[-43.92507,-19.8206],[-43.92504,-19.82111],[-43.92383,-19.8211],[-43.92383,-19.82154],[-43.92409,-19.82156],[-43.92427,-19.82193],[-43.92351,-19.82247],[-43.92362,-19.82267],[-43.92352,-19.8233],[-43.92357,-19.8236],[-43.92365,-19.82379],[-43.92363,-19.82402],[-43.92348,-19.82427],[-43.92336,-19.82451],[-43.9234,-19.8247],[-43.92354,-19.82489],[-43.92412,-19.82524],[-43.92422,-19.82537],[-43.92429,-19.82552],[-43.92432,-19.8256],[-43.92418,-19.8263],[-43.92408,-19.82661],[-43.92347,-19.82786],[-43.92321,-19.82831],[-43.92316,-19.82848],[-43.92308,-19.82891],[-43.92301,-19.82908],[-43.92286,-19.82926],[-43.92277,-19.82931],[-43.92271,-19.82937],[-43.92262,-19.8296],[-43.92256,-19.82987],[-43.92252,-19.83006],[-43.92237,-19.83074],[-43.92214,-19.83091],[-43.92219,-19.83135],[-43.92222,-19.83187],[-43.92233,-19.83194],[-43.9224,-19.83214],[-43.92397,-19.83217],[-43.92461,-19.83221],[-43.92628,-19.83241],[-43.92671,-19.83245],[-43.92712,-19.83251],[-43.92722,-19.83255],[-43.92849,-19.83267],[-43.92906,-19.83275],[-43.92998,-19.83282],[-43.93098,-19.83301],[-43.93117,-19.83267]],[[-43.89608,-19.81385],[-43.89586,-19.81335],[-43.89579,-19.81316],[-43.89572,-19.81275],[-43.89552,-19.81213],[-43.89555,-19.81133],[-43.89561,-19.81111],[-43.89564,-19.81058],[-43.89582,-19.8102],[-43.89601,-19.80957],[-43.89589,-19.80959],[-43.89566,-19.8097],[-43.89521,-19.80997],[-43.89505,-19.81003],[-43.89407,-19.81021],[-43.89392,-19.81034],[-43.89323,-19.81242],[-43.8932,-19.81259],[-43.89322,-19.81287],[-43.89327,-19.81319],[-43.89326,-19.81355],[-43.89317,-19.81397],[-43.89302,-19.814],[-43.89266,-19.81411],[-43.8925,-19.81424],[-43.8923,-19.81402],[-43.89243,-19.81431],[-43.89206,-19.81458],[-43.89161,-19.81467],[-43.89107,-19.8146],[-43.89074,-19.81501],[-43.89049,-19.81546],[-43.89024,-19.8158],[-43.88981,-19.81626],[-43.88941,-19.81651],[-43.88911,-19.81663],[-43.88879,-19.81665],[-43.88845,-19.81653],[-43.88816,-19.81637],[-43.88813,-19.81649],[-43.88802,-19.8166],[-43.88789,-19.81655],[-43.88779,-19.81646],[-43.88779,-19.81634],[-43.88768,-19.81623],[-43.8877,-19.81606],[-43.88704,-19.81567],[-43.88668,-19.81565],[-43.88653,-19.81556],[-43.88632,-19.81538],[-43.88617,-19.81519],[-43.88595,-19.81508],[-43.8857,-19.8151],[-43.88548,-19.81519],[-43.88529,-19.81531],[-43.88545,-19.81556],[-43.88575,-19.81571],[-43.88581,-19.81578],[-43.88577,-19.81588],[-43.88567,-19.81598],[-43.8855,-19.81607],[-43.8858,-19.81649],[-43.88682,-19.81779],[-43.88712,-19.81806],[-43.88737,-19.81833],[-43.88771,-19.81845],[-43.88915,-19.81874],[-43.88938,-19.8188],[-43.88992,-19.81903],[-43.89028,-19.81936],[-43.8915,-19.82113],[-43.89173,-19.82138],[-43.89195,-19.82154],[-43.89249,-19.82157],[-43.8927,-19.82149],[-43.89291,-19.82138],[-43.89315,-19.82117],[-43.89391,-19.82034],[-43.89444,-19.81978],[-43.8947,-19.8196],[-43.89485,-19.81949],[-43.895,-19.8195],[-43.89501,-19.81932],[-43.89493,-19.81919],[-43.8948,-19.81905],[-43.89473,-19.81893],[-43.8948,-19.81866],[-43.89462,-19.81854],[-43.8946,-19.81849],[-43.89474,-19.8182],[-43.89462,-19.81804],[-43.89459,-19.81757],[-43.89476,-19.81751],[-43.8949,-19.817],[-43.89493,-19.81643],[-43.89499,-19.81629],[-43.89517,-19.81611],[-43.89517,-19.81594],[-43.89532,-19.81581],[-43.8955,-19.81557],[-43.89578,-19.81511],[-43.89576,-19.81478],[-43.89608,-19.81408],[-43.89608,-19.81385]]],[[[-43.93081,-19.82885],[-43.93066,-19.82876],[-43.93057,-19.8287],[-43.93081,-19.82885]]],[[[-43.92972,-19.85771],[-43.92956,-19.85713],[-43.9296,-19.85726],[-43.92972,-19.85771]]],[[[-43.92953,-19.85907],[-43.92939,-19.85915],[-43.92941,-19.85933],[-43.92814,-19.85873],[-43.92828,-19.85873],[-43.92831,-19.85846],[-43.92879,-19.85848],[-43.9288,-19.85815],[-43.92819,-19.85812],[-43.9282,-19.85784],[-43.92836,-19.85784],[-43.92832,-19.85768],[-43.9285,-19.85778],[-43.92854,-19.85785],[-43.9286,-19.85786],[-43.92873,-19.85795],[-43.92897,-19.85814],[-43.92914,-19.85831],[-43.92938,-19.85851],[-43.92948,-19.85895],[-43.92953,-19.85907]]],[[[-43.92931,-19.85646],[-43.92909,-19.85616],[-43.92918,-19.85626],[-43.92931,-19.85646]]],[[[-43.92907,-19.85085],[-43.92847,-19.85082],[-43.9278,-19.85075],[-43.92762,-19.85042],[-43.92761,-19.85025],[-43.92643,-19.85082],[-43.92626,-19.85061],[-43.92596,-19.85033],[-43.92546,-19.84996],[-43.92461,-19.84944],[-43.92439,-19.84933],[-43.92405,-19.84921],[-43.92373,-19.84914],[-43.92346,-19.84912],[-43.92264,-19.8492],[-43.92182,-19.84922],[-43.9216,-19.84913],[-43.9213,-19.84954],[-43.92126,-19.8494],[-43.9211,-19.84883],[-43.92096,-19.84843],[-43.9208,-19.84812],[-43.92073,-19.84803],[-43.92128,-19.84743],[-43.92152,-19.84721],[-43.92176,-19.84704],[-43.92209,-19.84687],[-43.92244,-19.84674],[-43.92263,-19.8467],[-43.92335,-19.8466],[-43.92412,-19.84641],[-43.92446,-19.84636],[-43.92472,-19.84645],[-43.92532,-19.84661],[-43.92556,-19.84673],[-43.92587,-19.84679],[-43.92612,-19.84692],[-43.92653,-19.84704],[-43.92695,-19.84724],[-43.92751,-19.84748],[-43.92755,-19.84761],[-43.92745,-19.84795],[-43.92722,-19.84814],[-43.9272,-19.84829],[-43.92721,-19.84845],[-43.92724,-19.84852],[-43.92785,-19.84866],[-43.92796,-19.84871],[-43.92829,-19.84879],[-43.92884,-19.8503],[-43.92897,-19.85055],[-43.92907,-19.85085]]],[[[-43.92746,-19.84079],[-43.92717,-19.84072],[-43.92726,-19.84074],[-43.92746,-19.84079]]],[[[-43.92707,-19.85196],[-43.92703,-19.85186],[-43.92705,-19.85188],[-43.92707,-19.85196]]],[[[-43.9263,-19.8536],[-43.92564,-19.8538],[-43.92553,-19.85344],[-43.92552,-19.85334],[-43.92546,-19.8533],[-43.92459,-19.85299],[-43.92459,-19.8528],[-43.92455,-19.85253],[-43.92452,-19.85244],[-43.92459,-19.85244],[-43.92481,-19.85238],[-43.92501,-19.85228],[-43.9251,-19.85226],[-43.92517,-19.85222],[-43.92544,-19.853],[-43.92605,-19.85284],[-43.9263,-19.8536]]],[[[-43.92482,-19.82527],[-43.92449,-19.82552],[-43.92453,-19.82549],[-43.92482,-19.82527]]],[[[-43.92082,-19.85529],[-43.91992,-19.85487],[-43.91989,-19.85481],[-43.91977,-19.85456],[-43.91931,-19.85379],[-43.91894,-19.85312],[-43.9184,-19.85217],[-43.91844,-19.85215],[-43.91844,-19.85193],[-43.91877,-19.85169],[-43.91947,-19.85279],[-43.91979,-19.85344],[-43.92065,-19.85498],[-43.92082,-19.85529]]],[[[-43.92064,-19.85096],[-43.92024,-19.85034],[-43.92012,-19.85012],[-43.92018,-19.85022],[-43.92064,-19.85096]]],[[[-43.91776,-19.84801],[-43.9173,-19.84769],[-43.9172,-19.84761],[-43.91776,-19.84801]]],[[[-43.91603,-19.84672],[-43.91587,-19.84696],[-43.91578,-19.8471],[-43.91603,-19.84672]]],[[[-43.91473,-19.84646],[-43.91466,-19.84658],[-43.9146,-19.84653],[-43.9144,-19.84674],[-43.91427,-19.84668],[-43.91426,-19.84671],[-43.91396,-19.84663],[-43.91362,-19.84656],[-43.91324,-19.84652],[-43.91236,-19.8467],[-43.91201,-19.84683],[-43.91171,-19.84698],[-43.91128,-19.84734],[-43.9107,-19.84795],[-43.91036,-19.84837],[-43.91002,-19.84868],[-43.90984,-19.84879],[-43.90968,-19.84882],[-43.90758,-19.84215],[-43.90767,-19.84214],[-43.90795,-19.8423],[-43.90858,-19.84287],[-43.9087,-19.84326],[-43.9083,-19.84412],[-43.9084,-19.84439],[-43.90879,-19.84455],[-43.90932,-19.84466],[-43.90963,-19.84465],[-43.91012,-19.84458],[-43.9106,-19.84466],[-43.91077,-19.84449],[-43.91097,-19.84441],[-43.91143,-19.84453],[-43.9115,-19.84463],[-43.91161,-19.84471],[-43.91183,-19.84496],[-43.91203,-19.84521],[-43.91224,-19.84574],[-43.91252,-19.84589],[-43.91285,-19.84578],[-43.91287,-19.84585],[-43.9135,-19.84595],[-43.91412,-19.84613],[-43.91446,-19.8463],[-43.91473,-19.84646]]],[[[-43.90318,-19.82812],[-43.90302,-19.82842],[-43.90265,-19.82942],[-43.90249,-19.8294],[-43.90221,-19.82954],[-43.90195,-19.82923],[-43.90207,-19.82913],[-43.9023,-19.82889],[-43.90235,-19.82875],[-43.90224,-19.82862],[-43.90225,-19.82852],[-43.90291,-19.82806],[-43.90305,-19.82801],[-43.90314,-19.82808],[-43.90318,-19.82812]]]]}},{"type":"Feature","properties":{"territory_id":"mg-3106200-uniao","name":"União","municipality_id":"mg-3106200","polling_places":2,"approx":false,"official":true,"method":"official-ibge-cd2022","whole_municipality":false,"approx_coords_only":false,"official_name":"União","official_code":"3106200078","match":"direct"},"geometry":{"type":"MultiPolygon","coordinates":[[[[-43.92275,-19.88584],[-43.92292,-19.88567],[-43.92311,-19.88539],[-43.92338,-19.88504],[-43.92382,-19.88477],[-43.92408,-19.88457],[-43.92446,-19.8844],[-43.92536,-19.88433],[-43.92559,-19.88427],[-43.92586,-19.8841],[-43.9267,-19.88346],[-43.92674,-19.88327],[-43.92685,-19.88307],[-43.92705,-19.88328],[-43.92721,-19.8834],[-43.92759,-19.88359],[-43.92789,-19.88369],[-43.92824,-19.88369],[-43.92891,-19.88352],[-43.92915,-19.88439],[-43.92941,-19.8847],[-43.92953,-19.88437],[-43.92969,-19.884],[-43.92998,-19.88323],[-43.9301,-19.88272],[-43.93018,-19.88221],[-43.92976,-19.8801],[-43.92953,-19.87938],[-43.9292,-19.87848],[-43.92886,-19.87729],[-43.92836,-19.87533],[-43.92772,-19.87329],[-43.92759,-19.87269],[-43.92756,-19.87243],[-43.92707,-19.8724],[-43.92673,-19.87242],[-43.92653,-19.87252],[-43.92618,-19.87291],[-43.9261,-19.87292],[-43.92439,-19.87505],[-43.92412,-19.87545],[-43.92367,-19.87597],[-43.92363,-19.87606],[-43.92389,-19.87621],[-43.92383,-19.87629],[-43.9237,-19.87623],[-43.92362,-19.8763],[-43.92356,-19.87637],[-43.92349,-19.8763],[-43.92333,-19.8765],[-43.92323,-19.87638],[-43.92318,-19.87642],[-43.92307,-19.8764],[-43.92285,-19.8763],[-43.92272,-19.8763],[-43.92241,-19.87651],[-43.92222,-19.87615],[-43.92119,-19.87667],[-43.92118,-19.87671],[-43.92111,-19.87671],[-43.92046,-19.87694],[-43.92021,-19.87713],[-43.91995,-19.87748],[-43.91963,-19.87807],[-43.9195,-19.8782],[-43.91929,-19.87861],[-43.91863,-19.87964],[-43.91833,-19.88007],[-43.91776,-19.88058],[-43.91722,-19.88087],[-43.91586,-19.88125],[-43.91557,-19.88137],[-43.91506,-19.8815],[-43.91478,-19.88173],[-43.91441,-19.8818],[-43.91523,-19.88304],[-43.91552,-19.88346],[-43.91712,-19.8851],[-43.91747,-19.88549],[-43.91767,-19.88576],[-43.91865,-19.88806],[-43.91914,-19.88906],[-43.91945,-19.88952],[-43.91957,-19.8894],[-43.91958,-19.88933],[-43.91949,-19.88912],[-43.9195,-19.88905],[-43.91931,-19.88857],[-43.91922,-19.88818],[-43.91921,-19.88805],[-43.91923,-19.88791],[-43.91929,-19.88786],[-43.91988,-19.88753],[-43.91991,-19.88748],[-43.91998,-19.88748],[-43.92049,-19.88719],[-43.92051,-19.88713],[-43.92179,-19.88639],[-43.92203,-19.88623],[-43.92275,-19.88584]]]]}},{"type":"Feature","properties":{"territory_id":"mg-3106200-universitario","name":"Universitário","municipality_id":"mg-3106200","polling_places":2,"approx":false,"official":true,"method":"official-ibge-cd2022","whole_municipality":false,"approx_coords_only":false,"official_name":"Universitário","official_code":"3106200286","match":"direct"},"geometry":{"type":"MultiPolygon","coordinates":[[[[-43.94463,-19.86745],[-43.94351,-19.86677],[-43.94345,-19.86675],[-43.94224,-19.86597],[-43.9418,-19.86587],[-43.94255,-19.86324],[-43.94127,-19.86292],[-43.93868,-19.86263],[-43.93858,-19.86857],[-43.94351,-19.86997],[-43.94413,-19.87008],[-43.94458,-19.87013],[-43.94585,-19.87019],[-43.94618,-19.87023],[-43.94635,-19.87025],[-43.94669,-19.87035],[-43.94695,-19.87045],[-43.9471,-19.87053],[-43.94753,-19.87086],[-43.94766,-19.87099],[-43.94787,-19.87123],[-43.94806,-19.87151],[-43.94823,-19.87173],[-43.94853,-19.87221],[-43.94869,-19.87214],[-43.94882,-19.87203],[-43.94904,-19.87168],[-43.94917,-19.8715],[-43.94945,-19.87121],[-43.94957,-19.87105],[-43.9496,-19.87092],[-43.94948,-19.87018],[-43.94951,-19.86976],[-43.94955,-19.86958],[-43.94944,-19.86955],[-43.94928,-19.86948],[-43.94863,-19.86935],[-43.94847,-19.8689],[-43.94835,-19.86864],[-43.94813,-19.86828],[-43.94744,-19.86823],[-43.94731,-19.86821],[-43.94714,-19.86814],[-43.94671,-19.86786],[-43.94647,-19.86773],[-43.94623,-19.86756],[-43.94593,-19.8674],[-43.94576,-19.86735],[-43.94546,-19.86731],[-43.94517,-19.86731],[-43.94492,-19.86734],[-43.94476,-19.86739],[-43.94463,-19.86745]]]]}},{"type":"Feature","properties":{"territory_id":"mg-3106200-urca-serrano","name":"Urca/serrano","municipality_id":"mg-3106200","polling_places":1,"approx":true,"official":false,"method":"voronoi-polling-places","whole_municipality":false,"approx_coords_only":false},"geometry":{"type":"MultiPolygon","coordinates":[[[[-44.01808,-19.87924],[-44.01574,-19.87656],[-44.01601,-19.87623],[-44.01677,-19.8769],[-44.01715,-19.8767],[-44.01808,-19.87924]]],[[[-44.01701,-19.87631],[-44.01624,-19.87549],[-44.01548,-19.87482],[-44.0155,-19.87442],[-44.01629,-19.87462],[-44.01643,-19.87471],[-44.01701,-19.87631]]],[[[-44.0161,-19.87382],[-44.01573,-19.87386],[-44.01527,-19.87386],[-44.01484,-19.87368],[-44.01454,-19.87354],[-44.01418,-19.8733],[-44.01362,-19.87286],[-44.01324,-19.87328],[-44.01308,-19.87349],[-44.00799,-19.86764],[-44.00732,-19.86522],[-44.01102,-19.85987],[-44.0161,-19.87382]]]]}},{"type":"Feature","properties":{"territory_id":"mg-3106200-vale-do-jatoba","name":"Vale do Jatobá","municipality_id":"mg-3106200","polling_places":4,"approx":false,"official":true,"method":"official-ibge-cd2022","whole_municipality":false,"approx_coords_only":false,"official_name":"Vale do Jatobá","official_code":"3106200341","match":"direct"},"geometry":{"type":"MultiPolygon","coordinates":[[[[-44.03955,-20.00522],[-44.03763,-20.00501],[-44.03788,-20.00302],[-44.03619,-20.00285],[-44.03606,-20.0028],[-44.03566,-20.00273],[-44.0353,-20.00375],[-44.03511,-20.00453],[-44.03506,-20.00479],[-44.03503,-20.00505],[-44.03461,-20.00665],[-44.034,-20.00872],[-44.03381,-20.00931],[-44.03372,-20.00968],[-44.0333,-20.01106],[-44.0357,-20.01134],[-44.03792,-20.01162],[-44.03812,-20.01166],[-44.04017,-20.0119],[-44.04006,-20.01307],[-44.03998,-20.01356],[-44.04038,-20.01339],[-44.0407,-20.01088],[-44.04036,-20.01055],[-44.04034,-20.01054],[-44.0404,-20.0099],[-44.04046,-20.00971],[-44.04084,-20.00912],[-44.04144,-20.0086],[-44.04216,-20.00794],[-44.04229,-20.00768],[-44.04267,-20.00655],[-44.04328,-20.00592],[-44.0435,-20.00578],[-44.04377,-20.00551],[-44.04398,-20.00533],[-44.04417,-20.00499],[-44.04423,-20.00493],[-44.04429,-20.00489],[-44.04451,-20.00482],[-44.04433,-20.00445],[-44.04407,-20.00452],[-44.044,-20.00458],[-44.0438,-20.00483],[-44.04372,-20.0048],[-44.04129,-20.00455],[-44.04105,-20.00536],[-44.03959,-20.00522],[-44.03955,-20.00522]]]]}},{"type":"Feature","properties":{"territory_id":"mg-3106200-venda-nova-centro","name":"Venda Nova (centro)","municipality_id":"mg-3106200","polling_places":3,"approx":true,"official":false,"method":"voronoi-polling-places","whole_municipality":false,"approx_coords_only":false},"geometry":{"type":"MultiPolygon","coordinates":[[[[-43.96253,-19.8121],[-43.96068,-19.81544],[-43.95833,-19.82193],[-43.95909,-19.82729],[-43.95872,-19.82707],[-43.95692,-19.82619],[-43.95622,-19.82582],[-43.95598,-19.82559],[-43.95578,-19.82535],[-43.95273,-19.82154],[-43.95136,-19.81985],[-43.95043,-19.81868],[-43.95025,-19.81843],[-43.94999,-19.81814],[-43.9498,-19.81788],[-43.94939,-19.81743],[-43.9492,-19.81712],[-43.94824,-19.81606],[-43.94823,-19.81613],[-43.94764,-19.81724],[-43.94854,-19.8146],[-43.95288,-19.81554],[-43.96089,-19.81164],[-43.96243,-19.81199],[-43.96253,-19.8121]]],[[[-43.94633,-19.82757],[-43.94592,-19.82715],[-43.94622,-19.82745],[-43.94633,-19.82757]]],[[[-43.94579,-19.82647],[-43.94554,-19.82668],[-43.94541,-19.82662],[-43.94469,-19.82609],[-43.94468,-19.82599],[-43.9447,-19.82589],[-43.94471,-19.82585],[-43.945,-19.82589],[-43.94515,-19.82594],[-43.94528,-19.82602],[-43.94534,-19.82618],[-43.94535,-19.82633],[-43.94561,-19.82643],[-43.94567,-19.82648],[-43.94571,-19.82646],[-43.94579,-19.82647]]]]}},{"type":"Feature","properties":{"territory_id":"mg-3106200-vera-cruz","name":"Vera Cruz","municipality_id":"mg-3106200","polling_places":6,"approx":false,"official":true,"method":"official-ibge-cd2022","whole_municipality":false,"approx_coords_only":false,"official_name":"Vera Cruz","official_code":"3106200025","match":"direct"},"geometry":{"type":"MultiPolygon","coordinates":[[[[-43.89696,-19.91085],[-43.89977,-19.91144],[-43.89983,-19.91134],[-43.89955,-19.91115],[-43.89947,-19.91107],[-43.89942,-19.91096],[-43.89874,-19.90738],[-43.89822,-19.90729],[-43.89831,-19.90696],[-43.89868,-19.90703],[-43.89839,-19.9057],[-43.89828,-19.90524],[-43.8982,-19.90527],[-43.8981,-19.90527],[-43.89779,-19.90532],[-43.89726,-19.90536],[-43.89582,-19.9052],[-43.89546,-19.90518],[-43.89536,-19.90521],[-43.89509,-19.90627],[-43.89474,-19.9075],[-43.89478,-19.90759],[-43.8932,-19.91419],[-43.89239,-19.9154],[-43.89381,-19.91574],[-43.89475,-19.91592],[-43.89568,-19.91613],[-43.89656,-19.91244],[-43.89692,-19.91221],[-43.89668,-19.91188],[-43.89696,-19.91085]],[[-43.89781,-19.90684],[-43.89763,-19.9068],[-43.89769,-19.9065],[-43.89756,-19.90644],[-43.89756,-19.90634],[-43.89771,-19.90632],[-43.89774,-19.90638],[-43.89799,-19.90644],[-43.89789,-19.90685],[-43.89781,-19.90684]],[[-43.89659,-19.9066],[-43.89733,-19.90676],[-43.89728,-19.90704],[-43.89732,-19.9071],[-43.89728,-19.90728],[-43.89684,-19.90719],[-43.89686,-19.9071],[-43.89634,-19.90699],[-43.89636,-19.9069],[-43.89652,-19.90694],[-43.89659,-19.9066]]]]}},{"type":"Feature","properties":{"territory_id":"mg-3106200-vila-cloris","name":"Vila Clóris","municipality_id":"mg-3106200","polling_places":1,"approx":false,"official":true,"method":"official-ibge-cd2022","whole_municipality":false,"approx_coords_only":false,"official_name":"Vila Clóris","official_code":"3106200462","match":"direct"},"geometry":{"type":"MultiPolygon","coordinates":[[[[-43.94636,-19.8276],[-43.94699,-19.82825],[-43.94713,-19.82847],[-43.94722,-19.82878],[-43.94735,-19.82908],[-43.94756,-19.82925],[-43.94776,-19.82938],[-43.9479,-19.82945],[-43.94807,-19.8296],[-43.94891,-19.83022],[-43.94928,-19.82975],[-43.95028,-19.82835],[-43.95146,-19.82801],[-43.95136,-19.82778],[-43.95127,-19.82723],[-43.95126,-19.82677],[-43.95142,-19.82609],[-43.95196,-19.82367],[-43.95262,-19.82172],[-43.95273,-19.82154],[-43.95136,-19.81985],[-43.95043,-19.81868],[-43.95025,-19.81843],[-43.94999,-19.81814],[-43.9498,-19.81788],[-43.94939,-19.81743],[-43.9492,-19.81712],[-43.94824,-19.81606],[-43.94823,-19.81613],[-43.94763,-19.81726],[-43.94713,-19.81835],[-43.94688,-19.81884],[-43.94593,-19.82086],[-43.94556,-19.82171],[-43.94478,-19.82333],[-43.9445,-19.82331],[-43.94421,-19.82343],[-43.9433,-19.82355],[-43.94317,-19.82374],[-43.94304,-19.82437],[-43.9417,-19.8254],[-43.94173,-19.82542],[-43.94216,-19.8256],[-43.9426,-19.82567],[-43.94267,-19.82579],[-43.94267,-19.82605],[-43.94244,-19.82651],[-43.94228,-19.8267],[-43.94208,-19.82704],[-43.94208,-19.82717],[-43.94214,-19.82743],[-43.94211,-19.82768],[-43.94203,-19.82785],[-43.94201,-19.82797],[-43.94205,-19.82817],[-43.9421,-19.82825],[-43.94234,-19.8284],[-43.94293,-19.82722],[-43.94331,-19.82658],[-43.94486,-19.82715],[-43.94523,-19.82731],[-43.94566,-19.82684],[-43.94592,-19.82715],[-43.94622,-19.82745],[-43.94636,-19.8276]],[[-43.94579,-19.82647],[-43.94554,-19.82668],[-43.94541,-19.82662],[-43.94469,-19.82609],[-43.94468,-19.82599],[-43.94471,-19.82585],[-43.945,-19.82589],[-43.94515,-19.82594],[-43.94528,-19.82602],[-43.94534,-19.82618],[-43.94535,-19.82633],[-43.94561,-19.82643],[-43.94567,-19.82648],[-43.94571,-19.82646],[-43.94579,-19.82647]]]]}},{"type":"Feature","properties":{"territory_id":"mg-3106200-vila-fazendinha","name":"Vila Fazendinha","municipality_id":"mg-3106200","polling_places":1,"approx":false,"official":true,"method":"official-ibge-cd2022","whole_municipality":false,"approx_coords_only":false,"official_name":"Fazendinha","official_code":"3106200051","match":"prefix"},"geometry":{"type":"MultiPolygon","coordinates":[[[[-43.90332,-19.92972],[-43.90315,-19.93144],[-43.90314,-19.93171],[-43.9032,-19.93174],[-43.9034,-19.93193],[-43.90414,-19.93246],[-43.90477,-19.93282],[-43.90511,-19.9331],[-43.90513,-19.9332],[-43.90524,-19.93342],[-43.90532,-19.93373],[-43.90519,-19.93402],[-43.90522,-19.9342],[-43.90551,-19.93421],[-43.90571,-19.93419],[-43.90575,-19.93386],[-43.9061,-19.93356],[-43.90654,-19.93323],[-43.90664,-19.93309],[-43.90676,-19.93286],[-43.90676,-19.9325],[-43.90682,-19.93234],[-43.90697,-19.93215],[-43.90723,-19.9319],[-43.90762,-19.9314],[-43.90777,-19.93125],[-43.90807,-19.9307],[-43.9081,-19.93039],[-43.90808,-19.93023],[-43.90808,-19.92982],[-43.90833,-19.92911],[-43.90818,-19.92914],[-43.90805,-19.92949],[-43.90646,-19.92932],[-43.90586,-19.9293],[-43.90583,-19.92939],[-43.90556,-19.92923],[-43.90553,-19.9289],[-43.90519,-19.92887],[-43.90503,-19.92852],[-43.90464,-19.92847],[-43.90321,-19.9281],[-43.90303,-19.92812],[-43.90305,-19.92819],[-43.90317,-19.92834],[-43.90323,-19.92859],[-43.90322,-19.9288],[-43.90316,-19.92897],[-43.90313,-19.92916],[-43.90332,-19.92972]]]]}},{"type":"Feature","properties":{"territory_id":"mg-3106200-vila-paris","name":"Vila Paris","municipality_id":"mg-3106200","polling_places":1,"approx":false,"official":true,"method":"official-ibge-cd2022","whole_municipality":false,"approx_coords_only":false,"official_name":"Vila Paris","official_code":"3106200110","match":"direct"},"geometry":{"type":"MultiPolygon","coordinates":[[[[-43.94922,-19.9487],[-43.94939,-19.94837],[-43.94965,-19.94799],[-43.94863,-19.94737],[-43.94854,-19.94737],[-43.94759,-19.94881],[-43.94756,-19.94905],[-43.94767,-19.9512],[-43.94771,-19.95142],[-43.94775,-19.95153],[-43.94837,-19.95246],[-43.9488,-19.95307],[-43.94986,-19.9538],[-43.94999,-19.95387],[-43.95023,-19.95388],[-43.95189,-19.95389],[-43.9522,-19.95353],[-43.95148,-19.95307],[-43.95156,-19.95306],[-43.95176,-19.95294],[-43.95184,-19.95286],[-43.95215,-19.9525],[-43.95226,-19.95231],[-43.9524,-19.95213],[-43.95292,-19.95197],[-43.9536,-19.95187],[-43.95371,-19.95175],[-43.95355,-19.95161],[-43.9529,-19.95074],[-43.95273,-19.95033],[-43.95272,-19.9501],[-43.95275,-19.94982],[-43.95282,-19.94959],[-43.95323,-19.94902],[-43.95343,-19.94872],[-43.95349,-19.9481],[-43.95346,-19.94789],[-43.9534,-19.94774],[-43.95314,-19.94743],[-43.95307,-19.9475],[-43.95268,-19.94778],[-43.95261,-19.94782],[-43.95259,-19.94882],[-43.95253,-19.94889],[-43.95241,-19.94872],[-43.95235,-19.94865],[-43.95216,-19.94853],[-43.95206,-19.94849],[-43.95168,-19.94845],[-43.95088,-19.94848],[-43.95015,-19.94981],[-43.94969,-19.94927],[-43.94922,-19.9487]]]]}},{"type":"Feature","properties":{"territory_id":"mg-3106200-vila-pinho-vale-do-jatoba","name":"Vila Pinho (vale do Jatobá)","municipality_id":"mg-3106200","polling_places":2,"approx":true,"official":false,"method":"voronoi-polling-places","whole_municipality":false,"approx_coords_only":false},"geometry":{"type":"MultiPolygon","coordinates":[[[[-44.04887,-19.99874],[-44.04602,-19.99984],[-44.04576,-19.9997],[-44.04668,-19.99602],[-44.04571,-19.99554],[-44.0462,-19.99508],[-44.04639,-19.99498],[-44.0466,-19.9949],[-44.04887,-19.99874]]],[[[-44.0464,-19.99456],[-44.04617,-19.99423],[-44.04606,-19.99399],[-44.0464,-19.99456]]],[[[-44.04568,-19.99998],[-44.03785,-20.00302],[-44.03619,-20.00285],[-44.03606,-20.0028],[-44.03566,-20.00273],[-44.0353,-20.00375],[-44.03523,-20.00404],[-44.03249,-20.0051],[-44.03126,-20.007],[-44.015,-20.01607],[-44.01555,-20.00368],[-44.01573,-20.00374],[-44.01623,-20.0035],[-44.01658,-20.00331],[-44.01686,-20.00315],[-44.017,-20.0031],[-44.01761,-20.00277],[-44.01874,-20.0022],[-44.01897,-20.00206],[-44.01906,-20.00184],[-44.01925,-20.00127],[-44.01925,-20.00106],[-44.01903,-19.99994],[-44.01904,-19.99967],[-44.0192,-19.99916],[-44.01939,-19.99868],[-44.01988,-19.99774],[-44.01763,-19.99718],[-44.01717,-19.99704],[-44.01681,-19.99697],[-44.01644,-19.99688],[-44.01635,-19.99686],[-44.01674,-19.99626],[-44.02001,-19.993],[-44.02037,-19.9918],[-44.02226,-19.99117],[-44.02203,-19.99181],[-44.0222,-19.9919],[-44.02121,-19.99238],[-44.02097,-19.99258],[-44.02306,-19.99303],[-44.02464,-19.99339],[-44.02635,-19.99376],[-44.02736,-19.99388],[-44.02792,-19.99392],[-44.02888,-19.99392],[-44.02898,-19.99391],[-44.02892,-19.99399],[-44.02935,-19.99399],[-44.0294,-19.99391],[-44.03036,-19.99387],[-44.03319,-19.99389],[-44.03375,-19.99402],[-44.03435,-19.99424],[-44.03442,-19.99423],[-44.03459,-19.99412],[-44.03469,-19.99412],[-44.03482,-19.99428],[-44.0349,-19.99444],[-44.03539,-19.99489],[-44.03635,-19.99563],[-44.03723,-19.99625],[-44.0377,-19.99552],[-44.03834,-19.99486],[-44.03842,-19.99491],[-44.03868,-19.99466],[-44.03937,-19.99371],[-44.0407,-19.9937],[-44.04128,-19.99388],[-44.04261,-19.99435],[-44.04277,-19.99442],[-44.04477,-19.9964],[-44.04456,-19.99659],[-44.04407,-19.99752],[-44.04338,-19.99876],[-44.04299,-19.99942],[-44.04382,-19.99951],[-44.04568,-19.99998]]],[[[-44.0396,-19.99256],[-44.03955,-19.99266],[-44.03824,-19.99233],[-44.0383,-19.99197],[-44.03869,-19.9922],[-44.03913,-19.99241],[-44.0396,-19.99256]]],[[[-44.03776,-19.99139],[-44.0374,-19.99175],[-44.03737,-19.99178],[-44.03697,-19.99159],[-44.03709,-19.99077],[-44.03776,-19.99139]]],[[[-44.03616,-19.99156],[-44.03539,-19.99242],[-44.03532,-19.99256],[-44.03518,-19.99262],[-44.0351,-19.9926],[-44.03481,-19.99259],[-44.03429,-19.99264],[-44.03414,-19.99278],[-44.03391,-19.99287],[-44.03373,-19.99276],[-44.03362,-19.99259],[-44.03345,-19.9925],[-44.03329,-19.99244],[-44.03312,-19.99235],[-44.033,-19.99217],[-44.0332,-19.99193],[-44.03336,-19.99187],[-44.03346,-19.99179],[-44.0335,-19.99167],[-44.0336,-19.99149],[-44.03356,-19.99129],[-44.03358,-19.99111],[-44.03355,-19.99095],[-44.03357,-19.99072],[-44.03355,-19.99047],[-44.03383,-19.99038],[-44.03414,-19.9904],[-44.0342,-19.99045],[-44.03441,-19.99056],[-44.03449,-19.99118],[-44.03498,-19.99113],[-44.03497,-19.99118],[-44.03585,-19.99144],[-44.03616,-19.99156]]],[[[-44.03382,-19.98734],[-44.03372,-19.98742],[-44.03368,-19.9875],[-44.03343,-19.98747],[-44.03382,-19.98734]]],[[[-44.03275,-19.98931],[-44.03267,-19.98977],[-44.03249,-19.99005],[-44.03223,-19.9901],[-44.03165,-19.9897],[-44.03129,-19.98948],[-44.02921,-19.98917],[-44.02888,-19.98909],[-44.02885,-19.98899],[-44.03226,-19.98786],[-44.03244,-19.98833],[-44.03251,-19.98877],[-44.03273,-19.98916],[-44.03275,-19.98931]]]]}},{"type":"Feature","properties":{"territory_id":"mg-3106200-vista-alegre","name":"Vista Alegre","municipality_id":"mg-3106200","polling_places":2,"approx":false,"official":true,"method":"official-ibge-cd2022","whole_municipality":false,"approx_coords_only":false,"official_name":"Vista Alegre","official_code":"3106200151","match":"direct"},"geometry":{"type":"MultiPolygon","coordinates":[[[[-44.00122,-19.95666],[-44.0019,-19.95647],[-44.00292,-19.95625],[-44.00319,-19.9557],[-44.00338,-19.95539],[-44.00381,-19.95487],[-44.00395,-19.95474],[-44.00514,-19.95395],[-44.0052,-19.95393],[-44.00556,-19.95373],[-44.00549,-19.9536],[-44.00538,-19.95354],[-44.00405,-19.95348],[-44.00346,-19.95336],[-44.00329,-19.95329],[-44.00317,-19.95322],[-44.00308,-19.95311],[-44.003,-19.95286],[-44.003,-19.95268],[-44.00302,-19.95252],[-44.00196,-19.95258],[-44.00119,-19.95149],[-44.00081,-19.95087],[-44.00124,-19.95055],[-44.00225,-19.94997],[-44.00208,-19.94991],[-44.0018,-19.94986],[-44.00107,-19.94985],[-44.00059,-19.95013],[-44.00056,-19.95008],[-43.99987,-19.95],[-43.99982,-19.95003],[-43.99972,-19.95019],[-43.99945,-19.95008],[-43.99932,-19.94998],[-43.99922,-19.94996],[-43.99927,-19.9501],[-43.99932,-19.95017],[-43.99928,-19.9502],[-43.9992,-19.9506],[-43.99916,-19.95086],[-43.9992,-19.95096],[-43.99917,-19.95098],[-43.99915,-19.95101],[-43.99886,-19.95176],[-43.9987,-19.95195],[-43.99865,-19.95193],[-43.99857,-19.95195],[-43.9984,-19.95212],[-43.99785,-19.95242],[-43.9976,-19.95258],[-43.99748,-19.95262],[-43.99709,-19.95284],[-43.99614,-19.95313],[-43.99595,-19.95329],[-43.99588,-19.95341],[-43.99551,-19.95322],[-43.99533,-19.9534],[-43.99531,-19.95346],[-43.99471,-19.95318],[-43.9942,-19.95263],[-43.99367,-19.95309],[-43.99427,-19.9537],[-43.99448,-19.95378],[-43.99691,-19.95494],[-43.99701,-19.95498],[-43.99742,-19.95494],[-43.99748,-19.955],[-43.99757,-19.95519],[-43.99757,-19.95529],[-43.99745,-19.95538],[-43.9973,-19.95541],[-43.99716,-19.9571],[-43.99754,-19.95711],[-43.99805,-19.95702],[-43.99815,-19.95701],[-43.99836,-19.95757],[-43.99814,-19.95779],[-44.00116,-19.95668],[-44.00122,-19.95666]]]]}}]}