{"type":"FeatureCollection","features":[{"type":"Feature","properties":{"territory_id":"mg-3136702-aeroporto","name":"Aeroporto","municipality_id":"mg-3136702","polling_places":1,"approx":false,"official":true,"method":"official-ibge-cd2022","whole_municipality":false,"approx_coords_only":false,"official_name":"Aeroporto","official_code":"3136702034","match":"direct"},"geometry":{"type":"MultiPolygon","coordinates":[[[[-43.38478,-21.78266],[-43.38277,-21.78133],[-43.3829,-21.78122],[-43.38327,-21.78103],[-43.38343,-21.78087],[-43.38346,-21.78074],[-43.38347,-21.78059],[-43.3829,-21.78042],[-43.38232,-21.78067],[-43.38224,-21.78067],[-43.37937,-21.77977],[-43.37867,-21.77961],[-43.37833,-21.7794],[-43.37834,-21.77938],[-43.37773,-21.77997],[-43.37659,-21.77959],[-43.37657,-21.77993],[-43.37642,-21.77997],[-43.37635,-21.78004],[-43.37623,-21.78025],[-43.37612,-21.78051],[-43.37599,-21.78097],[-43.37581,-21.78146],[-43.3757,-21.7817],[-43.37537,-21.78217],[-43.37505,-21.78265],[-43.37487,-21.78284],[-43.37469,-21.78294],[-43.37297,-21.78365],[-43.37252,-21.78387],[-43.37227,-21.78402],[-43.37298,-21.78439],[-43.37592,-21.78604],[-43.37606,-21.78617],[-43.37615,-21.78629],[-43.37622,-21.78641],[-43.37628,-21.78659],[-43.37629,-21.7868],[-43.37623,-21.78721],[-43.37624,-21.78726],[-43.37598,-21.7875],[-43.37593,-21.78759],[-43.37591,-21.78766],[-43.37589,-21.78799],[-43.37594,-21.78825],[-43.37643,-21.79037],[-43.37679,-21.79054],[-43.37722,-21.79068],[-43.37731,-21.79069],[-43.37747,-21.79066],[-43.37765,-21.79059],[-43.37785,-21.79046],[-43.378,-21.79039],[-43.37815,-21.79035],[-43.37844,-21.79032],[-43.37885,-21.7902],[-43.37892,-21.79021],[-43.37926,-21.79047],[-43.37934,-21.79051],[-43.37953,-21.79052],[-43.37963,-21.7905],[-43.37978,-21.79044],[-43.37999,-21.79032],[-43.3806,-21.78979],[-43.38099,-21.78949],[-43.38102,-21.78986],[-43.38182,-21.7905],[-43.38281,-21.79044],[-43.3829,-21.79041],[-43.38297,-21.79103],[-43.38291,-21.79146],[-43.38286,-21.79168],[-43.38217,-21.79304],[-43.38179,-21.79332],[-43.37964,-21.79442],[-43.37958,-21.79437],[-43.37945,-21.79419],[-43.37912,-21.79362],[-43.37895,-21.79346],[-43.37872,-21.7934],[-43.37742,-21.7933],[-43.37724,-21.7933],[-43.37709,-21.79332],[-43.37677,-21.79339],[-43.3757,-21.79388],[-43.37533,-21.794],[-43.37494,-21.79407],[-43.37477,-21.79406],[-43.37456,-21.79403],[-43.37295,-21.79356],[-43.37264,-21.7935],[-43.37232,-21.79348],[-43.37146,-21.79337],[-43.37109,-21.79336],[-43.37093,-21.7934],[-43.37072,-21.79354],[-43.37039,-21.79397],[-43.37031,-21.79412],[-43.37028,-21.79426],[-43.37028,-21.79475],[-43.37021,-21.79489],[-43.3701,-21.79496],[-43.37,-21.79497],[-43.3695,-21.79489],[-43.36928,-21.79471],[-43.36911,-21.79422],[-43.36894,-21.79386],[-43.36874,-21.79363],[-43.3686,-21.79352],[-43.36843,-21.79344],[-43.36828,-21.7934],[-43.36812,-21.79339],[-43.36711,-21.79337],[-43.36698,-21.79335],[-43.36683,-21.7933],[-43.36669,-21.79323],[-43.36672,-21.79341],[-43.36672,-21.79352],[-43.36667,-21.79363],[-43.36689,-21.79419],[-43.36701,-21.79432],[-43.36917,-21.79547],[-43.36959,-21.79565],[-43.37065,-21.79603],[-43.3701,-21.79686],[-43.37056,-21.79717],[-43.37056,-21.79735],[-43.37086,-21.79755],[-43.37111,-21.79787],[-43.37156,-21.79813],[-43.37166,-21.79826],[-43.37177,-21.79848],[-43.3719,-21.79861],[-43.37302,-21.7982],[-43.37363,-21.79811],[-43.37467,-21.79952],[-43.37488,-21.79966],[-43.37512,-21.80044],[-43.37557,-21.80096],[-43.37608,-21.80143],[-43.37617,-21.8015],[-43.37686,-21.80183],[-43.37747,-21.80208],[-43.37794,-21.80213],[-43.37826,-21.80226],[-43.37894,-21.80268],[-43.37922,-21.80279],[-43.37948,-21.80283],[-43.37974,-21.8028],[-43.38,-21.80263],[-43.38015,-21.80215],[-43.38033,-21.80191],[-43.38082,-21.80177],[-43.38126,-21.80185],[-43.38152,-21.80185],[-43.38176,-21.80174],[-43.38222,-21.80145],[-43.38267,-21.80128],[-43.38299,-21.80126],[-43.38385,-21.80156],[-43.38414,-21.80153],[-43.38456,-21.80139],[-43.38497,-21.80117],[-43.38545,-21.80119],[-43.38562,-21.8015],[-43.38564,-21.80204],[-43.3853,-21.80252],[-43.38489,-21.80282],[-43.38468,-21.80313],[-43.38429,-21.80405],[-43.38437,-21.8042],[-43.38475,-21.80453],[-43.38626,-21.80347],[-43.38637,-21.80338],[-43.38765,-21.80249],[-43.38808,-21.80212],[-43.38753,-21.80144],[-43.38761,-21.80136],[-43.38766,-21.80128],[-43.38767,-21.80119],[-43.38767,-21.80109],[-43.3873,-21.8004],[-43.38723,-21.8002],[-43.38724,-21.79998],[-43.38729,-21.79979],[-43.38725,-21.7995],[-43.38727,-21.79904],[-43.38752,-21.79902],[-43.38767,-21.79861],[-43.38735,-21.79526],[-43.38727,-21.7946],[-43.38674,-21.78928],[-43.38642,-21.78645],[-43.38625,-21.78404],[-43.38614,-21.78297],[-43.38578,-21.78283],[-43.38544,-21.78312],[-43.38478,-21.78266]]]]}},{"type":"Feature","properties":{"territory_id":"mg-3136702-alto-grajau","name":"Alto Grajaú","municipality_id":"mg-3136702","polling_places":1,"approx":true,"official":false,"method":"voronoi-polling-places","whole_municipality":false,"approx_coords_only":false},"geometry":{"type":"MultiPolygon","coordinates":[[[[-43.34794,-21.74078],[-43.34791,-21.74076],[-43.34774,-21.74064],[-43.34794,-21.74078]]],[[[-43.34794,-21.74032],[-43.34789,-21.74022],[-43.3479,-21.74024],[-43.34794,-21.74032]]],[[[-43.34786,-21.74019],[-43.34773,-21.74009],[-43.34784,-21.74016],[-43.34786,-21.74019]]],[[[-43.34781,-21.74136],[-43.3476,-21.74233],[-43.34752,-21.74229],[-43.34747,-21.74238],[-43.34739,-21.74263],[-43.34731,-21.74276],[-43.34733,-21.74329],[-43.34739,-21.74326],[-43.3474,-21.74326],[-43.34717,-21.74427],[-43.34693,-21.74497],[-43.34606,-21.74604],[-43.34603,-21.74581],[-43.34577,-21.74558],[-43.34562,-21.74541],[-43.3455,-21.74521],[-43.34539,-21.74483],[-43.34532,-21.74473],[-43.34518,-21.74445],[-43.345,-21.74435],[-43.34489,-21.74419],[-43.3448,-21.74397],[-43.34476,-21.7437],[-43.34482,-21.74345],[-43.34476,-21.74331],[-43.34465,-21.74312],[-43.34421,-21.74316],[-43.34408,-21.74339],[-43.34404,-21.74339],[-43.34392,-21.74328],[-43.34379,-21.74327],[-43.34359,-21.74329],[-43.34348,-21.74327],[-43.34349,-21.74324],[-43.34286,-21.74335],[-43.3427,-21.74343],[-43.34262,-21.74351],[-43.34263,-21.74355],[-43.34254,-21.7436],[-43.34253,-21.74358],[-43.34245,-21.74364],[-43.34245,-21.74365],[-43.34236,-21.74374],[-43.34227,-21.74373],[-43.34211,-21.74366],[-43.34186,-21.74342],[-43.34165,-21.74332],[-43.34138,-21.7433],[-43.34131,-21.74332],[-43.3413,-21.74328],[-43.34126,-21.74324],[-43.34128,-21.74321],[-43.34129,-21.74316],[-43.34137,-21.74307],[-43.34141,-21.74306],[-43.34149,-21.74294],[-43.34148,-21.74289],[-43.34131,-21.74277],[-43.3412,-21.74254],[-43.34119,-21.74235],[-43.34125,-21.74187],[-43.34132,-21.74166],[-43.34155,-21.74164],[-43.34218,-21.74174],[-43.34229,-21.74183],[-43.34242,-21.74186],[-43.34253,-21.74188],[-43.34291,-21.74187],[-43.34307,-21.74185],[-43.3432,-21.742],[-43.34331,-21.74195],[-43.34339,-21.74189],[-43.34378,-21.74148],[-43.34395,-21.74152],[-43.34402,-21.74142],[-43.344,-21.7413],[-43.34433,-21.74097],[-43.34453,-21.74097],[-43.34475,-21.74111],[-43.34485,-21.74097],[-43.34511,-21.74116],[-43.34518,-21.74119],[-43.34524,-21.7412],[-43.34556,-21.74121],[-43.34572,-21.74121],[-43.34585,-21.74117],[-43.34624,-21.74098],[-43.34656,-21.74084],[-43.3468,-21.7408],[-43.34693,-21.7408],[-43.34709,-21.74082],[-43.34728,-21.74086],[-43.34749,-21.74097],[-43.3476,-21.74106],[-43.34774,-21.74122],[-43.34781,-21.74136]]],[[[-43.3448,-21.74094],[-43.34446,-21.74071],[-43.3447,-21.74086],[-43.3448,-21.74094]]],[[[-43.34312,-21.7398],[-43.34298,-21.73953],[-43.34295,-21.73943],[-43.34312,-21.7398]]],[[[-43.34296,-21.73913],[-43.34295,-21.73943],[-43.34294,-21.73931],[-43.34296,-21.73913]]]]}},{"type":"Feature","properties":{"territory_id":"mg-3136702-amazonia","name":"Amazonia","municipality_id":"mg-3136702","polling_places":1,"approx":true,"official":false,"method":"voronoi-polling-places","whole_municipality":false,"approx_coords_only":false},"geometry":{"type":"MultiPolygon","coordinates":[[[[-43.44651,-21.76075],[-43.44063,-21.78285],[-43.40791,-21.77199],[-43.38464,-21.75862],[-43.38464,-21.75857],[-43.38456,-21.75843],[-43.38451,-21.75822],[-43.38441,-21.75794],[-43.3843,-21.75777],[-43.3842,-21.75752],[-43.38404,-21.75686],[-43.38396,-21.75636],[-43.38397,-21.756],[-43.38404,-21.75554],[-43.38412,-21.75533],[-43.38417,-21.7551],[-43.38456,-21.75459],[-43.38471,-21.75405],[-43.38474,-21.753],[-43.38461,-21.75276],[-43.38451,-21.75251],[-43.38434,-21.7519],[-43.38396,-21.7518],[-43.38322,-21.75187],[-43.38321,-21.75166],[-43.39017,-21.74845],[-43.39081,-21.7488],[-43.39095,-21.74891],[-43.39101,-21.74898],[-43.39107,-21.7491],[-43.39115,-21.74888],[-43.39145,-21.74852],[-43.39167,-21.74823],[-43.39176,-21.74811],[-43.39192,-21.74802],[-43.39204,-21.74799],[-43.39218,-21.74799],[-43.39236,-21.74801],[-43.39242,-21.74805],[-43.39244,-21.7481],[-43.39238,-21.74847],[-43.39272,-21.74811],[-43.39289,-21.74799],[-43.39355,-21.74817],[-43.39464,-21.74875],[-43.39521,-21.74923],[-43.39633,-21.74966],[-43.3974,-21.74976],[-43.39758,-21.74982],[-43.39796,-21.75028],[-43.39833,-21.75061],[-43.39856,-21.75086],[-43.39865,-21.75129],[-43.399,-21.75179],[-43.39924,-21.75225],[-43.39951,-21.75258],[-43.39961,-21.75281],[-43.40004,-21.75287],[-43.40025,-21.75279],[-43.40069,-21.75248],[-43.40102,-21.75232],[-43.40147,-21.75206],[-43.4019,-21.75171],[-43.40204,-21.75168],[-43.40252,-21.75146],[-43.40322,-21.75101],[-43.4035,-21.75079],[-43.40393,-21.75055],[-43.40418,-21.7504],[-43.40457,-21.75008],[-43.40507,-21.74984],[-43.40539,-21.74962],[-43.40567,-21.74947],[-43.40587,-21.74943],[-43.4062,-21.74927],[-43.40654,-21.74906],[-43.40667,-21.74913],[-43.40685,-21.74931],[-43.40697,-21.74949],[-43.40879,-21.74848],[-43.40953,-21.74789],[-43.41018,-21.74722],[-43.41029,-21.747],[-43.44651,-21.76075]]]]}},{"type":"Feature","properties":{"territory_id":"mg-3136702-bairu","name":"Bairú","municipality_id":"mg-3136702","polling_places":4,"approx":false,"official":true,"method":"official-ibge-cd2022","whole_municipality":false,"approx_coords_only":false,"official_name":"Bairu","official_code":"3136702003","match":"direct"},"geometry":{"type":"MultiPolygon","coordinates":[[[[-43.3508,-21.73634],[-43.35002,-21.73611],[-43.35001,-21.73603],[-43.35003,-21.73599],[-43.35018,-21.73587],[-43.35009,-21.73578],[-43.35021,-21.73548],[-43.35021,-21.73526],[-43.35013,-21.73521],[-43.35,-21.73526],[-43.34722,-21.73748],[-43.34729,-21.73757],[-43.34715,-21.73783],[-43.347,-21.73789],[-43.34666,-21.73777],[-43.34639,-21.73793],[-43.34636,-21.73797],[-43.3464,-21.73799],[-43.34648,-21.73813],[-43.3467,-21.73833],[-43.34698,-21.73856],[-43.34702,-21.73862],[-43.34705,-21.73875],[-43.34705,-21.73885],[-43.34703,-21.73898],[-43.34693,-21.73933],[-43.34691,-21.73949],[-43.34695,-21.73968],[-43.34705,-21.7398],[-43.34731,-21.73995],[-43.34739,-21.73999],[-43.34773,-21.74009],[-43.34784,-21.74016],[-43.3479,-21.74024],[-43.34794,-21.74032],[-43.34774,-21.74064],[-43.34797,-21.7408],[-43.34809,-21.74055],[-43.34832,-21.74076],[-43.34881,-21.74115],[-43.34922,-21.74136],[-43.34963,-21.74167],[-43.34982,-21.74184],[-43.34997,-21.74167],[-43.35005,-21.74153],[-43.35009,-21.74141],[-43.35028,-21.74151],[-43.35035,-21.74144],[-43.35077,-21.74178],[-43.35181,-21.74233],[-43.35206,-21.74239],[-43.35203,-21.74251],[-43.35222,-21.74255],[-43.3523,-21.74224],[-43.35236,-21.74223],[-43.35238,-21.74218],[-43.35257,-21.74223],[-43.35269,-21.74181],[-43.3525,-21.74178],[-43.35253,-21.74166],[-43.35284,-21.74171],[-43.35296,-21.74149],[-43.35283,-21.74147],[-43.35285,-21.74133],[-43.3529,-21.74131],[-43.35292,-21.74127],[-43.35291,-21.74075],[-43.35328,-21.73933],[-43.3531,-21.73929],[-43.35313,-21.73917],[-43.35288,-21.73912],[-43.35289,-21.73906],[-43.35291,-21.73901],[-43.35335,-21.73909],[-43.35359,-21.73815],[-43.35324,-21.73806],[-43.35319,-21.73799],[-43.35314,-21.73797],[-43.35316,-21.73791],[-43.35312,-21.7379],[-43.35324,-21.73753],[-43.35211,-21.73723],[-43.3524,-21.73684],[-43.35202,-21.73669],[-43.35142,-21.73627],[-43.35151,-21.73616],[-43.35103,-21.73611],[-43.3508,-21.73634]]]]}},{"type":"Feature","properties":{"territory_id":"mg-3136702-bandeirantes","name":"Bandeirantes","municipality_id":"mg-3136702","polling_places":3,"approx":true,"official":false,"method":"voronoi-polling-places","whole_municipality":false,"approx_coords_only":false},"geometry":{"type":"MultiPolygon","coordinates":[[[[-43.37609,-21.72099],[-43.3554,-21.72857],[-43.35541,-21.72841],[-43.35547,-21.72805],[-43.35403,-21.7279],[-43.35337,-21.72777],[-43.35296,-21.72761],[-43.35283,-21.72789],[-43.35271,-21.72806],[-43.35256,-21.72821],[-43.35245,-21.72837],[-43.35229,-21.72892],[-43.35225,-21.72901],[-43.35209,-21.72921],[-43.35111,-21.7284],[-43.35084,-21.72823],[-43.35084,-21.7282],[-43.35076,-21.72818],[-43.35054,-21.72804],[-43.35069,-21.72694],[-43.35056,-21.72662],[-43.35047,-21.72647],[-43.35008,-21.72605],[-43.34984,-21.72584],[-43.34995,-21.72567],[-43.34936,-21.7253],[-43.34903,-21.7253],[-43.34901,-21.72526],[-43.34927,-21.72504],[-43.34925,-21.72505],[-43.34923,-21.72478],[-43.34923,-21.72461],[-43.34926,-21.72432],[-43.34946,-21.72349],[-43.34952,-21.72314],[-43.34951,-21.72309],[-43.34916,-21.72296],[-43.34927,-21.72189],[-43.34908,-21.72189],[-43.349,-21.72187],[-43.34884,-21.72179],[-43.34869,-21.72157],[-43.34864,-21.72153],[-43.3482,-21.72133],[-43.3474,-21.72135],[-43.34695,-21.71974],[-43.35623,-21.71786],[-43.35656,-21.71768],[-43.36184,-21.71413],[-43.37609,-21.72099]]]]}},{"type":"Feature","properties":{"territory_id":"mg-3136702-barbosa-lage","name":"Barbosa Lage","municipality_id":"mg-3136702","polling_places":1,"approx":false,"official":true,"method":"official-ibge-cd2022","whole_municipality":false,"approx_coords_only":false,"official_name":"Barbosa Lage","official_code":"3136702040","match":"direct"},"geometry":{"type":"MultiPolygon","coordinates":[[[[-43.41144,-21.72417],[-43.41313,-21.72332],[-43.4141,-21.72287],[-43.4145,-21.72266],[-43.41467,-21.72259],[-43.41469,-21.72154],[-43.41478,-21.72001],[-43.41479,-21.71957],[-43.41487,-21.71783],[-43.41489,-21.71655],[-43.41503,-21.71381],[-43.415,-21.71363],[-43.41496,-21.71303],[-43.41526,-21.71208],[-43.41435,-21.71135],[-43.41429,-21.71122],[-43.4143,-21.71117],[-43.41456,-21.71087],[-43.41495,-21.7101],[-43.41477,-21.71003],[-43.4142,-21.71014],[-43.41421,-21.70986],[-43.41406,-21.70926],[-43.41392,-21.70905],[-43.41384,-21.70897],[-43.41338,-21.70829],[-43.41334,-21.70815],[-43.41332,-21.70803],[-43.41336,-21.70779],[-43.41353,-21.70755],[-43.41339,-21.7073],[-43.41337,-21.70686],[-43.41302,-21.70636],[-43.41279,-21.70621],[-43.41236,-21.70606],[-43.41203,-21.70606],[-43.4106,-21.70633],[-43.41067,-21.70667],[-43.41084,-21.70716],[-43.41088,-21.70733],[-43.41082,-21.70749],[-43.4107,-21.70763],[-43.41014,-21.70797],[-43.40985,-21.70804],[-43.40962,-21.7082],[-43.40925,-21.70859],[-43.40908,-21.70874],[-43.40897,-21.70888],[-43.40892,-21.70901],[-43.40894,-21.7092],[-43.40909,-21.70946],[-43.40879,-21.70964],[-43.4067,-21.70779],[-43.40497,-21.70852],[-43.40466,-21.70964],[-43.40438,-21.71104],[-43.40431,-21.71194],[-43.40489,-21.71347],[-43.40362,-21.71433],[-43.40389,-21.71473],[-43.40352,-21.71501],[-43.4026,-21.71566],[-43.40202,-21.71605],[-43.4018,-21.71617],[-43.40158,-21.71625],[-43.40135,-21.71631],[-43.40027,-21.71634],[-43.40004,-21.71639],[-43.39978,-21.71647],[-43.39961,-21.71654],[-43.39945,-21.71663],[-43.39923,-21.71681],[-43.39912,-21.71692],[-43.39894,-21.71707],[-43.39878,-21.71716],[-43.39838,-21.71751],[-43.39814,-21.7176],[-43.39784,-21.71767],[-43.39769,-21.71774],[-43.39752,-21.7177],[-43.39711,-21.71765],[-43.39678,-21.71761],[-43.39665,-21.71762],[-43.39636,-21.71767],[-43.39617,-21.71775],[-43.39602,-21.71784],[-43.39582,-21.71808],[-43.39563,-21.71833],[-43.39451,-21.71935],[-43.39439,-21.71948],[-43.39429,-21.71963],[-43.39358,-21.71939],[-43.39338,-21.72052],[-43.39321,-21.7208],[-43.39306,-21.72096],[-43.39294,-21.72127],[-43.39293,-21.72153],[-43.39305,-21.72169],[-43.39317,-21.7218],[-43.39325,-21.7219],[-43.39347,-21.72204],[-43.39365,-21.72224],[-43.39377,-21.72246],[-43.39367,-21.72277],[-43.39356,-21.72293],[-43.39539,-21.72285],[-43.39591,-21.72278],[-43.39613,-21.72274],[-43.39611,-21.72233],[-43.39612,-21.72214],[-43.39614,-21.72198],[-43.39624,-21.72168],[-43.39658,-21.7217],[-43.39668,-21.72168],[-43.39733,-21.72173],[-43.39785,-21.72184],[-43.39833,-21.72185],[-43.39896,-21.7219],[-43.39936,-21.72199],[-43.39999,-21.72224],[-43.40035,-21.72236],[-43.40111,-21.72266],[-43.40202,-21.723],[-43.40257,-21.72385],[-43.40269,-21.7237],[-43.40294,-21.72363],[-43.4032,-21.72424],[-43.40334,-21.72438],[-43.40347,-21.72459],[-43.40375,-21.72529],[-43.40374,-21.72548],[-43.40367,-21.72582],[-43.40339,-21.72596],[-43.40294,-21.72634],[-43.4029,-21.7265],[-43.40286,-21.72698],[-43.40285,-21.72732],[-43.40281,-21.72751],[-43.40268,-21.72768],[-43.40251,-21.72781],[-43.40215,-21.72797],[-43.4015,-21.7278],[-43.40146,-21.72787],[-43.40121,-21.72811],[-43.4011,-21.72827],[-43.40093,-21.72858],[-43.40157,-21.72883],[-43.40231,-21.72914],[-43.40239,-21.72923],[-43.40267,-21.72948],[-43.40305,-21.72974],[-43.40347,-21.72994],[-43.40365,-21.73009],[-43.40379,-21.73012],[-43.40404,-21.72995],[-43.40428,-21.72993],[-43.40459,-21.72995],[-43.40477,-21.72994],[-43.40502,-21.72983],[-43.40517,-21.7298],[-43.40539,-21.72973],[-43.40538,-21.72974],[-43.40571,-21.72968],[-43.40635,-21.72951],[-43.40646,-21.72945],[-43.40661,-21.72942],[-43.40717,-21.72921],[-43.40732,-21.7292],[-43.40765,-21.72903],[-43.40783,-21.72897],[-43.40821,-21.72877],[-43.4088,-21.72826],[-43.40899,-21.72807],[-43.40924,-21.72789],[-43.40985,-21.72762],[-43.41039,-21.72722],[-43.4107,-21.72697],[-43.41119,-21.72661],[-43.41069,-21.72609],[-43.41039,-21.72581],[-43.41022,-21.72556],[-43.41004,-21.7254],[-43.40984,-21.72519],[-43.40971,-21.72501],[-43.41001,-21.7249],[-43.41045,-21.72466],[-43.41113,-21.72434],[-43.41144,-21.72417]]]]}},{"type":"Feature","properties":{"territory_id":"mg-3136702-barreira-do-triunfo","name":"Barreira do Triunfo","municipality_id":"mg-3136702","polling_places":1,"approx":false,"official":true,"method":"official-ibge-cd2022","whole_municipality":false,"approx_coords_only":false,"official_name":"Barreira do Triunfo","official_code":"3136702051","match":"direct"},"geometry":{"type":"MultiPolygon","coordinates":[[[[-43.43774,-21.64196],[-43.43775,-21.64194],[-43.43767,-21.64184],[-43.43732,-21.6416],[-43.43699,-21.64134],[-43.43681,-21.64111],[-43.43646,-21.6409],[-43.43621,-21.64068],[-43.43602,-21.64048],[-43.43575,-21.64028],[-43.43543,-21.63996],[-43.43531,-21.63985],[-43.43501,-21.63963],[-43.43475,-21.63939],[-43.43436,-21.63909],[-43.4341,-21.63893],[-43.43399,-21.63872],[-43.43375,-21.63849],[-43.4332,-21.63886],[-43.43295,-21.63901],[-43.43278,-21.63913],[-43.4325,-21.63926],[-43.43098,-21.64009],[-43.43049,-21.64028],[-43.4303,-21.64034],[-43.43004,-21.64051],[-43.42967,-21.6409],[-43.42928,-21.64118],[-43.42897,-21.64132],[-43.42884,-21.64162],[-43.4288,-21.64194],[-43.42887,-21.6426],[-43.42896,-21.64305],[-43.42895,-21.64372],[-43.42883,-21.64408],[-43.4287,-21.64421],[-43.42847,-21.64441],[-43.4279,-21.6446],[-43.42713,-21.64479],[-43.42654,-21.64485],[-43.42534,-21.64487],[-43.4249,-21.64494],[-43.42468,-21.64505],[-43.42444,-21.64525],[-43.4242,-21.64549],[-43.42403,-21.64595],[-43.42399,-21.64649],[-43.42394,-21.64661],[-43.42389,-21.64683],[-43.42366,-21.64702],[-43.42332,-21.64709],[-43.42297,-21.64719],[-43.42259,-21.64728],[-43.42228,-21.6474],[-43.42182,-21.64778],[-43.42163,-21.64809],[-43.42144,-21.64823],[-43.42082,-21.64892],[-43.41994,-21.64951],[-43.41957,-21.64971],[-43.41908,-21.6499],[-43.41872,-21.6499],[-43.41818,-21.64969],[-43.41791,-21.64938],[-43.41752,-21.64906],[-43.41715,-21.64857],[-43.41681,-21.64827],[-43.41621,-21.64809],[-43.41581,-21.64803],[-43.41447,-21.64802],[-43.4142,-21.64801],[-43.41372,-21.64794],[-43.41325,-21.64793],[-43.41273,-21.64802],[-43.41232,-21.64804],[-43.41199,-21.64799],[-43.41175,-21.64783],[-43.41141,-21.64769],[-43.41109,-21.64769],[-43.41063,-21.64756],[-43.4099,-21.64725],[-43.4096,-21.64728],[-43.4095,-21.64738],[-43.40951,-21.64758],[-43.40806,-21.65057],[-43.40823,-21.65071],[-43.40879,-21.65106],[-43.40902,-21.65115],[-43.40947,-21.65162],[-43.4098,-21.65186],[-43.41015,-21.65207],[-43.41042,-21.65232],[-43.41087,-21.65257],[-43.41135,-21.65291],[-43.4118,-21.6534],[-43.41251,-21.65424],[-43.41339,-21.65485],[-43.41431,-21.65543],[-43.41496,-21.65562],[-43.41523,-21.65574],[-43.41545,-21.65619],[-43.41566,-21.65642],[-43.41577,-21.65664],[-43.41575,-21.65685],[-43.41547,-21.65714],[-43.41493,-21.65788],[-43.41449,-21.65839],[-43.4137,-21.65972],[-43.41359,-21.66026],[-43.41345,-21.66113],[-43.41327,-21.66209],[-43.4132,-21.66273],[-43.41327,-21.66323],[-43.41338,-21.66369],[-43.41359,-21.66409],[-43.41382,-21.66428],[-43.41406,-21.66443],[-43.41433,-21.66446],[-43.41477,-21.66443],[-43.41556,-21.66414],[-43.41616,-21.66369],[-43.41632,-21.66353],[-43.41661,-21.66353],[-43.41694,-21.66404],[-43.41714,-21.66413],[-43.41793,-21.6657],[-43.41812,-21.66653],[-43.41848,-21.6664],[-43.41894,-21.66705],[-43.41917,-21.66732],[-43.41946,-21.66781],[-43.41951,-21.66807],[-43.41937,-21.66859],[-43.41911,-21.66943],[-43.41908,-21.67021],[-43.41915,-21.67054],[-43.41915,-21.67064],[-43.42052,-21.66942],[-43.42136,-21.66857],[-43.42177,-21.66761],[-43.42257,-21.66604],[-43.42293,-21.666],[-43.42323,-21.66582],[-43.42396,-21.66545],[-43.42432,-21.66537],[-43.42446,-21.66538],[-43.42473,-21.66528],[-43.42489,-21.6652],[-43.42507,-21.66506],[-43.42538,-21.66473],[-43.42552,-21.66463],[-43.42556,-21.6645],[-43.42596,-21.66484],[-43.42961,-21.66772],[-43.43078,-21.66853],[-43.43077,-21.66856],[-43.43084,-21.66893],[-43.43108,-21.66926],[-43.43135,-21.66932],[-43.43194,-21.66937],[-43.43209,-21.6696],[-43.43217,-21.66988],[-43.43221,-21.67013],[-43.43297,-21.67103],[-43.43317,-21.67064],[-43.43341,-21.67041],[-43.43366,-21.67014],[-43.43388,-21.66996],[-43.43423,-21.66987],[-43.43447,-21.6697],[-43.43497,-21.66949],[-43.43529,-21.66943],[-43.43586,-21.66943],[-43.43631,-21.66925],[-43.43659,-21.66922],[-43.43675,-21.66923],[-43.43692,-21.66959],[-43.43721,-21.67],[-43.4376,-21.67038],[-43.43776,-21.67053],[-43.43811,-21.67074],[-43.43894,-21.66932],[-43.43889,-21.66931],[-43.4386,-21.66912],[-43.43795,-21.6685],[-43.43778,-21.66836],[-43.43772,-21.66818],[-43.43739,-21.66735],[-43.43736,-21.66704],[-43.43725,-21.66685],[-43.43704,-21.66668],[-43.43692,-21.66643],[-43.43686,-21.66626],[-43.43664,-21.66577],[-43.43661,-21.66534],[-43.43651,-21.66512],[-43.43618,-21.66466],[-43.43602,-21.66422],[-43.43578,-21.6637],[-43.43566,-21.66351],[-43.43548,-21.66308],[-43.43528,-21.66245],[-43.43496,-21.6619],[-43.43481,-21.66173],[-43.43473,-21.66158],[-43.43471,-21.66098],[-43.43468,-21.66082],[-43.43448,-21.66042],[-43.43423,-21.66029],[-43.43418,-21.66017],[-43.43414,-21.65995],[-43.43408,-21.6597],[-43.43391,-21.65929],[-43.43399,-21.65917],[-43.43403,-21.65878],[-43.43409,-21.65852],[-43.43416,-21.65799],[-43.4342,-21.65783],[-43.4342,-21.65749],[-43.43429,-21.65707],[-43.43432,-21.65678],[-43.43442,-21.65619],[-43.43448,-21.65594],[-43.43453,-21.65545],[-43.43478,-21.65405],[-43.43481,-21.6537],[-43.43491,-21.65299],[-43.435,-21.65265],[-43.43502,-21.65249],[-43.43498,-21.65229],[-43.435,-21.65207],[-43.43504,-21.65194],[-43.43505,-21.6516],[-43.43508,-21.6514],[-43.43527,-21.65073],[-43.43529,-21.65057],[-43.43528,-21.65041],[-43.43523,-21.65025],[-43.43523,-21.65012],[-43.43528,-21.64995],[-43.43539,-21.64963],[-43.43544,-21.64931],[-43.43546,-21.64903],[-43.43556,-21.64861],[-43.43564,-21.64848],[-43.43579,-21.64815],[-43.43618,-21.64755],[-43.43649,-21.64726],[-43.43686,-21.64701],[-43.437,-21.64684],[-43.43711,-21.64666],[-43.43722,-21.64656],[-43.43797,-21.64578],[-43.4384,-21.64538],[-43.43914,-21.64459],[-43.43933,-21.64423],[-43.4393,-21.64411],[-43.43917,-21.64399],[-43.43898,-21.64385],[-43.43881,-21.64365],[-43.4387,-21.64344],[-43.43849,-21.64317],[-43.43846,-21.64307],[-43.43845,-21.64286],[-43.43838,-21.64274],[-43.43822,-21.64267],[-43.4381,-21.64258],[-43.43793,-21.64236],[-43.43784,-21.6421],[-43.43774,-21.64196]]]]}},{"type":"Feature","properties":{"territory_id":"mg-3136702-bela-aurora","name":"Bela Aurora","municipality_id":"mg-3136702","polling_places":1,"approx":true,"official":false,"method":"voronoi-polling-places","whole_municipality":false,"approx_coords_only":false},"geometry":{"type":"MultiPolygon","coordinates":[[[[-43.38656,-21.88942],[-43.3746,-21.896],[-43.38462,-21.8758],[-43.38656,-21.88942]]],[[[-43.37818,-21.83078],[-43.35867,-21.82121],[-43.35875,-21.82123],[-43.35923,-21.82148],[-43.3596,-21.82153],[-43.35972,-21.82152],[-43.36059,-21.82191],[-43.36089,-21.82202],[-43.36169,-21.82217],[-43.36193,-21.8223],[-43.36243,-21.82241],[-43.36321,-21.82264],[-43.3637,-21.8227],[-43.36425,-21.82269],[-43.36485,-21.82261],[-43.36536,-21.82248],[-43.36612,-21.82224],[-43.36658,-21.8222],[-43.36681,-21.82212],[-43.367,-21.82201],[-43.36739,-21.82208],[-43.36816,-21.82215],[-43.36882,-21.82194],[-43.36941,-21.82119],[-43.36996,-21.82089],[-43.37011,-21.82074],[-43.37023,-21.82059],[-43.37025,-21.82054],[-43.37031,-21.82023],[-43.37078,-21.81942],[-43.37093,-21.81905],[-43.37093,-21.81892],[-43.37089,-21.81867],[-43.37082,-21.81842],[-43.37069,-21.81809],[-43.36974,-21.81718],[-43.36892,-21.81657],[-43.3677,-21.81575],[-43.36666,-21.81555],[-43.36577,-21.81513],[-43.36505,-21.81505],[-43.36465,-21.81429],[-43.36446,-21.81332],[-43.36431,-21.81224],[-43.36421,-21.81182],[-43.36411,-21.81143],[-43.36406,-21.81133],[-43.36396,-21.81119],[-43.36383,-21.81107],[-43.36376,-21.81096],[-43.3637,-21.81067],[-43.36369,-21.81049],[-43.36374,-21.81027],[-43.36384,-21.81006],[-43.36401,-21.8098],[-43.364,-21.80941],[-43.36397,-21.80886],[-43.36392,-21.80871],[-43.36385,-21.80859],[-43.3637,-21.80844],[-43.36341,-21.80799],[-43.36314,-21.80773],[-43.36302,-21.80739],[-43.36303,-21.8066],[-43.36263,-21.80596],[-43.36354,-21.80518],[-43.36364,-21.80514],[-43.36396,-21.80515],[-43.36413,-21.80513],[-43.3643,-21.80507],[-43.36447,-21.80499],[-43.36456,-21.80493],[-43.36463,-21.80486],[-43.36454,-21.80414],[-43.36436,-21.80395],[-43.36414,-21.80379],[-43.36303,-21.80332],[-43.36284,-21.80321],[-43.36279,-21.80314],[-43.36264,-21.80259],[-43.36262,-21.8023],[-43.36259,-21.80211],[-43.36259,-21.80198],[-43.36266,-21.80185],[-43.36266,-21.80175],[-43.36263,-21.80153],[-43.36252,-21.80135],[-43.36233,-21.80109],[-43.36226,-21.80092],[-43.36221,-21.80066],[-43.36241,-21.80022],[-43.36274,-21.80004],[-43.36293,-21.79996],[-43.36284,-21.7992],[-43.36297,-21.79857],[-43.36284,-21.79813],[-43.36274,-21.79808],[-43.36262,-21.7978],[-43.36239,-21.79764],[-43.3622,-21.79759],[-43.362,-21.79741],[-43.36189,-21.7972],[-43.36148,-21.79673],[-43.36181,-21.7971],[-43.36289,-21.79544],[-43.36339,-21.79565],[-43.36331,-21.79615],[-43.3634,-21.7964],[-43.36378,-21.7965],[-43.36417,-21.79577],[-43.36454,-21.79531],[-43.36467,-21.79513],[-43.36466,-21.79497],[-43.36502,-21.79506],[-43.36537,-21.79523],[-43.36546,-21.79535],[-43.3656,-21.79558],[-43.36565,-21.79575],[-43.36591,-21.79613],[-43.36613,-21.79603],[-43.36885,-21.7953],[-43.36715,-21.7944],[-43.36701,-21.79432],[-43.36917,-21.79547],[-43.36959,-21.79565],[-43.37065,-21.79603],[-43.3701,-21.79686],[-43.37056,-21.79717],[-43.37056,-21.79735],[-43.37086,-21.79755],[-43.37111,-21.79787],[-43.37156,-21.79813],[-43.37166,-21.79826],[-43.37177,-21.79848],[-43.3719,-21.79861],[-43.37302,-21.7982],[-43.37351,-21.79812],[-43.37818,-21.83078]]],[[[-43.37251,-21.79349],[-43.37232,-21.79348],[-43.37146,-21.79337],[-43.37109,-21.79336],[-43.37093,-21.7934],[-43.37072,-21.79354],[-43.37039,-21.79397],[-43.37031,-21.79412],[-43.37028,-21.79426],[-43.37028,-21.79475],[-43.37021,-21.79489],[-43.3701,-21.79496],[-43.37,-21.79497],[-43.3695,-21.79489],[-43.36928,-21.79471],[-43.36911,-21.79422],[-43.36894,-21.79386],[-43.36874,-21.79363],[-43.3686,-21.79352],[-43.36843,-21.79344],[-43.36828,-21.7934],[-43.36812,-21.79339],[-43.36711,-21.79337],[-43.36698,-21.79335],[-43.36683,-21.7933],[-43.3667,-21.79323],[-43.36648,-21.79303],[-43.36637,-21.7929],[-43.3657,-21.79161],[-43.36583,-21.79152],[-43.36598,-21.79137],[-43.36653,-21.79094],[-43.36669,-21.7909],[-43.36701,-21.79073],[-43.36761,-21.79027],[-43.36869,-21.78953],[-43.36808,-21.78846],[-43.36721,-21.78731],[-43.36766,-21.78716],[-43.36954,-21.78712],[-43.37251,-21.79349]]],[[[-43.36719,-21.78207],[-43.367,-21.78212],[-43.36694,-21.78162],[-43.36684,-21.78154],[-43.36678,-21.78143],[-43.36674,-21.78129],[-43.36676,-21.78115],[-43.36719,-21.78207]]],[[[-43.36444,-21.78124],[-43.36425,-21.78123],[-43.36442,-21.78124],[-43.36444,-21.78124]]],[[[-43.35854,-21.78597],[-43.35849,-21.78504],[-43.35852,-21.78547],[-43.35854,-21.78597]]],[[[-43.35289,-21.78492],[-43.3525,-21.78508],[-43.35251,-21.78507],[-43.35289,-21.78492]]],[[[-43.35247,-21.78509],[-43.35242,-21.78511],[-43.35236,-21.78512],[-43.35247,-21.78509]]],[[[-43.35229,-21.78513],[-43.35227,-21.78513],[-43.35226,-21.78512],[-43.35229,-21.78513]]],[[[-43.35217,-21.78509],[-43.35216,-21.78508],[-43.35195,-21.78488],[-43.35217,-21.78509]]],[[[-43.34788,-21.80315],[-43.34761,-21.8028],[-43.34735,-21.80246],[-43.34788,-21.80315]]]]}},{"type":"Feature","properties":{"territory_id":"mg-3136702-benfica","name":"Benfica","municipality_id":"mg-3136702","polling_places":5,"approx":false,"official":true,"method":"official-ibge-cd2022","whole_municipality":false,"approx_coords_only":false,"official_name":"Benfica","official_code":"3136702050","match":"direct"},"geometry":{"type":"MultiPolygon","coordinates":[[[[-43.43166,-21.68637],[-43.43151,-21.68652],[-43.43142,-21.68664],[-43.43136,-21.68681],[-43.43132,-21.68699],[-43.43131,-21.68728],[-43.43136,-21.68777],[-43.43124,-21.68857],[-43.43116,-21.68893],[-43.4311,-21.68911],[-43.43103,-21.68918],[-43.43095,-21.68922],[-43.43054,-21.68939],[-43.42992,-21.68976],[-43.42977,-21.68989],[-43.42925,-21.69018],[-43.4283,-21.6909],[-43.42729,-21.69172],[-43.42768,-21.69225],[-43.42781,-21.69234],[-43.42935,-21.69388],[-43.42919,-21.69406],[-43.42933,-21.69422],[-43.42931,-21.6943],[-43.42964,-21.69469],[-43.42998,-21.69519],[-43.4301,-21.69521],[-43.43027,-21.69545],[-43.43043,-21.69535],[-43.43073,-21.69574],[-43.43106,-21.69609],[-43.43185,-21.69674],[-43.43198,-21.6968],[-43.43289,-21.6968],[-43.43301,-21.697],[-43.43323,-21.69695],[-43.43346,-21.69707],[-43.43361,-21.69718],[-43.43376,-21.6972],[-43.43438,-21.69747],[-43.43454,-21.69767],[-43.43485,-21.69792],[-43.43519,-21.69796],[-43.43559,-21.69782],[-43.43586,-21.69789],[-43.43615,-21.6981],[-43.43652,-21.69809],[-43.4368,-21.69799],[-43.4371,-21.69799],[-43.43783,-21.69832],[-43.43839,-21.69864],[-43.43868,-21.69914],[-43.4388,-21.69995],[-43.43922,-21.69978],[-43.43891,-21.70072],[-43.43959,-21.70091],[-43.44001,-21.70108],[-43.44032,-21.70119],[-43.44022,-21.70142],[-43.44042,-21.70151],[-43.44044,-21.70184],[-43.44052,-21.70207],[-43.4406,-21.70219],[-43.4407,-21.7029],[-43.44097,-21.70418],[-43.4412,-21.70456],[-43.44135,-21.70451],[-43.44151,-21.70461],[-43.44158,-21.70472],[-43.44146,-21.70484],[-43.44139,-21.70498],[-43.44144,-21.70514],[-43.44179,-21.70541],[-43.44192,-21.70547],[-43.44193,-21.70555],[-43.44217,-21.7062],[-43.44253,-21.70646],[-43.44268,-21.70661],[-43.44344,-21.70707],[-43.44421,-21.70762],[-43.44467,-21.70787],[-43.44483,-21.70794],[-43.44514,-21.70839],[-43.44567,-21.70901],[-43.4464,-21.70934],[-43.44648,-21.70914],[-43.4466,-21.70892],[-43.44729,-21.70874],[-43.4476,-21.70876],[-43.44795,-21.70873],[-43.44844,-21.70858],[-43.44866,-21.70877],[-43.4489,-21.70888],[-43.4492,-21.70887],[-43.44958,-21.7088],[-43.44998,-21.70861],[-43.45046,-21.70813],[-43.45066,-21.70764],[-43.45059,-21.70703],[-43.45041,-21.70655],[-43.45035,-21.70632],[-43.45033,-21.70575],[-43.45026,-21.70563],[-43.44815,-21.70568],[-43.44867,-21.70454],[-43.44901,-21.70371],[-43.4494,-21.70261],[-43.44946,-21.7024],[-43.44964,-21.70187],[-43.45137,-21.70156],[-43.45172,-21.70093],[-43.45186,-21.70084],[-43.45192,-21.70072],[-43.4514,-21.69867],[-43.45128,-21.6984],[-43.45145,-21.69813],[-43.45126,-21.69788],[-43.45142,-21.69779],[-43.45237,-21.69794],[-43.45256,-21.69801],[-43.45273,-21.69802],[-43.45286,-21.69683],[-43.45379,-21.69364],[-43.45393,-21.69293],[-43.45457,-21.6905],[-43.45519,-21.68879],[-43.45557,-21.68757],[-43.45605,-21.68651],[-43.45643,-21.68514],[-43.45831,-21.68171],[-43.45945,-21.6797],[-43.45952,-21.6794],[-43.45878,-21.67877],[-43.45685,-21.67718],[-43.45607,-21.67739],[-43.45256,-21.677],[-43.45055,-21.6742],[-43.4492,-21.67215],[-43.44813,-21.6714],[-43.44666,-21.67135],[-43.44427,-21.67019],[-43.44335,-21.6702],[-43.44285,-21.67061],[-43.44204,-21.67106],[-43.44188,-21.67085],[-43.44165,-21.67069],[-43.44129,-21.67049],[-43.44109,-21.67031],[-43.441,-21.67006],[-43.44087,-21.66994],[-43.44064,-21.66987],[-43.44019,-21.66982],[-43.43997,-21.66978],[-43.43942,-21.6696],[-43.43894,-21.66932],[-43.43811,-21.67074],[-43.43776,-21.67053],[-43.4376,-21.67038],[-43.43721,-21.67],[-43.43692,-21.66959],[-43.43675,-21.66923],[-43.43659,-21.66922],[-43.43631,-21.66925],[-43.43586,-21.66943],[-43.43529,-21.66943],[-43.43497,-21.66949],[-43.43447,-21.6697],[-43.43423,-21.66987],[-43.43388,-21.66996],[-43.43366,-21.67014],[-43.43341,-21.67041],[-43.43317,-21.67064],[-43.43297,-21.67103],[-43.43292,-21.67122],[-43.43285,-21.67137],[-43.43243,-21.67194],[-43.43254,-21.67204],[-43.43263,-21.67224],[-43.43267,-21.67246],[-43.43272,-21.67261],[-43.4327,-21.67292],[-43.43266,-21.67311],[-43.4326,-21.67321],[-43.43255,-21.67337],[-43.43245,-21.67358],[-43.43246,-21.67382],[-43.43241,-21.67388],[-43.43232,-21.67392],[-43.43228,-21.67397],[-43.43224,-21.67408],[-43.43217,-21.67422],[-43.43216,-21.67438],[-43.43221,-21.67442],[-43.4322,-21.67447],[-43.43213,-21.67453],[-43.43205,-21.67463],[-43.43199,-21.67479],[-43.43192,-21.67489],[-43.43184,-21.67497],[-43.43183,-21.67509],[-43.43194,-21.6753],[-43.43197,-21.6757],[-43.43204,-21.6759],[-43.43204,-21.676],[-43.43209,-21.67613],[-43.43206,-21.67619],[-43.43192,-21.67639],[-43.43189,-21.6766],[-43.43189,-21.67689],[-43.43193,-21.67711],[-43.4319,-21.67728],[-43.43195,-21.67744],[-43.432,-21.6775],[-43.43204,-21.6776],[-43.43197,-21.67774],[-43.43199,-21.67787],[-43.43205,-21.67794],[-43.43222,-21.67821],[-43.43228,-21.67839],[-43.43189,-21.67856],[-43.43175,-21.67866],[-43.43148,-21.67892],[-43.43137,-21.6791],[-43.43132,-21.67925],[-43.43129,-21.6794],[-43.43131,-21.6798],[-43.43135,-21.67996],[-43.43144,-21.68007],[-43.43193,-21.68045],[-43.4327,-21.6813],[-43.43281,-21.68148],[-43.43285,-21.68163],[-43.43283,-21.68199],[-43.4328,-21.68224],[-43.43266,-21.68282],[-43.4324,-21.68372],[-43.43194,-21.68565],[-43.43179,-21.68618],[-43.43174,-21.68628],[-43.43166,-21.68637]]]]}},{"type":"Feature","properties":{"territory_id":"mg-3136702-bom-jardim","name":"Bom Jardim","municipality_id":"mg-3136702","polling_places":1,"approx":true,"official":false,"method":"voronoi-polling-places","whole_municipality":false,"approx_coords_only":false},"geometry":{"type":"MultiPolygon","coordinates":[[[[-43.33651,-21.7313],[-43.3365,-21.73113],[-43.3365,-21.7312],[-43.33651,-21.7313]]],[[[-43.33484,-21.72391],[-43.33458,-21.72424],[-43.33446,-21.72442],[-43.33438,-21.72444],[-43.33417,-21.72463],[-43.33404,-21.72469],[-43.33375,-21.725],[-43.33376,-21.72596],[-43.33361,-21.72642],[-43.33347,-21.72668],[-43.3329,-21.72709],[-43.33268,-21.72709],[-43.33251,-21.72697],[-43.33234,-21.72648],[-43.3321,-21.72633],[-43.33181,-21.72632],[-43.33135,-21.72646],[-43.33124,-21.72656],[-43.33115,-21.72683],[-43.33095,-21.72705],[-43.3305,-21.72718],[-43.33029,-21.72716],[-43.33005,-21.72706],[-43.32964,-21.72652],[-43.32897,-21.72555],[-43.32841,-21.72433],[-43.32826,-21.72407],[-43.32805,-21.72383],[-43.32784,-21.7237],[-43.32756,-21.72358],[-43.32737,-21.72355],[-43.32721,-21.72365],[-43.32703,-21.72369],[-43.32659,-21.72387],[-43.32637,-21.72404],[-43.32609,-21.72419],[-43.32582,-21.72436],[-43.32525,-21.72477],[-43.32461,-21.72506],[-43.32363,-21.72519],[-43.32313,-21.72512],[-43.32282,-21.72512],[-43.3227,-21.72516],[-43.32263,-21.72532],[-43.32247,-21.72538],[-43.32231,-21.72553],[-43.32199,-21.72551],[-43.32168,-21.7253],[-43.32148,-21.72524],[-43.32089,-21.72499],[-43.32073,-21.7249],[-43.31989,-21.72471],[-43.31951,-21.72476],[-43.3191,-21.72487],[-43.31871,-21.72504],[-43.31861,-21.72516],[-43.31807,-21.72531],[-43.31765,-21.72536],[-43.31723,-21.72563],[-43.31698,-21.72573],[-43.31663,-21.72577],[-43.31625,-21.72573],[-43.31565,-21.72591],[-43.31497,-21.72577],[-43.3137,-21.72575],[-43.31286,-21.72578],[-43.31154,-21.72553],[-43.31123,-21.72537],[-43.31086,-21.72529],[-43.31071,-21.72538],[-43.31012,-21.72531],[-43.30959,-21.7253],[-43.30905,-21.72547],[-43.3086,-21.72563],[-43.30824,-21.72585],[-43.30723,-21.72638],[-43.30697,-21.72684],[-43.30692,-21.72732],[-43.30692,-21.7278],[-43.30722,-21.72845],[-43.30746,-21.7288],[-43.30775,-21.72913],[-43.30846,-21.72946],[-43.30881,-21.72947],[-43.30908,-21.72964],[-43.30944,-21.7299],[-43.30997,-21.7299],[-43.31041,-21.73032],[-43.3105,-21.73048],[-43.31049,-21.73082],[-43.31067,-21.73115],[-43.31067,-21.73149],[-43.31022,-21.73235],[-43.31001,-21.73244],[-43.30977,-21.73251],[-43.30965,-21.73269],[-43.30945,-21.73341],[-43.30915,-21.73473],[-43.30899,-21.73521],[-43.30898,-21.7356],[-43.30891,-21.73603],[-43.30879,-21.73644],[-43.30877,-21.73706],[-43.30881,-21.73762],[-43.30904,-21.73834],[-43.30922,-21.73815],[-43.30951,-21.73799],[-43.30978,-21.73777],[-43.31007,-21.73764],[-43.31032,-21.73756],[-43.31065,-21.73758],[-43.31092,-21.73767],[-43.31148,-21.73762],[-43.31165,-21.73758],[-43.31205,-21.73774],[-43.31252,-21.73775],[-43.31335,-21.73785],[-43.31358,-21.73783],[-43.31382,-21.73786],[-43.31454,-21.73798],[-43.3148,-21.73803],[-43.31517,-21.73824],[-43.31545,-21.73842],[-43.31578,-21.73869],[-43.31643,-21.73949],[-43.31677,-21.73966],[-43.3172,-21.7398],[-43.31757,-21.73983],[-43.31779,-21.73977],[-43.31806,-21.73976],[-43.31836,-21.74007],[-43.31891,-21.74035],[-43.31924,-21.7404],[-43.31967,-21.74017],[-43.3198,-21.73997],[-43.31996,-21.73981],[-43.3203,-21.73972],[-43.32052,-21.73975],[-43.3209,-21.73973],[-43.32152,-21.73976],[-43.32189,-21.74011],[-43.3222,-21.74033],[-43.32238,-21.74054],[-43.32248,-21.74076],[-43.32252,-21.74096],[-43.32275,-21.74115],[-43.3236,-21.74143],[-43.324,-21.74149],[-43.32509,-21.74183],[-43.3256,-21.74211],[-43.3259,-21.74219],[-43.32615,-21.74243],[-43.32652,-21.74336],[-43.32683,-21.74399],[-43.32684,-21.74419],[-43.32664,-21.74444],[-43.32664,-21.74474],[-43.32678,-21.74503],[-43.32671,-21.74527],[-43.30573,-21.74119],[-43.30166,-21.73888],[-43.28083,-21.71801],[-43.31053,-21.70401],[-43.33484,-21.72391]]]]}},{"type":"Feature","properties":{"territory_id":"mg-3136702-bom-pastor","name":"Bom Pastor","municipality_id":"mg-3136702","polling_places":2,"approx":false,"official":true,"method":"official-ibge-cd2022","whole_municipality":false,"approx_coords_only":false,"official_name":"Bom Pastor","official_code":"3136702021","match":"direct"},"geometry":{"type":"MultiPolygon","coordinates":[[[[-43.34271,-21.77936],[-43.3432,-21.77925],[-43.34325,-21.77913],[-43.34353,-21.77916],[-43.34356,-21.77903],[-43.34359,-21.77883],[-43.34414,-21.77889],[-43.3445,-21.77889],[-43.34458,-21.779],[-43.34496,-21.77909],[-43.34514,-21.77849],[-43.34542,-21.77751],[-43.34727,-21.77039],[-43.34667,-21.77027],[-43.34661,-21.77053],[-43.3441,-21.76998],[-43.34407,-21.76997],[-43.34402,-21.77016],[-43.34372,-21.77009],[-43.34359,-21.77059],[-43.34349,-21.77068],[-43.343,-21.77056],[-43.34291,-21.7706],[-43.34256,-21.77082],[-43.34239,-21.77096],[-43.34227,-21.7711],[-43.34216,-21.7713],[-43.34208,-21.77154],[-43.34199,-21.77168],[-43.34191,-21.77177],[-43.34192,-21.77192],[-43.34173,-21.77254],[-43.34183,-21.77321],[-43.34171,-21.77332],[-43.34068,-21.77374],[-43.33991,-21.774],[-43.33896,-21.77449],[-43.33861,-21.77461],[-43.33803,-21.77502],[-43.33789,-21.77515],[-43.33781,-21.77526],[-43.33756,-21.77626],[-43.33751,-21.77719],[-43.33741,-21.77723],[-43.33702,-21.77712],[-43.33679,-21.7771],[-43.33577,-21.77693],[-43.33536,-21.77679],[-43.33526,-21.7767],[-43.33524,-21.77673],[-43.33521,-21.77687],[-43.33514,-21.77689],[-43.33491,-21.77744],[-43.3348,-21.7775],[-43.33462,-21.77792],[-43.33453,-21.77804],[-43.33427,-21.77811],[-43.33422,-21.77823],[-43.33421,-21.77865],[-43.33397,-21.77927],[-43.33384,-21.77948],[-43.33381,-21.77961],[-43.33398,-21.77985],[-43.33394,-21.77994],[-43.33386,-21.77992],[-43.3337,-21.77999],[-43.33366,-21.78003],[-43.33401,-21.78015],[-43.33391,-21.78039],[-43.33393,-21.78039],[-43.33377,-21.78079],[-43.33376,-21.78097],[-43.3337,-21.78112],[-43.33368,-21.78134],[-43.33369,-21.78182],[-43.33544,-21.78184],[-43.33546,-21.78115],[-43.33567,-21.78079],[-43.33605,-21.78043],[-43.33634,-21.78029],[-43.3369,-21.7801],[-43.33725,-21.78015],[-43.33745,-21.78031],[-43.33787,-21.78073],[-43.33827,-21.78109],[-43.3384,-21.78112],[-43.33848,-21.78124],[-43.33861,-21.78128],[-43.33876,-21.78128],[-43.33902,-21.78132],[-43.33949,-21.78132],[-43.33998,-21.78137],[-43.34008,-21.78142],[-43.34019,-21.78137],[-43.34021,-21.7813],[-43.34074,-21.78082],[-43.34108,-21.78055],[-43.34135,-21.78025],[-43.34144,-21.78017],[-43.34166,-21.7799],[-43.34259,-21.77943],[-43.34271,-21.77936]]]]}},{"type":"Feature","properties":{"territory_id":"mg-3136702-bonfim","name":"Bonfim","municipality_id":"mg-3136702","polling_places":2,"approx":false,"official":true,"method":"official-ibge-cd2022","whole_municipality":false,"approx_coords_only":false,"official_name":"Bonfim","official_code":"3136702072","match":"direct"},"geometry":{"type":"MultiPolygon","coordinates":[[[[-43.34303,-21.73805],[-43.34311,-21.73812],[-43.34315,-21.73822],[-43.34318,-21.73841],[-43.34318,-21.73859],[-43.34313,-21.73875],[-43.34296,-21.73913],[-43.34295,-21.73943],[-43.34312,-21.7398],[-43.34338,-21.74002],[-43.34366,-21.74022],[-43.3447,-21.74086],[-43.34511,-21.74116],[-43.34518,-21.74119],[-43.34524,-21.7412],[-43.34556,-21.74121],[-43.34572,-21.74121],[-43.34585,-21.74117],[-43.34624,-21.74098],[-43.34656,-21.74084],[-43.3468,-21.7408],[-43.34693,-21.7408],[-43.34709,-21.74082],[-43.34728,-21.74086],[-43.34749,-21.74097],[-43.3476,-21.74106],[-43.34791,-21.74076],[-43.34774,-21.74064],[-43.34794,-21.74032],[-43.34788,-21.7402],[-43.34773,-21.74009],[-43.34739,-21.73999],[-43.34731,-21.73995],[-43.34705,-21.7398],[-43.34695,-21.73968],[-43.34691,-21.73949],[-43.34693,-21.73933],[-43.34703,-21.73895],[-43.34705,-21.7388],[-43.34704,-21.73869],[-43.347,-21.73858],[-43.34648,-21.73813],[-43.3464,-21.73799],[-43.34636,-21.73797],[-43.34628,-21.73785],[-43.34618,-21.73758],[-43.34619,-21.73744],[-43.34624,-21.73731],[-43.34625,-21.73716],[-43.34618,-21.73696],[-43.34599,-21.73649],[-43.34589,-21.73614],[-43.34568,-21.73577],[-43.34563,-21.73556],[-43.34567,-21.73535],[-43.34563,-21.73511],[-43.3456,-21.73506],[-43.34505,-21.73549],[-43.34481,-21.73472],[-43.34471,-21.73436],[-43.34345,-21.73464],[-43.34354,-21.73478],[-43.34361,-21.73495],[-43.34366,-21.73532],[-43.34359,-21.73556],[-43.34348,-21.73574],[-43.34334,-21.73586],[-43.34304,-21.73599],[-43.34264,-21.73612],[-43.34249,-21.73622],[-43.34226,-21.73655],[-43.34221,-21.73685],[-43.34221,-21.73698],[-43.34234,-21.73735],[-43.34242,-21.73746],[-43.34263,-21.73766],[-43.34279,-21.73778],[-43.34303,-21.73805]]]]}},{"type":"Feature","properties":{"territory_id":"mg-3136702-borboleta","name":"Borboleta","municipality_id":"mg-3136702","polling_places":2,"approx":false,"official":true,"method":"official-ibge-cd2022","whole_municipality":false,"approx_coords_only":false,"official_name":"Borboleta","official_code":"3136702027","match":"direct"},"geometry":{"type":"MultiPolygon","coordinates":[[[[-43.37133,-21.75413],[-43.37148,-21.75449],[-43.37177,-21.75496],[-43.37194,-21.7553],[-43.37273,-21.75635],[-43.37284,-21.75645],[-43.37291,-21.75657],[-43.37328,-21.75803],[-43.37337,-21.75833],[-43.37328,-21.75845],[-43.37331,-21.7599],[-43.37348,-21.75987],[-43.37356,-21.76023],[-43.37366,-21.7602],[-43.37377,-21.76045],[-43.37372,-21.76046],[-43.37375,-21.76058],[-43.37387,-21.76055],[-43.37391,-21.76063],[-43.37363,-21.76069],[-43.37389,-21.7608],[-43.37432,-21.76173],[-43.37397,-21.76183],[-43.37269,-21.76318],[-43.37242,-21.76312],[-43.37209,-21.76299],[-43.37132,-21.76336],[-43.37151,-21.76357],[-43.37079,-21.764],[-43.37056,-21.76381],[-43.36999,-21.76422],[-43.37376,-21.76476],[-43.3738,-21.76482],[-43.37407,-21.76498],[-43.37524,-21.76473],[-43.37526,-21.76485],[-43.37532,-21.76489],[-43.37585,-21.76483],[-43.37597,-21.76485],[-43.37653,-21.76479],[-43.37662,-21.76465],[-43.3769,-21.76461],[-43.37694,-21.76485],[-43.37756,-21.76455],[-43.37923,-21.76381],[-43.37942,-21.76377],[-43.37961,-21.76376],[-43.38006,-21.76382],[-43.38043,-21.76389],[-43.38139,-21.76351],[-43.38144,-21.76338],[-43.38176,-21.76316],[-43.38182,-21.76315],[-43.38196,-21.76332],[-43.38307,-21.76298],[-43.383,-21.76271],[-43.38315,-21.76257],[-43.38368,-21.76191],[-43.38372,-21.76162],[-43.38381,-21.76132],[-43.38403,-21.76103],[-43.38421,-21.7607],[-43.38436,-21.76053],[-43.38444,-21.76035],[-43.38452,-21.76022],[-43.38461,-21.75998],[-43.38467,-21.75956],[-43.38469,-21.75893],[-43.38464,-21.75857],[-43.38456,-21.75843],[-43.38451,-21.75822],[-43.38441,-21.75794],[-43.3843,-21.75777],[-43.3842,-21.75752],[-43.38404,-21.75686],[-43.38396,-21.75636],[-43.38397,-21.756],[-43.38404,-21.75554],[-43.38412,-21.75533],[-43.38417,-21.7551],[-43.38456,-21.75459],[-43.38471,-21.75405],[-43.38474,-21.753],[-43.38461,-21.75276],[-43.38451,-21.75251],[-43.38434,-21.7519],[-43.38396,-21.7518],[-43.38322,-21.75187],[-43.3832,-21.75154],[-43.38025,-21.75199],[-43.37957,-21.75164],[-43.37914,-21.75134],[-43.37894,-21.75107],[-43.3788,-21.75081],[-43.37815,-21.75021],[-43.37771,-21.74987],[-43.37689,-21.74919],[-43.37661,-21.74903],[-43.37616,-21.74862],[-43.37551,-21.74831],[-43.37528,-21.74814],[-43.37495,-21.74794],[-43.37474,-21.74787],[-43.3744,-21.74779],[-43.37415,-21.74775],[-43.37312,-21.74798],[-43.37271,-21.74816],[-43.37249,-21.7483],[-43.37221,-21.74839],[-43.37191,-21.7484],[-43.37161,-21.74836],[-43.37136,-21.74854],[-43.3714,-21.74869],[-43.37184,-21.74907],[-43.37134,-21.75001],[-43.37119,-21.75019],[-43.37085,-21.75055],[-43.37242,-21.7517],[-43.3727,-21.75185],[-43.37214,-21.75233],[-43.37196,-21.75242],[-43.37162,-21.75248],[-43.37151,-21.75252],[-43.3712,-21.7527],[-43.37108,-21.75274],[-43.37086,-21.75319],[-43.37033,-21.75328],[-43.37002,-21.7533],[-43.36973,-21.75327],[-43.36939,-21.75328],[-43.36923,-21.75338],[-43.36917,-21.75356],[-43.36936,-21.75357],[-43.36932,-21.75367],[-43.36923,-21.75379],[-43.36912,-21.75375],[-43.36907,-21.75386],[-43.36888,-21.75402],[-43.36859,-21.75423],[-43.36848,-21.75421],[-43.36832,-21.75433],[-43.36795,-21.75478],[-43.36777,-21.75494],[-43.36778,-21.75495],[-43.36768,-21.75502],[-43.36755,-21.75506],[-43.36703,-21.75551],[-43.36687,-21.75529],[-43.36683,-21.75539],[-43.36682,-21.75548],[-43.36684,-21.75555],[-43.36689,-21.75566],[-43.36697,-21.75576],[-43.36704,-21.75591],[-43.36719,-21.75628],[-43.36727,-21.7564],[-43.36737,-21.7567],[-43.36742,-21.75678],[-43.36751,-21.75687],[-43.36756,-21.75688],[-43.36761,-21.75688],[-43.3677,-21.75684],[-43.36778,-21.75682],[-43.36785,-21.75684],[-43.36801,-21.75693],[-43.3681,-21.75693],[-43.3682,-21.75689],[-43.36839,-21.75672],[-43.36851,-21.75664],[-43.3689,-21.75648],[-43.36898,-21.7564],[-43.369,-21.75614],[-43.36937,-21.75531],[-43.36954,-21.75516],[-43.36967,-21.75513],[-43.36982,-21.75503],[-43.37015,-21.75475],[-43.37053,-21.75455],[-43.37089,-21.75432],[-43.37114,-21.75417],[-43.37126,-21.75414],[-43.37133,-21.75413]]]]}},{"type":"Feature","properties":{"territory_id":"mg-3136702-carlos-chagas","name":"Carlos Chagas","municipality_id":"mg-3136702","polling_places":2,"approx":false,"official":true,"method":"official-ibge-cd2022","whole_municipality":false,"approx_coords_only":false,"official_name":"Carlos Chagas","official_code":"3136702044","match":"direct"},"geometry":{"type":"MultiPolygon","coordinates":[[[[-43.38967,-21.74159],[-43.38937,-21.74194],[-43.38905,-21.7422],[-43.38852,-21.74248],[-43.38809,-21.74267],[-43.3882,-21.74287],[-43.38838,-21.74322],[-43.38859,-21.74317],[-43.38871,-21.74323],[-43.38861,-21.74349],[-43.38868,-21.74351],[-43.38888,-21.7436],[-43.38897,-21.74369],[-43.389,-21.74375],[-43.38901,-21.74384],[-43.38901,-21.74398],[-43.38899,-21.74415],[-43.38899,-21.74429],[-43.38912,-21.74489],[-43.38913,-21.74522],[-43.38912,-21.74587],[-43.38919,-21.74601],[-43.38949,-21.74602],[-43.38949,-21.7462],[-43.38984,-21.74624],[-43.38982,-21.74639],[-43.38985,-21.74665],[-43.38985,-21.74672],[-43.39051,-21.7472],[-43.39115,-21.74774],[-43.39132,-21.74785],[-43.39152,-21.74811],[-43.39167,-21.74823],[-43.39176,-21.74811],[-43.39192,-21.74802],[-43.39204,-21.74799],[-43.39218,-21.74799],[-43.39236,-21.74801],[-43.39242,-21.74805],[-43.39244,-21.7481],[-43.39238,-21.74847],[-43.39272,-21.74811],[-43.39289,-21.74799],[-43.39306,-21.74764],[-43.39318,-21.74734],[-43.39333,-21.74709],[-43.39356,-21.74677],[-43.39374,-21.74657],[-43.39409,-21.74626],[-43.3943,-21.746],[-43.39451,-21.74577],[-43.39467,-21.74536],[-43.39479,-21.74513],[-43.39519,-21.74447],[-43.39526,-21.74433],[-43.39535,-21.74419],[-43.39599,-21.74351],[-43.39651,-21.743],[-43.39694,-21.74262],[-43.39624,-21.74202],[-43.39596,-21.74181],[-43.39581,-21.74175],[-43.39556,-21.74161],[-43.39544,-21.74157],[-43.39471,-21.74145],[-43.39367,-21.74118],[-43.39346,-21.74111],[-43.3932,-21.74074],[-43.39294,-21.74054],[-43.39274,-21.74046],[-43.39242,-21.74057],[-43.39167,-21.74061],[-43.39057,-21.74059],[-43.39032,-21.74059],[-43.39027,-21.74062],[-43.39014,-21.74062],[-43.38994,-21.74059],[-43.38983,-21.74062],[-43.38967,-21.74063],[-43.38965,-21.74098],[-43.38961,-21.74121],[-43.38956,-21.7414],[-43.38948,-21.74149],[-43.38961,-21.74155],[-43.38967,-21.74159]]]]}},{"type":"Feature","properties":{"territory_id":"mg-3136702-cascatinha","name":"Cascatinha","municipality_id":"mg-3136702","polling_places":3,"approx":false,"official":true,"method":"official-ibge-cd2022","whole_municipality":false,"approx_coords_only":false,"official_name":"Cascatinha","official_code":"3136702026","match":"direct"},"geometry":{"type":"MultiPolygon","coordinates":[[[[-43.35879,-21.78285],[-43.35871,-21.78287],[-43.35862,-21.78295],[-43.35844,-21.78323],[-43.3589,-21.78353],[-43.35896,-21.78343],[-43.35916,-21.78354],[-43.35889,-21.78391],[-43.35933,-21.78419],[-43.35936,-21.78414],[-43.36053,-21.78494],[-43.36056,-21.78491],[-43.36079,-21.78507],[-43.3609,-21.78516],[-43.36101,-21.78529],[-43.36145,-21.78595],[-43.36172,-21.78642],[-43.36185,-21.78671],[-43.36211,-21.78706],[-43.36219,-21.7872],[-43.36218,-21.78704],[-43.36227,-21.78688],[-43.36241,-21.78674],[-43.36254,-21.78681],[-43.36251,-21.78721],[-43.36278,-21.78725],[-43.3632,-21.7875],[-43.3635,-21.78765],[-43.36389,-21.78792],[-43.36434,-21.78791],[-43.36454,-21.78758],[-43.3647,-21.78742],[-43.36496,-21.78724],[-43.36522,-21.78711],[-43.36548,-21.78703],[-43.36573,-21.78703],[-43.36608,-21.78685],[-43.36634,-21.7865],[-43.36665,-21.78586],[-43.36743,-21.78531],[-43.36722,-21.78597],[-43.36714,-21.78649],[-43.36721,-21.78731],[-43.36766,-21.78716],[-43.36986,-21.78711],[-43.37076,-21.78753],[-43.37238,-21.78822],[-43.37395,-21.78902],[-43.37543,-21.78741],[-43.37557,-21.78646],[-43.37503,-21.78555],[-43.37298,-21.78439],[-43.37227,-21.78402],[-43.37252,-21.78387],[-43.37297,-21.78365],[-43.37194,-21.78313],[-43.37026,-21.78272],[-43.37043,-21.7824],[-43.37043,-21.78219],[-43.36967,-21.78107],[-43.36953,-21.78099],[-43.36935,-21.781],[-43.36882,-21.78129],[-43.36874,-21.7814],[-43.36873,-21.78158],[-43.36881,-21.78174],[-43.36895,-21.782],[-43.36929,-21.78252],[-43.36915,-21.78253],[-43.36883,-21.78245],[-43.36854,-21.78244],[-43.36824,-21.78232],[-43.36804,-21.78216],[-43.36754,-21.78206],[-43.36727,-21.78205],[-43.367,-21.78212],[-43.36694,-21.78162],[-43.36684,-21.78154],[-43.36577,-21.78149],[-43.36474,-21.78128],[-43.36455,-21.78124],[-43.36425,-21.78123],[-43.36153,-21.7814],[-43.36134,-21.78144],[-43.3612,-21.78151],[-43.36111,-21.7816],[-43.36101,-21.78173],[-43.36096,-21.78187],[-43.36097,-21.78197],[-43.36104,-21.78219],[-43.3612,-21.7824],[-43.36091,-21.78231],[-43.3598,-21.78171],[-43.35957,-21.7816],[-43.35942,-21.78156],[-43.35928,-21.78164],[-43.3592,-21.78177],[-43.35879,-21.78257],[-43.35847,-21.78263],[-43.35854,-21.78266],[-43.35869,-21.7827],[-43.35878,-21.78278],[-43.35879,-21.78285]]]]}},{"type":"Feature","properties":{"territory_id":"mg-3136702-centenario","name":"Centenário","municipality_id":"mg-3136702","polling_places":1,"approx":false,"official":true,"method":"official-ibge-cd2022","whole_municipality":false,"approx_coords_only":false,"official_name":"Centenário","official_code":"3136702002","match":"direct"},"geometry":{"type":"MultiPolygon","coordinates":[[[[-43.35783,-21.74146],[-43.35784,-21.7414],[-43.35788,-21.7414],[-43.35798,-21.74101],[-43.35793,-21.74079],[-43.35781,-21.7408],[-43.35775,-21.74047],[-43.3577,-21.74046],[-43.35744,-21.74048],[-43.35739,-21.74043],[-43.35735,-21.74023],[-43.35754,-21.74022],[-43.35753,-21.74013],[-43.35737,-21.73979],[-43.35732,-21.7398],[-43.35729,-21.73961],[-43.35705,-21.73963],[-43.35702,-21.73961],[-43.35706,-21.73955],[-43.35697,-21.7394],[-43.35695,-21.73928],[-43.3568,-21.73924],[-43.35657,-21.73936],[-43.35669,-21.73972],[-43.357,-21.74023],[-43.35683,-21.7402],[-43.35681,-21.74029],[-43.35671,-21.74027],[-43.3567,-21.74035],[-43.3566,-21.74033],[-43.35657,-21.74044],[-43.35648,-21.74043],[-43.35644,-21.74057],[-43.35636,-21.74056],[-43.35629,-21.74058],[-43.35575,-21.74045],[-43.35573,-21.74053],[-43.35569,-21.74052],[-43.35554,-21.741],[-43.35561,-21.74101],[-43.35567,-21.74098],[-43.3557,-21.74104],[-43.35582,-21.74115],[-43.35579,-21.74125],[-43.35558,-21.74117],[-43.35554,-21.74174],[-43.35573,-21.74179],[-43.35586,-21.74206],[-43.35583,-21.74212],[-43.35592,-21.74246],[-43.3561,-21.74297],[-43.35616,-21.74303],[-43.35628,-21.74307],[-43.35637,-21.74314],[-43.35632,-21.74336],[-43.35643,-21.74339],[-43.35642,-21.74342],[-43.35661,-21.74346],[-43.35666,-21.74329],[-43.35689,-21.74334],[-43.3571,-21.74344],[-43.35707,-21.74359],[-43.35717,-21.74361],[-43.35717,-21.74363],[-43.35726,-21.74365],[-43.35725,-21.74367],[-43.35757,-21.74375],[-43.35757,-21.74377],[-43.35767,-21.74378],[-43.35767,-21.74381],[-43.35797,-21.74384],[-43.35809,-21.74405],[-43.35818,-21.74405],[-43.35819,-21.74395],[-43.35836,-21.7438],[-43.35831,-21.74329],[-43.35822,-21.74278],[-43.35814,-21.74244],[-43.35779,-21.74249],[-43.35764,-21.74249],[-43.35783,-21.74147],[-43.35783,-21.74146]]]]}},{"type":"Feature","properties":{"territory_id":"mg-3136702-centro","name":"Centro","municipality_id":"mg-3136702","polling_places":9,"approx":false,"official":true,"method":"official-ibge-cd2022","whole_municipality":false,"approx_coords_only":false,"official_name":"Centro","official_code":"3136702014","match":"direct"},"geometry":{"type":"MultiPolygon","coordinates":[[[[-43.35133,-21.75473],[-43.35203,-21.75193],[-43.35278,-21.74909],[-43.35274,-21.74898],[-43.35174,-21.74874],[-43.35157,-21.74908],[-43.35144,-21.74929],[-43.35131,-21.74941],[-43.35113,-21.74955],[-43.34734,-21.75278],[-43.34717,-21.75291],[-43.34493,-21.75479],[-43.34372,-21.75587],[-43.3435,-21.75612],[-43.34324,-21.75647],[-43.34293,-21.75696],[-43.34266,-21.75756],[-43.34257,-21.75782],[-43.34221,-21.75902],[-43.34201,-21.75959],[-43.3419,-21.75973],[-43.3411,-21.76038],[-43.34086,-21.76055],[-43.34069,-21.76063],[-43.34043,-21.76073],[-43.33947,-21.76099],[-43.33871,-21.76106],[-43.33882,-21.76111],[-43.33908,-21.76154],[-43.33903,-21.76156],[-43.33905,-21.76165],[-43.33925,-21.76177],[-43.33928,-21.76181],[-43.33922,-21.76181],[-43.33898,-21.76172],[-43.33882,-21.76168],[-43.33869,-21.76169],[-43.33846,-21.76177],[-43.33867,-21.76185],[-43.34021,-21.76226],[-43.34072,-21.76187],[-43.34115,-21.76195],[-43.34114,-21.76243],[-43.34121,-21.76245],[-43.34118,-21.76251],[-43.34112,-21.76259],[-43.34104,-21.76264],[-43.34092,-21.76274],[-43.3407,-21.76308],[-43.34103,-21.76317],[-43.341,-21.76324],[-43.34153,-21.76338],[-43.34212,-21.76349],[-43.34229,-21.76355],[-43.34324,-21.76376],[-43.34326,-21.76368],[-43.34337,-21.76372],[-43.34333,-21.76385],[-43.34365,-21.76393],[-43.34361,-21.76407],[-43.34387,-21.76414],[-43.34384,-21.76428],[-43.34405,-21.76433],[-43.34409,-21.76416],[-43.34461,-21.7643],[-43.34455,-21.76452],[-43.34461,-21.76453],[-43.34483,-21.7644],[-43.34488,-21.76423],[-43.34497,-21.76425],[-43.34498,-21.76418],[-43.3451,-21.76421],[-43.34517,-21.76397],[-43.34527,-21.76399],[-43.34515,-21.76447],[-43.34554,-21.76456],[-43.34551,-21.76467],[-43.3458,-21.76474],[-43.34584,-21.76459],[-43.34651,-21.76475],[-43.3462,-21.76591],[-43.34587,-21.76583],[-43.3458,-21.7661],[-43.34546,-21.76601],[-43.34536,-21.76635],[-43.34541,-21.76635],[-43.34539,-21.76641],[-43.34554,-21.76644],[-43.34549,-21.76671],[-43.3456,-21.76673],[-43.34556,-21.76687],[-43.3457,-21.7669],[-43.34571,-21.76687],[-43.34602,-21.76692],[-43.34601,-21.76695],[-43.34619,-21.76699],[-43.3462,-21.76696],[-43.3469,-21.76707],[-43.34708,-21.76707],[-43.34716,-21.76723],[-43.34716,-21.76726],[-43.34729,-21.76731],[-43.34734,-21.76738],[-43.34746,-21.76748],[-43.34755,-21.7675],[-43.34747,-21.76779],[-43.34778,-21.76786],[-43.3479,-21.76798],[-43.34797,-21.76766],[-43.34807,-21.76768],[-43.34809,-21.76791],[-43.34848,-21.76799],[-43.3484,-21.76829],[-43.34852,-21.76832],[-43.34856,-21.7682],[-43.34966,-21.76848],[-43.34975,-21.76812],[-43.35006,-21.76819],[-43.35013,-21.7684],[-43.35353,-21.7692],[-43.35325,-21.76775],[-43.35382,-21.76707],[-43.35357,-21.7666],[-43.35342,-21.76655],[-43.35344,-21.76647],[-43.3532,-21.76641],[-43.3531,-21.76624],[-43.35319,-21.76583],[-43.35314,-21.76553],[-43.35338,-21.76559],[-43.35343,-21.76544],[-43.35355,-21.76547],[-43.35361,-21.76535],[-43.3536,-21.76523],[-43.3537,-21.76492],[-43.35372,-21.76484],[-43.35378,-21.76479],[-43.35366,-21.76474],[-43.35372,-21.76457],[-43.35356,-21.76451],[-43.35363,-21.76429],[-43.35383,-21.76435],[-43.35427,-21.76264],[-43.35432,-21.76247],[-43.35436,-21.76241],[-43.35424,-21.7624],[-43.35431,-21.76209],[-43.35422,-21.76207],[-43.35427,-21.76188],[-43.3545,-21.76193],[-43.35459,-21.76158],[-43.35444,-21.76156],[-43.3545,-21.76133],[-43.35432,-21.76129],[-43.3544,-21.76098],[-43.35464,-21.76104],[-43.3547,-21.76079],[-43.35462,-21.76077],[-43.35466,-21.76058],[-43.35459,-21.76057],[-43.35462,-21.76043],[-43.35474,-21.76046],[-43.35481,-21.76018],[-43.35478,-21.76017],[-43.35487,-21.75983],[-43.35412,-21.75964],[-43.35418,-21.75947],[-43.35395,-21.75941],[-43.35389,-21.75958],[-43.35194,-21.7591],[-43.35198,-21.75896],[-43.35188,-21.75893],[-43.35191,-21.75883],[-43.35203,-21.75886],[-43.35206,-21.75873],[-43.35228,-21.75879],[-43.35231,-21.75869],[-43.35211,-21.75864],[-43.35218,-21.75843],[-43.35202,-21.75839],[-43.35204,-21.75828],[-43.35222,-21.75833],[-43.35232,-21.75801],[-43.35215,-21.75796],[-43.3521,-21.75784],[-43.35212,-21.75778],[-43.3522,-21.75773],[-43.35224,-21.75757],[-43.35239,-21.75758],[-43.35308,-21.75712],[-43.35291,-21.75708],[-43.35294,-21.7569],[-43.35269,-21.75685],[-43.35271,-21.7568],[-43.35243,-21.75668],[-43.35237,-21.75653],[-43.35242,-21.75633],[-43.35272,-21.7564],[-43.35295,-21.75575],[-43.35284,-21.7557],[-43.35295,-21.75546],[-43.35273,-21.75536],[-43.35278,-21.75517],[-43.35287,-21.7552],[-43.35297,-21.75503],[-43.35288,-21.75486],[-43.3528,-21.75482],[-43.35286,-21.75459],[-43.35306,-21.75466],[-43.35309,-21.75461],[-43.35304,-21.7546],[-43.35312,-21.75444],[-43.35292,-21.75436],[-43.353,-21.75406],[-43.35315,-21.75412],[-43.35322,-21.75395],[-43.35329,-21.75368],[-43.35333,-21.7536],[-43.35318,-21.75355],[-43.35323,-21.75342],[-43.3532,-21.75332],[-43.35334,-21.753],[-43.35324,-21.75294],[-43.3531,-21.75327],[-43.35261,-21.75306],[-43.35252,-21.75339],[-43.35287,-21.75355],[-43.35279,-21.75372],[-43.35243,-21.75356],[-43.35234,-21.75377],[-43.3522,-21.75402],[-43.35239,-21.75409],[-43.35202,-21.75481],[-43.35205,-21.75483],[-43.35203,-21.75487],[-43.35181,-21.75478],[-43.35172,-21.75497],[-43.35186,-21.75503],[-43.35179,-21.75517],[-43.35193,-21.75523],[-43.35191,-21.75527],[-43.35194,-21.75529],[-43.35159,-21.75601],[-43.35129,-21.75587],[-43.35119,-21.75599],[-43.35103,-21.75592],[-43.35133,-21.75473]]]]}},{"type":"Feature","properties":{"territory_id":"mg-3136702-ceramica","name":"Ceramica","municipality_id":"mg-3136702","polling_places":1,"approx":false,"official":true,"method":"official-ibge-cd2022","whole_municipality":false,"approx_coords_only":false,"official_name":"Cerâmica","official_code":"3136702045","match":"direct"},"geometry":{"type":"MultiPolygon","coordinates":[[[[-43.38967,-21.74063],[-43.38983,-21.74062],[-43.38994,-21.74059],[-43.39014,-21.74062],[-43.39027,-21.74062],[-43.39032,-21.74059],[-43.39057,-21.74059],[-43.39167,-21.74061],[-43.39242,-21.74057],[-43.39274,-21.74046],[-43.3928,-21.74025],[-43.39288,-21.74012],[-43.39317,-21.74005],[-43.3933,-21.73996],[-43.39351,-21.73939],[-43.39378,-21.73856],[-43.39374,-21.73774],[-43.39358,-21.73743],[-43.39337,-21.73718],[-43.39285,-21.73707],[-43.39201,-21.73713],[-43.39033,-21.73685],[-43.3902,-21.73678],[-43.39015,-21.73659],[-43.39008,-21.73644],[-43.38962,-21.7366],[-43.38933,-21.73651],[-43.38913,-21.73607],[-43.38935,-21.73595],[-43.38924,-21.73569],[-43.38957,-21.73547],[-43.38978,-21.73356],[-43.38976,-21.73332],[-43.38962,-21.7324],[-43.38939,-21.73205],[-43.38866,-21.73279],[-43.38768,-21.7339],[-43.38744,-21.73423],[-43.38724,-21.73469],[-43.38688,-21.73546],[-43.38676,-21.73577],[-43.38665,-21.73615],[-43.38656,-21.73636],[-43.38641,-21.73662],[-43.3863,-21.73674],[-43.38617,-21.73684],[-43.38603,-21.73692],[-43.38587,-21.73697],[-43.3857,-21.737],[-43.38551,-21.73699],[-43.38224,-21.73632],[-43.38158,-21.73624],[-43.38104,-21.73623],[-43.38039,-21.73628],[-43.37898,-21.73659],[-43.37906,-21.73701],[-43.37883,-21.73773],[-43.37858,-21.73772],[-43.37864,-21.73799],[-43.37874,-21.73814],[-43.37973,-21.73936],[-43.38003,-21.73907],[-43.3801,-21.73913],[-43.38037,-21.73912],[-43.38043,-21.73917],[-43.38007,-21.73958],[-43.38103,-21.7403],[-43.38138,-21.74052],[-43.38164,-21.74081],[-43.38187,-21.74103],[-43.38218,-21.74128],[-43.38221,-21.74133],[-43.38247,-21.74151],[-43.38288,-21.74163],[-43.38281,-21.74195],[-43.38279,-21.74213],[-43.38281,-21.74253],[-43.38293,-21.74295],[-43.38312,-21.74292],[-43.38315,-21.74308],[-43.38342,-21.74307],[-43.38371,-21.74289],[-43.38361,-21.74274],[-43.38373,-21.74246],[-43.38402,-21.74252],[-43.38451,-21.74278],[-43.38474,-21.74285],[-43.38525,-21.74293],[-43.38546,-21.74292],[-43.38562,-21.74287],[-43.38565,-21.74294],[-43.38565,-21.74329],[-43.3861,-21.7431],[-43.38737,-21.74264],[-43.38759,-21.74294],[-43.38809,-21.74267],[-43.38852,-21.74248],[-43.38905,-21.7422],[-43.38937,-21.74194],[-43.38967,-21.74159],[-43.38948,-21.74149],[-43.38956,-21.7414],[-43.38961,-21.74121],[-43.38965,-21.74098],[-43.38967,-21.74079],[-43.38967,-21.74063]]]]}},{"type":"Feature","properties":{"territory_id":"mg-3136702-chapeu-d-uvas","name":"Chapéu D'uvas","municipality_id":"mg-3136702","polling_places":1,"approx":true,"official":false,"method":"voronoi-polling-places","whole_municipality":false,"approx_coords_only":false},"geometry":{"type":"MultiPolygon","coordinates":[[[[-43.52274,-21.65547],[-43.48667,-21.64908],[-43.46412,-21.63049],[-43.50255,-21.57883],[-43.52274,-21.65547]]]]}},{"type":"Feature","properties":{"territory_id":"mg-3136702-cidade-do-sol","name":"Cidade do Sol","municipality_id":"mg-3136702","polling_places":1,"approx":true,"official":false,"method":"voronoi-polling-places","whole_municipality":false,"approx_coords_only":false},"geometry":{"type":"MultiPolygon","coordinates":[[[[-43.43635,-21.7355],[-43.4116,-21.731],[-43.4105,-21.73079],[-43.40869,-21.72835],[-43.4088,-21.72826],[-43.40899,-21.72807],[-43.40924,-21.72789],[-43.40985,-21.72762],[-43.41039,-21.72722],[-43.4107,-21.72697],[-43.41119,-21.72661],[-43.41069,-21.72609],[-43.41039,-21.72581],[-43.41022,-21.72556],[-43.41004,-21.7254],[-43.40984,-21.72519],[-43.40971,-21.72501],[-43.41001,-21.7249],[-43.41045,-21.72466],[-43.41113,-21.72434],[-43.41144,-21.72417],[-43.41313,-21.72332],[-43.4141,-21.72287],[-43.4145,-21.72266],[-43.41467,-21.72259],[-43.41469,-21.72154],[-43.41478,-21.72001],[-43.41479,-21.71957],[-43.41487,-21.71783],[-43.41489,-21.71655],[-43.41503,-21.71381],[-43.41512,-21.71379],[-43.41529,-21.71388],[-43.41541,-21.71398],[-43.41559,-21.71419],[-43.41559,-21.71465],[-43.41571,-21.71503],[-43.41594,-21.7152],[-43.41633,-21.71539],[-43.41652,-21.71545],[-43.4169,-21.71571],[-43.41758,-21.71609],[-43.41818,-21.71638],[-43.41835,-21.71643],[-43.41869,-21.71659],[-43.4188,-21.71672],[-43.41898,-21.71722],[-43.4191,-21.71788],[-43.41916,-21.71816],[-43.41928,-21.71856],[-43.41936,-21.71901],[-43.41944,-21.71922],[-43.41953,-21.71953],[-43.41968,-21.71985],[-43.42005,-21.72028],[-43.4201,-21.72093],[-43.42019,-21.72107],[-43.42178,-21.72075],[-43.42145,-21.72017],[-43.42179,-21.72009],[-43.42266,-21.72002],[-43.42333,-21.71993],[-43.42371,-21.7199],[-43.42403,-21.7199],[-43.42429,-21.71983],[-43.42461,-21.71956],[-43.42492,-21.71934],[-43.42511,-21.71926],[-43.42529,-21.71922],[-43.42549,-21.7192],[-43.42587,-21.71925],[-43.42602,-21.71925],[-43.4262,-21.71935],[-43.42675,-21.71954],[-43.42697,-21.7196],[-43.42727,-21.71963],[-43.42775,-21.71965],[-43.42785,-21.71961],[-43.43635,-21.7355]]]]}},{"type":"Feature","properties":{"territory_id":"mg-3136702-costa-carvalho","name":"Costa Carvalho","municipality_id":"mg-3136702","polling_places":2,"approx":false,"official":true,"method":"official-ibge-cd2022","whole_municipality":false,"approx_coords_only":false,"official_name":"Costa Carvalho","official_code":"3136702015","match":"direct"},"geometry":{"type":"MultiPolygon","coordinates":[[[[-43.32924,-21.76554],[-43.32939,-21.76555],[-43.32954,-21.76538],[-43.32975,-21.76522],[-43.33003,-21.76507],[-43.33039,-21.76497],[-43.33128,-21.76476],[-43.33308,-21.76436],[-43.33349,-21.76422],[-43.33373,-21.76407],[-43.334,-21.76384],[-43.33443,-21.76329],[-43.33488,-21.76278],[-43.33534,-21.76239],[-43.33561,-21.76219],[-43.33627,-21.76186],[-43.33709,-21.76148],[-43.33753,-21.76135],[-43.3383,-21.76119],[-43.33871,-21.76106],[-43.3386,-21.76087],[-43.33875,-21.76078],[-43.33846,-21.76035],[-43.33839,-21.76029],[-43.33855,-21.76027],[-43.33895,-21.76036],[-43.33894,-21.7603],[-43.33886,-21.76014],[-43.3388,-21.7601],[-43.3386,-21.76005],[-43.3386,-21.76006],[-43.33847,-21.76004],[-43.33818,-21.75993],[-43.33817,-21.75995],[-43.33807,-21.75991],[-43.33798,-21.75984],[-43.33797,-21.75978],[-43.3379,-21.75979],[-43.33788,-21.75969],[-43.33787,-21.7595],[-43.33797,-21.75921],[-43.33794,-21.75898],[-43.33736,-21.75948],[-43.33691,-21.75893],[-43.33643,-21.75879],[-43.33638,-21.75901],[-43.33612,-21.75897],[-43.33599,-21.75888],[-43.33586,-21.75886],[-43.33512,-21.75863],[-43.33477,-21.75863],[-43.33406,-21.75847],[-43.33351,-21.75839],[-43.3332,-21.7584],[-43.33301,-21.75846],[-43.33248,-21.75871],[-43.33246,-21.75858],[-43.33262,-21.75831],[-43.33203,-21.75853],[-43.3314,-21.7588],[-43.33137,-21.75872],[-43.33116,-21.75885],[-43.33084,-21.75914],[-43.33052,-21.75949],[-43.33028,-21.75982],[-43.33012,-21.7601],[-43.33001,-21.76026],[-43.32984,-21.76027],[-43.3297,-21.76032],[-43.32913,-21.76024],[-43.32829,-21.76035],[-43.32785,-21.7603],[-43.32752,-21.76032],[-43.3271,-21.76032],[-43.32684,-21.7603],[-43.32651,-21.76012],[-43.32598,-21.76014],[-43.32563,-21.76023],[-43.32512,-21.76017],[-43.32491,-21.76017],[-43.32452,-21.76011],[-43.32426,-21.76013],[-43.32409,-21.76031],[-43.32393,-21.76073],[-43.32381,-21.76098],[-43.32361,-21.76127],[-43.32347,-21.7614],[-43.32545,-21.76259],[-43.32544,-21.76301],[-43.32552,-21.7635],[-43.32572,-21.76429],[-43.32591,-21.76463],[-43.32612,-21.76488],[-43.327,-21.76618],[-43.3279,-21.76583],[-43.32788,-21.76578],[-43.32798,-21.76574],[-43.32803,-21.76585],[-43.32812,-21.76581],[-43.32831,-21.76597],[-43.32844,-21.76593],[-43.3284,-21.76564],[-43.32885,-21.76547],[-43.32899,-21.76564],[-43.32915,-21.76556],[-43.32924,-21.76554]]]]}},{"type":"Feature","properties":{"territory_id":"mg-3136702-cruzeiro-do-sul","name":"Cruzeiro do Sul","municipality_id":"mg-3136702","polling_places":1,"approx":true,"official":false,"method":"voronoi-polling-places","whole_municipality":false,"approx_coords_only":false},"geometry":{"type":"MultiPolygon","coordinates":[[[[-43.34523,-21.78287],[-43.34487,-21.78292],[-43.34467,-21.78294],[-43.3443,-21.78293],[-43.34407,-21.78303],[-43.34372,-21.78364],[-43.34274,-21.7835],[-43.34228,-21.78333],[-43.34204,-21.7834],[-43.34194,-21.78342],[-43.34132,-21.78305],[-43.34122,-21.78294],[-43.34053,-21.78164],[-43.34038,-21.78147],[-43.34019,-21.78137],[-43.34021,-21.7813],[-43.34067,-21.78088],[-43.34502,-21.78276],[-43.34523,-21.78287]]],[[[-43.34415,-21.78718],[-43.3439,-21.78733],[-43.34382,-21.78727],[-43.34277,-21.78759],[-43.3426,-21.7877],[-43.34228,-21.78797],[-43.34215,-21.78811],[-43.34204,-21.78826],[-43.34198,-21.78842],[-43.34197,-21.78858],[-43.34194,-21.78859],[-43.34197,-21.78879],[-43.34204,-21.78894],[-43.34214,-21.78895],[-43.34223,-21.78918],[-43.34261,-21.78938],[-43.34268,-21.78945],[-43.34215,-21.78935],[-43.34212,-21.78975],[-43.34183,-21.79011],[-43.34204,-21.79016],[-43.34225,-21.79026],[-43.34243,-21.79042],[-43.34258,-21.79062],[-43.34257,-21.7908],[-43.34263,-21.79097],[-43.34265,-21.79108],[-43.34262,-21.79117],[-43.34258,-21.79124],[-43.34251,-21.7913],[-43.34241,-21.79135],[-43.34227,-21.79139],[-43.3422,-21.79145],[-43.34217,-21.7915],[-43.34217,-21.7918],[-43.34213,-21.79188],[-43.34215,-21.79202],[-43.34209,-21.7921],[-43.34188,-21.79226],[-43.34164,-21.79248],[-43.34151,-21.79262],[-43.34137,-21.79284],[-43.34125,-21.79317],[-43.3412,-21.79355],[-43.34121,-21.79371],[-43.34118,-21.79387],[-43.34104,-21.794],[-43.34077,-21.79405],[-43.3406,-21.79403],[-43.34047,-21.79396],[-43.34035,-21.79384],[-43.34012,-21.79355],[-43.34,-21.79346],[-43.33985,-21.79342],[-43.33968,-21.7934],[-43.33926,-21.79341],[-43.33907,-21.79343],[-43.33895,-21.79347],[-43.33884,-21.79353],[-43.33874,-21.79363],[-43.33856,-21.7939],[-43.33826,-21.79455],[-43.33811,-21.79466],[-43.33799,-21.79426],[-43.33761,-21.79431],[-43.33745,-21.79425],[-43.33717,-21.79427],[-43.33739,-21.79292],[-43.33755,-21.79232],[-43.33792,-21.79078],[-43.33852,-21.79061],[-43.33919,-21.79034],[-43.33887,-21.79034],[-43.33719,-21.78896],[-43.3378,-21.78844],[-43.33793,-21.78839],[-43.33806,-21.78838],[-43.3383,-21.78844],[-43.33875,-21.78841],[-43.33896,-21.78839],[-43.3392,-21.78829],[-43.33929,-21.78816],[-43.33927,-21.78796],[-43.33919,-21.78781],[-43.33904,-21.78767],[-43.33887,-21.78754],[-43.33873,-21.78746],[-43.33842,-21.78736],[-43.33828,-21.78729],[-43.33816,-21.78718],[-43.33801,-21.78709],[-43.33759,-21.78693],[-43.33746,-21.78678],[-43.33738,-21.7866],[-43.33743,-21.78647],[-43.3377,-21.78643],[-43.33808,-21.78645],[-43.33851,-21.78654],[-43.33902,-21.7866],[-43.33923,-21.78659],[-43.33961,-21.78653],[-43.33989,-21.78644],[-43.34039,-21.78618],[-43.34061,-21.78598],[-43.34084,-21.78581],[-43.34098,-21.78578],[-43.34128,-21.78567],[-43.34162,-21.78572],[-43.34181,-21.78577],[-43.3424,-21.78619],[-43.34253,-21.78623],[-43.3427,-21.78628],[-43.34307,-21.78626],[-43.34314,-21.78623],[-43.34331,-21.78625],[-43.34348,-21.78629],[-43.34381,-21.78652],[-43.34362,-21.78675],[-43.3437,-21.78689],[-43.34415,-21.78718]]],[[[-43.34242,-21.8125],[-43.34241,-21.81323],[-43.33484,-21.80952],[-43.33536,-21.80955],[-43.33549,-21.80959],[-43.33589,-21.80964],[-43.33669,-21.81],[-43.33688,-21.81006],[-43.33734,-21.8101],[-43.33774,-21.81018],[-43.3382,-21.81018],[-43.33877,-21.81023],[-43.33928,-21.8103],[-43.3394,-21.81036],[-43.33975,-21.81039],[-43.34036,-21.81061],[-43.3407,-21.81069],[-43.34101,-21.81073],[-43.34165,-21.81106],[-43.34199,-21.8114],[-43.34216,-21.8117],[-43.34232,-21.81212],[-43.34242,-21.8125]]],[[[-43.33471,-21.80955],[-43.32996,-21.8124],[-43.33065,-21.81171],[-43.33127,-21.811],[-43.33174,-21.81066],[-43.33234,-21.8103],[-43.33265,-21.81016],[-43.33313,-21.80996],[-43.33336,-21.80992],[-43.33367,-21.80978],[-43.3343,-21.80967],[-43.33471,-21.80955]]]]}},{"type":"Feature","properties":{"territory_id":"mg-3136702-dias-tavares","name":"Dias Tavares","municipality_id":"mg-3136702","polling_places":1,"approx":true,"official":false,"method":"voronoi-polling-places","whole_municipality":false,"approx_coords_only":false},"geometry":{"type":"MultiPolygon","coordinates":[[[[-43.59974,-21.61306],[-43.56522,-21.64773],[-43.52984,-21.6569],[-43.52274,-21.65547],[-43.50255,-21.57883],[-43.51195,-21.56318],[-43.5417,-21.6206],[-43.59974,-21.61306]]]]}},{"type":"Feature","properties":{"territory_id":"mg-3136702-dom-bosco","name":"Dom Bosco","municipality_id":"mg-3136702","polling_places":2,"approx":false,"official":true,"method":"official-ibge-cd2022","whole_municipality":false,"approx_coords_only":false,"official_name":"Dom Bosco","official_code":"3136702022","match":"direct"},"geometry":{"type":"MultiPolygon","coordinates":[[[[-43.36115,-21.77847],[-43.36136,-21.77874],[-43.36182,-21.77926],[-43.36162,-21.77951],[-43.3614,-21.77971],[-43.36148,-21.77979],[-43.36163,-21.77979],[-43.36166,-21.78017],[-43.36162,-21.78031],[-43.36145,-21.78042],[-43.36167,-21.78062],[-43.36233,-21.7806],[-43.36231,-21.78081],[-43.36213,-21.78093],[-43.3621,-21.78103],[-43.36214,-21.78122],[-43.36221,-21.78136],[-43.36425,-21.78123],[-43.36442,-21.78124],[-43.36474,-21.78128],[-43.36577,-21.78149],[-43.36684,-21.78154],[-43.36678,-21.78143],[-43.36674,-21.78129],[-43.36678,-21.78107],[-43.36675,-21.78093],[-43.36682,-21.78082],[-43.36701,-21.78073],[-43.36721,-21.78061],[-43.36733,-21.78036],[-43.36711,-21.78025],[-43.36698,-21.78005],[-43.36691,-21.77988],[-43.36683,-21.77944],[-43.3667,-21.77922],[-43.36661,-21.77912],[-43.36651,-21.77898],[-43.36642,-21.7788],[-43.36635,-21.77838],[-43.36617,-21.77813],[-43.36604,-21.77806],[-43.3659,-21.77801],[-43.36369,-21.77569],[-43.36316,-21.77525],[-43.3629,-21.77439],[-43.36286,-21.77431],[-43.3628,-21.77423],[-43.36268,-21.77393],[-43.36207,-21.77438],[-43.36164,-21.77467],[-43.36146,-21.77467],[-43.36127,-21.77464],[-43.36121,-21.77489],[-43.36122,-21.77508],[-43.36097,-21.77519],[-43.36075,-21.77523],[-43.36069,-21.77513],[-43.36042,-21.77481],[-43.3603,-21.77495],[-43.36036,-21.77509],[-43.36024,-21.77516],[-43.36006,-21.77522],[-43.35998,-21.77505],[-43.35985,-21.7751],[-43.35993,-21.7753],[-43.35946,-21.77548],[-43.35921,-21.77553],[-43.35896,-21.77574],[-43.35853,-21.77614],[-43.35836,-21.77625],[-43.35832,-21.77636],[-43.35846,-21.7765],[-43.35854,-21.77653],[-43.35864,-21.7765],[-43.35968,-21.77573],[-43.35972,-21.77583],[-43.35971,-21.77596],[-43.35963,-21.77606],[-43.35985,-21.77667],[-43.3595,-21.77682],[-43.35942,-21.77688],[-43.35922,-21.77709],[-43.3593,-21.77717],[-43.35939,-21.77711],[-43.35959,-21.77694],[-43.35979,-21.77722],[-43.36011,-21.77723],[-43.36088,-21.77812],[-43.36108,-21.77839],[-43.36115,-21.77847]]]]}},{"type":"Feature","properties":{"territory_id":"mg-3136702-eldorado","name":"Eldorado","municipality_id":"mg-3136702","polling_places":1,"approx":false,"official":true,"method":"official-ibge-cd2022","whole_municipality":false,"approx_coords_only":false,"official_name":"Eldorado","official_code":"3136702076","match":"direct"},"geometry":{"type":"MultiPolygon","coordinates":[[[[-43.36332,-21.7345],[-43.36303,-21.73485],[-43.36279,-21.73523],[-43.36243,-21.73558],[-43.36161,-21.73613],[-43.36103,-21.73664],[-43.36098,-21.73672],[-43.36128,-21.73693],[-43.36226,-21.73781],[-43.36276,-21.73824],[-43.3628,-21.73813],[-43.36285,-21.73777],[-43.3628,-21.73709],[-43.36319,-21.73636],[-43.3633,-21.73618],[-43.36645,-21.7361],[-43.36647,-21.73564],[-43.3666,-21.73527],[-43.36663,-21.73484],[-43.36655,-21.73436],[-43.36638,-21.73361],[-43.36626,-21.73278],[-43.36624,-21.73261],[-43.36627,-21.73226],[-43.36646,-21.73201],[-43.36667,-21.73176],[-43.36723,-21.73126],[-43.36731,-21.7311],[-43.36741,-21.73064],[-43.36742,-21.73051],[-43.3674,-21.7303],[-43.36761,-21.72912],[-43.36769,-21.72886],[-43.36636,-21.72841],[-43.36632,-21.72866],[-43.36634,-21.72884],[-43.36642,-21.7291],[-43.36658,-21.72938],[-43.36598,-21.72891],[-43.36624,-21.72861],[-43.36632,-21.7284],[-43.36344,-21.72723],[-43.36331,-21.72751],[-43.36327,-21.72765],[-43.36297,-21.72823],[-43.36119,-21.73034],[-43.36102,-21.73051],[-43.36051,-21.73071],[-43.36006,-21.73086],[-43.36016,-21.73098],[-43.36033,-21.73114],[-43.36063,-21.73171],[-43.3612,-21.73265],[-43.36116,-21.73288],[-43.36149,-21.73266],[-43.36238,-21.73215],[-43.36287,-21.73215],[-43.36301,-21.73206],[-43.36306,-21.73212],[-43.36315,-21.73206],[-43.36321,-21.73222],[-43.36331,-21.73226],[-43.3633,-21.73239],[-43.3632,-21.73255],[-43.36323,-21.73261],[-43.36326,-21.73267],[-43.36335,-21.73269],[-43.36341,-21.73279],[-43.36347,-21.73278],[-43.36357,-21.73298],[-43.36346,-21.7332],[-43.36333,-21.7334],[-43.36328,-21.73364],[-43.36319,-21.7337],[-43.3633,-21.73384],[-43.36318,-21.73401],[-43.36326,-21.73406],[-43.36321,-21.7341],[-43.36332,-21.73419],[-43.36328,-21.73444],[-43.36332,-21.7345]]]]}},{"type":"Feature","properties":{"territory_id":"mg-3136702-encosta-do-sol","name":"Encosta do Sol","municipality_id":"mg-3136702","polling_places":1,"approx":true,"official":false,"method":"voronoi-polling-places","whole_municipality":false,"approx_coords_only":false},"geometry":{"type":"MultiPolygon","coordinates":[[[[-43.41044,-21.73082],[-43.40463,-21.73846],[-43.40454,-21.73843],[-43.40444,-21.73864],[-43.40426,-21.73855],[-43.40414,-21.73852],[-43.40473,-21.73818],[-43.40387,-21.73781],[-43.40422,-21.73769],[-43.40328,-21.73716],[-43.40261,-21.73708],[-43.40251,-21.73691],[-43.40242,-21.7368],[-43.40232,-21.73672],[-43.40172,-21.73658],[-43.4015,-21.73655],[-43.40173,-21.73582],[-43.40195,-21.73564],[-43.40211,-21.73524],[-43.40228,-21.73496],[-43.40241,-21.73478],[-43.40247,-21.73463],[-43.40282,-21.73434],[-43.40289,-21.73431],[-43.40303,-21.7344],[-43.40315,-21.73444],[-43.40334,-21.7344],[-43.4035,-21.7342],[-43.40371,-21.7339],[-43.40413,-21.73303],[-43.40426,-21.73267],[-43.40437,-21.73254],[-43.40471,-21.73181],[-43.41044,-21.73082]]],[[[-43.39017,-21.74845],[-43.38321,-21.75166],[-43.3832,-21.75154],[-43.3834,-21.75149],[-43.38443,-21.75002],[-43.38459,-21.74879],[-43.38528,-21.74838],[-43.38539,-21.74768],[-43.38651,-21.74836],[-43.38712,-21.74766],[-43.38782,-21.74709],[-43.38865,-21.74756],[-43.38946,-21.7481],[-43.39015,-21.74845],[-43.39017,-21.74845]]],[[[-43.38967,-21.74159],[-43.38948,-21.74149],[-43.38961,-21.74155],[-43.38967,-21.74159]]],[[[-43.38716,-21.73485],[-43.38688,-21.73546],[-43.38676,-21.73577],[-43.38665,-21.73615],[-43.38656,-21.73636],[-43.38641,-21.73662],[-43.3863,-21.73674],[-43.38617,-21.73684],[-43.38603,-21.73692],[-43.38587,-21.73697],[-43.3857,-21.737],[-43.38551,-21.73699],[-43.38224,-21.73632],[-43.38158,-21.73624],[-43.38104,-21.73623],[-43.3804,-21.73628],[-43.38044,-21.73602],[-43.38716,-21.73485]]],[[[-43.38288,-21.74163],[-43.38281,-21.74195],[-43.38279,-21.74213],[-43.38281,-21.74253],[-43.38221,-21.74263],[-43.38192,-21.74263],[-43.38186,-21.74285],[-43.38166,-21.74314],[-43.38159,-21.74318],[-43.38161,-21.74338],[-43.38149,-21.74343],[-43.38141,-21.7433],[-43.38122,-21.74337],[-43.38114,-21.74327],[-43.38105,-21.74346],[-43.38116,-21.74358],[-43.38084,-21.74362],[-43.38093,-21.74376],[-43.38066,-21.74391],[-43.38057,-21.744],[-43.38043,-21.74388],[-43.37941,-21.74305],[-43.37998,-21.73911],[-43.38003,-21.73907],[-43.3801,-21.73913],[-43.38037,-21.73912],[-43.38043,-21.73917],[-43.38007,-21.73958],[-43.38103,-21.7403],[-43.38138,-21.74052],[-43.38164,-21.74081],[-43.38187,-21.74103],[-43.38218,-21.74128],[-43.38221,-21.74133],[-43.38247,-21.74151],[-43.38288,-21.74163]]]]}},{"type":"Feature","properties":{"territory_id":"mg-3136702-fabrica","name":"Fabrica","municipality_id":"mg-3136702","polling_places":1,"approx":false,"official":true,"method":"official-ibge-cd2022","whole_municipality":false,"approx_coords_only":false,"official_name":"Fábrica","official_code":"3136702006","match":"direct"},"geometry":{"type":"MultiPolygon","coordinates":[[[[-43.3637,-21.74691],[-43.36291,-21.74719],[-43.36152,-21.74772],[-43.36066,-21.74796],[-43.35997,-21.74811],[-43.35983,-21.74813],[-43.3593,-21.74811],[-43.35939,-21.74822],[-43.36011,-21.74838],[-43.36032,-21.74889],[-43.36041,-21.74898],[-43.36064,-21.74906],[-43.36096,-21.74925],[-43.36107,-21.74934],[-43.36116,-21.74943],[-43.36125,-21.74945],[-43.36143,-21.74935],[-43.36152,-21.74942],[-43.36182,-21.74971],[-43.36244,-21.75039],[-43.36266,-21.75078],[-43.36292,-21.75082],[-43.36331,-21.75096],[-43.36349,-21.75099],[-43.36363,-21.75104],[-43.36382,-21.75119],[-43.36389,-21.75119],[-43.36389,-21.75114],[-43.36386,-21.75099],[-43.36371,-21.75057],[-43.36382,-21.75071],[-43.36386,-21.75067],[-43.36396,-21.75078],[-43.36448,-21.75076],[-43.36481,-21.75082],[-43.36515,-21.75079],[-43.36555,-21.75083],[-43.36596,-21.7509],[-43.36613,-21.75089],[-43.36631,-21.75091],[-43.36653,-21.75099],[-43.3668,-21.75099],[-43.36769,-21.75105],[-43.36791,-21.75109],[-43.36837,-21.75128],[-43.36862,-21.7513],[-43.36913,-21.75128],[-43.36956,-21.75118],[-43.36979,-21.7511],[-43.36997,-21.75102],[-43.37085,-21.75055],[-43.37119,-21.75019],[-43.37134,-21.75001],[-43.37184,-21.74907],[-43.3714,-21.74869],[-43.37136,-21.74854],[-43.37161,-21.74836],[-43.37191,-21.7484],[-43.37221,-21.74839],[-43.37249,-21.7483],[-43.37271,-21.74816],[-43.37312,-21.74798],[-43.37415,-21.74775],[-43.3744,-21.74779],[-43.37474,-21.74787],[-43.37495,-21.74794],[-43.37528,-21.74814],[-43.37551,-21.74831],[-43.37592,-21.74851],[-43.37827,-21.74699],[-43.37853,-21.747],[-43.37832,-21.74692],[-43.37828,-21.74648],[-43.37831,-21.74615],[-43.37839,-21.74582],[-43.37842,-21.74567],[-43.37849,-21.74547],[-43.3786,-21.74532],[-43.3789,-21.7451],[-43.37898,-21.74496],[-43.37906,-21.74475],[-43.37905,-21.74474],[-43.37953,-21.74428],[-43.38033,-21.74389],[-43.38043,-21.74388],[-43.37853,-21.74234],[-43.37799,-21.74279],[-43.37776,-21.743],[-43.37648,-21.74261],[-43.37631,-21.74239],[-43.37611,-21.74218],[-43.3761,-21.74215],[-43.37599,-21.74201],[-43.37672,-21.74132],[-43.37573,-21.74053],[-43.376,-21.74027],[-43.37608,-21.74021],[-43.37629,-21.74026],[-43.3773,-21.73948],[-43.3777,-21.73912],[-43.37835,-21.73859],[-43.37857,-21.73851],[-43.3787,-21.73848],[-43.37874,-21.73814],[-43.37864,-21.73799],[-43.37858,-21.73772],[-43.37813,-21.73777],[-43.37786,-21.73785],[-43.3776,-21.73794],[-43.37721,-21.73815],[-43.37691,-21.73838],[-43.37642,-21.73886],[-43.37607,-21.73918],[-43.37544,-21.7397],[-43.37465,-21.74023],[-43.37088,-21.7426],[-43.3663,-21.74551],[-43.36524,-21.74614],[-43.36445,-21.74657],[-43.3641,-21.74674],[-43.3637,-21.74691]]]]}},{"type":"Feature","properties":{"territory_id":"mg-3136702-filgueiras","name":"Filgueiras","municipality_id":"mg-3136702","polling_places":1,"approx":true,"official":false,"method":"voronoi-polling-places","whole_municipality":false,"approx_coords_only":false},"geometry":{"type":"MultiPolygon","coordinates":[[[[-43.34496,-21.64161],[-43.33469,-21.66582],[-43.31074,-21.70388],[-43.31053,-21.70401],[-43.28083,-21.71801],[-43.26,-21.71544],[-43.2619,-21.6846],[-43.2949,-21.6614],[-43.3256,-21.662],[-43.34496,-21.64161]]]]}},{"type":"Feature","properties":{"territory_id":"mg-3136702-floresta","name":"Floresta","municipality_id":"mg-3136702","polling_places":1,"approx":false,"official":true,"method":"official-ibge-cd2022","whole_municipality":false,"approx_coords_only":false,"official_name":"Floresta","official_code":"3136702093","match":"direct"},"geometry":{"type":"MultiPolygon","coordinates":[[[[-43.28784,-21.76174],[-43.29473,-21.7615],[-43.29489,-21.76111],[-43.29489,-21.7608],[-43.29459,-21.75997],[-43.29453,-21.75951],[-43.29454,-21.75917],[-43.29479,-21.75864],[-43.29502,-21.75836],[-43.29568,-21.75776],[-43.29607,-21.7575],[-43.29645,-21.75729],[-43.29723,-21.75702],[-43.29791,-21.7564],[-43.2973,-21.75628],[-43.29656,-21.75605],[-43.29565,-21.75572],[-43.29437,-21.75514],[-43.2937,-21.75479],[-43.29305,-21.75429],[-43.29226,-21.75377],[-43.29133,-21.75306],[-43.29072,-21.75271],[-43.29005,-21.7522],[-43.28893,-21.75158],[-43.28625,-21.75067],[-43.28588,-21.75008],[-43.28541,-21.74962],[-43.28488,-21.74949],[-43.28436,-21.74947],[-43.28361,-21.74929],[-43.28295,-21.74887],[-43.28208,-21.74888],[-43.28127,-21.74896],[-43.2806,-21.74913],[-43.28046,-21.74915],[-43.2803,-21.74867],[-43.28031,-21.7485],[-43.2802,-21.74824],[-43.27998,-21.74807],[-43.27988,-21.74792],[-43.27988,-21.74768],[-43.27985,-21.74748],[-43.27987,-21.74729],[-43.27995,-21.74702],[-43.28025,-21.74661],[-43.28035,-21.74629],[-43.28039,-21.74594],[-43.28012,-21.74455],[-43.27999,-21.74407],[-43.27975,-21.74306],[-43.27891,-21.74232],[-43.27836,-21.74211],[-43.27802,-21.74206],[-43.27754,-21.74202],[-43.27719,-21.74209],[-43.27698,-21.74221],[-43.27673,-21.7424],[-43.27658,-21.74255],[-43.27631,-21.74288],[-43.27625,-21.74305],[-43.27607,-21.74339],[-43.27588,-21.74413],[-43.2757,-21.74463],[-43.27552,-21.7448],[-43.27542,-21.74505],[-43.27516,-21.74521],[-43.27493,-21.74529],[-43.274,-21.74528],[-43.27359,-21.74523],[-43.27319,-21.7451],[-43.27248,-21.74468],[-43.27222,-21.74443],[-43.27195,-21.74434],[-43.27177,-21.74417],[-43.27151,-21.74408],[-43.27124,-21.74384],[-43.27098,-21.74366],[-43.2708,-21.74358],[-43.27063,-21.74358],[-43.27018,-21.7434],[-43.27,-21.7434],[-43.26964,-21.74332],[-43.26885,-21.74306],[-43.2684,-21.74297],[-43.26813,-21.74288],[-43.26644,-21.74286],[-43.26596,-21.7433],[-43.2656,-21.74382],[-43.26533,-21.74409],[-43.26484,-21.74426],[-43.26434,-21.7443],[-43.26396,-21.74455],[-43.26377,-21.74477],[-43.26329,-21.74523],[-43.26329,-21.74529],[-43.26365,-21.74546],[-43.2641,-21.74577],[-43.26452,-21.74625],[-43.26496,-21.74685],[-43.2654,-21.74757],[-43.26567,-21.74811],[-43.2658,-21.74845],[-43.26593,-21.7496],[-43.26602,-21.75004],[-43.26604,-21.75089],[-43.26626,-21.752],[-43.26648,-21.75245],[-43.26731,-21.75389],[-43.26912,-21.75772],[-43.26973,-21.75896],[-43.27043,-21.76008],[-43.27123,-21.76092],[-43.27157,-21.76052],[-43.27202,-21.76016],[-43.2722,-21.75997],[-43.27298,-21.75942],[-43.27332,-21.75916],[-43.27389,-21.75892],[-43.27411,-21.75879],[-43.27473,-21.75863],[-43.27554,-21.75864],[-43.27704,-21.75886],[-43.27771,-21.75907],[-43.2782,-21.75935],[-43.27915,-21.7602],[-43.27973,-21.76093],[-43.28004,-21.76143],[-43.28029,-21.76158],[-43.28094,-21.76183],[-43.28158,-21.76213],[-43.2836,-21.76319],[-43.28434,-21.76268],[-43.28493,-21.7625],[-43.28524,-21.76229],[-43.28573,-21.76207],[-43.28632,-21.76186],[-43.28651,-21.76192],[-43.28686,-21.76186],[-43.28761,-21.76175],[-43.28784,-21.76174]]]]}},{"type":"Feature","properties":{"territory_id":"mg-3136702-francisco-bernardino","name":"Francisco Bernardino","municipality_id":"mg-3136702","polling_places":2,"approx":false,"official":true,"method":"official-ibge-cd2022","whole_municipality":false,"approx_coords_only":false,"official_name":"Francisco Bernardino","official_code":"3136702043","match":"direct"},"geometry":{"type":"MultiPolygon","coordinates":[[[[-43.3991,-21.7346],[-43.39885,-21.73448],[-43.39848,-21.73436],[-43.3983,-21.73432],[-43.39808,-21.73424],[-43.3979,-21.73416],[-43.39757,-21.73405],[-43.39727,-21.73392],[-43.39702,-21.73376],[-43.3965,-21.73359],[-43.39633,-21.73352],[-43.39602,-21.73326],[-43.39555,-21.73275],[-43.39533,-21.73254],[-43.39522,-21.7324],[-43.39512,-21.7323],[-43.39497,-21.73221],[-43.39484,-21.73251],[-43.39398,-21.73346],[-43.39354,-21.73385],[-43.39311,-21.73419],[-43.39249,-21.73463],[-43.39162,-21.73507],[-43.38935,-21.73595],[-43.38913,-21.73607],[-43.38933,-21.73651],[-43.38962,-21.7366],[-43.39008,-21.73644],[-43.39015,-21.73659],[-43.3902,-21.73678],[-43.39033,-21.73685],[-43.39201,-21.73713],[-43.39285,-21.73707],[-43.39337,-21.73718],[-43.39358,-21.73743],[-43.39374,-21.73774],[-43.39378,-21.73856],[-43.39351,-21.73939],[-43.3933,-21.73996],[-43.39317,-21.74005],[-43.39288,-21.74012],[-43.3928,-21.74025],[-43.39274,-21.74046],[-43.39294,-21.74054],[-43.3932,-21.74074],[-43.39346,-21.74111],[-43.39367,-21.74118],[-43.39471,-21.74145],[-43.39544,-21.74157],[-43.39556,-21.74161],[-43.39581,-21.74175],[-43.39596,-21.74181],[-43.39624,-21.74202],[-43.39694,-21.74262],[-43.39651,-21.743],[-43.39599,-21.74351],[-43.39535,-21.74419],[-43.39526,-21.74433],[-43.39519,-21.74447],[-43.39479,-21.74513],[-43.39467,-21.74536],[-43.39451,-21.74577],[-43.3943,-21.746],[-43.39409,-21.74626],[-43.39374,-21.74657],[-43.39356,-21.74677],[-43.39333,-21.74709],[-43.39318,-21.74734],[-43.39306,-21.74764],[-43.39289,-21.74799],[-43.39355,-21.74817],[-43.39464,-21.74875],[-43.39521,-21.74923],[-43.39633,-21.74966],[-43.3974,-21.74976],[-43.39758,-21.74982],[-43.39796,-21.75028],[-43.39833,-21.75061],[-43.39856,-21.75086],[-43.39865,-21.75129],[-43.399,-21.75179],[-43.39924,-21.75225],[-43.39951,-21.75258],[-43.39961,-21.75281],[-43.40004,-21.75287],[-43.40025,-21.75279],[-43.40069,-21.75248],[-43.40102,-21.75232],[-43.40147,-21.75206],[-43.4019,-21.75171],[-43.40204,-21.75168],[-43.40252,-21.75146],[-43.40322,-21.75101],[-43.4035,-21.75079],[-43.40393,-21.75055],[-43.40418,-21.7504],[-43.40457,-21.75008],[-43.40507,-21.74984],[-43.40539,-21.74962],[-43.40567,-21.74947],[-43.40587,-21.74943],[-43.4062,-21.74927],[-43.40654,-21.74906],[-43.40667,-21.74913],[-43.40685,-21.74931],[-43.40697,-21.74949],[-43.40879,-21.74848],[-43.40953,-21.74789],[-43.41018,-21.74722],[-43.41043,-21.74669],[-43.41104,-21.7462],[-43.41115,-21.74581],[-43.41126,-21.74555],[-43.41128,-21.74526],[-43.41115,-21.74482],[-43.41101,-21.74465],[-43.41067,-21.74454],[-43.41026,-21.74428],[-43.40977,-21.74411],[-43.41008,-21.74116],[-43.40979,-21.74054],[-43.40963,-21.74059],[-43.40894,-21.74072],[-43.40811,-21.74072],[-43.40786,-21.74068],[-43.40742,-21.74068],[-43.40709,-21.74056],[-43.40678,-21.74047],[-43.40627,-21.73993],[-43.40611,-21.73985],[-43.40572,-21.7389],[-43.40454,-21.73843],[-43.40444,-21.73864],[-43.40426,-21.73855],[-43.40414,-21.73852],[-43.40473,-21.73818],[-43.40387,-21.73781],[-43.40422,-21.73769],[-43.40328,-21.73716],[-43.40261,-21.73708],[-43.40251,-21.73691],[-43.40242,-21.7368],[-43.40232,-21.73672],[-43.40172,-21.73658],[-43.4015,-21.73655],[-43.40173,-21.73582],[-43.40147,-21.73592],[-43.40127,-21.73591],[-43.40113,-21.73586],[-43.40067,-21.73585],[-43.40047,-21.73582],[-43.40018,-21.73569],[-43.40007,-21.7356],[-43.39999,-21.73549],[-43.39985,-21.73534],[-43.39951,-21.73511],[-43.39929,-21.73486],[-43.3991,-21.7346]]]]}},{"type":"Feature","properties":{"territory_id":"mg-3136702-furtado-de-menezes","name":"Furtado de Menezes","municipality_id":"mg-3136702","polling_places":2,"approx":false,"official":true,"method":"official-ibge-cd2022","whole_municipality":false,"approx_coords_only":false,"official_name":"Vila Furtado de Menezes","official_code":"3136702087","match":"prefix"},"geometry":{"type":"MultiPolygon","coordinates":[[[[-43.33321,-21.77326],[-43.33324,-21.7733],[-43.33343,-21.7733],[-43.33346,-21.77337],[-43.3336,-21.77328],[-43.33366,-21.77337],[-43.33364,-21.77339],[-43.33368,-21.77338],[-43.334,-21.77346],[-43.33428,-21.77349],[-43.33427,-21.77353],[-43.33442,-21.77357],[-43.33449,-21.77362],[-43.33468,-21.77341],[-43.33469,-21.77328],[-43.33389,-21.77196],[-43.33401,-21.7717],[-43.33411,-21.77169],[-43.33419,-21.77172],[-43.33428,-21.7718],[-43.33442,-21.772],[-43.33448,-21.77197],[-43.33443,-21.77165],[-43.33444,-21.77139],[-43.33458,-21.77123],[-43.33459,-21.77104],[-43.3347,-21.77104],[-43.33476,-21.77112],[-43.33492,-21.7712],[-43.3349,-21.77127],[-43.33526,-21.7713],[-43.33559,-21.77074],[-43.33571,-21.77061],[-43.3357,-21.77044],[-43.33569,-21.77044],[-43.33566,-21.77027],[-43.33541,-21.77032],[-43.33534,-21.77026],[-43.33543,-21.76973],[-43.33448,-21.7699],[-43.33444,-21.76992],[-43.33434,-21.77006],[-43.334,-21.77014],[-43.33395,-21.7702],[-43.33387,-21.77019],[-43.3338,-21.77016],[-43.33382,-21.77012],[-43.33364,-21.77001],[-43.33365,-21.77],[-43.33362,-21.76997],[-43.3335,-21.76991],[-43.33351,-21.76989],[-43.33338,-21.76981],[-43.3336,-21.76943],[-43.33354,-21.76937],[-43.33345,-21.76932],[-43.33331,-21.76931],[-43.33311,-21.76937],[-43.3329,-21.76949],[-43.33269,-21.76955],[-43.33253,-21.76942],[-43.33247,-21.76945],[-43.33233,-21.76947],[-43.33221,-21.76946],[-43.33207,-21.7694],[-43.33187,-21.76923],[-43.33159,-21.76894],[-43.33154,-21.76886],[-43.33117,-21.76905],[-43.33083,-21.76929],[-43.33068,-21.76944],[-43.33049,-21.76967],[-43.33039,-21.76981],[-43.33026,-21.77007],[-43.33047,-21.77053],[-43.33063,-21.771],[-43.33132,-21.77074],[-43.3314,-21.77095],[-43.33147,-21.77132],[-43.33151,-21.77142],[-43.33159,-21.77154],[-43.33164,-21.77151],[-43.33167,-21.77157],[-43.33163,-21.7716],[-43.33171,-21.7717],[-43.33172,-21.77169],[-43.33186,-21.77187],[-43.33182,-21.77189],[-43.33191,-21.77205],[-43.33193,-21.77204],[-43.33196,-21.77211],[-43.332,-21.77227],[-43.33199,-21.77241],[-43.33205,-21.77254],[-43.332,-21.77278],[-43.3321,-21.77284],[-43.33195,-21.77299],[-43.33185,-21.77293],[-43.33171,-21.773],[-43.33159,-21.77298],[-43.33151,-21.77302],[-43.33139,-21.77305],[-43.33072,-21.7731],[-43.33038,-21.77319],[-43.33036,-21.77315],[-43.33018,-21.77326],[-43.33016,-21.77328],[-43.33014,-21.77337],[-43.33015,-21.77343],[-43.33011,-21.77357],[-43.3301,-21.77357],[-43.33009,-21.77367],[-43.33018,-21.77369],[-43.33018,-21.77374],[-43.33022,-21.77381],[-43.33026,-21.77379],[-43.33029,-21.77384],[-43.33025,-21.77389],[-43.33023,-21.77389],[-43.33025,-21.77394],[-43.33042,-21.77409],[-43.33043,-21.77406],[-43.33053,-21.77406],[-43.33064,-21.77404],[-43.33064,-21.77411],[-43.33069,-21.77411],[-43.33222,-21.77408],[-43.33252,-21.77399],[-43.3327,-21.77389],[-43.33309,-21.7737],[-43.33297,-21.77346],[-43.33321,-21.77331],[-43.33321,-21.77326]]]]}},{"type":"Feature","properties":{"territory_id":"mg-3136702-grajau","name":"Grajau","municipality_id":"mg-3136702","polling_places":1,"approx":false,"official":true,"method":"official-ibge-cd2022","whole_municipality":false,"approx_coords_only":false,"official_name":"Grajaú","official_code":"3136702070","match":"direct"},"geometry":{"type":"MultiPolygon","coordinates":[[[[-43.33987,-21.74494],[-43.33955,-21.74497],[-43.33915,-21.74514],[-43.33948,-21.74693],[-43.33976,-21.74767],[-43.34007,-21.74787],[-43.34111,-21.7482],[-43.34172,-21.74848],[-43.34244,-21.74888],[-43.34256,-21.74901],[-43.34255,-21.74918],[-43.3427,-21.74958],[-43.34313,-21.74986],[-43.34334,-21.75002],[-43.34349,-21.75017],[-43.34368,-21.75031],[-43.34367,-21.75033],[-43.34372,-21.75035],[-43.34377,-21.75034],[-43.34399,-21.75047],[-43.34401,-21.75045],[-43.34416,-21.75053],[-43.34409,-21.75083],[-43.34423,-21.75089],[-43.34449,-21.75062],[-43.34505,-21.75095],[-43.34521,-21.75108],[-43.34516,-21.75115],[-43.3454,-21.75131],[-43.34539,-21.75134],[-43.34567,-21.75152],[-43.34569,-21.75149],[-43.34664,-21.7521],[-43.3466,-21.75216],[-43.34668,-21.75221],[-43.34657,-21.75241],[-43.34675,-21.75254],[-43.34691,-21.75251],[-43.34703,-21.75246],[-43.34746,-21.75212],[-43.34768,-21.75191],[-43.34807,-21.75161],[-43.34839,-21.751],[-43.34867,-21.75031],[-43.34875,-21.75017],[-43.34945,-21.74935],[-43.34954,-21.74925],[-43.34962,-21.74925],[-43.34975,-21.74895],[-43.34994,-21.74888],[-43.35011,-21.74891],[-43.35017,-21.74869],[-43.35025,-21.74871],[-43.35027,-21.74843],[-43.34983,-21.7483],[-43.34948,-21.74822],[-43.34918,-21.74858],[-43.34899,-21.74845],[-43.34888,-21.74846],[-43.34882,-21.74841],[-43.34866,-21.74813],[-43.34852,-21.74817],[-43.34846,-21.74816],[-43.34815,-21.74813],[-43.34826,-21.74748],[-43.34832,-21.74743],[-43.34838,-21.74719],[-43.34841,-21.74716],[-43.3484,-21.74709],[-43.34824,-21.74691],[-43.34824,-21.74688],[-43.34828,-21.74679],[-43.34817,-21.74675],[-43.34783,-21.74653],[-43.34756,-21.7464],[-43.3475,-21.74637],[-43.34727,-21.74634],[-43.34738,-21.74684],[-43.34727,-21.74685],[-43.34642,-21.74672],[-43.34615,-21.74675],[-43.34603,-21.74581],[-43.34577,-21.74558],[-43.34562,-21.74541],[-43.3455,-21.74521],[-43.34539,-21.74483],[-43.34532,-21.74473],[-43.34518,-21.74445],[-43.345,-21.74435],[-43.34489,-21.74419],[-43.3448,-21.74397],[-43.34476,-21.7437],[-43.34482,-21.74345],[-43.34476,-21.74331],[-43.34465,-21.74312],[-43.34421,-21.74316],[-43.34408,-21.74339],[-43.34404,-21.74339],[-43.34392,-21.74328],[-43.34379,-21.74327],[-43.34359,-21.74329],[-43.34348,-21.74327],[-43.34349,-21.74324],[-43.34286,-21.74335],[-43.3427,-21.74343],[-43.34262,-21.74351],[-43.34263,-21.74355],[-43.34254,-21.7436],[-43.34253,-21.74358],[-43.34245,-21.74364],[-43.34245,-21.74365],[-43.34236,-21.74374],[-43.34227,-21.74373],[-43.34211,-21.74366],[-43.34186,-21.74342],[-43.34165,-21.74332],[-43.34138,-21.7433],[-43.34131,-21.74332],[-43.3413,-21.74338],[-43.34109,-21.74369],[-43.34105,-21.74383],[-43.341,-21.74427],[-43.34071,-21.7448],[-43.34067,-21.74483],[-43.3404,-21.74473],[-43.34025,-21.74487],[-43.34019,-21.74477],[-43.33987,-21.74494]]]]}},{"type":"Feature","properties":{"territory_id":"mg-3136702-grama","name":"Grama","municipality_id":"mg-3136702","polling_places":2,"approx":true,"official":false,"method":"voronoi-polling-places","whole_municipality":false,"approx_coords_only":false},"geometry":{"type":"MultiPolygon","coordinates":[[[[-43.36796,-21.69057],[-43.35344,-21.70525],[-43.34588,-21.70502],[-43.3483,-21.69717],[-43.34626,-21.68421],[-43.35271,-21.69064],[-43.36796,-21.69057]]]]}},{"type":"Feature","properties":{"territory_id":"mg-3136702-graminha","name":"Graminha","municipality_id":"mg-3136702","polling_places":1,"approx":false,"official":true,"method":"official-ibge-cd2022","whole_municipality":false,"approx_coords_only":false,"official_name":"Graminha","official_code":"3136702092","match":"direct"},"geometry":{"type":"MultiPolygon","coordinates":[[[[-43.31903,-21.82233],[-43.31933,-21.82211],[-43.32023,-21.82154],[-43.32117,-21.82181],[-43.32152,-21.82181],[-43.32194,-21.82171],[-43.32261,-21.82141],[-43.32308,-21.82096],[-43.32389,-21.82032],[-43.3242,-21.81996],[-43.3247,-21.81954],[-43.32559,-21.81857],[-43.3259,-21.81796],[-43.32642,-21.81677],[-43.3266,-21.81607],[-43.32688,-21.81536],[-43.32776,-21.81425],[-43.32809,-21.81385],[-43.32837,-21.8136],[-43.32878,-21.81328],[-43.32912,-21.81292],[-43.32977,-21.81259],[-43.33065,-21.81171],[-43.33127,-21.811],[-43.33174,-21.81066],[-43.33234,-21.8103],[-43.33265,-21.81016],[-43.33364,-21.80877],[-43.33559,-21.80593],[-43.33585,-21.80559],[-43.33599,-21.80537],[-43.33782,-21.8035],[-43.3388,-21.80236],[-43.33805,-21.80011],[-43.33765,-21.79942],[-43.33705,-21.79731],[-43.33708,-21.79705],[-43.3371,-21.79705],[-43.33804,-21.79606],[-43.33763,-21.7962],[-43.33735,-21.7962],[-43.33716,-21.79609],[-43.33704,-21.79591],[-43.33698,-21.79577],[-43.33695,-21.79533],[-43.33717,-21.79427],[-43.33739,-21.79292],[-43.33755,-21.79232],[-43.33792,-21.79078],[-43.33852,-21.79061],[-43.33919,-21.79034],[-43.33887,-21.79034],[-43.33719,-21.78896],[-43.3378,-21.78844],[-43.33793,-21.78839],[-43.33806,-21.78838],[-43.3383,-21.78844],[-43.33875,-21.78841],[-43.33896,-21.78839],[-43.3392,-21.78829],[-43.33929,-21.78816],[-43.33927,-21.78796],[-43.33919,-21.78781],[-43.33904,-21.78767],[-43.33887,-21.78754],[-43.33873,-21.78746],[-43.33842,-21.78736],[-43.33828,-21.78729],[-43.33816,-21.78718],[-43.33801,-21.78709],[-43.33759,-21.78693],[-43.33746,-21.78678],[-43.33738,-21.7866],[-43.33743,-21.78647],[-43.3377,-21.78643],[-43.33808,-21.78645],[-43.33851,-21.78654],[-43.33902,-21.7866],[-43.33923,-21.78659],[-43.33961,-21.78653],[-43.33989,-21.78644],[-43.34039,-21.78618],[-43.34061,-21.78598],[-43.34084,-21.78581],[-43.34098,-21.78578],[-43.34128,-21.78567],[-43.34133,-21.7856],[-43.34139,-21.78547],[-43.34166,-21.7851],[-43.34147,-21.7846],[-43.34179,-21.78435],[-43.34228,-21.78333],[-43.34204,-21.7834],[-43.34194,-21.78342],[-43.34132,-21.78305],[-43.34122,-21.78294],[-43.34053,-21.78164],[-43.34038,-21.78147],[-43.34019,-21.78137],[-43.34008,-21.78142],[-43.33998,-21.78137],[-43.33949,-21.78132],[-43.33902,-21.78132],[-43.33876,-21.78128],[-43.33861,-21.78128],[-43.33848,-21.78124],[-43.3384,-21.78112],[-43.33827,-21.78109],[-43.33787,-21.78073],[-43.33745,-21.78031],[-43.33725,-21.78015],[-43.3369,-21.7801],[-43.33634,-21.78029],[-43.33605,-21.78043],[-43.33567,-21.78079],[-43.33546,-21.78115],[-43.33544,-21.78184],[-43.33369,-21.78182],[-43.33368,-21.78134],[-43.33333,-21.78155],[-43.3331,-21.78163],[-43.33297,-21.7816],[-43.33276,-21.78129],[-43.3327,-21.78125],[-43.33262,-21.78126],[-43.33216,-21.78148],[-43.33109,-21.78212],[-43.3302,-21.78263],[-43.32954,-21.78304],[-43.32945,-21.78315],[-43.32935,-21.78334],[-43.32915,-21.78358],[-43.329,-21.78368],[-43.32852,-21.78392],[-43.3277,-21.78423],[-43.32726,-21.78462],[-43.32696,-21.78483],[-43.32672,-21.78506],[-43.32655,-21.78517],[-43.32647,-21.78529],[-43.32634,-21.78561],[-43.32644,-21.78581],[-43.32641,-21.78594],[-43.32596,-21.78635],[-43.32553,-21.78645],[-43.32531,-21.78645],[-43.32492,-21.78657],[-43.32423,-21.78745],[-43.32373,-21.78712],[-43.32367,-21.78701],[-43.32367,-21.78684],[-43.32383,-21.78666],[-43.32397,-21.78657],[-43.32397,-21.78606],[-43.32407,-21.78589],[-43.3242,-21.78577],[-43.32451,-21.7856],[-43.32493,-21.78544],[-43.32514,-21.7853],[-43.32522,-21.78513],[-43.32524,-21.78502],[-43.32522,-21.78492],[-43.32516,-21.78478],[-43.32506,-21.78458],[-43.32488,-21.78434],[-43.32475,-21.7841],[-43.32463,-21.78394],[-43.32452,-21.78374],[-43.32431,-21.78323],[-43.32419,-21.7831],[-43.32402,-21.78298],[-43.3239,-21.78283],[-43.3238,-21.78243],[-43.32369,-21.78218],[-43.32325,-21.78164],[-43.323,-21.78151],[-43.32286,-21.78148],[-43.32188,-21.78152],[-43.32161,-21.78147],[-43.32108,-21.78119],[-43.32085,-21.78109],[-43.32062,-21.78102],[-43.32047,-21.78071],[-43.32042,-21.7803],[-43.32048,-21.77975],[-43.32062,-21.77902],[-43.32072,-21.77873],[-43.32003,-21.77869],[-43.31984,-21.77884],[-43.3197,-21.77884],[-43.3196,-21.7789],[-43.31884,-21.77898],[-43.31867,-21.77902],[-43.31858,-21.77898],[-43.31845,-21.77899],[-43.3182,-21.7791],[-43.318,-21.77927],[-43.31791,-21.77945],[-43.31779,-21.77948],[-43.31765,-21.77958],[-43.31765,-21.77972],[-43.31755,-21.77975],[-43.31739,-21.77997],[-43.3172,-21.78007],[-43.31697,-21.78007],[-43.31671,-21.78013],[-43.31648,-21.78016],[-43.31603,-21.78032],[-43.3158,-21.78035],[-43.31563,-21.78049],[-43.31544,-21.7805],[-43.31507,-21.78057],[-43.31413,-21.78051],[-43.31367,-21.7807],[-43.3128,-21.78119],[-43.31227,-21.78133],[-43.31161,-21.78141],[-43.31142,-21.78166],[-43.3112,-21.78174],[-43.31103,-21.78171],[-43.31084,-21.78174],[-43.30969,-21.78235],[-43.30948,-21.78226],[-43.3091,-21.78219],[-43.30864,-21.78203],[-43.30821,-21.78204],[-43.30778,-21.78209],[-43.30704,-21.78205],[-43.30673,-21.78235],[-43.30418,-21.78746],[-43.30346,-21.78762],[-43.30273,-21.7882],[-43.30225,-21.78843],[-43.30125,-21.78819],[-43.30065,-21.78794],[-43.29976,-21.7874],[-43.29952,-21.78708],[-43.29896,-21.78677],[-43.29878,-21.78682],[-43.29866,-21.7869],[-43.29857,-21.78705],[-43.29853,-21.78804],[-43.29785,-21.78792],[-43.29778,-21.78776],[-43.29735,-21.78723],[-43.29712,-21.78691],[-43.29682,-21.78639],[-43.29655,-21.786],[-43.29625,-21.78566],[-43.2958,-21.78532],[-43.29507,-21.78459],[-43.29402,-21.78442],[-43.29325,-21.78453],[-43.29128,-21.78412],[-43.28901,-21.78315],[-43.28835,-21.78333],[-43.28812,-21.78318],[-43.28789,-21.78308],[-43.28764,-21.78313],[-43.28693,-21.78323],[-43.28755,-21.78251],[-43.28977,-21.78002],[-43.29028,-21.7797],[-43.28985,-21.77837],[-43.28998,-21.77763],[-43.29014,-21.77719],[-43.29028,-21.77695],[-43.29005,-21.77681],[-43.28998,-21.77667],[-43.2899,-21.77662],[-43.28963,-21.77659],[-43.28897,-21.77614],[-43.28827,-21.77672],[-43.28815,-21.77676],[-43.28794,-21.77679],[-43.28781,-21.77682],[-43.28695,-21.77717],[-43.28682,-21.77721],[-43.2863,-21.77728],[-43.28604,-21.77738],[-43.28568,-21.7776],[-43.28506,-21.77804],[-43.28468,-21.77828],[-43.28452,-21.77833],[-43.2842,-21.77837],[-43.28352,-21.77882],[-43.2834,-21.77896],[-43.28331,-21.77912],[-43.28327,-21.77928],[-43.28328,-21.77948],[-43.28347,-21.77984],[-43.28337,-21.78025],[-43.28337,-21.78053],[-43.2835,-21.78076],[-43.28359,-21.78097],[-43.28359,-21.78104],[-43.28355,-21.78108],[-43.28349,-21.7811],[-43.28341,-21.7811],[-43.28322,-21.78102],[-43.28303,-21.78103],[-43.28286,-21.78108],[-43.28265,-21.78123],[-43.28258,-21.78132],[-43.28247,-21.78137],[-43.28204,-21.78136],[-43.2815,-21.7814],[-43.28131,-21.78146],[-43.28114,-21.78159],[-43.28099,-21.78174],[-43.28091,-21.78178],[-43.28083,-21.78178],[-43.28024,-21.78141],[-43.28014,-21.78157],[-43.28013,-21.78161],[-43.28018,-21.78184],[-43.28036,-21.78204],[-43.28056,-21.78222],[-43.28077,-21.78232],[-43.2811,-21.78255],[-43.28127,-21.78258],[-43.28141,-21.78265],[-43.28172,-21.78295],[-43.28198,-21.78313],[-43.28221,-21.78323],[-43.28228,-21.78343],[-43.28243,-21.7836],[-43.28263,-21.78391],[-43.28281,-21.78426],[-43.283,-21.78447],[-43.2831,-21.78485],[-43.28329,-21.78506],[-43.28339,-21.78527],[-43.28361,-21.78552],[-43.28436,-21.78674],[-43.28504,-21.79052],[-43.28571,-21.7923],[-43.28578,-21.79355],[-43.29218,-21.79615],[-43.29618,-21.79773],[-43.29616,-21.79783],[-43.29615,-21.79814],[-43.29619,-21.79838],[-43.29633,-21.79871],[-43.29654,-21.79902],[-43.29671,-21.79925],[-43.29709,-21.79964],[-43.29782,-21.80023],[-43.29817,-21.80042],[-43.29854,-21.80057],[-43.29882,-21.80065],[-43.29914,-21.80067],[-43.29944,-21.80065],[-43.29977,-21.80058],[-43.30029,-21.80043],[-43.30057,-21.80036],[-43.30092,-21.80033],[-43.30132,-21.80035],[-43.30261,-21.80074],[-43.30317,-21.80081],[-43.3037,-21.8008],[-43.30424,-21.80071],[-43.30473,-21.80056],[-43.30515,-21.80035],[-43.30565,-21.80015],[-43.30597,-21.80009],[-43.30629,-21.80008],[-43.30663,-21.80015],[-43.3071,-21.80034],[-43.30748,-21.80064],[-43.30775,-21.80104],[-43.30787,-21.80138],[-43.30793,-21.80172],[-43.308,-21.80206],[-43.30826,-21.80253],[-43.30868,-21.80304],[-43.3092,-21.80356],[-43.30953,-21.80415],[-43.30969,-21.80459],[-43.30974,-21.80496],[-43.30975,-21.80582],[-43.30974,-21.80627],[-43.30975,-21.80674],[-43.30981,-21.80712],[-43.30987,-21.80732],[-43.31005,-21.80773],[-43.31017,-21.80794],[-43.31039,-21.80823],[-43.31155,-21.80973],[-43.31188,-21.81025],[-43.31202,-21.81054],[-43.31217,-21.81093],[-43.31252,-21.81199],[-43.31266,-21.81234],[-43.31276,-21.81252],[-43.313,-21.81284],[-43.31315,-21.813],[-43.31398,-21.81367],[-43.31419,-21.8139],[-43.31431,-21.81406],[-43.31441,-21.81425],[-43.31453,-21.81459],[-43.31456,-21.81496],[-43.31454,-21.81517],[-43.31449,-21.8154],[-43.31441,-21.81561],[-43.31431,-21.81578],[-43.31419,-21.81595],[-43.31408,-21.81608],[-43.31387,-21.81626],[-43.31364,-21.81641],[-43.31337,-21.81653],[-43.31288,-21.8167],[-43.31271,-21.81678],[-43.31245,-21.81691],[-43.31232,-21.81701],[-43.31214,-21.81714],[-43.31188,-21.81739],[-43.31163,-21.81772],[-43.31152,-21.81791],[-43.31144,-21.81808],[-43.31133,-21.81838],[-43.31128,-21.81861],[-43.31124,-21.81898],[-43.31125,-21.81931],[-43.31129,-21.81957],[-43.31133,-21.81972],[-43.31144,-21.82002],[-43.31157,-21.82024],[-43.31172,-21.82045],[-43.31188,-21.82061],[-43.31211,-21.82077],[-43.31244,-21.82094],[-43.31269,-21.82102],[-43.31288,-21.82105],[-43.31315,-21.82107],[-43.31347,-21.82104],[-43.31433,-21.82078],[-43.31475,-21.82072],[-43.31594,-21.82067],[-43.31634,-21.82071],[-43.31656,-21.82076],[-43.31683,-21.82087],[-43.31697,-21.82095],[-43.31713,-21.82105],[-43.31738,-21.82128],[-43.31759,-21.82156],[-43.31782,-21.82206],[-43.31793,-21.82219],[-43.31798,-21.82219],[-43.31814,-21.82212],[-43.31867,-21.8225],[-43.31877,-21.82249],[-43.31899,-21.82236],[-43.31903,-21.82233]]]]}},{"type":"Feature","properties":{"territory_id":"mg-3136702-granbery","name":"Granbery","municipality_id":"mg-3136702","polling_places":1,"approx":false,"official":true,"method":"official-ibge-cd2022","whole_municipality":false,"approx_coords_only":false,"official_name":"Granbery","official_code":"3136702018","match":"direct"},"geometry":{"type":"MultiPolygon","coordinates":[[[[-43.34219,-21.77123],[-43.34231,-21.77103],[-43.34247,-21.77089],[-43.34291,-21.7706],[-43.343,-21.77056],[-43.34349,-21.77068],[-43.34359,-21.77059],[-43.34372,-21.77009],[-43.34402,-21.77016],[-43.34407,-21.76997],[-43.34661,-21.77053],[-43.34667,-21.77027],[-43.34727,-21.77039],[-43.3479,-21.76798],[-43.34778,-21.76786],[-43.34747,-21.76779],[-43.34755,-21.7675],[-43.34746,-21.76748],[-43.34734,-21.76738],[-43.34729,-21.76731],[-43.34716,-21.76726],[-43.34716,-21.76723],[-43.34708,-21.76707],[-43.3469,-21.76707],[-43.3462,-21.76696],[-43.34619,-21.76699],[-43.34601,-21.76695],[-43.34602,-21.76692],[-43.34571,-21.76687],[-43.3457,-21.7669],[-43.34556,-21.76687],[-43.3456,-21.76673],[-43.34549,-21.76671],[-43.34554,-21.76644],[-43.34539,-21.76641],[-43.34541,-21.76635],[-43.34536,-21.76635],[-43.34546,-21.76601],[-43.3458,-21.7661],[-43.34587,-21.76583],[-43.3462,-21.76591],[-43.34651,-21.76475],[-43.34584,-21.76459],[-43.3458,-21.76474],[-43.34551,-21.76467],[-43.34554,-21.76456],[-43.34515,-21.76447],[-43.34527,-21.76399],[-43.34517,-21.76397],[-43.3451,-21.76421],[-43.34498,-21.76418],[-43.34497,-21.76425],[-43.34488,-21.76423],[-43.34483,-21.7644],[-43.34461,-21.76453],[-43.34455,-21.76452],[-43.34461,-21.7643],[-43.34409,-21.76416],[-43.34405,-21.76433],[-43.34384,-21.76428],[-43.34387,-21.76414],[-43.34361,-21.76407],[-43.34365,-21.76393],[-43.34333,-21.76385],[-43.34337,-21.76372],[-43.34326,-21.76368],[-43.34324,-21.76376],[-43.34229,-21.76355],[-43.34218,-21.76402],[-43.34204,-21.7648],[-43.3421,-21.76514],[-43.34157,-21.76568],[-43.34133,-21.76595],[-43.34113,-21.76622],[-43.34073,-21.76663],[-43.34022,-21.76707],[-43.33964,-21.76753],[-43.33949,-21.76784],[-43.33949,-21.76883],[-43.33953,-21.76913],[-43.33961,-21.76936],[-43.34,-21.7698],[-43.34065,-21.77083],[-43.34077,-21.77098],[-43.34072,-21.77111],[-43.34145,-21.77154],[-43.34191,-21.77177],[-43.34199,-21.77168],[-43.34208,-21.77154],[-43.34216,-21.7713],[-43.34219,-21.77123]]]]}},{"type":"Feature","properties":{"territory_id":"mg-3136702-granjas-betania","name":"Granjas Betânia","municipality_id":"mg-3136702","polling_places":1,"approx":true,"official":false,"method":"voronoi-polling-places","whole_municipality":false,"approx_coords_only":false},"geometry":{"type":"MultiPolygon","coordinates":[[[[-43.38955,-21.67956],[-43.38678,-21.70014],[-43.38531,-21.70559],[-43.37672,-21.72108],[-43.37609,-21.72099],[-43.36184,-21.71413],[-43.35344,-21.70525],[-43.36796,-21.69057],[-43.38752,-21.67861],[-43.38955,-21.67956]]]]}},{"type":"Feature","properties":{"territory_id":"mg-3136702-granjas-bethel","name":"Granjas Bethel","municipality_id":"mg-3136702","polling_places":1,"approx":true,"official":false,"method":"voronoi-polling-places","whole_municipality":false,"approx_coords_only":false},"geometry":{"type":"MultiPolygon","coordinates":[[[[-43.31611,-21.82069],[-43.3079,-21.8256],[-43.29047,-21.82644],[-43.28503,-21.80648],[-43.29535,-21.7974],[-43.29618,-21.79773],[-43.29616,-21.79783],[-43.29615,-21.79814],[-43.29619,-21.79838],[-43.29633,-21.79871],[-43.29654,-21.79902],[-43.29671,-21.79925],[-43.29709,-21.79964],[-43.29782,-21.80023],[-43.29817,-21.80042],[-43.29854,-21.80057],[-43.29882,-21.80065],[-43.29914,-21.80067],[-43.29944,-21.80065],[-43.29977,-21.80058],[-43.30029,-21.80043],[-43.30057,-21.80036],[-43.30092,-21.80033],[-43.30132,-21.80035],[-43.30261,-21.80074],[-43.30317,-21.80081],[-43.3037,-21.8008],[-43.30424,-21.80071],[-43.30473,-21.80056],[-43.30515,-21.80035],[-43.30565,-21.80015],[-43.30597,-21.80009],[-43.30629,-21.80008],[-43.30663,-21.80015],[-43.3071,-21.80034],[-43.30748,-21.80064],[-43.30775,-21.80104],[-43.30787,-21.80138],[-43.30793,-21.80172],[-43.308,-21.80206],[-43.30826,-21.80253],[-43.30868,-21.80304],[-43.3092,-21.80356],[-43.30953,-21.80415],[-43.30969,-21.80459],[-43.30974,-21.80496],[-43.30975,-21.80582],[-43.30974,-21.80627],[-43.30975,-21.80674],[-43.30981,-21.80712],[-43.30987,-21.80732],[-43.31005,-21.80773],[-43.31017,-21.80794],[-43.31039,-21.80823],[-43.31155,-21.80973],[-43.31188,-21.81025],[-43.31202,-21.81054],[-43.31217,-21.81093],[-43.31252,-21.81199],[-43.31266,-21.81234],[-43.31276,-21.81252],[-43.313,-21.81284],[-43.31315,-21.813],[-43.31398,-21.81367],[-43.31419,-21.8139],[-43.31431,-21.81406],[-43.31441,-21.81425],[-43.31453,-21.81459],[-43.31456,-21.81496],[-43.31454,-21.81517],[-43.31449,-21.8154],[-43.31441,-21.81561],[-43.31431,-21.81578],[-43.31419,-21.81595],[-43.31408,-21.81608],[-43.31387,-21.81626],[-43.31364,-21.81641],[-43.31337,-21.81653],[-43.31288,-21.8167],[-43.31271,-21.81678],[-43.31245,-21.81691],[-43.31232,-21.81701],[-43.31214,-21.81714],[-43.31188,-21.81739],[-43.31163,-21.81772],[-43.31152,-21.81791],[-43.31144,-21.81808],[-43.31133,-21.81838],[-43.31128,-21.81861],[-43.31124,-21.81898],[-43.31125,-21.81931],[-43.31129,-21.81957],[-43.31133,-21.81972],[-43.31144,-21.82002],[-43.31157,-21.82024],[-43.31172,-21.82045],[-43.31188,-21.82061],[-43.31211,-21.82077],[-43.31244,-21.82094],[-43.31269,-21.82102],[-43.31288,-21.82105],[-43.31315,-21.82107],[-43.31347,-21.82104],[-43.31433,-21.82078],[-43.31475,-21.82072],[-43.31594,-21.82067],[-43.31611,-21.82069]]]]}},{"type":"Feature","properties":{"territory_id":"mg-3136702-humaita","name":"Humaita","municipality_id":"mg-3136702","polling_places":1,"approx":true,"official":false,"method":"voronoi-polling-places","whole_municipality":false,"approx_coords_only":false},"geometry":{"type":"MultiPolygon","coordinates":[[[[-43.5403,-21.77335],[-43.53297,-21.80751],[-43.45342,-21.84765],[-43.44063,-21.78285],[-43.44651,-21.76075],[-43.45091,-21.74693],[-43.45819,-21.74098],[-43.5071,-21.73685],[-43.5403,-21.77335]]]]}},{"type":"Feature","properties":{"territory_id":"mg-3136702-igrejinha","name":"Igrejinha","municipality_id":"mg-3136702","polling_places":1,"approx":true,"official":false,"method":"voronoi-polling-places","whole_municipality":false,"approx_coords_only":false},"geometry":{"type":"MultiPolygon","coordinates":[[[[-43.52984,-21.6569],[-43.5071,-21.73685],[-43.45819,-21.74098],[-43.45977,-21.71737],[-43.47251,-21.67721],[-43.4799,-21.66029],[-43.48667,-21.64908],[-43.52274,-21.65547],[-43.52984,-21.6569]]]]}},{"type":"Feature","properties":{"territory_id":"mg-3136702-industrial","name":"Industrial","municipality_id":"mg-3136702","polling_places":1,"approx":false,"official":true,"method":"official-ibge-cd2022","whole_municipality":false,"approx_coords_only":false,"official_name":"Industrial","official_code":"3136702104","match":"direct"},"geometry":{"type":"MultiPolygon","coordinates":[[[[-43.38959,-21.73236],[-43.38962,-21.7324],[-43.38976,-21.73332],[-43.38978,-21.73356],[-43.38957,-21.73547],[-43.38924,-21.73569],[-43.38935,-21.73595],[-43.39162,-21.73507],[-43.39249,-21.73463],[-43.39311,-21.73419],[-43.39354,-21.73385],[-43.39398,-21.73346],[-43.39484,-21.73251],[-43.39497,-21.73221],[-43.39527,-21.73176],[-43.39553,-21.73126],[-43.39569,-21.73079],[-43.39583,-21.73026],[-43.39595,-21.72967],[-43.39598,-21.72943],[-43.39257,-21.72882],[-43.39227,-21.72911],[-43.39229,-21.72968],[-43.39227,-21.72981],[-43.39211,-21.7302],[-43.39202,-21.73033],[-43.39161,-21.73081],[-43.39113,-21.73125],[-43.39031,-21.73162],[-43.38985,-21.73178],[-43.38939,-21.73205],[-43.38954,-21.73229],[-43.38959,-21.73236]]]]}},{"type":"Feature","properties":{"territory_id":"mg-3136702-ipiranga","name":"Ipiranga","municipality_id":"mg-3136702","polling_places":3,"approx":false,"official":true,"method":"official-ibge-cd2022","whole_municipality":false,"approx_coords_only":false,"official_name":"Ipiranga","official_code":"3136702095","match":"direct"},"geometry":{"type":"MultiPolygon","coordinates":[[[[-43.35407,-21.79974],[-43.3541,-21.80017],[-43.35448,-21.80026],[-43.35446,-21.79988],[-43.35468,-21.79988],[-43.35488,-21.79971],[-43.35499,-21.79965],[-43.35494,-21.79951],[-43.35492,-21.79926],[-43.35489,-21.79821],[-43.35485,-21.79801],[-43.35471,-21.79763],[-43.35461,-21.79742],[-43.35459,-21.79732],[-43.35469,-21.79695],[-43.3549,-21.79691],[-43.35553,-21.79724],[-43.35539,-21.7969],[-43.35579,-21.79686],[-43.35595,-21.7968],[-43.35614,-21.79678],[-43.3562,-21.79705],[-43.35651,-21.79715],[-43.35657,-21.79715],[-43.35642,-21.79653],[-43.35631,-21.79619],[-43.35644,-21.79618],[-43.35634,-21.79533],[-43.35649,-21.79529],[-43.35684,-21.79532],[-43.35719,-21.79539],[-43.3574,-21.79535],[-43.35754,-21.79519],[-43.35761,-21.79519],[-43.3577,-21.79532],[-43.35779,-21.79533],[-43.35786,-21.7952],[-43.35817,-21.79517],[-43.35814,-21.79503],[-43.35819,-21.79419],[-43.35835,-21.79427],[-43.35842,-21.79387],[-43.35862,-21.79326],[-43.35829,-21.793],[-43.35836,-21.79295],[-43.35864,-21.79292],[-43.35889,-21.79211],[-43.35908,-21.79089],[-43.35909,-21.79062],[-43.35844,-21.79015],[-43.35839,-21.79006],[-43.3585,-21.79009],[-43.35883,-21.79025],[-43.35903,-21.78999],[-43.35882,-21.789],[-43.35881,-21.78863],[-43.35877,-21.78821],[-43.3586,-21.78627],[-43.35854,-21.78597],[-43.35849,-21.78504],[-43.35806,-21.78503],[-43.35811,-21.7849],[-43.35754,-21.78461],[-43.35766,-21.7844],[-43.3578,-21.78423],[-43.35753,-21.78401],[-43.35776,-21.78381],[-43.35689,-21.78374],[-43.35622,-21.78354],[-43.35559,-21.78345],[-43.35555,-21.78362],[-43.35547,-21.78393],[-43.35507,-21.7843],[-43.35469,-21.78454],[-43.3539,-21.78475],[-43.35318,-21.78484],[-43.35289,-21.78492],[-43.35242,-21.78511],[-43.35227,-21.78513],[-43.35216,-21.78508],[-43.35179,-21.78473],[-43.35152,-21.78452],[-43.35132,-21.78443],[-43.35112,-21.7845],[-43.35098,-21.78461],[-43.3495,-21.78499],[-43.34922,-21.78477],[-43.34907,-21.78487],[-43.34915,-21.78508],[-43.34855,-21.78525],[-43.34789,-21.78557],[-43.3477,-21.78578],[-43.34736,-21.78561],[-43.3472,-21.78555],[-43.34727,-21.78581],[-43.34704,-21.78611],[-43.3473,-21.78645],[-43.3475,-21.78657],[-43.34789,-21.78676],[-43.34813,-21.78684],[-43.34796,-21.78709],[-43.3479,-21.78707],[-43.34788,-21.78746],[-43.34794,-21.78769],[-43.34805,-21.78793],[-43.34835,-21.78815],[-43.3488,-21.78854],[-43.34897,-21.78863],[-43.34908,-21.78872],[-43.34912,-21.78894],[-43.34905,-21.78909],[-43.34913,-21.7893],[-43.34912,-21.78941],[-43.3492,-21.78971],[-43.34926,-21.78984],[-43.34926,-21.78991],[-43.34931,-21.79003],[-43.34962,-21.79027],[-43.34958,-21.79058],[-43.34952,-21.79089],[-43.3493,-21.79127],[-43.34887,-21.79186],[-43.34851,-21.79233],[-43.34842,-21.79248],[-43.34828,-21.79264],[-43.34792,-21.79314],[-43.34723,-21.79405],[-43.34696,-21.79442],[-43.3468,-21.79461],[-43.34624,-21.79538],[-43.34596,-21.79599],[-43.3458,-21.79664],[-43.3457,-21.7969],[-43.34526,-21.79748],[-43.34501,-21.79768],[-43.34455,-21.79792],[-43.3437,-21.79823],[-43.34299,-21.79846],[-43.34165,-21.7993],[-43.34166,-21.79938],[-43.34173,-21.7995],[-43.34176,-21.79961],[-43.34183,-21.7997],[-43.34192,-21.79976],[-43.342,-21.79989],[-43.34215,-21.80001],[-43.3422,-21.80012],[-43.34242,-21.80006],[-43.34249,-21.79998],[-43.34293,-21.80008],[-43.34312,-21.80004],[-43.34341,-21.80008],[-43.34354,-21.80008],[-43.34369,-21.80028],[-43.34379,-21.80028],[-43.34388,-21.80031],[-43.34416,-21.80018],[-43.3444,-21.80018],[-43.34468,-21.80027],[-43.34482,-21.80033],[-43.34506,-21.80052],[-43.34532,-21.8006],[-43.34547,-21.80068],[-43.34557,-21.80079],[-43.34564,-21.8009],[-43.34575,-21.80099],[-43.34584,-21.80115],[-43.34605,-21.80137],[-43.3467,-21.80185],[-43.34718,-21.80133],[-43.34735,-21.80246],[-43.34788,-21.80315],[-43.3481,-21.80346],[-43.34825,-21.80344],[-43.34844,-21.80349],[-43.34864,-21.80365],[-43.34859,-21.80369],[-43.34867,-21.80395],[-43.34936,-21.8039],[-43.34937,-21.80408],[-43.35123,-21.80415],[-43.35132,-21.80413],[-43.35152,-21.80414],[-43.35153,-21.80339],[-43.35155,-21.80323],[-43.35164,-21.80306],[-43.3528,-21.8015],[-43.3538,-21.80067],[-43.3539,-21.80037],[-43.35407,-21.79974]]]]}},{"type":"Feature","properties":{"territory_id":"mg-3136702-jardim-esperanca","name":"Jardim Esperanca","municipality_id":"mg-3136702","polling_places":1,"approx":true,"official":false,"method":"voronoi-polling-places","whole_municipality":false,"approx_coords_only":false},"geometry":{"type":"MultiPolygon","coordinates":[[[[-43.30308,-21.77857],[-43.29103,-21.78401],[-43.28901,-21.78315],[-43.28835,-21.78333],[-43.28812,-21.78318],[-43.28789,-21.78308],[-43.28764,-21.78313],[-43.28693,-21.78323],[-43.28755,-21.78251],[-43.28977,-21.78002],[-43.29028,-21.7797],[-43.28985,-21.77837],[-43.28998,-21.77763],[-43.29014,-21.77719],[-43.29028,-21.77695],[-43.29005,-21.77681],[-43.28998,-21.77667],[-43.2899,-21.77662],[-43.28963,-21.77659],[-43.28897,-21.77614],[-43.28827,-21.77672],[-43.28815,-21.77676],[-43.28794,-21.77679],[-43.28781,-21.77682],[-43.28695,-21.77717],[-43.28682,-21.77721],[-43.2863,-21.77728],[-43.28604,-21.77738],[-43.28568,-21.7776],[-43.28506,-21.77804],[-43.28468,-21.77828],[-43.28452,-21.77833],[-43.2842,-21.77837],[-43.28352,-21.77882],[-43.2834,-21.77896],[-43.28331,-21.77912],[-43.28327,-21.77928],[-43.28328,-21.77948],[-43.28347,-21.77984],[-43.28337,-21.78025],[-43.28337,-21.78053],[-43.2835,-21.78076],[-43.28359,-21.78097],[-43.28359,-21.78104],[-43.28355,-21.78108],[-43.28349,-21.7811],[-43.28341,-21.7811],[-43.28322,-21.78102],[-43.28303,-21.78103],[-43.28286,-21.78108],[-43.28265,-21.78123],[-43.28258,-21.78132],[-43.28247,-21.78137],[-43.28204,-21.78136],[-43.2815,-21.7814],[-43.28131,-21.78146],[-43.28114,-21.78159],[-43.28099,-21.78174],[-43.28091,-21.78178],[-43.28083,-21.78178],[-43.28024,-21.78141],[-43.28014,-21.78157],[-43.28013,-21.78161],[-43.28018,-21.78184],[-43.28036,-21.78204],[-43.28056,-21.78222],[-43.28077,-21.78232],[-43.2811,-21.78255],[-43.28127,-21.78258],[-43.28141,-21.78265],[-43.28172,-21.78295],[-43.28198,-21.78313],[-43.28221,-21.78323],[-43.28228,-21.78343],[-43.28243,-21.7836],[-43.28263,-21.78391],[-43.28281,-21.78426],[-43.283,-21.78447],[-43.2831,-21.78485],[-43.28329,-21.78506],[-43.28339,-21.78527],[-43.28361,-21.78552],[-43.28436,-21.78674],[-43.2844,-21.787],[-43.27818,-21.78981],[-43.25145,-21.76308],[-43.2576,-21.7543],[-43.26,-21.71544],[-43.28083,-21.71801],[-43.30166,-21.73888],[-43.30308,-21.77857]],[[-43.29791,-21.7564],[-43.2973,-21.75628],[-43.29656,-21.75605],[-43.29565,-21.75572],[-43.29437,-21.75514],[-43.2937,-21.75479],[-43.29305,-21.75429],[-43.29226,-21.75377],[-43.29133,-21.75306],[-43.29072,-21.75271],[-43.29005,-21.7522],[-43.28893,-21.75158],[-43.28625,-21.75067],[-43.28588,-21.75008],[-43.28541,-21.74962],[-43.28488,-21.74949],[-43.28436,-21.74947],[-43.28361,-21.74929],[-43.28295,-21.74887],[-43.28208,-21.74888],[-43.28127,-21.74896],[-43.2806,-21.74913],[-43.28046,-21.74915],[-43.2803,-21.74867],[-43.28031,-21.7485],[-43.2802,-21.74824],[-43.27998,-21.74807],[-43.27988,-21.74792],[-43.27988,-21.74768],[-43.27985,-21.74748],[-43.27987,-21.74729],[-43.27995,-21.74702],[-43.28025,-21.74661],[-43.28035,-21.74629],[-43.28039,-21.74594],[-43.28012,-21.74455],[-43.27999,-21.74407],[-43.27975,-21.74306],[-43.27891,-21.74232],[-43.27836,-21.74211],[-43.27802,-21.74206],[-43.27754,-21.74202],[-43.27719,-21.74209],[-43.27698,-21.74221],[-43.27673,-21.7424],[-43.27658,-21.74255],[-43.27631,-21.74288],[-43.27625,-21.74305],[-43.27607,-21.74339],[-43.27588,-21.74413],[-43.2757,-21.74463],[-43.27552,-21.7448],[-43.27542,-21.74505],[-43.27516,-21.74521],[-43.27493,-21.74529],[-43.274,-21.74528],[-43.27359,-21.74523],[-43.27319,-21.7451],[-43.27248,-21.74468],[-43.27222,-21.74443],[-43.27195,-21.74434],[-43.27177,-21.74417],[-43.27151,-21.74408],[-43.27124,-21.74384],[-43.27098,-21.74366],[-43.2708,-21.74358],[-43.27063,-21.74358],[-43.27018,-21.7434],[-43.27,-21.7434],[-43.26964,-21.74332],[-43.26885,-21.74306],[-43.2684,-21.74297],[-43.26813,-21.74288],[-43.26644,-21.74286],[-43.26596,-21.7433],[-43.2656,-21.74382],[-43.26533,-21.74409],[-43.26484,-21.74426],[-43.26434,-21.7443],[-43.26396,-21.74455],[-43.26377,-21.74477],[-43.26329,-21.74523],[-43.26329,-21.74529],[-43.26365,-21.74546],[-43.2641,-21.74577],[-43.26452,-21.74625],[-43.26496,-21.74685],[-43.2654,-21.74757],[-43.26567,-21.74811],[-43.2658,-21.74845],[-43.26593,-21.7496],[-43.26602,-21.75004],[-43.26604,-21.75089],[-43.26626,-21.752],[-43.26648,-21.75245],[-43.26731,-21.75389],[-43.26912,-21.75772],[-43.26973,-21.75896],[-43.27043,-21.76008],[-43.27123,-21.76092],[-43.27157,-21.76052],[-43.27202,-21.76016],[-43.2722,-21.75997],[-43.27298,-21.75942],[-43.27332,-21.75916],[-43.27389,-21.75892],[-43.27411,-21.75879],[-43.27473,-21.75863],[-43.27554,-21.75864],[-43.27704,-21.75886],[-43.27771,-21.75907],[-43.2782,-21.75935],[-43.27915,-21.7602],[-43.27973,-21.76093],[-43.28004,-21.76143],[-43.28029,-21.76158],[-43.28094,-21.76183],[-43.28158,-21.76213],[-43.2836,-21.76319],[-43.28434,-21.76268],[-43.28493,-21.7625],[-43.28524,-21.76229],[-43.28573,-21.76207],[-43.28632,-21.76186],[-43.28651,-21.76192],[-43.28686,-21.76186],[-43.28761,-21.76175],[-43.28784,-21.76174],[-43.29473,-21.7615],[-43.29489,-21.76111],[-43.29489,-21.7608],[-43.29459,-21.75997],[-43.29453,-21.75951],[-43.29454,-21.75917],[-43.29479,-21.75864],[-43.29502,-21.75836],[-43.29568,-21.75776],[-43.29607,-21.7575],[-43.29645,-21.75729],[-43.29723,-21.75702],[-43.29791,-21.7564]]]]}},{"type":"Feature","properties":{"territory_id":"mg-3136702-jardim-natal","name":"Jardim Natal","municipality_id":"mg-3136702","polling_places":1,"approx":false,"official":true,"method":"official-ibge-cd2022","whole_municipality":false,"approx_coords_only":false,"official_name":"Jardim Natal","official_code":"3136702042","match":"direct"},"geometry":{"type":"MultiPolygon","coordinates":[[[[-43.39668,-21.73013],[-43.39644,-21.72981],[-43.39628,-21.72952],[-43.39615,-21.72946],[-43.39598,-21.72943],[-43.39595,-21.72967],[-43.39583,-21.73026],[-43.39569,-21.73079],[-43.39553,-21.73126],[-43.39527,-21.73176],[-43.39497,-21.73221],[-43.39512,-21.7323],[-43.39522,-21.7324],[-43.39533,-21.73254],[-43.39555,-21.73275],[-43.39602,-21.73326],[-43.39633,-21.73352],[-43.3965,-21.73359],[-43.39702,-21.73376],[-43.39727,-21.73392],[-43.39757,-21.73405],[-43.3979,-21.73416],[-43.39808,-21.73424],[-43.3983,-21.73432],[-43.39848,-21.73436],[-43.39885,-21.73448],[-43.3991,-21.7346],[-43.39929,-21.73486],[-43.39951,-21.73511],[-43.39985,-21.73534],[-43.39999,-21.73549],[-43.40007,-21.7356],[-43.40018,-21.73569],[-43.40047,-21.73582],[-43.40067,-21.73585],[-43.40113,-21.73586],[-43.40127,-21.73591],[-43.40147,-21.73592],[-43.40173,-21.73582],[-43.40195,-21.73564],[-43.40211,-21.73524],[-43.40228,-21.73496],[-43.40241,-21.73478],[-43.40247,-21.73463],[-43.40282,-21.73434],[-43.40289,-21.73431],[-43.40303,-21.7344],[-43.40315,-21.73444],[-43.40334,-21.7344],[-43.4035,-21.7342],[-43.40371,-21.7339],[-43.40413,-21.73303],[-43.40426,-21.73267],[-43.40437,-21.73254],[-43.4049,-21.73141],[-43.40507,-21.73109],[-43.40539,-21.72973],[-43.40517,-21.7298],[-43.40502,-21.72983],[-43.40477,-21.72994],[-43.40459,-21.72995],[-43.40415,-21.72993],[-43.40404,-21.72995],[-43.40379,-21.73012],[-43.40365,-21.73009],[-43.40347,-21.72994],[-43.40305,-21.72974],[-43.40267,-21.72948],[-43.40239,-21.72923],[-43.40231,-21.72914],[-43.40157,-21.72883],[-43.40093,-21.72858],[-43.40079,-21.72882],[-43.40093,-21.72894],[-43.40098,-21.72905],[-43.40099,-21.7292],[-43.40089,-21.7294],[-43.40089,-21.7295],[-43.40033,-21.72993],[-43.40001,-21.73025],[-43.39988,-21.7302],[-43.39951,-21.72998],[-43.39922,-21.72973],[-43.39904,-21.72961],[-43.39888,-21.72953],[-43.39862,-21.72944],[-43.39798,-21.72946],[-43.39785,-21.72966],[-43.39721,-21.72969],[-43.39715,-21.72968],[-43.39699,-21.72969],[-43.39678,-21.72972],[-43.39698,-21.73002],[-43.39671,-21.73011],[-43.39668,-21.73013]]]]}},{"type":"Feature","properties":{"territory_id":"mg-3136702-jardim-paineiras","name":"Jardim Paineiras","municipality_id":"mg-3136702","polling_places":1,"approx":false,"official":true,"method":"official-ibge-cd2022","whole_municipality":false,"approx_coords_only":false,"official_name":"Jardim Paineiras","official_code":"3136702017","match":"direct"},"geometry":{"type":"MultiPolygon","coordinates":[[[[-43.3549,-21.77026],[-43.35575,-21.7705],[-43.35599,-21.77054],[-43.35671,-21.77072],[-43.35711,-21.77078],[-43.35762,-21.7709],[-43.35763,-21.77098],[-43.35769,-21.77099],[-43.35767,-21.77118],[-43.35786,-21.77122],[-43.35787,-21.77091],[-43.35795,-21.77091],[-43.35796,-21.77096],[-43.35816,-21.77098],[-43.35828,-21.77104],[-43.3587,-21.77105],[-43.35908,-21.77119],[-43.35933,-21.77124],[-43.35952,-21.77097],[-43.3588,-21.77052],[-43.35878,-21.77043],[-43.3584,-21.77014],[-43.35828,-21.76987],[-43.3586,-21.76944],[-43.35813,-21.76915],[-43.35825,-21.76884],[-43.35695,-21.76854],[-43.35702,-21.76833],[-43.35735,-21.76802],[-43.35707,-21.76776],[-43.3569,-21.76764],[-43.35641,-21.76734],[-43.35658,-21.76714],[-43.35659,-21.76698],[-43.35675,-21.76627],[-43.35641,-21.76533],[-43.35569,-21.76519],[-43.35576,-21.76484],[-43.35647,-21.76504],[-43.35655,-21.76465],[-43.35611,-21.7645],[-43.35576,-21.76437],[-43.35552,-21.7643],[-43.35553,-21.76392],[-43.35531,-21.76361],[-43.35553,-21.7627],[-43.35538,-21.76256],[-43.35543,-21.76217],[-43.3553,-21.76215],[-43.35548,-21.76098],[-43.35548,-21.76086],[-43.35563,-21.76021],[-43.35577,-21.7601],[-43.35595,-21.76003],[-43.35601,-21.75979],[-43.35518,-21.75958],[-43.35515,-21.75972],[-43.35507,-21.75977],[-43.35503,-21.75986],[-43.35487,-21.75983],[-43.35478,-21.76017],[-43.35481,-21.76018],[-43.35474,-21.76046],[-43.35462,-21.76043],[-43.35459,-21.76057],[-43.35466,-21.76058],[-43.35462,-21.76077],[-43.3547,-21.76079],[-43.35464,-21.76104],[-43.3544,-21.76098],[-43.35432,-21.76129],[-43.3545,-21.76133],[-43.35444,-21.76156],[-43.35459,-21.76158],[-43.3545,-21.76193],[-43.35427,-21.76188],[-43.35422,-21.76207],[-43.35431,-21.76209],[-43.35424,-21.7624],[-43.35436,-21.76241],[-43.35432,-21.76247],[-43.35427,-21.76264],[-43.35383,-21.76435],[-43.35363,-21.76429],[-43.35356,-21.76451],[-43.35372,-21.76457],[-43.35366,-21.76474],[-43.35378,-21.76479],[-43.35372,-21.76484],[-43.3537,-21.76492],[-43.3536,-21.76523],[-43.35361,-21.76535],[-43.35355,-21.76547],[-43.35343,-21.76544],[-43.35338,-21.76559],[-43.35314,-21.76553],[-43.35319,-21.76583],[-43.3531,-21.76624],[-43.3532,-21.76641],[-43.35344,-21.76647],[-43.35342,-21.76655],[-43.35357,-21.7666],[-43.35382,-21.76707],[-43.35325,-21.76775],[-43.35354,-21.76926],[-43.35356,-21.76928],[-43.35342,-21.76986],[-43.35373,-21.76993],[-43.3538,-21.77001],[-43.35373,-21.77005],[-43.35349,-21.77026],[-43.35251,-21.77004],[-43.35227,-21.77069],[-43.35226,-21.77078],[-43.35394,-21.77113],[-43.35393,-21.77117],[-43.35409,-21.77121],[-43.35418,-21.77123],[-43.3542,-21.77118],[-43.35446,-21.77126],[-43.35458,-21.7709],[-43.35438,-21.77086],[-43.3544,-21.77078],[-43.35431,-21.77076],[-43.35445,-21.77046],[-43.35449,-21.77047],[-43.35455,-21.77039],[-43.35461,-21.77022],[-43.35484,-21.77027],[-43.3549,-21.77026]]]]}},{"type":"Feature","properties":{"territory_id":"mg-3136702-jk","name":"Jk","municipality_id":"mg-3136702","polling_places":1,"approx":true,"official":false,"method":"voronoi-polling-places","whole_municipality":false,"approx_coords_only":false},"geometry":{"type":"MultiPolygon","coordinates":[[[[-43.33897,-21.7604],[-43.33869,-21.76069],[-43.33846,-21.76035],[-43.33839,-21.76029],[-43.33855,-21.76027],[-43.33895,-21.76036],[-43.33897,-21.7604]]],[[[-43.33879,-21.7601],[-43.3386,-21.76005],[-43.3386,-21.76006],[-43.33847,-21.76004],[-43.33818,-21.75993],[-43.33817,-21.75995],[-43.33807,-21.75991],[-43.33798,-21.75984],[-43.33797,-21.75978],[-43.3379,-21.75979],[-43.33788,-21.75969],[-43.33787,-21.7595],[-43.33797,-21.75921],[-43.33794,-21.75898],[-43.33808,-21.75894],[-43.33879,-21.7601]]],[[[-43.33822,-21.76121],[-43.33024,-21.76976],[-43.33023,-21.7697],[-43.33012,-21.76928],[-43.3301,-21.76882],[-43.33003,-21.7684],[-43.32996,-21.76813],[-43.32966,-21.76818],[-43.32962,-21.76811],[-43.32949,-21.76807],[-43.32939,-21.76798],[-43.32937,-21.76785],[-43.32937,-21.76766],[-43.32915,-21.76679],[-43.32912,-21.76658],[-43.32911,-21.76639],[-43.32921,-21.76589],[-43.32925,-21.76576],[-43.32939,-21.76555],[-43.32954,-21.76538],[-43.32975,-21.76522],[-43.33003,-21.76507],[-43.33039,-21.76497],[-43.33128,-21.76476],[-43.33308,-21.76436],[-43.33349,-21.76422],[-43.33373,-21.76407],[-43.334,-21.76384],[-43.33443,-21.76329],[-43.33488,-21.76278],[-43.33534,-21.76239],[-43.33561,-21.76219],[-43.33627,-21.76186],[-43.33709,-21.76148],[-43.33753,-21.76135],[-43.33822,-21.76121]]],[[[-43.32671,-21.74527],[-43.32666,-21.74546],[-43.32662,-21.74574],[-43.3267,-21.74595],[-43.32654,-21.74614],[-43.32624,-21.74679],[-43.3257,-21.74712],[-43.32553,-21.7475],[-43.32549,-21.74792],[-43.32554,-21.74855],[-43.32554,-21.74913],[-43.32556,-21.74934],[-43.32586,-21.74932],[-43.3256,-21.74943],[-43.32535,-21.74957],[-43.32524,-21.74969],[-43.32496,-21.75057],[-43.3248,-21.75079],[-43.32448,-21.75103],[-43.32407,-21.7512],[-43.32359,-21.75145],[-43.32329,-21.7517],[-43.32304,-21.75195],[-43.32274,-21.75241],[-43.3217,-21.75389],[-43.32113,-21.75472],[-43.32105,-21.7549],[-43.32099,-21.75526],[-43.32102,-21.75553],[-43.3212,-21.75585],[-43.32199,-21.75682],[-43.32209,-21.75703],[-43.32214,-21.75716],[-43.3222,-21.75751],[-43.32191,-21.76067],[-43.32184,-21.76101],[-43.32175,-21.76121],[-43.32159,-21.7614],[-43.32138,-21.76152],[-43.32119,-21.76159],[-43.32018,-21.76188],[-43.31996,-21.76202],[-43.31978,-21.76224],[-43.31969,-21.76246],[-43.31966,-21.76262],[-43.31965,-21.76307],[-43.31966,-21.76336],[-43.31973,-21.76362],[-43.31987,-21.76403],[-43.31437,-21.75588],[-43.30573,-21.74119],[-43.32671,-21.74527]]],[[[-43.32131,-21.76464],[-43.3207,-21.76487],[-43.3206,-21.76512],[-43.31987,-21.76403],[-43.32,-21.76396],[-43.32076,-21.76386],[-43.3212,-21.764],[-43.32131,-21.76464]]]]}},{"type":"Feature","properties":{"territory_id":"mg-3136702-joquei-clube","name":"Joquei Clube","municipality_id":"mg-3136702","polling_places":2,"approx":true,"official":false,"method":"voronoi-polling-places","whole_municipality":false,"approx_coords_only":false},"geometry":{"type":"MultiPolygon","coordinates":[[[[-43.4105,-21.73079],[-43.41044,-21.73082],[-43.40471,-21.73181],[-43.4049,-21.73141],[-43.40507,-21.73109],[-43.40539,-21.72974],[-43.40571,-21.72968],[-43.40635,-21.72951],[-43.40646,-21.72945],[-43.40661,-21.72942],[-43.40717,-21.72921],[-43.40732,-21.7292],[-43.40765,-21.72903],[-43.40783,-21.72897],[-43.40821,-21.72877],[-43.40869,-21.72835],[-43.4105,-21.73079]]],[[[-43.40459,-21.72995],[-43.40421,-21.72993],[-43.40428,-21.72993],[-43.40459,-21.72995]]],[[[-43.40375,-21.72529],[-43.40374,-21.72548],[-43.40367,-21.72582],[-43.40339,-21.72596],[-43.40294,-21.72634],[-43.4029,-21.7265],[-43.40286,-21.72698],[-43.40285,-21.72732],[-43.40281,-21.72751],[-43.40268,-21.72768],[-43.40251,-21.72781],[-43.40215,-21.72797],[-43.4015,-21.7278],[-43.40146,-21.72787],[-43.40121,-21.72811],[-43.4011,-21.72827],[-43.40093,-21.72858],[-43.40079,-21.72882],[-43.40093,-21.72894],[-43.40098,-21.72905],[-43.40099,-21.7292],[-43.40089,-21.7294],[-43.40089,-21.7295],[-43.40033,-21.72993],[-43.40001,-21.73025],[-43.39988,-21.7302],[-43.39951,-21.72998],[-43.39922,-21.72973],[-43.39904,-21.72961],[-43.39888,-21.72953],[-43.39862,-21.72944],[-43.39798,-21.72946],[-43.39785,-21.72966],[-43.39721,-21.72969],[-43.39715,-21.72968],[-43.39699,-21.72969],[-43.39678,-21.72972],[-43.39698,-21.73002],[-43.39671,-21.73011],[-43.39668,-21.73013],[-43.39644,-21.72981],[-43.39628,-21.72952],[-43.39615,-21.72946],[-43.39598,-21.72943],[-43.39257,-21.72882],[-43.39227,-21.72911],[-43.39229,-21.72968],[-43.39227,-21.72981],[-43.39211,-21.7302],[-43.39202,-21.73033],[-43.39161,-21.73081],[-43.39113,-21.73125],[-43.39031,-21.73162],[-43.38985,-21.73178],[-43.38939,-21.73205],[-43.38866,-21.73279],[-43.38768,-21.7339],[-43.38744,-21.73423],[-43.38724,-21.73469],[-43.38716,-21.73485],[-43.38044,-21.73602],[-43.37973,-21.73192],[-43.37672,-21.72108],[-43.38531,-21.70559],[-43.39821,-21.71757],[-43.39814,-21.7176],[-43.39784,-21.71767],[-43.39769,-21.71774],[-43.39752,-21.7177],[-43.39711,-21.71765],[-43.39678,-21.71761],[-43.39665,-21.71762],[-43.39636,-21.71767],[-43.39617,-21.71775],[-43.39602,-21.71784],[-43.39582,-21.71808],[-43.39563,-21.71833],[-43.39451,-21.71935],[-43.39439,-21.71948],[-43.39429,-21.71963],[-43.39358,-21.71939],[-43.39338,-21.72052],[-43.39321,-21.7208],[-43.39306,-21.72096],[-43.39294,-21.72127],[-43.39293,-21.72153],[-43.39305,-21.72169],[-43.39317,-21.7218],[-43.39325,-21.7219],[-43.39347,-21.72204],[-43.39365,-21.72224],[-43.39377,-21.72246],[-43.39367,-21.72277],[-43.39356,-21.72293],[-43.39539,-21.72285],[-43.39591,-21.72278],[-43.39613,-21.72274],[-43.39611,-21.72233],[-43.39612,-21.72214],[-43.39614,-21.72198],[-43.39624,-21.72168],[-43.39658,-21.7217],[-43.39668,-21.72168],[-43.39733,-21.72173],[-43.39785,-21.72184],[-43.39833,-21.72185],[-43.39896,-21.7219],[-43.39936,-21.72199],[-43.39999,-21.72224],[-43.40035,-21.72236],[-43.40111,-21.72266],[-43.40202,-21.723],[-43.40257,-21.72385],[-43.40269,-21.7237],[-43.40294,-21.72363],[-43.4032,-21.72424],[-43.40334,-21.72438],[-43.40347,-21.72459],[-43.40375,-21.72529]]]]}},{"type":"Feature","properties":{"territory_id":"mg-3136702-joquei-clube-ii","name":"Joquei Clube Ii","municipality_id":"mg-3136702","polling_places":1,"approx":true,"official":false,"method":"voronoi-polling-places","whole_municipality":false,"approx_coords_only":false},"geometry":{"type":"MultiPolygon","coordinates":[[[[-43.40489,-21.71347],[-43.40362,-21.71433],[-43.40389,-21.71473],[-43.40352,-21.71501],[-43.4026,-21.71566],[-43.40202,-21.71605],[-43.4018,-21.71617],[-43.40158,-21.71625],[-43.40135,-21.71631],[-43.40027,-21.71634],[-43.40004,-21.71639],[-43.39978,-21.71647],[-43.39961,-21.71654],[-43.39945,-21.71663],[-43.39923,-21.71681],[-43.39912,-21.71692],[-43.39894,-21.71707],[-43.39878,-21.71716],[-43.39838,-21.71751],[-43.39821,-21.71757],[-43.38531,-21.70559],[-43.38678,-21.70014],[-43.40465,-21.71284],[-43.40489,-21.71347]]]]}},{"type":"Feature","properties":{"territory_id":"mg-3136702-linhares","name":"Linhares","municipality_id":"mg-3136702","polling_places":4,"approx":false,"official":true,"method":"official-ibge-cd2022","whole_municipality":false,"approx_coords_only":false,"official_name":"Linhares","official_code":"3136702082","match":"direct"},"geometry":{"type":"MultiPolygon","coordinates":[[[[-43.336,-21.74224],[-43.33679,-21.74256],[-43.33735,-21.74259],[-43.33755,-21.74265],[-43.33773,-21.74277],[-43.33794,-21.74285],[-43.33821,-21.74289],[-43.33833,-21.74293],[-43.33847,-21.7432],[-43.33846,-21.74346],[-43.3384,-21.74388],[-43.33831,-21.74402],[-43.33816,-21.7442],[-43.33862,-21.74435],[-43.33856,-21.74445],[-43.33855,-21.7446],[-43.33885,-21.74522],[-43.33915,-21.74514],[-43.33955,-21.74497],[-43.33987,-21.74494],[-43.34019,-21.74477],[-43.34025,-21.74487],[-43.3404,-21.74473],[-43.34067,-21.74483],[-43.34071,-21.7448],[-43.341,-21.74427],[-43.34105,-21.74383],[-43.34109,-21.74369],[-43.3413,-21.74338],[-43.34131,-21.74332],[-43.3413,-21.74328],[-43.34126,-21.74324],[-43.34128,-21.74321],[-43.34129,-21.74316],[-43.34137,-21.74307],[-43.34141,-21.74306],[-43.34149,-21.74294],[-43.34148,-21.74289],[-43.34131,-21.74277],[-43.3412,-21.74254],[-43.34119,-21.74235],[-43.34125,-21.74187],[-43.34132,-21.74166],[-43.34155,-21.74164],[-43.34153,-21.74151],[-43.34138,-21.74132],[-43.34123,-21.74124],[-43.34109,-21.7411],[-43.34099,-21.74095],[-43.34076,-21.74073],[-43.3406,-21.7406],[-43.34031,-21.74024],[-43.3401,-21.74011],[-43.33985,-21.74003],[-43.33968,-21.74],[-43.33955,-21.73995],[-43.33933,-21.74009],[-43.33895,-21.73991],[-43.33877,-21.73978],[-43.3377,-21.73937],[-43.33751,-21.73925],[-43.33751,-21.7393],[-43.33744,-21.73942],[-43.33718,-21.73925],[-43.33702,-21.73904],[-43.33697,-21.73894],[-43.33705,-21.73815],[-43.33717,-21.738],[-43.33719,-21.7376],[-43.33756,-21.73762],[-43.33766,-21.73758],[-43.33776,-21.73751],[-43.33789,-21.73732],[-43.33783,-21.73567],[-43.33803,-21.73537],[-43.3381,-21.73519],[-43.33767,-21.73504],[-43.33741,-21.7321],[-43.33717,-21.73179],[-43.33715,-21.73159],[-43.33711,-21.73159],[-43.33705,-21.73151],[-43.337,-21.73153],[-43.33686,-21.73147],[-43.3368,-21.73151],[-43.33651,-21.7313],[-43.3365,-21.73113],[-43.33621,-21.73097],[-43.33608,-21.73107],[-43.33598,-21.73107],[-43.3358,-21.73095],[-43.33555,-21.73074],[-43.33556,-21.73054],[-43.33559,-21.73036],[-43.33636,-21.73037],[-43.33638,-21.72975],[-43.33539,-21.72975],[-43.33538,-21.72974],[-43.33325,-21.72967],[-43.33283,-21.72863],[-43.33283,-21.72815],[-43.333,-21.72785],[-43.33311,-21.72772],[-43.33339,-21.72713],[-43.33347,-21.72668],[-43.3329,-21.72709],[-43.33268,-21.72709],[-43.33251,-21.72697],[-43.33234,-21.72648],[-43.3321,-21.72633],[-43.33181,-21.72632],[-43.33135,-21.72646],[-43.33124,-21.72656],[-43.33115,-21.72683],[-43.33095,-21.72705],[-43.3305,-21.72718],[-43.33029,-21.72716],[-43.33005,-21.72706],[-43.32964,-21.72652],[-43.32897,-21.72555],[-43.32841,-21.72433],[-43.32826,-21.72407],[-43.32805,-21.72383],[-43.32784,-21.7237],[-43.32756,-21.72358],[-43.32737,-21.72355],[-43.32721,-21.72365],[-43.32703,-21.72369],[-43.32659,-21.72387],[-43.32637,-21.72404],[-43.32609,-21.72419],[-43.32582,-21.72436],[-43.32525,-21.72477],[-43.32461,-21.72506],[-43.32363,-21.72519],[-43.32313,-21.72512],[-43.32282,-21.72512],[-43.3227,-21.72516],[-43.32263,-21.72532],[-43.32247,-21.72538],[-43.32231,-21.72553],[-43.32199,-21.72551],[-43.32168,-21.7253],[-43.32148,-21.72524],[-43.32089,-21.72499],[-43.32073,-21.7249],[-43.31989,-21.72471],[-43.31951,-21.72476],[-43.3191,-21.72487],[-43.31871,-21.72504],[-43.31861,-21.72516],[-43.31807,-21.72531],[-43.31765,-21.72536],[-43.31723,-21.72563],[-43.31698,-21.72573],[-43.31663,-21.72577],[-43.31625,-21.72573],[-43.31565,-21.72591],[-43.31497,-21.72577],[-43.3137,-21.72575],[-43.31286,-21.72578],[-43.31154,-21.72553],[-43.31123,-21.72537],[-43.31086,-21.72529],[-43.31071,-21.72538],[-43.31012,-21.72531],[-43.30959,-21.7253],[-43.30905,-21.72547],[-43.3086,-21.72563],[-43.30824,-21.72585],[-43.30723,-21.72638],[-43.30697,-21.72684],[-43.30692,-21.72732],[-43.30692,-21.7278],[-43.30722,-21.72845],[-43.30746,-21.7288],[-43.30775,-21.72913],[-43.30846,-21.72946],[-43.30881,-21.72947],[-43.30908,-21.72964],[-43.30944,-21.7299],[-43.30997,-21.7299],[-43.31041,-21.73032],[-43.3105,-21.73048],[-43.31049,-21.73082],[-43.31067,-21.73115],[-43.31067,-21.73149],[-43.31022,-21.73235],[-43.31001,-21.73244],[-43.30977,-21.73251],[-43.30965,-21.73269],[-43.30945,-21.73341],[-43.30915,-21.73473],[-43.30899,-21.73521],[-43.30898,-21.7356],[-43.30891,-21.73603],[-43.30879,-21.73644],[-43.30877,-21.73706],[-43.30881,-21.73762],[-43.30904,-21.73834],[-43.30922,-21.73815],[-43.30951,-21.73799],[-43.30978,-21.73777],[-43.31007,-21.73764],[-43.31032,-21.73756],[-43.31065,-21.73758],[-43.31092,-21.73767],[-43.31148,-21.73762],[-43.31165,-21.73758],[-43.31205,-21.73774],[-43.31252,-21.73775],[-43.31335,-21.73785],[-43.31358,-21.73783],[-43.31382,-21.73786],[-43.31454,-21.73798],[-43.3148,-21.73803],[-43.31517,-21.73824],[-43.31545,-21.73842],[-43.31578,-21.73869],[-43.31643,-21.73949],[-43.31677,-21.73966],[-43.3172,-21.7398],[-43.31757,-21.73983],[-43.31779,-21.73977],[-43.31806,-21.73976],[-43.31836,-21.74007],[-43.31891,-21.74035],[-43.31924,-21.7404],[-43.31967,-21.74017],[-43.3198,-21.73997],[-43.31996,-21.73981],[-43.3203,-21.73972],[-43.32052,-21.73975],[-43.3209,-21.73973],[-43.32152,-21.73976],[-43.32189,-21.74011],[-43.3222,-21.74033],[-43.32238,-21.74054],[-43.32248,-21.74076],[-43.32252,-21.74096],[-43.32275,-21.74115],[-43.3236,-21.74143],[-43.324,-21.74149],[-43.32509,-21.74183],[-43.3256,-21.74211],[-43.3259,-21.74219],[-43.32615,-21.74243],[-43.32652,-21.74336],[-43.32683,-21.74399],[-43.32684,-21.74419],[-43.32664,-21.74444],[-43.32664,-21.74474],[-43.32678,-21.74503],[-43.32666,-21.74546],[-43.32662,-21.74574],[-43.3267,-21.74595],[-43.32654,-21.74614],[-43.32624,-21.74679],[-43.3257,-21.74712],[-43.32553,-21.7475],[-43.32549,-21.74792],[-43.32572,-21.74768],[-43.32591,-21.74752],[-43.32622,-21.74734],[-43.32659,-21.74722],[-43.32685,-21.74752],[-43.32706,-21.74781],[-43.3277,-21.74787],[-43.32806,-21.74772],[-43.32841,-21.74711],[-43.32846,-21.74688],[-43.32844,-21.74673],[-43.32832,-21.74654],[-43.32835,-21.74634],[-43.32842,-21.74621],[-43.32857,-21.74607],[-43.32907,-21.74592],[-43.32928,-21.74602],[-43.32945,-21.74614],[-43.32958,-21.74639],[-43.32978,-21.74654],[-43.32994,-21.74657],[-43.33016,-21.74652],[-43.33031,-21.74644],[-43.33043,-21.74633],[-43.33062,-21.74608],[-43.33128,-21.74555],[-43.33156,-21.74535],[-43.33172,-21.74528],[-43.33181,-21.74518],[-43.33196,-21.74514],[-43.33211,-21.74507],[-43.33264,-21.74497],[-43.33288,-21.74503],[-43.33309,-21.7453],[-43.33329,-21.7454],[-43.33349,-21.74539],[-43.33377,-21.74543],[-43.33409,-21.74563],[-43.33423,-21.74561],[-43.33439,-21.74552],[-43.335,-21.74525],[-43.33515,-21.74515],[-43.33527,-21.74504],[-43.33539,-21.7449],[-43.3355,-21.7447],[-43.33554,-21.74432],[-43.33565,-21.74376],[-43.33569,-21.74346],[-43.33576,-21.7427],[-43.336,-21.74224]]]]}},{"type":"Feature","properties":{"territory_id":"mg-3136702-manoel-honorio","name":"Manoel Honorio","municipality_id":"mg-3136702","polling_places":2,"approx":false,"official":true,"method":"official-ibge-cd2022","whole_municipality":false,"approx_coords_only":false,"official_name":"Manoel Honório","official_code":"3136702004","match":"direct"},"geometry":{"type":"MultiPolygon","coordinates":[[[[-43.35396,-21.7447],[-43.35554,-21.74437],[-43.35646,-21.7442],[-43.35809,-21.74405],[-43.35797,-21.74384],[-43.35767,-21.74381],[-43.35767,-21.74378],[-43.35757,-21.74377],[-43.35757,-21.74375],[-43.35725,-21.74367],[-43.35726,-21.74365],[-43.35717,-21.74363],[-43.35717,-21.74361],[-43.35707,-21.74359],[-43.3571,-21.74344],[-43.35689,-21.74334],[-43.35666,-21.74329],[-43.35661,-21.74346],[-43.35642,-21.74342],[-43.35643,-21.74339],[-43.35632,-21.74336],[-43.35637,-21.74314],[-43.35628,-21.74307],[-43.35616,-21.74303],[-43.3561,-21.74297],[-43.35592,-21.74246],[-43.35583,-21.74212],[-43.35586,-21.74206],[-43.35573,-21.74179],[-43.35554,-21.74174],[-43.35558,-21.74117],[-43.35579,-21.74125],[-43.35582,-21.74115],[-43.3557,-21.74104],[-43.35567,-21.74098],[-43.35561,-21.74101],[-43.35554,-21.741],[-43.35569,-21.74052],[-43.35573,-21.74053],[-43.35575,-21.74045],[-43.35629,-21.74058],[-43.35636,-21.74056],[-43.35644,-21.74057],[-43.35648,-21.74043],[-43.35657,-21.74044],[-43.3566,-21.74033],[-43.3567,-21.74035],[-43.35671,-21.74027],[-43.35681,-21.74029],[-43.35683,-21.7402],[-43.357,-21.74023],[-43.35669,-21.73972],[-43.35657,-21.73936],[-43.3568,-21.73924],[-43.35695,-21.73928],[-43.35693,-21.73918],[-43.35685,-21.73888],[-43.3567,-21.7385],[-43.35667,-21.73824],[-43.35601,-21.73799],[-43.35617,-21.73742],[-43.35459,-21.73647],[-43.3545,-21.73668],[-43.35441,-21.73684],[-43.35396,-21.73748],[-43.35386,-21.73772],[-43.35354,-21.73755],[-43.35351,-21.73762],[-43.35333,-21.73757],[-43.35321,-21.73792],[-43.35316,-21.73791],[-43.35314,-21.73797],[-43.35319,-21.73799],[-43.35324,-21.73806],[-43.35359,-21.73815],[-43.35335,-21.73909],[-43.35291,-21.73901],[-43.35289,-21.73906],[-43.35288,-21.73912],[-43.35313,-21.73917],[-43.3531,-21.73929],[-43.35328,-21.73933],[-43.35291,-21.74075],[-43.35292,-21.74127],[-43.3529,-21.74131],[-43.35285,-21.74133],[-43.35283,-21.74147],[-43.35296,-21.74149],[-43.35284,-21.74171],[-43.35253,-21.74166],[-43.3525,-21.74178],[-43.35269,-21.74181],[-43.35257,-21.74223],[-43.35238,-21.74218],[-43.35236,-21.74223],[-43.3523,-21.74224],[-43.35222,-21.74255],[-43.35203,-21.74251],[-43.35206,-21.74239],[-43.35181,-21.74233],[-43.35077,-21.74178],[-43.35035,-21.74144],[-43.35028,-21.74151],[-43.35009,-21.74141],[-43.35005,-21.74153],[-43.34997,-21.74167],[-43.34982,-21.74184],[-43.34963,-21.74167],[-43.34922,-21.74136],[-43.34881,-21.74115],[-43.34832,-21.74076],[-43.34809,-21.74055],[-43.34797,-21.7408],[-43.34791,-21.74076],[-43.3476,-21.74106],[-43.34774,-21.74122],[-43.34784,-21.74141],[-43.34787,-21.74153],[-43.34789,-21.74169],[-43.34787,-21.74188],[-43.34783,-21.74203],[-43.34765,-21.74236],[-43.34752,-21.74229],[-43.34747,-21.74238],[-43.34739,-21.74263],[-43.34731,-21.74276],[-43.34733,-21.74329],[-43.34739,-21.74326],[-43.34807,-21.74364],[-43.34836,-21.74371],[-43.34849,-21.74376],[-43.34858,-21.74378],[-43.34858,-21.7438],[-43.34867,-21.74381],[-43.34886,-21.74396],[-43.3489,-21.74402],[-43.34899,-21.74392],[-43.3495,-21.74402],[-43.34963,-21.74417],[-43.34964,-21.7442],[-43.34965,-21.74417],[-43.34981,-21.74404],[-43.35,-21.74409],[-43.34999,-21.74413],[-43.35009,-21.74416],[-43.35012,-21.74408],[-43.35047,-21.74424],[-43.35088,-21.74505],[-43.35104,-21.74521],[-43.3511,-21.74537],[-43.35121,-21.74552],[-43.3514,-21.74596],[-43.35143,-21.74605],[-43.35143,-21.74632],[-43.35149,-21.74634],[-43.35147,-21.74643],[-43.35153,-21.74644],[-43.3515,-21.74653],[-43.35142,-21.74655],[-43.3512,-21.74718],[-43.35104,-21.7477],[-43.35098,-21.74769],[-43.35086,-21.74815],[-43.35067,-21.7481],[-43.3506,-21.74826],[-43.35046,-21.74836],[-43.35027,-21.74843],[-43.35025,-21.74871],[-43.35087,-21.74885],[-43.35092,-21.74868],[-43.35114,-21.74873],[-43.35115,-21.74867],[-43.35119,-21.7486],[-43.35138,-21.74865],[-43.35139,-21.74872],[-43.35146,-21.74878],[-43.3514,-21.74899],[-43.35153,-21.74902],[-43.3516,-21.74877],[-43.35174,-21.74874],[-43.35177,-21.74851],[-43.35179,-21.74726],[-43.35182,-21.74702],[-43.35187,-21.74677],[-43.35193,-21.74657],[-43.35204,-21.74629],[-43.3522,-21.74601],[-43.35234,-21.74581],[-43.35252,-21.74559],[-43.35273,-21.74538],[-43.35322,-21.74502],[-43.35358,-21.74483],[-43.35386,-21.74474],[-43.35396,-21.7447]]]]}},{"type":"Feature","properties":{"territory_id":"mg-3136702-mariano-procopio","name":"Mariano Procopio","municipality_id":"mg-3136702","polling_places":3,"approx":false,"official":true,"method":"official-ibge-cd2022","whole_municipality":false,"approx_coords_only":false,"official_name":"Mariano Procópio","official_code":"3136702005","match":"direct"},"geometry":{"type":"MultiPolygon","coordinates":[[[[-43.36152,-21.74772],[-43.36291,-21.74719],[-43.3637,-21.74691],[-43.36445,-21.74657],[-43.36565,-21.7459],[-43.3663,-21.74551],[-43.36821,-21.74431],[-43.37088,-21.7426],[-43.37465,-21.74023],[-43.37464,-21.74005],[-43.37312,-21.73813],[-43.37287,-21.73777],[-43.37208,-21.73823],[-43.37118,-21.7387],[-43.36985,-21.73951],[-43.36852,-21.74026],[-43.36836,-21.74037],[-43.36765,-21.74095],[-43.36731,-21.74142],[-43.36672,-21.74227],[-43.36585,-21.74344],[-43.3657,-21.74359],[-43.36543,-21.74379],[-43.36509,-21.74401],[-43.36483,-21.74412],[-43.36407,-21.74424],[-43.36332,-21.7443],[-43.36329,-21.74397],[-43.36035,-21.74396],[-43.35914,-21.74398],[-43.35818,-21.74405],[-43.35646,-21.7442],[-43.35554,-21.74437],[-43.35396,-21.7447],[-43.35358,-21.74483],[-43.35322,-21.74502],[-43.35273,-21.74538],[-43.35252,-21.74559],[-43.3522,-21.74601],[-43.35204,-21.74629],[-43.35193,-21.74657],[-43.35187,-21.74677],[-43.35182,-21.74702],[-43.35179,-21.74726],[-43.35177,-21.74851],[-43.35174,-21.74874],[-43.35274,-21.74898],[-43.35278,-21.74909],[-43.35203,-21.75193],[-43.35198,-21.75217],[-43.35214,-21.75189],[-43.35312,-21.74992],[-43.35337,-21.7495],[-43.35395,-21.74864],[-43.35464,-21.74767],[-43.35481,-21.7475],[-43.35504,-21.74733],[-43.35522,-21.74722],[-43.3555,-21.74709],[-43.35582,-21.747],[-43.35622,-21.74693],[-43.35649,-21.74694],[-43.35677,-21.74696],[-43.35704,-21.74702],[-43.35736,-21.74714],[-43.35755,-21.74724],[-43.35828,-21.74774],[-43.35848,-21.74786],[-43.35871,-21.74795],[-43.35907,-21.74806],[-43.3593,-21.74811],[-43.35983,-21.74813],[-43.36018,-21.74807],[-43.36066,-21.74796],[-43.36152,-21.74772]]]]}},{"type":"Feature","properties":{"territory_id":"mg-3136702-marilandia","name":"Marilandia","municipality_id":"mg-3136702","polling_places":1,"approx":true,"official":false,"method":"voronoi-polling-places","whole_municipality":false,"approx_coords_only":false},"geometry":{"type":"MultiPolygon","coordinates":[[[[-43.45342,-21.84765],[-43.44512,-21.86414],[-43.42761,-21.88196],[-43.3986,-21.8828],[-43.38656,-21.88942],[-43.38462,-21.8758],[-43.3925,-21.8599],[-43.3825,-21.8329],[-43.37818,-21.83078],[-43.37351,-21.79812],[-43.37363,-21.79811],[-43.37467,-21.79952],[-43.37488,-21.79966],[-43.37512,-21.80044],[-43.37557,-21.80096],[-43.37608,-21.80143],[-43.37617,-21.8015],[-43.37686,-21.80183],[-43.37747,-21.80208],[-43.37794,-21.80213],[-43.37826,-21.80226],[-43.37894,-21.80268],[-43.37922,-21.80279],[-43.37948,-21.80283],[-43.37974,-21.8028],[-43.38,-21.80263],[-43.38015,-21.80215],[-43.38033,-21.80191],[-43.38082,-21.80177],[-43.38126,-21.80185],[-43.38152,-21.80185],[-43.38176,-21.80174],[-43.38222,-21.80145],[-43.38267,-21.80128],[-43.38299,-21.80126],[-43.38385,-21.80156],[-43.38414,-21.80153],[-43.38456,-21.80139],[-43.38497,-21.80117],[-43.38545,-21.80119],[-43.38562,-21.8015],[-43.38564,-21.80204],[-43.3853,-21.80252],[-43.38489,-21.80282],[-43.38468,-21.80313],[-43.38429,-21.80405],[-43.38437,-21.8042],[-43.38475,-21.80453],[-43.38626,-21.80347],[-43.38637,-21.80338],[-43.38765,-21.80249],[-43.38808,-21.80212],[-43.38753,-21.80144],[-43.38761,-21.80136],[-43.38766,-21.80128],[-43.38767,-21.80119],[-43.38767,-21.80109],[-43.3873,-21.8004],[-43.38723,-21.8002],[-43.38724,-21.79998],[-43.38729,-21.79979],[-43.38725,-21.7995],[-43.38727,-21.79904],[-43.38752,-21.79902],[-43.38767,-21.79861],[-43.38735,-21.79526],[-43.38727,-21.7946],[-43.38674,-21.78928],[-43.38642,-21.78645],[-43.38638,-21.7859],[-43.38816,-21.78475],[-43.38843,-21.78486],[-43.38861,-21.78491],[-43.38916,-21.7849],[-43.38907,-21.78435],[-43.38869,-21.78441],[-43.40791,-21.77199],[-43.44063,-21.78285],[-43.45342,-21.84765]]],[[[-43.38297,-21.79103],[-43.38291,-21.79146],[-43.38286,-21.79168],[-43.38217,-21.79304],[-43.38179,-21.79332],[-43.37964,-21.79442],[-43.37958,-21.79437],[-43.37945,-21.79419],[-43.37912,-21.79362],[-43.37895,-21.79346],[-43.37872,-21.7934],[-43.37742,-21.7933],[-43.37724,-21.7933],[-43.37709,-21.79332],[-43.37677,-21.79339],[-43.3757,-21.79388],[-43.37533,-21.794],[-43.37494,-21.79407],[-43.37477,-21.79406],[-43.37456,-21.79403],[-43.37403,-21.79388],[-43.37928,-21.79048],[-43.37934,-21.79051],[-43.37953,-21.79052],[-43.37963,-21.7905],[-43.37978,-21.79044],[-43.37999,-21.79032],[-43.3806,-21.78979],[-43.38099,-21.78949],[-43.38102,-21.78986],[-43.38182,-21.7905],[-43.38281,-21.79044],[-43.3829,-21.79041],[-43.38297,-21.79103]]]]}},{"type":"Feature","properties":{"territory_id":"mg-3136702-marumbi","name":"Marumbi","municipality_id":"mg-3136702","polling_places":2,"approx":true,"official":false,"method":"voronoi-polling-places","whole_municipality":false,"approx_coords_only":false},"geometry":{"type":"MultiPolygon","coordinates":[[[[-43.35209,-21.72921],[-43.35208,-21.72922],[-43.35197,-21.72916],[-43.35163,-21.72915],[-43.35137,-21.72904],[-43.35081,-21.72855],[-43.35084,-21.72823],[-43.35111,-21.7284],[-43.35209,-21.72921]]],[[[-43.35076,-21.72818],[-43.35052,-21.72814],[-43.35054,-21.72804],[-43.35076,-21.72818]]],[[[-43.35064,-21.72924],[-43.35063,-21.72917],[-43.35063,-21.72911],[-43.35064,-21.72924]]],[[[-43.34705,-21.73875],[-43.34705,-21.73878],[-43.34704,-21.73871],[-43.34705,-21.73875]]],[[[-43.34705,-21.73883],[-43.34705,-21.73885],[-43.34704,-21.73889],[-43.34705,-21.73883]]],[[[-43.34703,-21.73867],[-43.347,-21.7386],[-43.34702,-21.73862],[-43.34703,-21.73867]]],[[[-43.34703,-21.73897],[-43.34703,-21.73898],[-43.34698,-21.73915],[-43.34703,-21.73897]]],[[[-43.34699,-21.73857],[-43.34692,-21.73852],[-43.34698,-21.73856],[-43.34699,-21.73857]]],[[[-43.3381,-21.73519],[-43.33807,-21.73528],[-43.33804,-21.73533],[-43.3381,-21.73519]]]]}},{"type":"Feature","properties":{"territory_id":"mg-3136702-milho-branco","name":"Milho Branco","municipality_id":"mg-3136702","polling_places":2,"approx":true,"official":false,"method":"voronoi-polling-places","whole_municipality":false,"approx_coords_only":false},"geometry":{"type":"MultiPolygon","coordinates":[[[[-43.45091,-21.74693],[-43.44651,-21.76075],[-43.41029,-21.747],[-43.41043,-21.74669],[-43.41104,-21.7462],[-43.41115,-21.74581],[-43.41126,-21.74555],[-43.41128,-21.74526],[-43.41115,-21.74482],[-43.41101,-21.74465],[-43.41067,-21.74454],[-43.41026,-21.74428],[-43.40977,-21.74411],[-43.41008,-21.74116],[-43.40979,-21.74054],[-43.40963,-21.74059],[-43.40894,-21.74072],[-43.40811,-21.74072],[-43.40786,-21.74068],[-43.40742,-21.74068],[-43.40709,-21.74056],[-43.40678,-21.74047],[-43.40627,-21.73993],[-43.40611,-21.73985],[-43.40572,-21.7389],[-43.40463,-21.73846],[-43.41044,-21.73082],[-43.4105,-21.73079],[-43.4116,-21.731],[-43.43635,-21.7355],[-43.45091,-21.74693]]]]}},{"type":"Feature","properties":{"territory_id":"mg-3136702-monte-castelo","name":"Monte Castelo","municipality_id":"mg-3136702","polling_places":4,"approx":false,"official":true,"method":"official-ibge-cd2022","whole_municipality":false,"approx_coords_only":false,"official_name":"Monte Castelo","official_code":"3136702046","match":"direct"},"geometry":{"type":"MultiPolygon","coordinates":[[[[-43.38539,-21.74768],[-43.38651,-21.74836],[-43.38712,-21.74766],[-43.38782,-21.74709],[-43.38865,-21.74756],[-43.38946,-21.7481],[-43.39015,-21.74845],[-43.39081,-21.7488],[-43.39095,-21.74891],[-43.39101,-21.74898],[-43.39107,-21.7491],[-43.39115,-21.74888],[-43.39145,-21.74852],[-43.39167,-21.74823],[-43.39152,-21.74811],[-43.39132,-21.74785],[-43.39115,-21.74774],[-43.39051,-21.7472],[-43.38985,-21.74672],[-43.38985,-21.74665],[-43.38982,-21.74639],[-43.38984,-21.74624],[-43.38949,-21.7462],[-43.38949,-21.74602],[-43.38919,-21.74601],[-43.38912,-21.74587],[-43.38913,-21.74522],[-43.38912,-21.74489],[-43.38899,-21.74429],[-43.38899,-21.74415],[-43.38901,-21.74398],[-43.38901,-21.74384],[-43.389,-21.74375],[-43.38897,-21.74369],[-43.38888,-21.7436],[-43.38868,-21.74351],[-43.38861,-21.74349],[-43.38871,-21.74323],[-43.38859,-21.74317],[-43.38838,-21.74322],[-43.3882,-21.74287],[-43.38809,-21.74267],[-43.38759,-21.74294],[-43.38737,-21.74264],[-43.3861,-21.7431],[-43.38565,-21.74329],[-43.38565,-21.74294],[-43.38562,-21.74287],[-43.38546,-21.74292],[-43.38525,-21.74293],[-43.38474,-21.74285],[-43.38451,-21.74278],[-43.38402,-21.74252],[-43.38373,-21.74246],[-43.38361,-21.74274],[-43.38371,-21.74289],[-43.38342,-21.74307],[-43.38315,-21.74308],[-43.38312,-21.74292],[-43.38293,-21.74295],[-43.38281,-21.74253],[-43.38221,-21.74263],[-43.38192,-21.74263],[-43.38186,-21.74285],[-43.38166,-21.74314],[-43.38159,-21.74318],[-43.38161,-21.74338],[-43.38149,-21.74343],[-43.38141,-21.7433],[-43.38122,-21.74337],[-43.38114,-21.74327],[-43.38105,-21.74346],[-43.38116,-21.74358],[-43.38084,-21.74362],[-43.38093,-21.74376],[-43.38066,-21.74391],[-43.38057,-21.744],[-43.38043,-21.74388],[-43.38033,-21.74389],[-43.37953,-21.74428],[-43.37905,-21.74474],[-43.37906,-21.74475],[-43.37898,-21.74496],[-43.3789,-21.7451],[-43.3786,-21.74532],[-43.37849,-21.74547],[-43.37842,-21.74567],[-43.37839,-21.74582],[-43.37831,-21.74615],[-43.37828,-21.74648],[-43.37832,-21.74692],[-43.37853,-21.747],[-43.37827,-21.74699],[-43.37592,-21.74851],[-43.37616,-21.74862],[-43.37661,-21.74903],[-43.37689,-21.74919],[-43.37771,-21.74987],[-43.37815,-21.75021],[-43.3788,-21.75081],[-43.37894,-21.75107],[-43.37914,-21.75134],[-43.37957,-21.75164],[-43.38025,-21.75199],[-43.3832,-21.75154],[-43.3834,-21.75149],[-43.38443,-21.75002],[-43.38459,-21.74879],[-43.38528,-21.74838],[-43.38539,-21.74768]]]]}},{"type":"Feature","properties":{"territory_id":"mg-3136702-monte-verde","name":"Monte Verde","municipality_id":"mg-3136702","polling_places":1,"approx":true,"official":false,"method":"voronoi-polling-places","whole_municipality":false,"approx_coords_only":false},"geometry":{"type":"MultiPolygon","coordinates":[[[[-43.59781,-21.92467],[-43.5767,-21.9632],[-43.5851,-21.9989],[-43.4948,-21.9329],[-43.4811,-21.8804],[-43.42761,-21.88196],[-43.44512,-21.86414],[-43.59631,-21.9128],[-43.59781,-21.92467]]]]}},{"type":"Feature","properties":{"territory_id":"mg-3136702-morro-da-gloria","name":"Morro da Gloria","municipality_id":"mg-3136702","polling_places":2,"approx":false,"official":true,"method":"official-ibge-cd2022","whole_municipality":false,"approx_coords_only":false,"official_name":"Morro da Glória","official_code":"3136702007","match":"direct"},"geometry":{"type":"MultiPolygon","coordinates":[[[[-43.35496,-21.7501],[-43.35532,-21.74965],[-43.35568,-21.74926],[-43.35593,-21.74907],[-43.35615,-21.74895],[-43.35644,-21.74886],[-43.35876,-21.74827],[-43.3593,-21.74811],[-43.35894,-21.74803],[-43.35848,-21.74786],[-43.35828,-21.74774],[-43.35755,-21.74724],[-43.35736,-21.74714],[-43.35704,-21.74702],[-43.35677,-21.74696],[-43.35649,-21.74694],[-43.35622,-21.74693],[-43.35582,-21.747],[-43.3555,-21.74709],[-43.35522,-21.74722],[-43.35504,-21.74733],[-43.35481,-21.7475],[-43.35464,-21.74767],[-43.35395,-21.74864],[-43.35337,-21.7495],[-43.35312,-21.74992],[-43.35214,-21.75189],[-43.35198,-21.75217],[-43.35103,-21.75592],[-43.35119,-21.75599],[-43.35129,-21.75587],[-43.35159,-21.75601],[-43.35194,-21.75529],[-43.35191,-21.75527],[-43.35193,-21.75523],[-43.35179,-21.75517],[-43.35186,-21.75503],[-43.35172,-21.75497],[-43.35181,-21.75478],[-43.35203,-21.75487],[-43.35205,-21.75483],[-43.35202,-21.75481],[-43.35239,-21.75409],[-43.3522,-21.75402],[-43.35234,-21.75377],[-43.35243,-21.75356],[-43.35279,-21.75372],[-43.35287,-21.75355],[-43.35252,-21.75339],[-43.35261,-21.75306],[-43.3531,-21.75327],[-43.35324,-21.75294],[-43.35334,-21.753],[-43.35359,-21.75276],[-43.35388,-21.75292],[-43.35401,-21.75273],[-43.3534,-21.75233],[-43.35337,-21.75212],[-43.3535,-21.7521],[-43.35439,-21.75267],[-43.35455,-21.75241],[-43.35399,-21.75207],[-43.35408,-21.75196],[-43.35423,-21.75205],[-43.35445,-21.75181],[-43.35438,-21.75179],[-43.35534,-21.75048],[-43.35496,-21.75011],[-43.35496,-21.7501]]]]}},{"type":"Feature","properties":{"territory_id":"mg-3136702-mundo-novo","name":"Mundo Novo","municipality_id":"mg-3136702","polling_places":1,"approx":false,"official":true,"method":"official-ibge-cd2022","whole_municipality":false,"approx_coords_only":false,"official_name":"Mundo Novo","official_code":"3136702023","match":"direct"},"geometry":{"type":"MultiPolygon","coordinates":[[[[-43.35167,-21.78042],[-43.35163,-21.78042],[-43.35156,-21.78046],[-43.35145,-21.78065],[-43.35108,-21.78051],[-43.3506,-21.78041],[-43.35064,-21.78031],[-43.3511,-21.77966],[-43.35115,-21.77963],[-43.35128,-21.77937],[-43.35168,-21.77883],[-43.35169,-21.77879],[-43.3518,-21.77868],[-43.35213,-21.77812],[-43.35225,-21.77796],[-43.35255,-21.77803],[-43.35262,-21.7778],[-43.35268,-21.77781],[-43.35291,-21.77714],[-43.35196,-21.7767],[-43.3521,-21.7767],[-43.35216,-21.77655],[-43.35235,-21.77659],[-43.3524,-21.77648],[-43.35237,-21.77648],[-43.3524,-21.77639],[-43.35221,-21.77633],[-43.35224,-21.77624],[-43.35212,-21.77612],[-43.35206,-21.77604],[-43.35199,-21.77601],[-43.35205,-21.77581],[-43.35186,-21.77577],[-43.35197,-21.77542],[-43.35167,-21.77534],[-43.35157,-21.77534],[-43.35146,-21.7753],[-43.35116,-21.77522],[-43.35113,-21.77526],[-43.351,-21.77523],[-43.35084,-21.77541],[-43.35058,-21.7755],[-43.35052,-21.77555],[-43.35043,-21.7758],[-43.35061,-21.77586],[-43.35048,-21.77619],[-43.34992,-21.77607],[-43.34976,-21.77622],[-43.34956,-21.77625],[-43.34958,-21.77631],[-43.34967,-21.77633],[-43.34965,-21.7765],[-43.3497,-21.77652],[-43.34966,-21.77672],[-43.34943,-21.77687],[-43.34929,-21.77667],[-43.34922,-21.77671],[-43.34911,-21.77656],[-43.34906,-21.7766],[-43.34905,-21.77669],[-43.34896,-21.77674],[-43.34909,-21.77691],[-43.34893,-21.77701],[-43.34902,-21.77713],[-43.34885,-21.77724],[-43.34927,-21.77778],[-43.34934,-21.77774],[-43.34936,-21.77768],[-43.34953,-21.7779],[-43.34956,-21.77799],[-43.34953,-21.77801],[-43.34978,-21.77833],[-43.34968,-21.7784],[-43.35004,-21.77891],[-43.34994,-21.77912],[-43.34987,-21.77921],[-43.34981,-21.77925],[-43.34967,-21.77929],[-43.34962,-21.77922],[-43.34952,-21.77926],[-43.34949,-21.77923],[-43.34942,-21.77926],[-43.34948,-21.77935],[-43.34934,-21.77938],[-43.34913,-21.77946],[-43.34906,-21.77936],[-43.34886,-21.77949],[-43.34879,-21.77938],[-43.34868,-21.77946],[-43.34861,-21.77937],[-43.34786,-21.77987],[-43.34765,-21.78006],[-43.3473,-21.78027],[-43.34732,-21.7806],[-43.34782,-21.78056],[-43.34799,-21.78092],[-43.34729,-21.78103],[-43.34733,-21.78121],[-43.34734,-21.78139],[-43.34725,-21.78151],[-43.34727,-21.78173],[-43.34673,-21.78178],[-43.3468,-21.78226],[-43.34682,-21.78262],[-43.34713,-21.78257],[-43.34713,-21.78262],[-43.34743,-21.78266],[-43.34745,-21.78283],[-43.34768,-21.78283],[-43.34859,-21.78266],[-43.34875,-21.78268],[-43.349,-21.78276],[-43.34927,-21.78235],[-43.3496,-21.78262],[-43.35024,-21.78216],[-43.35047,-21.78196],[-43.35056,-21.78193],[-43.35203,-21.78075],[-43.35159,-21.78064],[-43.35173,-21.78043],[-43.35167,-21.78042]]]]}},{"type":"Feature","properties":{"territory_id":"mg-3136702-nautico","name":"Nautico","municipality_id":"mg-3136702","polling_places":2,"approx":true,"official":false,"method":"voronoi-polling-places","whole_municipality":false,"approx_coords_only":false},"geometry":{"type":"MultiPolygon","coordinates":[[[[-43.46046,-21.62855],[-43.43528,-21.6504],[-43.43523,-21.65025],[-43.43523,-21.65012],[-43.43528,-21.64995],[-43.43539,-21.64963],[-43.43544,-21.64931],[-43.43546,-21.64903],[-43.43556,-21.64861],[-43.43564,-21.64848],[-43.43579,-21.64815],[-43.43618,-21.64755],[-43.43649,-21.64726],[-43.43686,-21.64701],[-43.437,-21.64684],[-43.43711,-21.64666],[-43.43722,-21.64656],[-43.43797,-21.64578],[-43.4384,-21.64538],[-43.43914,-21.64459],[-43.43933,-21.64423],[-43.4393,-21.64411],[-43.43917,-21.64399],[-43.43898,-21.64385],[-43.43881,-21.64365],[-43.4387,-21.64344],[-43.43849,-21.64317],[-43.43846,-21.64307],[-43.43845,-21.64286],[-43.43838,-21.64274],[-43.43822,-21.64267],[-43.4381,-21.64258],[-43.43793,-21.64236],[-43.43784,-21.6421],[-43.43774,-21.64196],[-43.43775,-21.64194],[-43.43767,-21.64184],[-43.43732,-21.6416],[-43.43699,-21.64134],[-43.43681,-21.64111],[-43.43646,-21.6409],[-43.43621,-21.64068],[-43.43602,-21.64048],[-43.43575,-21.64028],[-43.43543,-21.63996],[-43.43531,-21.63985],[-43.43501,-21.63963],[-43.43475,-21.63939],[-43.43436,-21.63909],[-43.4341,-21.63893],[-43.43399,-21.63872],[-43.43375,-21.63849],[-43.4332,-21.63886],[-43.43295,-21.63901],[-43.43278,-21.63913],[-43.4325,-21.63926],[-43.43098,-21.64009],[-43.43049,-21.64028],[-43.4303,-21.64034],[-43.43004,-21.64051],[-43.42967,-21.6409],[-43.42928,-21.64118],[-43.42897,-21.64132],[-43.42884,-21.64162],[-43.4288,-21.64194],[-43.42887,-21.6426],[-43.42896,-21.64305],[-43.42895,-21.64372],[-43.42883,-21.64408],[-43.4287,-21.64421],[-43.42847,-21.64441],[-43.4279,-21.6446],[-43.42713,-21.64479],[-43.42654,-21.64485],[-43.42534,-21.64487],[-43.4249,-21.64494],[-43.42468,-21.64505],[-43.42444,-21.64525],[-43.4242,-21.64549],[-43.42403,-21.64595],[-43.42399,-21.64649],[-43.42394,-21.64661],[-43.42389,-21.64683],[-43.42366,-21.64702],[-43.42332,-21.64709],[-43.42297,-21.64719],[-43.42259,-21.64728],[-43.42228,-21.6474],[-43.42182,-21.64778],[-43.42163,-21.64809],[-43.42144,-21.64823],[-43.42082,-21.64892],[-43.41994,-21.64951],[-43.41957,-21.64971],[-43.41908,-21.6499],[-43.41872,-21.6499],[-43.41818,-21.64969],[-43.41791,-21.64938],[-43.41752,-21.64906],[-43.41715,-21.64857],[-43.41681,-21.64827],[-43.41621,-21.64809],[-43.41581,-21.64803],[-43.41447,-21.64802],[-43.4142,-21.64801],[-43.41372,-21.64794],[-43.41325,-21.64793],[-43.41273,-21.64802],[-43.41232,-21.64804],[-43.41199,-21.64799],[-43.41175,-21.64783],[-43.41141,-21.64769],[-43.41109,-21.64769],[-43.41063,-21.64756],[-43.4099,-21.64725],[-43.4096,-21.64728],[-43.4095,-21.64738],[-43.40951,-21.64758],[-43.40806,-21.65057],[-43.40823,-21.65071],[-43.40879,-21.65106],[-43.40902,-21.65115],[-43.40947,-21.65162],[-43.4098,-21.65186],[-43.41015,-21.65207],[-43.41042,-21.65232],[-43.41087,-21.65257],[-43.41135,-21.65291],[-43.4118,-21.6534],[-43.41251,-21.65424],[-43.41339,-21.65485],[-43.41431,-21.65543],[-43.41496,-21.65562],[-43.41523,-21.65574],[-43.41545,-21.65619],[-43.41566,-21.65642],[-43.41577,-21.65664],[-43.41575,-21.65685],[-43.41547,-21.65714],[-43.41493,-21.65788],[-43.41449,-21.65839],[-43.4137,-21.65972],[-43.41359,-21.66026],[-43.41345,-21.66113],[-43.41327,-21.66209],[-43.4132,-21.66273],[-43.41327,-21.66323],[-43.41338,-21.66369],[-43.41359,-21.66409],[-43.41382,-21.66428],[-43.41406,-21.66443],[-43.41433,-21.66446],[-43.41477,-21.66443],[-43.41556,-21.66414],[-43.41616,-21.66369],[-43.41632,-21.66353],[-43.41661,-21.66353],[-43.41694,-21.66404],[-43.41714,-21.66413],[-43.41785,-21.66553],[-43.40323,-21.67821],[-43.39675,-21.67806],[-43.38955,-21.67956],[-43.38752,-21.67861],[-43.34603,-21.64048],[-43.3593,-21.6265],[-43.3577,-21.5878],[-43.3876,-21.5465],[-43.39402,-21.54333],[-43.41015,-21.56747],[-43.46046,-21.62855]]]]}},{"type":"Feature","properties":{"territory_id":"mg-3136702-nossa-senhora-aparecida","name":"Nossa Senhora Aparecida","municipality_id":"mg-3136702","polling_places":3,"approx":true,"official":false,"method":"voronoi-polling-places","whole_municipality":false,"approx_coords_only":false},"geometry":{"type":"MultiPolygon","coordinates":[[[[-43.35932,-21.74814],[-43.35794,-21.74866],[-43.35517,-21.74985],[-43.35532,-21.74965],[-43.35568,-21.74926],[-43.35593,-21.74907],[-43.35615,-21.74895],[-43.35644,-21.74886],[-43.35876,-21.74827],[-43.3593,-21.74811],[-43.35932,-21.74814]]],[[[-43.35901,-21.74804],[-43.35894,-21.74803],[-43.35884,-21.74799],[-43.35901,-21.74804]]],[[[-43.35818,-21.74405],[-43.35646,-21.7442],[-43.35809,-21.74405],[-43.35818,-21.74405]]],[[[-43.35252,-21.74559],[-43.3522,-21.74601],[-43.35234,-21.74581],[-43.35252,-21.74559]]],[[[-43.35153,-21.74644],[-43.3515,-21.74653],[-43.35142,-21.74655],[-43.3512,-21.74718],[-43.35104,-21.7477],[-43.35098,-21.74769],[-43.35086,-21.74815],[-43.35067,-21.7481],[-43.3506,-21.74826],[-43.35046,-21.74836],[-43.35027,-21.74843],[-43.34983,-21.7483],[-43.34948,-21.74822],[-43.34918,-21.74858],[-43.34899,-21.74845],[-43.34888,-21.74846],[-43.34882,-21.74841],[-43.34866,-21.74813],[-43.34852,-21.74817],[-43.34846,-21.74816],[-43.34815,-21.74813],[-43.34826,-21.74748],[-43.34832,-21.74743],[-43.34838,-21.74719],[-43.34841,-21.74716],[-43.3484,-21.74709],[-43.34824,-21.74691],[-43.34824,-21.74688],[-43.34828,-21.74679],[-43.34817,-21.74675],[-43.34783,-21.74653],[-43.34756,-21.7464],[-43.3475,-21.74637],[-43.34727,-21.74634],[-43.34738,-21.74684],[-43.34727,-21.74685],[-43.34642,-21.74672],[-43.34615,-21.74675],[-43.34606,-21.74604],[-43.34693,-21.74497],[-43.34717,-21.74427],[-43.3474,-21.74326],[-43.34807,-21.74364],[-43.34836,-21.74371],[-43.34849,-21.74376],[-43.34858,-21.74378],[-43.34858,-21.7438],[-43.34867,-21.74381],[-43.34886,-21.74396],[-43.3489,-21.74402],[-43.34899,-21.74392],[-43.3495,-21.74402],[-43.34963,-21.74417],[-43.34964,-21.7442],[-43.34965,-21.74417],[-43.34981,-21.74404],[-43.35,-21.74409],[-43.34999,-21.74413],[-43.35009,-21.74416],[-43.35012,-21.74408],[-43.35047,-21.74424],[-43.35088,-21.74505],[-43.35104,-21.74521],[-43.3511,-21.74537],[-43.35121,-21.74552],[-43.3514,-21.74596],[-43.35143,-21.74605],[-43.35143,-21.74632],[-43.35149,-21.74634],[-43.35147,-21.74643],[-43.35153,-21.74644]]],[[[-43.35087,-21.74885],[-43.35017,-21.74869],[-43.35025,-21.74871],[-43.35087,-21.74885]]],[[[-43.34789,-21.74169],[-43.34787,-21.74188],[-43.34783,-21.74203],[-43.34765,-21.74236],[-43.3476,-21.74233],[-43.34781,-21.74136],[-43.34784,-21.74141],[-43.34787,-21.74153],[-43.34789,-21.74169]]]]}},{"type":"Feature","properties":{"territory_id":"mg-3136702-nossa-senhora-das-gracas","name":"Nossa Senhora das Graças","municipality_id":"mg-3136702","polling_places":1,"approx":true,"official":false,"method":"voronoi-polling-places","whole_municipality":false,"approx_coords_only":false},"geometry":{"type":"MultiPolygon","coordinates":[[[[-43.38044,-21.73602],[-43.3804,-21.73628],[-43.38039,-21.73628],[-43.37898,-21.73659],[-43.37906,-21.73701],[-43.37883,-21.73773],[-43.37858,-21.73772],[-43.37813,-21.73777],[-43.37786,-21.73785],[-43.3776,-21.73794],[-43.37721,-21.73815],[-43.37691,-21.73838],[-43.37642,-21.73886],[-43.37607,-21.73918],[-43.37544,-21.7397],[-43.37465,-21.74023],[-43.37464,-21.74005],[-43.37312,-21.73813],[-43.37287,-21.73777],[-43.37208,-21.73823],[-43.37118,-21.7387],[-43.36985,-21.73951],[-43.3707,-21.73899],[-43.37054,-21.73865],[-43.36958,-21.7375],[-43.3693,-21.73672],[-43.36915,-21.73621],[-43.369,-21.73607],[-43.36838,-21.73601],[-43.36765,-21.73601],[-43.36767,-21.73618],[-43.36646,-21.7361],[-43.36645,-21.7361],[-43.36647,-21.73564],[-43.3666,-21.73527],[-43.36663,-21.73484],[-43.36655,-21.73436],[-43.36638,-21.73361],[-43.36626,-21.73278],[-43.36624,-21.73261],[-43.36627,-21.73226],[-43.36646,-21.73201],[-43.36667,-21.73176],[-43.36723,-21.73126],[-43.36731,-21.7311],[-43.36741,-21.73064],[-43.36742,-21.73051],[-43.3674,-21.7303],[-43.36761,-21.72912],[-43.36769,-21.72886],[-43.36636,-21.72841],[-43.36632,-21.72866],[-43.36634,-21.72884],[-43.36642,-21.7291],[-43.36658,-21.72938],[-43.36598,-21.72891],[-43.36624,-21.72861],[-43.36632,-21.7284],[-43.36344,-21.72723],[-43.36331,-21.72751],[-43.36327,-21.72765],[-43.36297,-21.72823],[-43.36119,-21.73034],[-43.36102,-21.73051],[-43.36051,-21.73071],[-43.36006,-21.73086],[-43.35962,-21.73096],[-43.35943,-21.73106],[-43.35908,-21.73115],[-43.3582,-21.73144],[-43.35725,-21.73179],[-43.35714,-21.73152],[-43.35708,-21.73116],[-43.35701,-21.73102],[-43.35695,-21.73068],[-43.35698,-21.73019],[-43.35697,-21.72994],[-43.35695,-21.72994],[-43.35693,-21.72973],[-43.35697,-21.72955],[-43.357,-21.72906],[-43.35659,-21.72893],[-43.35651,-21.72893],[-43.35638,-21.7288],[-43.35584,-21.72883],[-43.35589,-21.72952],[-43.35521,-21.72955],[-43.35476,-21.72916],[-43.3545,-21.72897],[-43.35536,-21.72902],[-43.3554,-21.72857],[-43.37609,-21.72099],[-43.37672,-21.72108],[-43.37973,-21.73192],[-43.38044,-21.73602]]],[[[-43.37998,-21.73911],[-43.37941,-21.74305],[-43.37853,-21.74234],[-43.37799,-21.74279],[-43.37776,-21.743],[-43.37648,-21.74261],[-43.37631,-21.74239],[-43.37611,-21.74218],[-43.3761,-21.74215],[-43.37599,-21.74201],[-43.37672,-21.74132],[-43.37573,-21.74053],[-43.376,-21.74027],[-43.37608,-21.74021],[-43.37629,-21.74026],[-43.3773,-21.73948],[-43.3777,-21.73912],[-43.37835,-21.73859],[-43.37857,-21.73851],[-43.3787,-21.73848],[-43.37874,-21.73814],[-43.37973,-21.73936],[-43.37998,-21.73911]]],[[[-43.36845,-21.7403],[-43.36843,-21.74032],[-43.36844,-21.74032],[-43.36845,-21.7403]]],[[[-43.3655,-21.74599],[-43.36524,-21.74614],[-43.36445,-21.74657],[-43.3655,-21.74599]]]]}},{"type":"Feature","properties":{"territory_id":"mg-3136702-nossa-senhora-de-lourdes","name":"Nossa Senhora de Lourdes","municipality_id":"mg-3136702","polling_places":3,"approx":false,"official":true,"method":"official-ibge-cd2022","whole_municipality":false,"approx_coords_only":false,"official_name":"Nossa Senhora de Lourdes","official_code":"3136702063","match":"direct"},"geometry":{"type":"MultiPolygon","coordinates":[[[[-43.32538,-21.77801],[-43.32716,-21.77761],[-43.32758,-21.77756],[-43.32886,-21.77728],[-43.3294,-21.77719],[-43.32989,-21.77701],[-43.33004,-21.77692],[-43.33019,-21.77679],[-43.33028,-21.77669],[-43.33034,-21.77658],[-43.33037,-21.77642],[-43.33036,-21.77625],[-43.33007,-21.77552],[-43.32984,-21.77506],[-43.32913,-21.77412],[-43.329,-21.77376],[-43.32898,-21.77359],[-43.329,-21.77333],[-43.32904,-21.77308],[-43.3291,-21.77288],[-43.32917,-21.77273],[-43.32928,-21.77255],[-43.32944,-21.77237],[-43.32991,-21.77194],[-43.33008,-21.77181],[-43.33048,-21.77156],[-43.33057,-21.77146],[-43.33063,-21.77136],[-43.33065,-21.77124],[-43.33063,-21.771],[-43.33047,-21.77053],[-43.33026,-21.77007],[-43.33023,-21.7697],[-43.33012,-21.76928],[-43.3301,-21.76882],[-43.33003,-21.7684],[-43.32996,-21.76813],[-43.32966,-21.76818],[-43.32962,-21.76811],[-43.32949,-21.76807],[-43.32939,-21.76798],[-43.32937,-21.76785],[-43.32937,-21.76766],[-43.32915,-21.76679],[-43.32912,-21.76658],[-43.32911,-21.76639],[-43.32921,-21.76589],[-43.32925,-21.76576],[-43.32939,-21.76555],[-43.32924,-21.76554],[-43.32913,-21.76556],[-43.32899,-21.76564],[-43.32885,-21.76547],[-43.3284,-21.76564],[-43.32844,-21.76593],[-43.32831,-21.76597],[-43.32812,-21.76581],[-43.32803,-21.76585],[-43.32798,-21.76574],[-43.32788,-21.76578],[-43.3279,-21.76583],[-43.327,-21.76618],[-43.32612,-21.76488],[-43.32591,-21.76463],[-43.32572,-21.76429],[-43.32552,-21.7635],[-43.32544,-21.76301],[-43.32545,-21.76259],[-43.32347,-21.7614],[-43.32283,-21.76106],[-43.32191,-21.76067],[-43.32184,-21.76101],[-43.32175,-21.76121],[-43.32159,-21.7614],[-43.32138,-21.76152],[-43.32119,-21.76159],[-43.32018,-21.76188],[-43.31996,-21.76202],[-43.31978,-21.76224],[-43.31969,-21.76246],[-43.31966,-21.76262],[-43.31965,-21.76307],[-43.31966,-21.76336],[-43.31973,-21.76362],[-43.31987,-21.76403],[-43.32,-21.76396],[-43.32076,-21.76386],[-43.3212,-21.764],[-43.32131,-21.76464],[-43.3207,-21.76487],[-43.32054,-21.76531],[-43.32064,-21.76593],[-43.32076,-21.76634],[-43.32091,-21.7666],[-43.32112,-21.76676],[-43.32131,-21.76697],[-43.32153,-21.76764],[-43.3222,-21.76846],[-43.32248,-21.76876],[-43.32302,-21.76941],[-43.32281,-21.76963],[-43.32267,-21.76956],[-43.3226,-21.7697],[-43.32243,-21.76969],[-43.32144,-21.76931],[-43.3211,-21.76973],[-43.32071,-21.77031],[-43.32004,-21.77116],[-43.31996,-21.77115],[-43.3192,-21.77115],[-43.31891,-21.771],[-43.31851,-21.77084],[-43.31812,-21.77081],[-43.31783,-21.77083],[-43.31778,-21.77084],[-43.31758,-21.77104],[-43.31726,-21.7714],[-43.31706,-21.7717],[-43.31692,-21.77199],[-43.31688,-21.7722],[-43.31646,-21.77222],[-43.31669,-21.77248],[-43.31683,-21.77266],[-43.31714,-21.77296],[-43.31728,-21.77316],[-43.31749,-21.77325],[-43.31792,-21.77336],[-43.31819,-21.77346],[-43.31881,-21.77353],[-43.31912,-21.77368],[-43.31948,-21.77372],[-43.32014,-21.77396],[-43.32069,-21.77411],[-43.32093,-21.77421],[-43.32097,-21.77429],[-43.32094,-21.77444],[-43.32091,-21.77445],[-43.32081,-21.77457],[-43.3207,-21.77481],[-43.32074,-21.77484],[-43.32075,-21.77499],[-43.32079,-21.77506],[-43.32078,-21.77518],[-43.32088,-21.77552],[-43.32098,-21.77575],[-43.32117,-21.77606],[-43.32133,-21.7763],[-43.32135,-21.77638],[-43.32165,-21.77637],[-43.32193,-21.77648],[-43.32217,-21.7766],[-43.32275,-21.77697],[-43.3231,-21.77731],[-43.32347,-21.77764],[-43.32417,-21.77804],[-43.32444,-21.77811],[-43.32471,-21.77812],[-43.32534,-21.77802],[-43.32538,-21.77801]]]]}},{"type":"Feature","properties":{"territory_id":"mg-3136702-nova-benfica","name":"Nova Benfica","municipality_id":"mg-3136702","polling_places":1,"approx":true,"official":false,"method":"voronoi-polling-places","whole_municipality":false,"approx_coords_only":false},"geometry":{"type":"MultiPolygon","coordinates":[[[[-43.47251,-21.67721],[-43.45977,-21.71737],[-43.45027,-21.70832],[-43.45046,-21.70813],[-43.45066,-21.70764],[-43.45059,-21.70703],[-43.45041,-21.70655],[-43.45035,-21.70632],[-43.45033,-21.70575],[-43.45026,-21.70563],[-43.44815,-21.70568],[-43.44867,-21.70454],[-43.44901,-21.70371],[-43.4494,-21.70261],[-43.44946,-21.7024],[-43.44964,-21.70187],[-43.45137,-21.70156],[-43.45172,-21.70093],[-43.45186,-21.70084],[-43.45192,-21.70072],[-43.4514,-21.69867],[-43.45128,-21.6984],[-43.45145,-21.69813],[-43.45126,-21.69788],[-43.45142,-21.69779],[-43.45237,-21.69794],[-43.45256,-21.69801],[-43.45273,-21.69802],[-43.45286,-21.69683],[-43.45379,-21.69364],[-43.45393,-21.69293],[-43.45457,-21.6905],[-43.45519,-21.68879],[-43.45557,-21.68757],[-43.45605,-21.68651],[-43.45643,-21.68514],[-43.45644,-21.68512],[-43.47251,-21.67721]]]]}},{"type":"Feature","properties":{"territory_id":"mg-3136702-nova-era","name":"Nova Era","municipality_id":"mg-3136702","polling_places":3,"approx":false,"official":true,"method":"official-ibge-cd2022","whole_municipality":false,"approx_coords_only":false,"official_name":"Nova Era","official_code":"3136702058","match":"direct"},"geometry":{"type":"MultiPolygon","coordinates":[[[[-43.42145,-21.72017],[-43.42179,-21.72009],[-43.42266,-21.72002],[-43.42333,-21.71993],[-43.42371,-21.7199],[-43.42403,-21.7199],[-43.42429,-21.71983],[-43.42461,-21.71956],[-43.42492,-21.71934],[-43.42511,-21.71926],[-43.42529,-21.71922],[-43.42549,-21.7192],[-43.42587,-21.71925],[-43.42602,-21.71925],[-43.4262,-21.71935],[-43.42675,-21.71954],[-43.42697,-21.7196],[-43.42727,-21.71963],[-43.42775,-21.71965],[-43.42814,-21.71951],[-43.42853,-21.7193],[-43.4287,-21.71919],[-43.42895,-21.71893],[-43.42916,-21.71861],[-43.42924,-21.71843],[-43.42943,-21.71815],[-43.42953,-21.71783],[-43.42958,-21.71757],[-43.42976,-21.71716],[-43.42971,-21.7167],[-43.4295,-21.7162],[-43.4294,-21.71607],[-43.42924,-21.71573],[-43.42904,-21.71555],[-43.42883,-21.7154],[-43.42869,-21.71533],[-43.42808,-21.71464],[-43.42776,-21.71435],[-43.42761,-21.71412],[-43.42737,-21.7136],[-43.4273,-21.71341],[-43.42718,-21.7127],[-43.42721,-21.71254],[-43.4272,-21.71232],[-43.42714,-21.71214],[-43.42713,-21.71195],[-43.42717,-21.71157],[-43.42749,-21.71131],[-43.42745,-21.71126],[-43.42716,-21.71122],[-43.4272,-21.71101],[-43.42736,-21.71052],[-43.428,-21.70938],[-43.42823,-21.7089],[-43.428,-21.70879],[-43.42801,-21.70874],[-43.42803,-21.7087],[-43.42827,-21.7088],[-43.42834,-21.70867],[-43.4284,-21.70799],[-43.42839,-21.70777],[-43.42834,-21.70741],[-43.42819,-21.70679],[-43.42812,-21.70637],[-43.42816,-21.70564],[-43.42819,-21.70547],[-43.42812,-21.70518],[-43.42801,-21.70484],[-43.42797,-21.70463],[-43.42779,-21.70396],[-43.42741,-21.70308],[-43.42732,-21.70293],[-43.42709,-21.70304],[-43.42695,-21.70285],[-43.42693,-21.70274],[-43.42688,-21.70268],[-43.42706,-21.70256],[-43.42617,-21.70157],[-43.42659,-21.70111],[-43.42628,-21.70089],[-43.42602,-21.70076],[-43.42527,-21.70029],[-43.42481,-21.70006],[-43.42448,-21.69987],[-43.42428,-21.69979],[-43.42408,-21.69967],[-43.42387,-21.69959],[-43.42381,-21.69958],[-43.42375,-21.69963],[-43.42355,-21.69938],[-43.42312,-21.69978],[-43.4226,-21.7003],[-43.41737,-21.70562],[-43.41689,-21.70611],[-43.41668,-21.70635],[-43.41649,-21.70663],[-43.41631,-21.70694],[-43.41483,-21.70988],[-43.41477,-21.71003],[-43.41495,-21.7101],[-43.41484,-21.71033],[-43.41456,-21.71087],[-43.4143,-21.71117],[-43.41429,-21.71122],[-43.41435,-21.71135],[-43.41526,-21.71208],[-43.41496,-21.71303],[-43.415,-21.71363],[-43.41503,-21.71381],[-43.41512,-21.71379],[-43.41529,-21.71388],[-43.41541,-21.71398],[-43.41559,-21.71419],[-43.41559,-21.71465],[-43.41571,-21.71503],[-43.41594,-21.7152],[-43.41633,-21.71539],[-43.41652,-21.71545],[-43.4169,-21.71571],[-43.41758,-21.71609],[-43.41818,-21.71638],[-43.41835,-21.71643],[-43.41869,-21.71659],[-43.4188,-21.71672],[-43.41898,-21.71722],[-43.4191,-21.71788],[-43.41916,-21.71816],[-43.41928,-21.71856],[-43.41936,-21.71901],[-43.41944,-21.71922],[-43.41953,-21.71953],[-43.41968,-21.71985],[-43.42005,-21.72028],[-43.4201,-21.72093],[-43.42019,-21.72107],[-43.42178,-21.72075],[-43.42145,-21.72017]]]]}},{"type":"Feature","properties":{"territory_id":"mg-3136702-parque-das-torres","name":"Parque das Torres","municipality_id":"mg-3136702","polling_places":1,"approx":true,"official":false,"method":"voronoi-polling-places","whole_municipality":false,"approx_coords_only":false},"geometry":{"type":"MultiPolygon","coordinates":[[[[-43.42041,-21.70252],[-43.41737,-21.70562],[-43.41689,-21.70611],[-43.41668,-21.70635],[-43.41649,-21.70663],[-43.41631,-21.70694],[-43.41483,-21.70988],[-43.41477,-21.71003],[-43.4142,-21.71014],[-43.41421,-21.70986],[-43.41406,-21.70926],[-43.41392,-21.70905],[-43.41384,-21.70897],[-43.41338,-21.70829],[-43.41334,-21.70815],[-43.41332,-21.70803],[-43.41336,-21.70779],[-43.41353,-21.70755],[-43.41339,-21.7073],[-43.41337,-21.70686],[-43.41302,-21.70636],[-43.41279,-21.70621],[-43.41236,-21.70606],[-43.41203,-21.70606],[-43.4106,-21.70633],[-43.41067,-21.70667],[-43.41084,-21.70716],[-43.41088,-21.70733],[-43.41082,-21.70749],[-43.4107,-21.70763],[-43.41014,-21.70797],[-43.40985,-21.70804],[-43.40962,-21.7082],[-43.40925,-21.70859],[-43.40908,-21.70874],[-43.40897,-21.70888],[-43.40892,-21.70901],[-43.40894,-21.7092],[-43.40909,-21.70946],[-43.40879,-21.70964],[-43.4067,-21.70779],[-43.40497,-21.70852],[-43.40466,-21.70964],[-43.40438,-21.71104],[-43.40431,-21.71194],[-43.40465,-21.71284],[-43.38678,-21.70014],[-43.38955,-21.67956],[-43.39675,-21.67806],[-43.40323,-21.67821],[-43.41757,-21.69075],[-43.42041,-21.70252]]],[[[-43.41495,-21.7101],[-43.41484,-21.71033],[-43.41456,-21.71087],[-43.41495,-21.7101]]]]}},{"type":"Feature","properties":{"territory_id":"mg-3136702-parque-guarani","name":"Parque Guarani","municipality_id":"mg-3136702","polling_places":1,"approx":true,"official":false,"method":"voronoi-polling-places","whole_municipality":false,"approx_coords_only":false},"geometry":{"type":"MultiPolygon","coordinates":[[[[-43.36184,-21.71413],[-43.35656,-21.71768],[-43.35623,-21.71786],[-43.34695,-21.71974],[-43.33806,-21.70726],[-43.34588,-21.70502],[-43.35344,-21.70525],[-43.36184,-21.71413]]]]}},{"type":"Feature","properties":{"territory_id":"mg-3136702-parque-independencia","name":"Parque Independência","municipality_id":"mg-3136702","polling_places":1,"approx":true,"official":false,"method":"voronoi-polling-places","whole_municipality":false,"approx_coords_only":false},"geometry":{"type":"MultiPolygon","coordinates":[[[[-43.38752,-21.67861],[-43.36796,-21.69057],[-43.35271,-21.69064],[-43.34626,-21.68421],[-43.33469,-21.66582],[-43.34496,-21.64161],[-43.34603,-21.64048],[-43.38752,-21.67861]]]]}},{"type":"Feature","properties":{"territory_id":"mg-3136702-passos","name":"Passos","municipality_id":"mg-3136702","polling_places":4,"approx":true,"official":false,"method":"voronoi-polling-places","whole_municipality":false,"approx_coords_only":false},"geometry":{"type":"MultiPolygon","coordinates":[[[[-43.36851,-21.76994],[-43.36671,-21.77922],[-43.3667,-21.77922],[-43.36661,-21.77912],[-43.36651,-21.77898],[-43.36642,-21.7788],[-43.36635,-21.77838],[-43.36617,-21.77813],[-43.36604,-21.77806],[-43.3659,-21.77801],[-43.36369,-21.77569],[-43.36316,-21.77525],[-43.3629,-21.77439],[-43.36286,-21.77431],[-43.3628,-21.77423],[-43.36268,-21.77393],[-43.36207,-21.77438],[-43.36164,-21.77467],[-43.36146,-21.77467],[-43.36127,-21.77464],[-43.36126,-21.77461],[-43.36129,-21.77427],[-43.36147,-21.77429],[-43.3615,-21.77409],[-43.36131,-21.77407],[-43.36135,-21.77372],[-43.36134,-21.77357],[-43.36128,-21.77328],[-43.36117,-21.77302],[-43.3612,-21.77289],[-43.36106,-21.77285],[-43.3609,-21.77248],[-43.36108,-21.77242],[-43.36093,-21.77211],[-43.36074,-21.77219],[-43.36047,-21.77176],[-43.36002,-21.77129],[-43.35952,-21.77097],[-43.35933,-21.77124],[-43.35952,-21.77097],[-43.3588,-21.77052],[-43.35878,-21.77043],[-43.3584,-21.77014],[-43.35828,-21.76987],[-43.3586,-21.76944],[-43.35813,-21.76915],[-43.35825,-21.76884],[-43.35695,-21.76854],[-43.35702,-21.76833],[-43.35735,-21.76802],[-43.35707,-21.76776],[-43.3569,-21.76764],[-43.35641,-21.76734],[-43.35658,-21.76714],[-43.35659,-21.76698],[-43.35669,-21.76652],[-43.35786,-21.76708],[-43.36851,-21.76994]]],[[[-43.36149,-21.78141],[-43.36137,-21.78143],[-43.36144,-21.78141],[-43.36149,-21.78141]]],[[[-43.36136,-21.77874],[-43.36088,-21.77812],[-43.36108,-21.77839],[-43.36115,-21.77847],[-43.36136,-21.77874]]],[[[-43.36131,-21.78145],[-43.36126,-21.78148],[-43.36128,-21.78146],[-43.36131,-21.78145]]],[[[-43.36118,-21.78153],[-43.36113,-21.78157],[-43.36116,-21.78154],[-43.36118,-21.78153]]],[[[-43.36101,-21.78209],[-43.361,-21.78208],[-43.36099,-21.78202],[-43.36101,-21.78209]]],[[[-43.36101,-21.78173],[-43.36097,-21.78184],[-43.36097,-21.78182],[-43.36101,-21.78173]]],[[[-43.35689,-21.7833],[-43.35686,-21.78329],[-43.35566,-21.78301],[-43.35689,-21.7833]]],[[[-43.35566,-21.78301],[-43.35559,-21.78345],[-43.35555,-21.78362],[-43.35566,-21.78301]]],[[[-43.35484,-21.77027],[-43.35483,-21.77027],[-43.35461,-21.77022],[-43.35484,-21.77027]]],[[[-43.35176,-21.78471],[-43.35152,-21.78452],[-43.35176,-21.7847],[-43.35176,-21.78471]]],[[[-43.35061,-21.77586],[-43.35048,-21.77619],[-43.34992,-21.77607],[-43.34976,-21.77622],[-43.34956,-21.77625],[-43.34958,-21.77631],[-43.34967,-21.77633],[-43.34965,-21.7765],[-43.3497,-21.77652],[-43.34966,-21.77672],[-43.34943,-21.77687],[-43.34929,-21.77667],[-43.34922,-21.77671],[-43.34911,-21.77656],[-43.34906,-21.7766],[-43.34905,-21.77669],[-43.34896,-21.77674],[-43.34909,-21.77691],[-43.34893,-21.77701],[-43.34902,-21.77713],[-43.34885,-21.77724],[-43.34927,-21.77778],[-43.34934,-21.77774],[-43.34936,-21.77768],[-43.34953,-21.7779],[-43.34956,-21.77799],[-43.34953,-21.77801],[-43.34978,-21.77833],[-43.34968,-21.7784],[-43.35004,-21.77891],[-43.34994,-21.77912],[-43.34987,-21.77921],[-43.34981,-21.77925],[-43.34967,-21.77929],[-43.34962,-21.77922],[-43.34952,-21.77926],[-43.34949,-21.77923],[-43.34942,-21.77926],[-43.34948,-21.77935],[-43.34934,-21.77938],[-43.34913,-21.77946],[-43.34906,-21.77936],[-43.34886,-21.77949],[-43.34879,-21.77938],[-43.34868,-21.77946],[-43.34861,-21.77937],[-43.34786,-21.77987],[-43.34765,-21.78006],[-43.3473,-21.78027],[-43.34732,-21.7806],[-43.34782,-21.78056],[-43.34799,-21.78092],[-43.34729,-21.78103],[-43.34733,-21.78121],[-43.34734,-21.78139],[-43.34725,-21.78151],[-43.34727,-21.78173],[-43.34673,-21.78178],[-43.3468,-21.78226],[-43.34682,-21.78262],[-43.34682,-21.78281],[-43.34582,-21.78277],[-43.34523,-21.78287],[-43.34502,-21.78276],[-43.34067,-21.78088],[-43.34074,-21.78082],[-43.34108,-21.78055],[-43.34135,-21.78025],[-43.34144,-21.78017],[-43.34166,-21.7799],[-43.34259,-21.77943],[-43.34271,-21.77936],[-43.3432,-21.77925],[-43.34325,-21.77913],[-43.34353,-21.77916],[-43.34356,-21.77903],[-43.34359,-21.77883],[-43.34414,-21.77889],[-43.3445,-21.77889],[-43.34458,-21.779],[-43.34496,-21.77909],[-43.34514,-21.77849],[-43.34542,-21.77751],[-43.34727,-21.77039],[-43.34782,-21.76828],[-43.34772,-21.76865],[-43.34779,-21.76866],[-43.34782,-21.76867],[-43.3478,-21.76878],[-43.34818,-21.76886],[-43.34815,-21.76897],[-43.34823,-21.76898],[-43.3482,-21.76909],[-43.34867,-21.76919],[-43.34862,-21.76943],[-43.34882,-21.76947],[-43.3488,-21.76959],[-43.34901,-21.76964],[-43.34895,-21.76995],[-43.34847,-21.76982],[-43.34842,-21.76999],[-43.34826,-21.76995],[-43.34818,-21.77031],[-43.34832,-21.77034],[-43.34828,-21.77077],[-43.34862,-21.77083],[-43.34856,-21.77102],[-43.3485,-21.77174],[-43.34856,-21.7721],[-43.34848,-21.7725],[-43.34869,-21.77253],[-43.34875,-21.7729],[-43.34896,-21.77298],[-43.34915,-21.773],[-43.34912,-21.77359],[-43.3493,-21.77365],[-43.34938,-21.77378],[-43.34945,-21.77382],[-43.34948,-21.77392],[-43.35012,-21.77406],[-43.34995,-21.7743],[-43.35,-21.77431],[-43.35002,-21.77443],[-43.35007,-21.77445],[-43.35004,-21.77457],[-43.35048,-21.77466],[-43.35046,-21.77475],[-43.35056,-21.77477],[-43.35057,-21.77496],[-43.3506,-21.77497],[-43.35056,-21.77502],[-43.3504,-21.77498],[-43.35037,-21.77512],[-43.3504,-21.77514],[-43.35034,-21.7752],[-43.3503,-21.77517],[-43.35025,-21.77524],[-43.35058,-21.7755],[-43.35052,-21.77555],[-43.35043,-21.7758],[-43.35061,-21.77586]]],[[[-43.34249,-21.77087],[-43.34243,-21.77092],[-43.34247,-21.77089],[-43.34249,-21.77087]]]]}},{"type":"Feature","properties":{"territory_id":"mg-3136702-paula-lima","name":"Paula Lima","municipality_id":"mg-3136702","polling_places":1,"approx":true,"official":false,"method":"voronoi-polling-places","whole_municipality":false,"approx_coords_only":false},"geometry":{"type":"MultiPolygon","coordinates":[[[[-43.51195,-21.56318],[-43.50255,-21.57883],[-43.46412,-21.63049],[-43.46046,-21.62855],[-43.41015,-21.56747],[-43.39402,-21.54333],[-43.4192,-21.5309],[-43.4729,-21.5306],[-43.5102,-21.5598],[-43.51195,-21.56318]]]]}},{"type":"Feature","properties":{"territory_id":"mg-3136702-penido","name":"Penido","municipality_id":"mg-3136702","polling_places":1,"approx":true,"official":false,"method":"voronoi-polling-places","whole_municipality":false,"approx_coords_only":false},"geometry":{"type":"MultiPolygon","coordinates":[[[[-43.58309,-21.7239],[-43.56194,-21.75868],[-43.5403,-21.77335],[-43.5071,-21.73685],[-43.52984,-21.6569],[-43.56522,-21.64773],[-43.58309,-21.7239]]]]}},{"type":"Feature","properties":{"territory_id":"mg-3136702-pirapetinga","name":"Pirapetinga","municipality_id":"mg-3136702","polling_places":1,"approx":true,"official":false,"method":"voronoi-polling-places","whole_municipality":false,"approx_coords_only":false},"geometry":{"type":"MultiPolygon","coordinates":[[[[-43.6655,-21.8534],[-43.5984,-21.9236],[-43.59781,-21.92467],[-43.59631,-21.9128],[-43.61024,-21.85956],[-43.64831,-21.83015],[-43.6655,-21.8534]]]]}},{"type":"Feature","properties":{"territory_id":"mg-3136702-ponte-preta","name":"Ponte Preta","municipality_id":"mg-3136702","polling_places":1,"approx":true,"official":false,"method":"voronoi-polling-places","whole_municipality":false,"approx_coords_only":false},"geometry":{"type":"MultiPolygon","coordinates":[[[[-43.48667,-21.64908],[-43.4799,-21.66029],[-43.45179,-21.67593],[-43.45055,-21.6742],[-43.4492,-21.67215],[-43.44813,-21.6714],[-43.44666,-21.67135],[-43.44427,-21.67019],[-43.44335,-21.6702],[-43.44285,-21.67061],[-43.44204,-21.67106],[-43.44188,-21.67085],[-43.44165,-21.67069],[-43.44129,-21.67049],[-43.44109,-21.67031],[-43.441,-21.67006],[-43.44087,-21.66994],[-43.44064,-21.66987],[-43.44019,-21.66982],[-43.43997,-21.66978],[-43.43942,-21.6696],[-43.43894,-21.66932],[-43.43889,-21.66931],[-43.4386,-21.66912],[-43.43795,-21.6685],[-43.43778,-21.66836],[-43.43772,-21.66818],[-43.43739,-21.66735],[-43.43736,-21.66704],[-43.43725,-21.66685],[-43.43704,-21.66668],[-43.43692,-21.66643],[-43.43686,-21.66626],[-43.43664,-21.66577],[-43.43661,-21.66534],[-43.43651,-21.66512],[-43.43618,-21.66466],[-43.43602,-21.66422],[-43.43578,-21.6637],[-43.43566,-21.66351],[-43.43548,-21.66308],[-43.43528,-21.66245],[-43.43496,-21.6619],[-43.43481,-21.66173],[-43.43473,-21.66158],[-43.43471,-21.66098],[-43.43468,-21.66082],[-43.43448,-21.66042],[-43.43423,-21.66029],[-43.43418,-21.66017],[-43.43414,-21.65995],[-43.43408,-21.6597],[-43.43391,-21.65929],[-43.43399,-21.65917],[-43.43403,-21.65878],[-43.43409,-21.65852],[-43.43416,-21.65799],[-43.4342,-21.65783],[-43.4342,-21.65749],[-43.43429,-21.65707],[-43.43432,-21.65678],[-43.43442,-21.65619],[-43.43448,-21.65594],[-43.43453,-21.65545],[-43.43478,-21.65405],[-43.43481,-21.6537],[-43.43491,-21.65299],[-43.435,-21.65265],[-43.43502,-21.65249],[-43.43498,-21.65229],[-43.435,-21.65207],[-43.43504,-21.65194],[-43.43505,-21.6516],[-43.43508,-21.6514],[-43.43527,-21.65073],[-43.43529,-21.65057],[-43.43528,-21.65041],[-43.43528,-21.6504],[-43.46046,-21.62855],[-43.46412,-21.63049],[-43.48667,-21.64908]]],[[[-43.43297,-21.67103],[-43.43292,-21.67122],[-43.43285,-21.67137],[-43.43243,-21.67194],[-43.43254,-21.67204],[-43.43263,-21.67224],[-43.43267,-21.67246],[-43.43272,-21.67261],[-43.4327,-21.67292],[-43.43266,-21.67311],[-43.4326,-21.67321],[-43.43255,-21.67337],[-43.43245,-21.67358],[-43.43246,-21.67382],[-43.43241,-21.67388],[-43.43232,-21.67392],[-43.43228,-21.67397],[-43.43224,-21.67408],[-43.43217,-21.67422],[-43.43216,-21.67438],[-43.43221,-21.67442],[-43.4322,-21.67447],[-43.43213,-21.67453],[-43.43205,-21.67463],[-43.43199,-21.67479],[-43.43192,-21.67489],[-43.43184,-21.67497],[-43.43183,-21.67509],[-43.43194,-21.6753],[-43.43197,-21.6757],[-43.43204,-21.6759],[-43.43204,-21.676],[-43.43209,-21.67613],[-43.43206,-21.67619],[-43.43192,-21.67639],[-43.43189,-21.6766],[-43.43189,-21.67689],[-43.43193,-21.67711],[-43.4319,-21.67728],[-43.43195,-21.67744],[-43.432,-21.6775],[-43.43204,-21.6776],[-43.43197,-21.67774],[-43.43199,-21.67787],[-43.43205,-21.67794],[-43.43222,-21.67821],[-43.43228,-21.67839],[-43.43189,-21.67856],[-43.43175,-21.67866],[-43.43148,-21.67892],[-43.43137,-21.6791],[-43.43132,-21.67925],[-43.43129,-21.6794],[-43.43131,-21.6798],[-43.43135,-21.67996],[-43.43144,-21.68007],[-43.43193,-21.68045],[-43.4327,-21.6813],[-43.43281,-21.68148],[-43.43285,-21.68163],[-43.43283,-21.68199],[-43.4328,-21.68224],[-43.43266,-21.68282],[-43.4324,-21.68372],[-43.43194,-21.68565],[-43.43179,-21.68618],[-43.43174,-21.68628],[-43.43166,-21.68637],[-43.43151,-21.68652],[-43.43142,-21.68664],[-43.43136,-21.68681],[-43.43132,-21.68699],[-43.43131,-21.68728],[-43.43131,-21.68732],[-43.42519,-21.69073],[-43.41757,-21.69075],[-43.40323,-21.67821],[-43.41785,-21.66553],[-43.41793,-21.6657],[-43.41812,-21.66653],[-43.41848,-21.6664],[-43.41894,-21.66705],[-43.41917,-21.66732],[-43.41946,-21.66781],[-43.41951,-21.66807],[-43.41937,-21.66859],[-43.41911,-21.66943],[-43.41908,-21.67021],[-43.41915,-21.67054],[-43.41915,-21.67064],[-43.42052,-21.66942],[-43.42136,-21.66857],[-43.42177,-21.66761],[-43.42257,-21.66604],[-43.42293,-21.666],[-43.42323,-21.66582],[-43.42396,-21.66545],[-43.42432,-21.66537],[-43.42446,-21.66538],[-43.42473,-21.66528],[-43.42489,-21.6652],[-43.42507,-21.66506],[-43.42538,-21.66473],[-43.42552,-21.66463],[-43.42556,-21.6645],[-43.42596,-21.66484],[-43.42961,-21.66772],[-43.43078,-21.66853],[-43.43077,-21.66856],[-43.43084,-21.66893],[-43.43108,-21.66926],[-43.43135,-21.66932],[-43.43194,-21.66937],[-43.43209,-21.6696],[-43.43217,-21.66988],[-43.43221,-21.67013],[-43.43297,-21.67103]]]]}},{"type":"Feature","properties":{"territory_id":"mg-3136702-povoado-de-caete","name":"Povoado de Caete","municipality_id":"mg-3136702","polling_places":1,"approx":true,"official":false,"method":"voronoi-polling-places","whole_municipality":false,"approx_coords_only":false},"geometry":{"type":"MultiPolygon","coordinates":[[[[-43.29047,-21.82644],[-43.2521,-21.8283],[-43.23818,-21.85918],[-43.2036,-21.75025],[-43.2466,-21.77],[-43.25145,-21.76308],[-43.27818,-21.78981],[-43.28503,-21.80648],[-43.29047,-21.82644]]]]}},{"type":"Feature","properties":{"territory_id":"mg-3136702-praca-da-republica","name":"Praça da República","municipality_id":"mg-3136702","polling_places":1,"approx":true,"official":false,"method":"voronoi-polling-places","whole_municipality":false,"approx_coords_only":false},"geometry":{"type":"MultiPolygon","coordinates":[[[[-43.34237,-21.77098],[-43.34228,-21.77108],[-43.34231,-21.77103],[-43.34237,-21.77098]]],[[[-43.34229,-21.76355],[-43.34218,-21.76402],[-43.34204,-21.7648],[-43.3421,-21.76514],[-43.34157,-21.76568],[-43.34133,-21.76595],[-43.34113,-21.76622],[-43.34073,-21.76663],[-43.34022,-21.76707],[-43.33964,-21.76753],[-43.33949,-21.76784],[-43.33898,-21.76782],[-43.33881,-21.76792],[-43.3388,-21.76804],[-43.33863,-21.76801],[-43.33832,-21.7681],[-43.33791,-21.76785],[-43.33798,-21.76796],[-43.33803,-21.76855],[-43.33797,-21.76856],[-43.33801,-21.76905],[-43.3381,-21.76906],[-43.33808,-21.76929],[-43.33815,-21.76935],[-43.33819,-21.76944],[-43.33819,-21.7695],[-43.33814,-21.76959],[-43.33809,-21.76963],[-43.33799,-21.76966],[-43.33841,-21.77056],[-43.33787,-21.77076],[-43.33792,-21.77085],[-43.33737,-21.77117],[-43.33749,-21.77143],[-43.33638,-21.77146],[-43.33617,-21.77074],[-43.33659,-21.77056],[-43.33679,-21.77027],[-43.33679,-21.76975],[-43.33674,-21.76966],[-43.33667,-21.76975],[-43.33609,-21.76992],[-43.33582,-21.76983],[-43.33579,-21.7698],[-43.33569,-21.76979],[-43.33569,-21.76977],[-43.33543,-21.76973],[-43.33448,-21.7699],[-43.33444,-21.76992],[-43.33434,-21.77006],[-43.334,-21.77014],[-43.33395,-21.7702],[-43.33387,-21.77019],[-43.3338,-21.77016],[-43.33382,-21.77012],[-43.33364,-21.77001],[-43.33365,-21.77],[-43.33362,-21.76997],[-43.3335,-21.76991],[-43.33351,-21.76989],[-43.33338,-21.76981],[-43.3336,-21.76943],[-43.33354,-21.76937],[-43.33345,-21.76932],[-43.33331,-21.76931],[-43.33311,-21.76937],[-43.3329,-21.76949],[-43.33269,-21.76955],[-43.33253,-21.76942],[-43.33247,-21.76945],[-43.33233,-21.76947],[-43.33221,-21.76946],[-43.33207,-21.7694],[-43.33187,-21.76923],[-43.33159,-21.76894],[-43.33154,-21.76886],[-43.33117,-21.76905],[-43.33083,-21.76929],[-43.33068,-21.76944],[-43.33049,-21.76967],[-43.33039,-21.76981],[-43.33026,-21.77007],[-43.33024,-21.76976],[-43.33822,-21.76121],[-43.3383,-21.76119],[-43.33871,-21.76106],[-43.33882,-21.76111],[-43.33908,-21.76154],[-43.33903,-21.76156],[-43.33905,-21.76165],[-43.33925,-21.76177],[-43.33928,-21.76181],[-43.33922,-21.76181],[-43.33898,-21.76172],[-43.33882,-21.76168],[-43.33869,-21.76169],[-43.33846,-21.76177],[-43.33867,-21.76185],[-43.34021,-21.76226],[-43.34072,-21.76187],[-43.34115,-21.76195],[-43.34114,-21.76243],[-43.34121,-21.76245],[-43.34118,-21.76251],[-43.34112,-21.76259],[-43.34104,-21.76264],[-43.34092,-21.76274],[-43.3407,-21.76308],[-43.34103,-21.76317],[-43.341,-21.76324],[-43.34153,-21.76338],[-43.34212,-21.76349],[-43.34229,-21.76355]]],[[[-43.34223,-21.77117],[-43.34216,-21.7713],[-43.34219,-21.77123],[-43.34223,-21.77117]]],[[[-43.3408,-21.7737],[-43.34068,-21.77374],[-43.33991,-21.774],[-43.3408,-21.7737]]],[[[-43.33998,-21.76086],[-43.33947,-21.76099],[-43.33871,-21.76106],[-43.3386,-21.76087],[-43.33875,-21.76078],[-43.33869,-21.76069],[-43.33897,-21.7604],[-43.33998,-21.76086]]],[[[-43.33912,-21.77441],[-43.33896,-21.77449],[-43.33894,-21.7745],[-43.33912,-21.77441]]],[[[-43.33572,-21.77057],[-43.33571,-21.77061],[-43.3357,-21.77044],[-43.33572,-21.77057]]],[[[-43.33469,-21.77328],[-43.33469,-21.77332],[-43.33468,-21.77341],[-43.33469,-21.77328]]],[[[-43.33461,-21.77373],[-43.33442,-21.77357],[-43.33449,-21.77362],[-43.33461,-21.77373]]],[[[-43.33008,-21.77181],[-43.32985,-21.77199],[-43.32991,-21.77194],[-43.33008,-21.77181]]],[[[-43.32989,-21.77701],[-43.3297,-21.77709],[-43.3294,-21.77719],[-43.32989,-21.77701]]]]}},{"type":"Feature","properties":{"territory_id":"mg-3136702-progresso","name":"Progresso","municipality_id":"mg-3136702","polling_places":4,"approx":false,"official":true,"method":"official-ibge-cd2022","whole_municipality":false,"approx_coords_only":false,"official_name":"Progresso","official_code":"3136702079","match":"direct"},"geometry":{"type":"MultiPolygon","coordinates":[[[[-43.3482,-21.72133],[-43.34732,-21.72136],[-43.3466,-21.7214],[-43.34643,-21.72164],[-43.3453,-21.72178],[-43.3445,-21.72194],[-43.34381,-21.72244],[-43.34363,-21.72171],[-43.34334,-21.72162],[-43.34317,-21.72123],[-43.34306,-21.7211],[-43.34255,-21.72067],[-43.34225,-21.72033],[-43.34198,-21.72021],[-43.34143,-21.72001],[-43.34082,-21.71989],[-43.33934,-21.71987],[-43.33837,-21.72005],[-43.33785,-21.7202],[-43.33754,-21.72035],[-43.33703,-21.72068],[-43.33663,-21.72086],[-43.33632,-21.72111],[-43.33632,-21.72136],[-43.33618,-21.72171],[-43.33578,-21.72218],[-43.33559,-21.72247],[-43.33538,-21.72274],[-43.33526,-21.72297],[-43.33518,-21.72321],[-43.33518,-21.72339],[-43.33503,-21.72367],[-43.33458,-21.72424],[-43.33446,-21.72442],[-43.33438,-21.72444],[-43.33417,-21.72463],[-43.33404,-21.72469],[-43.33375,-21.725],[-43.33376,-21.72596],[-43.33361,-21.72642],[-43.33347,-21.72668],[-43.33339,-21.72713],[-43.33311,-21.72772],[-43.333,-21.72785],[-43.33283,-21.72815],[-43.33283,-21.72863],[-43.33325,-21.72967],[-43.33538,-21.72974],[-43.33539,-21.72975],[-43.33638,-21.72975],[-43.33636,-21.73037],[-43.33559,-21.73036],[-43.33556,-21.73054],[-43.33555,-21.73074],[-43.3358,-21.73095],[-43.33598,-21.73107],[-43.33608,-21.73107],[-43.33621,-21.73097],[-43.3365,-21.73113],[-43.3365,-21.7312],[-43.33661,-21.73113],[-43.33675,-21.7311],[-43.33688,-21.73111],[-43.33732,-21.73133],[-43.33751,-21.73138],[-43.3377,-21.73141],[-43.33817,-21.73132],[-43.33832,-21.73134],[-43.33906,-21.73158],[-43.33923,-21.73159],[-43.33941,-21.73151],[-43.33952,-21.73139],[-43.33958,-21.73129],[-43.3397,-21.73134],[-43.34001,-21.73137],[-43.34087,-21.73139],[-43.34096,-21.73136],[-43.34146,-21.73135],[-43.3417,-21.73138],[-43.3419,-21.73147],[-43.34216,-21.73163],[-43.34288,-21.73225],[-43.34312,-21.73256],[-43.3432,-21.73273],[-43.34323,-21.73282],[-43.34323,-21.73289],[-43.34311,-21.73326],[-43.34308,-21.73344],[-43.34305,-21.73375],[-43.34305,-21.73398],[-43.34311,-21.73423],[-43.34345,-21.73464],[-43.34471,-21.73436],[-43.34481,-21.73472],[-43.34505,-21.73549],[-43.3456,-21.73506],[-43.34563,-21.73511],[-43.34567,-21.73535],[-43.34563,-21.73556],[-43.34568,-21.73577],[-43.34589,-21.73614],[-43.34599,-21.73649],[-43.34618,-21.73696],[-43.34625,-21.73716],[-43.34624,-21.73731],[-43.34619,-21.73744],[-43.34618,-21.73758],[-43.34628,-21.73785],[-43.34636,-21.73797],[-43.34639,-21.73793],[-43.34666,-21.73777],[-43.347,-21.73789],[-43.34715,-21.73783],[-43.34729,-21.73757],[-43.34722,-21.73748],[-43.35,-21.73526],[-43.35013,-21.73521],[-43.35021,-21.73526],[-43.35021,-21.73548],[-43.35009,-21.73578],[-43.35018,-21.73587],[-43.35003,-21.73599],[-43.35001,-21.73603],[-43.35002,-21.73611],[-43.3508,-21.73634],[-43.35103,-21.73611],[-43.35151,-21.73616],[-43.35142,-21.73627],[-43.35202,-21.73669],[-43.3524,-21.73684],[-43.35211,-21.73723],[-43.35324,-21.73753],[-43.35312,-21.7379],[-43.35321,-21.73792],[-43.35333,-21.73757],[-43.35351,-21.73762],[-43.35354,-21.73755],[-43.35386,-21.73772],[-43.35396,-21.73748],[-43.35441,-21.73684],[-43.3545,-21.73668],[-43.35459,-21.73647],[-43.35422,-21.7362],[-43.35331,-21.73585],[-43.35334,-21.73569],[-43.35334,-21.73555],[-43.35331,-21.73547],[-43.35327,-21.73541],[-43.35297,-21.73514],[-43.35257,-21.73476],[-43.35259,-21.73471],[-43.35257,-21.73457],[-43.35261,-21.73413],[-43.35269,-21.73404],[-43.3527,-21.73401],[-43.35281,-21.73395],[-43.35283,-21.73369],[-43.35251,-21.73371],[-43.3525,-21.73353],[-43.35245,-21.7333],[-43.35235,-21.733],[-43.35226,-21.73283],[-43.35201,-21.73246],[-43.35174,-21.73211],[-43.35172,-21.73209],[-43.35171,-21.7321],[-43.35159,-21.732],[-43.35139,-21.73172],[-43.35142,-21.73171],[-43.35137,-21.7316],[-43.35129,-21.73161],[-43.35126,-21.73135],[-43.35133,-21.73134],[-43.35129,-21.73066],[-43.35088,-21.73067],[-43.35078,-21.73036],[-43.35078,-21.73025],[-43.35082,-21.73025],[-43.35082,-21.73012],[-43.35074,-21.73012],[-43.35071,-21.7299],[-43.35074,-21.72989],[-43.35073,-21.72979],[-43.3507,-21.72979],[-43.35063,-21.72917],[-43.35067,-21.72854],[-43.35081,-21.72855],[-43.35084,-21.7282],[-43.35052,-21.72814],[-43.35069,-21.72694],[-43.35056,-21.72662],[-43.35047,-21.72647],[-43.35008,-21.72605],[-43.34984,-21.72584],[-43.34995,-21.72567],[-43.34936,-21.7253],[-43.34903,-21.7253],[-43.34901,-21.72526],[-43.34927,-21.72504],[-43.34925,-21.72505],[-43.34923,-21.72478],[-43.34923,-21.72461],[-43.34926,-21.72432],[-43.34946,-21.72349],[-43.34952,-21.72314],[-43.34951,-21.72309],[-43.34916,-21.72296],[-43.34927,-21.72189],[-43.34908,-21.72189],[-43.349,-21.72187],[-43.34884,-21.72179],[-43.34869,-21.72157],[-43.34864,-21.72153],[-43.3482,-21.72133]]]]}},{"type":"Feature","properties":{"territory_id":"mg-3136702-retiro","name":"Retiro","municipality_id":"mg-3136702","polling_places":1,"approx":true,"official":false,"method":"voronoi-polling-places","whole_municipality":false,"approx_coords_only":false},"geometry":{"type":"MultiPolygon","coordinates":[[[[-43.30784,-21.78209],[-43.30778,-21.78209],[-43.30704,-21.78205],[-43.30673,-21.78235],[-43.30418,-21.78746],[-43.30346,-21.78762],[-43.30273,-21.7882],[-43.30225,-21.78843],[-43.30125,-21.78819],[-43.30065,-21.78794],[-43.29976,-21.7874],[-43.29952,-21.78708],[-43.29896,-21.78677],[-43.29878,-21.78682],[-43.29866,-21.7869],[-43.29857,-21.78705],[-43.29853,-21.78804],[-43.29785,-21.78792],[-43.29778,-21.78776],[-43.29735,-21.78723],[-43.29712,-21.78691],[-43.29682,-21.78639],[-43.29655,-21.786],[-43.29625,-21.78566],[-43.2958,-21.78532],[-43.29507,-21.78459],[-43.29402,-21.78442],[-43.29325,-21.78453],[-43.29128,-21.78412],[-43.29103,-21.78401],[-43.30308,-21.77857],[-43.30784,-21.78209]]],[[[-43.29535,-21.7974],[-43.28503,-21.80648],[-43.27818,-21.78981],[-43.2844,-21.787],[-43.28504,-21.79052],[-43.28571,-21.7923],[-43.28578,-21.79355],[-43.29218,-21.79615],[-43.29535,-21.7974]]]]}},{"type":"Feature","properties":{"territory_id":"mg-3136702-rosario-de-minas","name":"Rosario de Minas","municipality_id":"mg-3136702","polling_places":1,"approx":true,"official":false,"method":"voronoi-polling-places","whole_municipality":false,"approx_coords_only":false},"geometry":{"type":"MultiPolygon","coordinates":[[[[-43.6842,-21.6267],[-43.679,-21.7119],[-43.66799,-21.75008],[-43.58309,-21.7239],[-43.56522,-21.64773],[-43.59974,-21.61306],[-43.6395,-21.6079],[-43.666,-21.6053],[-43.6842,-21.6267]]]]}},{"type":"Feature","properties":{"territory_id":"mg-3136702-sagrado-coracao-de-jesus","name":"Sagrado Coracao de Jesus","municipality_id":"mg-3136702","polling_places":1,"approx":false,"official":true,"method":"official-ibge-cd2022","whole_municipality":false,"approx_coords_only":false,"official_name":"Sagrado Coração de Jesus","official_code":"3136702099","match":"direct"},"geometry":{"type":"MultiPolygon","coordinates":[[[[-43.35816,-21.80712],[-43.35771,-21.80732],[-43.35752,-21.80716],[-43.35733,-21.80706],[-43.35725,-21.80686],[-43.35722,-21.80669],[-43.3571,-21.8064],[-43.35699,-21.80604],[-43.3569,-21.80589],[-43.35671,-21.80577],[-43.35657,-21.80566],[-43.35626,-21.8053],[-43.35617,-21.8051],[-43.35602,-21.8049],[-43.356,-21.80544],[-43.35592,-21.80607],[-43.35565,-21.80664],[-43.35535,-21.80713],[-43.35492,-21.80751],[-43.35442,-21.80848],[-43.35431,-21.80943],[-43.35425,-21.80968],[-43.35385,-21.80992],[-43.3533,-21.81048],[-43.35297,-21.8107],[-43.35263,-21.81118],[-43.35208,-21.81213],[-43.35182,-21.81289],[-43.35167,-21.81374],[-43.35157,-21.81525],[-43.35158,-21.81604],[-43.35175,-21.81717],[-43.35163,-21.81725],[-43.35153,-21.81745],[-43.35131,-21.81775],[-43.35112,-21.81786],[-43.35092,-21.81821],[-43.35086,-21.81845],[-43.35122,-21.81846],[-43.35195,-21.81837],[-43.35212,-21.81853],[-43.35243,-21.81853],[-43.3527,-21.81855],[-43.35321,-21.81863],[-43.35346,-21.8187],[-43.35394,-21.81892],[-43.35414,-21.81904],[-43.35431,-21.81929],[-43.35455,-21.81945],[-43.35502,-21.82016],[-43.35519,-21.82036],[-43.35552,-21.82083],[-43.35585,-21.82114],[-43.35613,-21.82123],[-43.35636,-21.82126],[-43.3569,-21.82124],[-43.35747,-21.82114],[-43.35794,-21.82111],[-43.35821,-21.82112],[-43.35851,-21.82117],[-43.35875,-21.82123],[-43.35923,-21.82148],[-43.3596,-21.82153],[-43.35972,-21.82152],[-43.36059,-21.82191],[-43.36089,-21.82202],[-43.36169,-21.82217],[-43.36193,-21.8223],[-43.36243,-21.82241],[-43.36321,-21.82264],[-43.3637,-21.8227],[-43.36425,-21.82269],[-43.36485,-21.82261],[-43.36536,-21.82248],[-43.36612,-21.82224],[-43.36658,-21.8222],[-43.36681,-21.82212],[-43.367,-21.82201],[-43.36739,-21.82208],[-43.36816,-21.82215],[-43.36882,-21.82194],[-43.36941,-21.82119],[-43.36996,-21.82089],[-43.37011,-21.82074],[-43.37023,-21.82059],[-43.37025,-21.82054],[-43.37031,-21.82023],[-43.37078,-21.81942],[-43.37093,-21.81905],[-43.37093,-21.81892],[-43.37089,-21.81867],[-43.37082,-21.81842],[-43.37069,-21.81809],[-43.36974,-21.81718],[-43.36892,-21.81657],[-43.3677,-21.81575],[-43.36666,-21.81555],[-43.36577,-21.81513],[-43.36505,-21.81505],[-43.36465,-21.81429],[-43.36446,-21.81332],[-43.36431,-21.81224],[-43.36421,-21.81182],[-43.36411,-21.81143],[-43.36406,-21.81133],[-43.36396,-21.81119],[-43.36383,-21.81107],[-43.36376,-21.81096],[-43.3637,-21.81067],[-43.36369,-21.81049],[-43.36374,-21.81027],[-43.36384,-21.81006],[-43.36401,-21.8098],[-43.364,-21.80941],[-43.36397,-21.80886],[-43.36392,-21.80871],[-43.36385,-21.80859],[-43.3637,-21.80844],[-43.36341,-21.80799],[-43.36314,-21.80773],[-43.36302,-21.80739],[-43.36303,-21.8066],[-43.36263,-21.80596],[-43.36354,-21.80518],[-43.36364,-21.80514],[-43.36396,-21.80515],[-43.36413,-21.80513],[-43.3643,-21.80507],[-43.36447,-21.80499],[-43.36456,-21.80493],[-43.36463,-21.80486],[-43.36417,-21.80491],[-43.3641,-21.80494],[-43.36391,-21.80491],[-43.36346,-21.80457],[-43.36339,-21.80468],[-43.3633,-21.80472],[-43.36279,-21.80472],[-43.36261,-21.80478],[-43.36246,-21.80487],[-43.36234,-21.80497],[-43.36205,-21.80524],[-43.36174,-21.80545],[-43.36103,-21.80572],[-43.36031,-21.80615],[-43.35992,-21.80629],[-43.35946,-21.80653],[-43.35817,-21.80712],[-43.35816,-21.80712]]]]}},{"type":"Feature","properties":{"territory_id":"mg-3136702-santa-cecilia","name":"Santa Cecilia","municipality_id":"mg-3136702","polling_places":1,"approx":false,"official":true,"method":"official-ibge-cd2022","whole_municipality":false,"approx_coords_only":false,"official_name":"Santa Cecília","official_code":"3136702025","match":"direct"},"geometry":{"type":"MultiPolygon","coordinates":[[[[-43.35251,-21.78507],[-43.35289,-21.78492],[-43.35318,-21.78484],[-43.3539,-21.78475],[-43.35469,-21.78454],[-43.35507,-21.7843],[-43.35547,-21.78393],[-43.35555,-21.78362],[-43.35566,-21.78301],[-43.3557,-21.78187],[-43.35554,-21.78118],[-43.35545,-21.78114],[-43.35546,-21.78099],[-43.35526,-21.78039],[-43.35512,-21.78045],[-43.35504,-21.78009],[-43.35496,-21.77982],[-43.35495,-21.77963],[-43.35477,-21.77911],[-43.35464,-21.77887],[-43.35368,-21.77749],[-43.35291,-21.77714],[-43.35268,-21.77781],[-43.35262,-21.7778],[-43.35255,-21.77803],[-43.35225,-21.77796],[-43.35213,-21.77812],[-43.3518,-21.77868],[-43.35169,-21.77879],[-43.35168,-21.77883],[-43.35128,-21.77937],[-43.35115,-21.77963],[-43.3511,-21.77966],[-43.35064,-21.78031],[-43.3506,-21.78041],[-43.35108,-21.78051],[-43.35145,-21.78065],[-43.35156,-21.78046],[-43.35163,-21.78042],[-43.35173,-21.78043],[-43.35159,-21.78064],[-43.35203,-21.78075],[-43.35056,-21.78193],[-43.35047,-21.78196],[-43.35024,-21.78216],[-43.3496,-21.78262],[-43.34995,-21.78288],[-43.35045,-21.78318],[-43.35067,-21.78334],[-43.35084,-21.78355],[-43.351,-21.78372],[-43.35108,-21.78385],[-43.35123,-21.78415],[-43.35139,-21.78439],[-43.35132,-21.78443],[-43.35152,-21.78452],[-43.35176,-21.7847],[-43.35219,-21.7851],[-43.35223,-21.78512],[-43.35232,-21.78513],[-43.35248,-21.78509],[-43.35251,-21.78507]]]]}},{"type":"Feature","properties":{"territory_id":"mg-3136702-santa-cruz","name":"Santa Cruz","municipality_id":"mg-3136702","polling_places":3,"approx":false,"official":true,"method":"official-ibge-cd2022","whole_municipality":false,"approx_coords_only":false,"official_name":"Santa Cruz","official_code":"3136702059","match":"direct"},"geometry":{"type":"MultiPolygon","coordinates":[[[[-43.42801,-21.70874],[-43.428,-21.70879],[-43.42823,-21.7089],[-43.428,-21.70938],[-43.42736,-21.71052],[-43.4272,-21.71101],[-43.42716,-21.71122],[-43.42745,-21.71126],[-43.42749,-21.71131],[-43.42717,-21.71157],[-43.42713,-21.71195],[-43.42714,-21.71214],[-43.4272,-21.71232],[-43.42721,-21.71254],[-43.42718,-21.7127],[-43.4273,-21.71341],[-43.42737,-21.7136],[-43.42761,-21.71412],[-43.42776,-21.71435],[-43.42808,-21.71464],[-43.42869,-21.71533],[-43.42883,-21.7154],[-43.42904,-21.71555],[-43.42924,-21.71573],[-43.4294,-21.71607],[-43.4295,-21.7162],[-43.42971,-21.7167],[-43.42976,-21.71716],[-43.42958,-21.71757],[-43.42953,-21.71783],[-43.42943,-21.71815],[-43.4301,-21.71872],[-43.43029,-21.71874],[-43.43064,-21.71884],[-43.43087,-21.71895],[-43.43112,-21.71903],[-43.4313,-21.7192],[-43.43181,-21.71931],[-43.43224,-21.71929],[-43.43251,-21.71918],[-43.43285,-21.71899],[-43.43309,-21.71879],[-43.43328,-21.71869],[-43.4335,-21.71866],[-43.434,-21.71869],[-43.43416,-21.71876],[-43.43433,-21.71888],[-43.43463,-21.71902],[-43.4348,-21.7192],[-43.43518,-21.71939],[-43.43539,-21.71941],[-43.43607,-21.71936],[-43.43645,-21.71925],[-43.43694,-21.71913],[-43.43722,-21.71924],[-43.43736,-21.71939],[-43.43753,-21.71979],[-43.43762,-21.72051],[-43.43759,-21.7212],[-43.43751,-21.72136],[-43.43748,-21.72152],[-43.4372,-21.72221],[-43.43694,-21.72254],[-43.43672,-21.72295],[-43.43655,-21.72321],[-43.43711,-21.72345],[-43.43762,-21.72376],[-43.43776,-21.72387],[-43.43821,-21.72406],[-43.43839,-21.72362],[-43.43851,-21.72345],[-43.43864,-21.72331],[-43.43895,-21.72306],[-43.43905,-21.72292],[-43.43929,-21.72281],[-43.43961,-21.72259],[-43.43985,-21.72252],[-43.4401,-21.7225],[-43.44047,-21.7225],[-43.44072,-21.7226],[-43.4408,-21.72253],[-43.44136,-21.7218],[-43.44193,-21.72086],[-43.44252,-21.72018],[-43.44265,-21.71997],[-43.44281,-21.71968],[-43.44295,-21.71917],[-43.44314,-21.71869],[-43.44314,-21.71844],[-43.44308,-21.71773],[-43.44368,-21.71685],[-43.44401,-21.71622],[-43.44439,-21.71545],[-43.4444,-21.71532],[-43.44426,-21.71501],[-43.44412,-21.71489],[-43.4441,-21.71484],[-43.44419,-21.71456],[-43.4442,-21.71418],[-43.44429,-21.71353],[-43.44433,-21.71312],[-43.44451,-21.71274],[-43.44484,-21.71219],[-43.44617,-21.71062],[-43.44634,-21.71049],[-43.44693,-21.71023],[-43.44766,-21.70979],[-43.44802,-21.70949],[-43.44823,-21.70914],[-43.44843,-21.70894],[-43.44866,-21.70877],[-43.44844,-21.70858],[-43.44795,-21.70873],[-43.4476,-21.70876],[-43.44729,-21.70874],[-43.44706,-21.7088],[-43.4466,-21.70892],[-43.44648,-21.70914],[-43.4464,-21.70934],[-43.44567,-21.70901],[-43.44514,-21.70839],[-43.44483,-21.70794],[-43.44467,-21.70787],[-43.44421,-21.70762],[-43.44344,-21.70707],[-43.44268,-21.70661],[-43.44253,-21.70646],[-43.44217,-21.7062],[-43.44193,-21.70555],[-43.44192,-21.70547],[-43.44179,-21.70541],[-43.44144,-21.70514],[-43.44139,-21.70498],[-43.44146,-21.70484],[-43.44158,-21.70472],[-43.44151,-21.70461],[-43.44135,-21.70451],[-43.4412,-21.70456],[-43.44097,-21.70418],[-43.4407,-21.7029],[-43.4406,-21.70219],[-43.44052,-21.70207],[-43.44044,-21.70184],[-43.44042,-21.70151],[-43.44022,-21.70142],[-43.44032,-21.70119],[-43.44001,-21.70108],[-43.43959,-21.70091],[-43.43891,-21.70072],[-43.43922,-21.69978],[-43.4388,-21.69995],[-43.43868,-21.69914],[-43.43839,-21.69864],[-43.43783,-21.69832],[-43.4371,-21.69799],[-43.4368,-21.69799],[-43.43652,-21.69809],[-43.43615,-21.6981],[-43.43586,-21.69789],[-43.43559,-21.69782],[-43.43519,-21.69796],[-43.43485,-21.69792],[-43.43454,-21.69767],[-43.43438,-21.69747],[-43.43376,-21.6972],[-43.43361,-21.69718],[-43.43346,-21.69707],[-43.43323,-21.69695],[-43.43301,-21.697],[-43.43289,-21.6968],[-43.43198,-21.6968],[-43.43185,-21.69674],[-43.43106,-21.69609],[-43.43073,-21.69574],[-43.43043,-21.69535],[-43.43027,-21.69545],[-43.4301,-21.69521],[-43.42998,-21.69519],[-43.42977,-21.69487],[-43.42928,-21.69529],[-43.42891,-21.69557],[-43.42506,-21.69819],[-43.42435,-21.69872],[-43.42355,-21.69938],[-43.42375,-21.69963],[-43.42381,-21.69958],[-43.42387,-21.69959],[-43.42408,-21.69967],[-43.42428,-21.69979],[-43.42448,-21.69987],[-43.42481,-21.70006],[-43.42527,-21.70029],[-43.42602,-21.70076],[-43.42628,-21.70089],[-43.42659,-21.70111],[-43.42617,-21.70157],[-43.42706,-21.70256],[-43.42688,-21.70268],[-43.42693,-21.70274],[-43.42695,-21.70285],[-43.42709,-21.70304],[-43.42732,-21.70293],[-43.42741,-21.70308],[-43.42779,-21.70396],[-43.42797,-21.70463],[-43.42801,-21.70484],[-43.42812,-21.70518],[-43.42819,-21.70547],[-43.42816,-21.70564],[-43.42812,-21.70637],[-43.42819,-21.70679],[-43.42834,-21.70741],[-43.42839,-21.70777],[-43.4284,-21.70799],[-43.42834,-21.70867],[-43.42827,-21.7088],[-43.42803,-21.7087],[-43.42801,-21.70874]]]]}},{"type":"Feature","properties":{"territory_id":"mg-3136702-santa-efigenia","name":"Santa Efigenia","municipality_id":"mg-3136702","polling_places":3,"approx":false,"official":true,"method":"official-ibge-cd2022","whole_municipality":false,"approx_coords_only":false,"official_name":"Santa Efigênia","official_code":"3136702100","match":"direct"},"geometry":{"type":"MultiPolygon","coordinates":[[[[-43.35817,-21.80712],[-43.35946,-21.80653],[-43.35992,-21.80629],[-43.36031,-21.80615],[-43.36103,-21.80572],[-43.36174,-21.80545],[-43.36205,-21.80524],[-43.36234,-21.80497],[-43.36246,-21.80487],[-43.36261,-21.80478],[-43.36279,-21.80472],[-43.3633,-21.80472],[-43.36339,-21.80468],[-43.36346,-21.80457],[-43.36391,-21.80491],[-43.3641,-21.80494],[-43.36417,-21.80491],[-43.36463,-21.80486],[-43.36454,-21.80414],[-43.36436,-21.80395],[-43.36414,-21.80379],[-43.36303,-21.80332],[-43.36284,-21.80321],[-43.36279,-21.80314],[-43.36264,-21.80259],[-43.36262,-21.8023],[-43.36259,-21.80211],[-43.36259,-21.80198],[-43.36266,-21.80185],[-43.36266,-21.80175],[-43.36263,-21.80153],[-43.36252,-21.80135],[-43.36233,-21.80109],[-43.36226,-21.80092],[-43.36221,-21.80066],[-43.36241,-21.80022],[-43.36274,-21.80004],[-43.36293,-21.79996],[-43.36284,-21.7992],[-43.36297,-21.79857],[-43.36284,-21.79813],[-43.36274,-21.79808],[-43.36262,-21.7978],[-43.36239,-21.79764],[-43.3622,-21.79759],[-43.362,-21.79741],[-43.36189,-21.7972],[-43.36148,-21.79673],[-43.36113,-21.79662],[-43.36067,-21.79676],[-43.36082,-21.7966],[-43.36065,-21.79633],[-43.36045,-21.79638],[-43.36039,-21.79642],[-43.36028,-21.79636],[-43.36017,-21.7964],[-43.36005,-21.79641],[-43.35992,-21.79631],[-43.3598,-21.79628],[-43.35985,-21.79624],[-43.35982,-21.79613],[-43.35961,-21.79611],[-43.35897,-21.79578],[-43.35875,-21.79562],[-43.35786,-21.7952],[-43.35779,-21.79533],[-43.3577,-21.79532],[-43.35761,-21.79519],[-43.35754,-21.79519],[-43.3574,-21.79535],[-43.35719,-21.79539],[-43.35684,-21.79532],[-43.35649,-21.79529],[-43.35634,-21.79533],[-43.35644,-21.79618],[-43.35631,-21.79619],[-43.35642,-21.79653],[-43.35657,-21.79715],[-43.35651,-21.79715],[-43.3562,-21.79705],[-43.35614,-21.79678],[-43.35595,-21.7968],[-43.35579,-21.79686],[-43.35539,-21.7969],[-43.35553,-21.79724],[-43.3549,-21.79691],[-43.35469,-21.79695],[-43.35459,-21.79732],[-43.35461,-21.79742],[-43.35471,-21.79763],[-43.35485,-21.79801],[-43.35489,-21.79821],[-43.35492,-21.79926],[-43.35494,-21.79951],[-43.35499,-21.79965],[-43.35488,-21.79971],[-43.35468,-21.79988],[-43.35446,-21.79988],[-43.35448,-21.80026],[-43.3541,-21.80017],[-43.35407,-21.79974],[-43.3538,-21.80067],[-43.3528,-21.8015],[-43.35164,-21.80306],[-43.35155,-21.80323],[-43.35153,-21.80339],[-43.35152,-21.80427],[-43.35169,-21.80425],[-43.35176,-21.80421],[-43.35181,-21.80416],[-43.35185,-21.80407],[-43.35186,-21.80395],[-43.35194,-21.80392],[-43.35222,-21.80404],[-43.35275,-21.80406],[-43.3542,-21.80389],[-43.35441,-21.80385],[-43.35466,-21.80376],[-43.35505,-21.80351],[-43.35517,-21.80341],[-43.35517,-21.80351],[-43.35521,-21.80364],[-43.3553,-21.80381],[-43.35539,-21.8039],[-43.3555,-21.80396],[-43.35562,-21.80407],[-43.3557,-21.80418],[-43.35568,-21.80433],[-43.3558,-21.80437],[-43.35591,-21.80454],[-43.35602,-21.8049],[-43.35617,-21.8051],[-43.35626,-21.8053],[-43.35657,-21.80566],[-43.35671,-21.80577],[-43.3569,-21.80589],[-43.35699,-21.80604],[-43.3571,-21.8064],[-43.35722,-21.80669],[-43.35725,-21.80686],[-43.35733,-21.80706],[-43.35752,-21.80716],[-43.35771,-21.80732],[-43.35816,-21.80712],[-43.35817,-21.80712]]]]}},{"type":"Feature","properties":{"territory_id":"mg-3136702-santa-helena","name":"Santa Helena","municipality_id":"mg-3136702","polling_places":1,"approx":true,"official":false,"method":"voronoi-polling-places","whole_municipality":false,"approx_coords_only":false},"geometry":{"type":"MultiPolygon","coordinates":[[[[-43.37432,-21.76173],[-43.37397,-21.76183],[-43.37269,-21.76318],[-43.37242,-21.76312],[-43.37209,-21.76299],[-43.37132,-21.76336],[-43.37151,-21.76357],[-43.37079,-21.764],[-43.37056,-21.76381],[-43.36999,-21.76422],[-43.37289,-21.76463],[-43.36851,-21.76994],[-43.35786,-21.76708],[-43.35669,-21.76652],[-43.35675,-21.76627],[-43.35641,-21.76533],[-43.35569,-21.76519],[-43.35576,-21.76484],[-43.35647,-21.76504],[-43.35655,-21.76465],[-43.35611,-21.7645],[-43.35576,-21.76437],[-43.35552,-21.7643],[-43.35553,-21.76392],[-43.35531,-21.76361],[-43.35553,-21.7627],[-43.35538,-21.76256],[-43.35543,-21.76217],[-43.3553,-21.76215],[-43.35548,-21.76098],[-43.35548,-21.76086],[-43.35563,-21.76021],[-43.35577,-21.7601],[-43.35595,-21.76003],[-43.35601,-21.75979],[-43.35518,-21.75958],[-43.35515,-21.75972],[-43.35507,-21.75977],[-43.35503,-21.75986],[-43.35487,-21.75983],[-43.35412,-21.75964],[-43.35418,-21.75947],[-43.35395,-21.75941],[-43.35389,-21.75958],[-43.35194,-21.7591],[-43.35198,-21.75896],[-43.35188,-21.75893],[-43.35191,-21.75883],[-43.35203,-21.75886],[-43.35206,-21.75873],[-43.35228,-21.75879],[-43.35231,-21.75869],[-43.35211,-21.75864],[-43.35218,-21.75843],[-43.35202,-21.75839],[-43.35204,-21.75828],[-43.35222,-21.75833],[-43.35232,-21.75801],[-43.35215,-21.75796],[-43.3521,-21.75784],[-43.35212,-21.75778],[-43.3522,-21.75773],[-43.35224,-21.75757],[-43.35239,-21.75758],[-43.35308,-21.75712],[-43.35291,-21.75708],[-43.35294,-21.7569],[-43.35269,-21.75685],[-43.35271,-21.7568],[-43.35243,-21.75668],[-43.35237,-21.75653],[-43.35242,-21.75633],[-43.35272,-21.7564],[-43.35295,-21.75575],[-43.35284,-21.7557],[-43.35295,-21.75546],[-43.35273,-21.75536],[-43.35278,-21.75517],[-43.35287,-21.7552],[-43.35297,-21.75503],[-43.35288,-21.75486],[-43.3528,-21.75482],[-43.35286,-21.75459],[-43.35306,-21.75466],[-43.35309,-21.75461],[-43.35304,-21.7546],[-43.35312,-21.75444],[-43.35292,-21.75436],[-43.353,-21.75406],[-43.35315,-21.75412],[-43.35322,-21.75395],[-43.35329,-21.75368],[-43.35333,-21.7536],[-43.35318,-21.75355],[-43.35323,-21.75342],[-43.3532,-21.75332],[-43.35334,-21.753],[-43.35359,-21.75276],[-43.35388,-21.75292],[-43.35401,-21.75273],[-43.3534,-21.75233],[-43.35337,-21.75212],[-43.3535,-21.7521],[-43.35439,-21.75267],[-43.35455,-21.75241],[-43.35399,-21.75207],[-43.35408,-21.75196],[-43.35423,-21.75205],[-43.35445,-21.75181],[-43.35438,-21.75179],[-43.35534,-21.75048],[-43.35496,-21.75011],[-43.35496,-21.7501],[-43.35517,-21.74985],[-43.35794,-21.74866],[-43.35932,-21.74814],[-43.35939,-21.74822],[-43.36011,-21.74838],[-43.36032,-21.74889],[-43.36041,-21.74898],[-43.36064,-21.74906],[-43.36096,-21.74925],[-43.36107,-21.74934],[-43.36116,-21.74943],[-43.36125,-21.74945],[-43.36143,-21.74935],[-43.36152,-21.74942],[-43.36182,-21.74971],[-43.36244,-21.75039],[-43.36266,-21.75078],[-43.36292,-21.75082],[-43.36331,-21.75096],[-43.36349,-21.75099],[-43.36363,-21.75104],[-43.36382,-21.75119],[-43.36389,-21.75119],[-43.36389,-21.75114],[-43.36386,-21.75099],[-43.36371,-21.75057],[-43.36382,-21.75071],[-43.36386,-21.75067],[-43.36396,-21.75078],[-43.36448,-21.75076],[-43.36481,-21.75082],[-43.36515,-21.75079],[-43.36555,-21.75083],[-43.36596,-21.7509],[-43.36613,-21.75089],[-43.36631,-21.75091],[-43.36653,-21.75099],[-43.3668,-21.75099],[-43.36769,-21.75105],[-43.36791,-21.75109],[-43.36837,-21.75128],[-43.36862,-21.7513],[-43.36913,-21.75128],[-43.36956,-21.75118],[-43.36979,-21.7511],[-43.36997,-21.75102],[-43.37085,-21.75055],[-43.37242,-21.7517],[-43.3727,-21.75185],[-43.37214,-21.75233],[-43.37196,-21.75242],[-43.37162,-21.75248],[-43.37151,-21.75252],[-43.3712,-21.7527],[-43.37108,-21.75274],[-43.37086,-21.75319],[-43.37033,-21.75328],[-43.37002,-21.7533],[-43.36973,-21.75327],[-43.36939,-21.75328],[-43.36923,-21.75338],[-43.36917,-21.75356],[-43.36936,-21.75357],[-43.36932,-21.75367],[-43.36923,-21.75379],[-43.36912,-21.75375],[-43.36907,-21.75386],[-43.36888,-21.75402],[-43.36859,-21.75423],[-43.36848,-21.75421],[-43.36832,-21.75433],[-43.36795,-21.75478],[-43.36777,-21.75494],[-43.36778,-21.75495],[-43.36768,-21.75502],[-43.36755,-21.75506],[-43.36703,-21.75551],[-43.36687,-21.75529],[-43.36683,-21.75539],[-43.36682,-21.75548],[-43.36684,-21.75555],[-43.36689,-21.75566],[-43.36697,-21.75576],[-43.36704,-21.75591],[-43.36719,-21.75628],[-43.36727,-21.7564],[-43.36737,-21.7567],[-43.36742,-21.75678],[-43.36751,-21.75687],[-43.36756,-21.75688],[-43.36761,-21.75688],[-43.3677,-21.75684],[-43.36778,-21.75682],[-43.36785,-21.75684],[-43.36801,-21.75693],[-43.3681,-21.75693],[-43.3682,-21.75689],[-43.36839,-21.75672],[-43.36851,-21.75664],[-43.3689,-21.75648],[-43.36898,-21.7564],[-43.369,-21.75614],[-43.36937,-21.75531],[-43.36954,-21.75516],[-43.36967,-21.75513],[-43.36982,-21.75503],[-43.37015,-21.75475],[-43.37053,-21.75455],[-43.37089,-21.75432],[-43.37114,-21.75417],[-43.37126,-21.75414],[-43.37133,-21.75413],[-43.37148,-21.75449],[-43.37177,-21.75496],[-43.37194,-21.7553],[-43.37273,-21.75635],[-43.37284,-21.75645],[-43.37291,-21.75657],[-43.37328,-21.75803],[-43.37337,-21.75833],[-43.37328,-21.75845],[-43.37331,-21.7599],[-43.37348,-21.75987],[-43.37356,-21.76023],[-43.37366,-21.7602],[-43.37377,-21.76045],[-43.37372,-21.76046],[-43.37375,-21.76058],[-43.37387,-21.76055],[-43.37391,-21.76063],[-43.37363,-21.76069],[-43.37389,-21.7608],[-43.37432,-21.76173]]],[[[-43.36437,-21.74661],[-43.3641,-21.74674],[-43.3637,-21.74691],[-43.36437,-21.74661]]],[[[-43.3601,-21.74809],[-43.35997,-21.74811],[-43.35983,-21.74813],[-43.3601,-21.74809]]],[[[-43.35203,-21.75193],[-43.35198,-21.75217],[-43.35158,-21.75376],[-43.35203,-21.75193]]]]}},{"type":"Feature","properties":{"territory_id":"mg-3136702-santa-luzia","name":"Santa Luzia","municipality_id":"mg-3136702","polling_places":5,"approx":false,"official":true,"method":"official-ibge-cd2022","whole_municipality":false,"approx_coords_only":false,"official_name":"Santa Luzia","official_code":"3136702096","match":"direct"},"geometry":{"type":"MultiPolygon","coordinates":[[[[-43.34481,-21.79779],[-43.34501,-21.79768],[-43.34526,-21.79748],[-43.3457,-21.7969],[-43.3458,-21.79664],[-43.34596,-21.79599],[-43.34624,-21.79538],[-43.3468,-21.79461],[-43.34696,-21.79442],[-43.34723,-21.79405],[-43.34792,-21.79314],[-43.34828,-21.79264],[-43.34842,-21.79248],[-43.34851,-21.79233],[-43.34887,-21.79186],[-43.3493,-21.79127],[-43.34952,-21.79089],[-43.34958,-21.79058],[-43.34962,-21.79027],[-43.34931,-21.79003],[-43.34926,-21.78991],[-43.34926,-21.78984],[-43.3492,-21.78971],[-43.34912,-21.78941],[-43.34913,-21.7893],[-43.34905,-21.78909],[-43.34912,-21.78894],[-43.34908,-21.78872],[-43.34897,-21.78863],[-43.3488,-21.78854],[-43.34835,-21.78815],[-43.34805,-21.78793],[-43.34794,-21.78769],[-43.34788,-21.78746],[-43.3479,-21.78707],[-43.34796,-21.78709],[-43.34813,-21.78684],[-43.34789,-21.78676],[-43.3475,-21.78657],[-43.3473,-21.78645],[-43.34704,-21.78611],[-43.34727,-21.78581],[-43.3472,-21.78555],[-43.34736,-21.78561],[-43.3477,-21.78578],[-43.34789,-21.78557],[-43.34855,-21.78525],[-43.34915,-21.78508],[-43.34907,-21.78487],[-43.34922,-21.78477],[-43.3495,-21.78499],[-43.35098,-21.78461],[-43.35112,-21.7845],[-43.35132,-21.78443],[-43.35139,-21.78439],[-43.35123,-21.78415],[-43.35108,-21.78385],[-43.351,-21.78372],[-43.35084,-21.78355],[-43.35067,-21.78334],[-43.35045,-21.78318],[-43.34995,-21.78288],[-43.34927,-21.78235],[-43.349,-21.78276],[-43.34875,-21.78268],[-43.34859,-21.78266],[-43.34768,-21.78283],[-43.34745,-21.78283],[-43.34743,-21.78266],[-43.34713,-21.78262],[-43.34713,-21.78257],[-43.34682,-21.78262],[-43.34682,-21.78281],[-43.34582,-21.78277],[-43.34487,-21.78292],[-43.34467,-21.78294],[-43.3443,-21.78293],[-43.34407,-21.78303],[-43.34372,-21.78364],[-43.34274,-21.7835],[-43.34228,-21.78333],[-43.34179,-21.78435],[-43.34147,-21.7846],[-43.34166,-21.7851],[-43.34139,-21.78547],[-43.34133,-21.7856],[-43.34128,-21.78567],[-43.34162,-21.78572],[-43.34181,-21.78577],[-43.3424,-21.78619],[-43.34253,-21.78623],[-43.3427,-21.78628],[-43.34307,-21.78626],[-43.34314,-21.78623],[-43.34331,-21.78625],[-43.34348,-21.78629],[-43.34381,-21.78652],[-43.34362,-21.78675],[-43.3437,-21.78689],[-43.34415,-21.78718],[-43.3439,-21.78733],[-43.34382,-21.78727],[-43.34277,-21.78759],[-43.3426,-21.7877],[-43.34228,-21.78797],[-43.34215,-21.78811],[-43.34204,-21.78826],[-43.34198,-21.78842],[-43.34197,-21.78858],[-43.34194,-21.78859],[-43.34197,-21.78879],[-43.34204,-21.78894],[-43.34214,-21.78895],[-43.34223,-21.78918],[-43.34261,-21.78938],[-43.34268,-21.78945],[-43.34215,-21.78935],[-43.34212,-21.78975],[-43.34183,-21.79011],[-43.34204,-21.79016],[-43.34225,-21.79026],[-43.34243,-21.79042],[-43.34258,-21.79062],[-43.34257,-21.7908],[-43.34263,-21.79097],[-43.34265,-21.79108],[-43.34262,-21.79117],[-43.34258,-21.79124],[-43.34251,-21.7913],[-43.34241,-21.79135],[-43.34227,-21.79139],[-43.3422,-21.79145],[-43.34217,-21.7915],[-43.34217,-21.7918],[-43.34213,-21.79188],[-43.34215,-21.79202],[-43.34209,-21.7921],[-43.34188,-21.79226],[-43.34164,-21.79248],[-43.34151,-21.79262],[-43.34137,-21.79284],[-43.34125,-21.79317],[-43.3412,-21.79355],[-43.34121,-21.79371],[-43.34118,-21.79387],[-43.34104,-21.794],[-43.34077,-21.79405],[-43.3406,-21.79403],[-43.34047,-21.79396],[-43.34035,-21.79384],[-43.34012,-21.79355],[-43.34,-21.79346],[-43.33985,-21.79342],[-43.33968,-21.7934],[-43.33926,-21.79341],[-43.33907,-21.79343],[-43.33895,-21.79347],[-43.33884,-21.79353],[-43.33874,-21.79363],[-43.33856,-21.7939],[-43.33826,-21.79455],[-43.33811,-21.79466],[-43.33799,-21.79426],[-43.33761,-21.79431],[-43.33745,-21.79425],[-43.33717,-21.79427],[-43.33695,-21.79533],[-43.33698,-21.79577],[-43.33704,-21.79591],[-43.33716,-21.79609],[-43.33735,-21.7962],[-43.33763,-21.7962],[-43.33804,-21.79606],[-43.3371,-21.79705],[-43.33744,-21.79708],[-43.33769,-21.79701],[-43.33783,-21.79694],[-43.33792,-21.79691],[-43.33812,-21.79688],[-43.33817,-21.7969],[-43.33829,-21.79702],[-43.33853,-21.79712],[-43.33875,-21.79712],[-43.33883,-21.79714],[-43.33913,-21.79726],[-43.33926,-21.79729],[-43.3395,-21.79728],[-43.33976,-21.79729],[-43.33987,-21.79738],[-43.33996,-21.7974],[-43.34022,-21.79739],[-43.3403,-21.79741],[-43.34041,-21.79754],[-43.34053,-21.79765],[-43.34073,-21.79772],[-43.34076,-21.79775],[-43.34081,-21.79803],[-43.34097,-21.79828],[-43.341,-21.79838],[-43.34106,-21.79846],[-43.34113,-21.7985],[-43.34116,-21.79856],[-43.34124,-21.79881],[-43.34128,-21.79889],[-43.34138,-21.79895],[-43.3415,-21.79918],[-43.34159,-21.79922],[-43.34165,-21.7993],[-43.34299,-21.79846],[-43.3437,-21.79823],[-43.34455,-21.79792],[-43.34481,-21.79779]]]]}},{"type":"Feature","properties":{"territory_id":"mg-3136702-santa-paula","name":"Santa Paula","municipality_id":"mg-3136702","polling_places":1,"approx":true,"official":false,"method":"voronoi-polling-places","whole_municipality":false,"approx_coords_only":false},"geometry":{"type":"MultiPolygon","coordinates":[[[[-43.3474,-21.72135],[-43.34732,-21.72136],[-43.3466,-21.7214],[-43.34643,-21.72164],[-43.3453,-21.72178],[-43.3445,-21.72194],[-43.34381,-21.72244],[-43.34363,-21.72171],[-43.34334,-21.72162],[-43.34317,-21.72123],[-43.34306,-21.7211],[-43.34255,-21.72067],[-43.34225,-21.72033],[-43.34198,-21.72021],[-43.34143,-21.72001],[-43.34082,-21.71989],[-43.33934,-21.71987],[-43.33837,-21.72005],[-43.33785,-21.7202],[-43.33754,-21.72035],[-43.33703,-21.72068],[-43.33663,-21.72086],[-43.33632,-21.72111],[-43.33632,-21.72136],[-43.33618,-21.72171],[-43.33578,-21.72218],[-43.33559,-21.72247],[-43.33538,-21.72274],[-43.33526,-21.72297],[-43.33518,-21.72321],[-43.33518,-21.72339],[-43.33503,-21.72367],[-43.33484,-21.72391],[-43.31053,-21.70401],[-43.31074,-21.70388],[-43.33806,-21.70726],[-43.34695,-21.71974],[-43.3474,-21.72135]]]]}},{"type":"Feature","properties":{"territory_id":"mg-3136702-santa-rita-de-cassia","name":"Santa Rita de Cassia","municipality_id":"mg-3136702","polling_places":1,"approx":false,"official":true,"method":"official-ibge-cd2022","whole_municipality":false,"approx_coords_only":false,"official_name":"Santa Rita de Cássia","official_code":"3136702078","match":"direct"},"geometry":{"type":"MultiPolygon","coordinates":[[[[-43.33807,-21.73528],[-43.33783,-21.73567],[-43.33789,-21.73732],[-43.33776,-21.73751],[-43.33766,-21.73758],[-43.33756,-21.73762],[-43.33719,-21.7376],[-43.33717,-21.738],[-43.33705,-21.73815],[-43.33697,-21.73894],[-43.33702,-21.73904],[-43.33718,-21.73925],[-43.33744,-21.73942],[-43.33751,-21.7393],[-43.33751,-21.73925],[-43.3377,-21.73937],[-43.33877,-21.73978],[-43.33895,-21.73991],[-43.33933,-21.74009],[-43.33955,-21.73995],[-43.33968,-21.74],[-43.33985,-21.74003],[-43.3401,-21.74011],[-43.34031,-21.74024],[-43.3406,-21.7406],[-43.34076,-21.74073],[-43.34099,-21.74095],[-43.34109,-21.7411],[-43.34123,-21.74124],[-43.34138,-21.74132],[-43.34153,-21.74151],[-43.34155,-21.74164],[-43.34218,-21.74174],[-43.34229,-21.74183],[-43.34242,-21.74186],[-43.34253,-21.74188],[-43.34291,-21.74187],[-43.34307,-21.74185],[-43.3432,-21.742],[-43.34331,-21.74195],[-43.34339,-21.74189],[-43.34378,-21.74148],[-43.34395,-21.74152],[-43.34402,-21.74142],[-43.344,-21.7413],[-43.34433,-21.74097],[-43.34453,-21.74097],[-43.34475,-21.74111],[-43.34485,-21.74097],[-43.34415,-21.74052],[-43.34366,-21.74022],[-43.34338,-21.74002],[-43.34312,-21.7398],[-43.34298,-21.73953],[-43.34295,-21.73943],[-43.34294,-21.73931],[-43.34296,-21.73913],[-43.34313,-21.73875],[-43.34318,-21.73859],[-43.34318,-21.73841],[-43.34315,-21.73822],[-43.34311,-21.73812],[-43.34279,-21.73778],[-43.34263,-21.73766],[-43.34242,-21.73746],[-43.34234,-21.73735],[-43.34221,-21.73698],[-43.34221,-21.73685],[-43.34226,-21.73655],[-43.34249,-21.73622],[-43.34264,-21.73612],[-43.34304,-21.73599],[-43.34334,-21.73586],[-43.34348,-21.73574],[-43.34359,-21.73556],[-43.34366,-21.73532],[-43.34361,-21.73495],[-43.34354,-21.73478],[-43.34345,-21.73464],[-43.34311,-21.73423],[-43.34305,-21.73398],[-43.34305,-21.73375],[-43.34308,-21.73344],[-43.34311,-21.73326],[-43.34321,-21.73298],[-43.34323,-21.73289],[-43.34323,-21.73282],[-43.3432,-21.73273],[-43.34312,-21.73256],[-43.34288,-21.73225],[-43.34216,-21.73163],[-43.3419,-21.73147],[-43.3417,-21.73138],[-43.34146,-21.73135],[-43.34096,-21.73136],[-43.34087,-21.73139],[-43.34001,-21.73137],[-43.3397,-21.73134],[-43.33958,-21.73129],[-43.33952,-21.73139],[-43.33941,-21.73151],[-43.33923,-21.73159],[-43.33906,-21.73158],[-43.33832,-21.73134],[-43.33817,-21.73132],[-43.3377,-21.73141],[-43.33751,-21.73138],[-43.33732,-21.73133],[-43.33688,-21.73111],[-43.33675,-21.7311],[-43.33661,-21.73113],[-43.3365,-21.7312],[-43.33651,-21.7313],[-43.3368,-21.73151],[-43.33686,-21.73147],[-43.337,-21.73153],[-43.33705,-21.73151],[-43.33711,-21.73159],[-43.33715,-21.73159],[-43.33717,-21.73179],[-43.33741,-21.7321],[-43.33767,-21.73504],[-43.3381,-21.73519],[-43.33807,-21.73528]]]]}},{"type":"Feature","properties":{"territory_id":"mg-3136702-santa-terezinha","name":"Santa Terezinha","municipality_id":"mg-3136702","polling_places":5,"approx":false,"official":true,"method":"official-ibge-cd2022","whole_municipality":false,"approx_coords_only":false,"official_name":"Santa Terezinha","official_code":"3136702001","match":"direct"},"geometry":{"type":"MultiPolygon","coordinates":[[[[-43.36155,-21.73619],[-43.36161,-21.73613],[-43.36243,-21.73558],[-43.36279,-21.73523],[-43.36303,-21.73485],[-43.36332,-21.7345],[-43.36328,-21.73444],[-43.36332,-21.73419],[-43.36321,-21.7341],[-43.36326,-21.73406],[-43.36318,-21.73401],[-43.3633,-21.73384],[-43.36319,-21.7337],[-43.36328,-21.73364],[-43.36333,-21.7334],[-43.36346,-21.7332],[-43.36357,-21.73298],[-43.36347,-21.73278],[-43.36341,-21.73279],[-43.36335,-21.73269],[-43.36326,-21.73267],[-43.36323,-21.73261],[-43.3632,-21.73255],[-43.3633,-21.73239],[-43.36331,-21.73226],[-43.36321,-21.73222],[-43.36315,-21.73206],[-43.36306,-21.73212],[-43.36301,-21.73206],[-43.36287,-21.73215],[-43.36238,-21.73215],[-43.36149,-21.73266],[-43.36116,-21.73288],[-43.3612,-21.73265],[-43.36063,-21.73171],[-43.36033,-21.73114],[-43.36016,-21.73098],[-43.36006,-21.73086],[-43.35962,-21.73096],[-43.35943,-21.73106],[-43.35908,-21.73115],[-43.3582,-21.73144],[-43.35725,-21.73179],[-43.35714,-21.73152],[-43.35708,-21.73116],[-43.35701,-21.73102],[-43.35695,-21.73068],[-43.35698,-21.73019],[-43.35697,-21.72994],[-43.35695,-21.72994],[-43.35693,-21.72973],[-43.35697,-21.72955],[-43.357,-21.72906],[-43.35659,-21.72893],[-43.35651,-21.72893],[-43.35638,-21.7288],[-43.35584,-21.72883],[-43.35589,-21.72952],[-43.35521,-21.72955],[-43.35476,-21.72916],[-43.3545,-21.72897],[-43.35536,-21.72902],[-43.35541,-21.72841],[-43.35547,-21.72805],[-43.35403,-21.7279],[-43.35337,-21.72777],[-43.35296,-21.72761],[-43.35283,-21.72789],[-43.35271,-21.72806],[-43.35256,-21.72821],[-43.35245,-21.72837],[-43.35229,-21.72892],[-43.35225,-21.72901],[-43.35208,-21.72922],[-43.35197,-21.72916],[-43.35163,-21.72915],[-43.35137,-21.72904],[-43.35081,-21.72855],[-43.35067,-21.72854],[-43.35063,-21.72906],[-43.35064,-21.72925],[-43.3507,-21.72979],[-43.35073,-21.72979],[-43.35074,-21.72989],[-43.35071,-21.7299],[-43.35074,-21.73012],[-43.35082,-21.73012],[-43.35082,-21.73025],[-43.35078,-21.73025],[-43.35078,-21.73036],[-43.35088,-21.73067],[-43.35129,-21.73066],[-43.35133,-21.73134],[-43.35126,-21.73135],[-43.35129,-21.73161],[-43.35137,-21.7316],[-43.35142,-21.73171],[-43.35139,-21.73172],[-43.35159,-21.732],[-43.35171,-21.7321],[-43.35172,-21.73209],[-43.35174,-21.73211],[-43.35201,-21.73246],[-43.35226,-21.73283],[-43.35235,-21.733],[-43.35245,-21.7333],[-43.3525,-21.73353],[-43.35251,-21.73371],[-43.35283,-21.73369],[-43.35281,-21.73395],[-43.3527,-21.73401],[-43.35269,-21.73404],[-43.35261,-21.73413],[-43.35257,-21.73457],[-43.35259,-21.73471],[-43.35257,-21.73476],[-43.35297,-21.73514],[-43.35327,-21.73541],[-43.35331,-21.73547],[-43.35334,-21.73555],[-43.35334,-21.73569],[-43.35331,-21.73585],[-43.35422,-21.7362],[-43.35459,-21.73647],[-43.35617,-21.73742],[-43.35601,-21.73799],[-43.35667,-21.73824],[-43.3567,-21.7385],[-43.35685,-21.73888],[-43.35697,-21.7394],[-43.35706,-21.73955],[-43.35702,-21.73961],[-43.35705,-21.73963],[-43.35729,-21.73961],[-43.35732,-21.7398],[-43.35737,-21.73979],[-43.35753,-21.74013],[-43.35754,-21.74022],[-43.35735,-21.74023],[-43.35739,-21.74043],[-43.35744,-21.74048],[-43.3577,-21.74046],[-43.35775,-21.74047],[-43.35781,-21.7408],[-43.35793,-21.74079],[-43.35798,-21.74101],[-43.35788,-21.7414],[-43.35784,-21.7414],[-43.35783,-21.74146],[-43.35764,-21.74249],[-43.35779,-21.74249],[-43.35814,-21.74244],[-43.35822,-21.74278],[-43.35831,-21.74329],[-43.35836,-21.7438],[-43.35819,-21.74395],[-43.35818,-21.74405],[-43.35914,-21.74398],[-43.36035,-21.74396],[-43.36329,-21.74397],[-43.36332,-21.7443],[-43.36407,-21.74424],[-43.36483,-21.74412],[-43.36509,-21.74401],[-43.36543,-21.74379],[-43.3657,-21.74359],[-43.36585,-21.74344],[-43.36672,-21.74227],[-43.36731,-21.74142],[-43.36765,-21.74095],[-43.36844,-21.74032],[-43.36985,-21.73951],[-43.3707,-21.73899],[-43.37054,-21.73865],[-43.36958,-21.7375],[-43.3693,-21.73672],[-43.36915,-21.73621],[-43.369,-21.73607],[-43.36838,-21.73601],[-43.36765,-21.73601],[-43.36767,-21.73618],[-43.36646,-21.7361],[-43.3633,-21.73618],[-43.36319,-21.73636],[-43.3628,-21.73709],[-43.36285,-21.73777],[-43.3628,-21.73813],[-43.36276,-21.73824],[-43.36226,-21.73781],[-43.36128,-21.73693],[-43.36098,-21.73672],[-43.36103,-21.73664],[-43.36135,-21.73636],[-43.36155,-21.73619]]]]}},{"type":"Feature","properties":{"territory_id":"mg-3136702-santo-antonio","name":"Santo Antonio","municipality_id":"mg-3136702","polling_places":2,"approx":true,"official":false,"method":"voronoi-polling-places","whole_municipality":false,"approx_coords_only":false},"geometry":{"type":"MultiPolygon","coordinates":[[[[-43.32602,-21.77787],[-43.3254,-21.77801],[-43.32535,-21.77802],[-43.32538,-21.77801],[-43.32602,-21.77787]]],[[[-43.32302,-21.76941],[-43.32281,-21.76963],[-43.32267,-21.76956],[-43.3226,-21.7697],[-43.32243,-21.76969],[-43.32144,-21.76931],[-43.3211,-21.76973],[-43.32071,-21.77031],[-43.32004,-21.77116],[-43.31996,-21.77115],[-43.3192,-21.77115],[-43.31891,-21.771],[-43.31851,-21.77084],[-43.31812,-21.77081],[-43.31783,-21.77083],[-43.31778,-21.77084],[-43.31758,-21.77104],[-43.31726,-21.7714],[-43.31706,-21.7717],[-43.31692,-21.77199],[-43.31688,-21.7722],[-43.31646,-21.77222],[-43.31669,-21.77248],[-43.31683,-21.77266],[-43.31714,-21.77296],[-43.31728,-21.77316],[-43.31749,-21.77325],[-43.31792,-21.77336],[-43.31819,-21.77346],[-43.31881,-21.77353],[-43.31912,-21.77368],[-43.31948,-21.77372],[-43.32014,-21.77396],[-43.32069,-21.77411],[-43.32093,-21.77421],[-43.32097,-21.77429],[-43.32094,-21.77444],[-43.32091,-21.77445],[-43.32081,-21.77457],[-43.3207,-21.77481],[-43.32074,-21.77484],[-43.32075,-21.77499],[-43.32079,-21.77506],[-43.32078,-21.77518],[-43.32088,-21.77552],[-43.32098,-21.77575],[-43.32117,-21.77606],[-43.32133,-21.7763],[-43.32135,-21.77638],[-43.32122,-21.77649],[-43.32119,-21.77692],[-43.32111,-21.77743],[-43.32081,-21.77848],[-43.32062,-21.77902],[-43.32072,-21.77873],[-43.32003,-21.77869],[-43.31984,-21.77884],[-43.3197,-21.77884],[-43.3196,-21.7789],[-43.31884,-21.77898],[-43.31867,-21.77902],[-43.31858,-21.77898],[-43.31845,-21.77899],[-43.3182,-21.7791],[-43.318,-21.77927],[-43.31791,-21.77945],[-43.31779,-21.77948],[-43.31765,-21.77958],[-43.31765,-21.77972],[-43.31755,-21.77975],[-43.31739,-21.77997],[-43.3172,-21.78007],[-43.31697,-21.78007],[-43.31671,-21.78013],[-43.31648,-21.78016],[-43.31603,-21.78032],[-43.3158,-21.78035],[-43.31563,-21.78049],[-43.31544,-21.7805],[-43.31507,-21.78057],[-43.31413,-21.78051],[-43.31367,-21.7807],[-43.3128,-21.78119],[-43.31227,-21.78133],[-43.31161,-21.78141],[-43.31142,-21.78166],[-43.3112,-21.78174],[-43.31103,-21.78171],[-43.31084,-21.78174],[-43.30969,-21.78235],[-43.30948,-21.78226],[-43.3091,-21.78219],[-43.30864,-21.78203],[-43.30821,-21.78204],[-43.30784,-21.78209],[-43.30308,-21.77857],[-43.30166,-21.73888],[-43.30573,-21.74119],[-43.31437,-21.75588],[-43.31987,-21.76403],[-43.3206,-21.76512],[-43.32054,-21.76531],[-43.32064,-21.76593],[-43.32076,-21.76634],[-43.32091,-21.7666],[-43.32112,-21.76676],[-43.32131,-21.76697],[-43.32153,-21.76764],[-43.3222,-21.76846],[-43.32248,-21.76876],[-43.32302,-21.76941]]]]}},{"type":"Feature","properties":{"territory_id":"mg-3136702-santos-anjos","name":"Santos Anjos","municipality_id":"mg-3136702","polling_places":1,"approx":true,"official":false,"method":"voronoi-polling-places","whole_municipality":false,"approx_coords_only":false},"geometry":{"type":"MultiPolygon","coordinates":[[[[-43.34493,-21.75479],[-43.34372,-21.75587],[-43.3435,-21.75612],[-43.34324,-21.75647],[-43.34293,-21.75696],[-43.34266,-21.75756],[-43.34257,-21.75782],[-43.34221,-21.75902],[-43.34201,-21.75959],[-43.3419,-21.75973],[-43.3411,-21.76038],[-43.34086,-21.76055],[-43.34069,-21.76063],[-43.34043,-21.76073],[-43.33998,-21.76086],[-43.33897,-21.7604],[-43.33895,-21.76036],[-43.33894,-21.7603],[-43.33886,-21.76014],[-43.3388,-21.7601],[-43.33879,-21.7601],[-43.33808,-21.75894],[-43.33831,-21.75889],[-43.33838,-21.75902],[-43.3384,-21.75902],[-43.33843,-21.75921],[-43.33845,-21.75924],[-43.33871,-21.75931],[-43.33865,-21.75953],[-43.33886,-21.75949],[-43.33886,-21.75966],[-43.34088,-21.75934],[-43.34103,-21.75947],[-43.34113,-21.75937],[-43.34121,-21.75921],[-43.34125,-21.7591],[-43.34119,-21.75846],[-43.34101,-21.75831],[-43.34116,-21.75822],[-43.34114,-21.75811],[-43.34109,-21.75805],[-43.34106,-21.75797],[-43.34101,-21.75763],[-43.34093,-21.75744],[-43.34095,-21.75731],[-43.34089,-21.7573],[-43.34096,-21.75705],[-43.34112,-21.7568],[-43.34114,-21.75676],[-43.34105,-21.75674],[-43.34095,-21.75669],[-43.34091,-21.75672],[-43.34058,-21.75642],[-43.34048,-21.7565],[-43.3404,-21.75645],[-43.34002,-21.75641],[-43.34001,-21.7564],[-43.33994,-21.75624],[-43.33976,-21.75618],[-43.33969,-21.75611],[-43.33953,-21.75606],[-43.33954,-21.7558],[-43.33897,-21.7558],[-43.33871,-21.75575],[-43.33861,-21.75605],[-43.33803,-21.75604],[-43.33784,-21.75605],[-43.33778,-21.75596],[-43.33772,-21.75601],[-43.33751,-21.7561],[-43.33753,-21.75613],[-43.33744,-21.75617],[-43.33734,-21.7563],[-43.33718,-21.75634],[-43.33708,-21.75624],[-43.33689,-21.75627],[-43.33687,-21.7562],[-43.33674,-21.75609],[-43.33683,-21.75602],[-43.33657,-21.75576],[-43.33667,-21.75551],[-43.33684,-21.75535],[-43.33715,-21.7551],[-43.33733,-21.75492],[-43.33752,-21.75476],[-43.33769,-21.75467],[-43.33836,-21.75448],[-43.33926,-21.75436],[-43.33917,-21.75389],[-43.33971,-21.75363],[-43.33985,-21.75358],[-43.34005,-21.75352],[-43.34036,-21.7535],[-43.34041,-21.75348],[-43.34009,-21.75317],[-43.34058,-21.75363],[-43.34133,-21.75421],[-43.34143,-21.75463],[-43.34148,-21.75489],[-43.3415,-21.75506],[-43.34155,-21.75523],[-43.34155,-21.75526],[-43.34162,-21.75523],[-43.34166,-21.75532],[-43.34181,-21.75525],[-43.34193,-21.75529],[-43.34187,-21.75559],[-43.34193,-21.75617],[-43.34197,-21.75624],[-43.34208,-21.75619],[-43.3422,-21.75608],[-43.34235,-21.75598],[-43.34246,-21.75588],[-43.34254,-21.75578],[-43.34266,-21.75569],[-43.3432,-21.75589],[-43.34328,-21.75585],[-43.34338,-21.75579],[-43.34363,-21.75552],[-43.34367,-21.75537],[-43.34373,-21.75539],[-43.34384,-21.75504],[-43.34445,-21.75522],[-43.34493,-21.75479]]]]}},{"type":"Feature","properties":{"territory_id":"mg-3136702-santos-dumont","name":"Santos Dumont","municipality_id":"mg-3136702","polling_places":1,"approx":true,"official":false,"method":"voronoi-polling-places","whole_municipality":false,"approx_coords_only":false},"geometry":{"type":"MultiPolygon","coordinates":[[[[-43.40791,-21.77199],[-43.38869,-21.78441],[-43.38865,-21.78441],[-43.3887,-21.7842],[-43.38917,-21.78329],[-43.38927,-21.78304],[-43.38955,-21.78132],[-43.38968,-21.7812],[-43.39218,-21.78114],[-43.39216,-21.78067],[-43.39223,-21.7805],[-43.39232,-21.78036],[-43.39243,-21.78027],[-43.39252,-21.78023],[-43.39367,-21.78],[-43.39388,-21.77993],[-43.39404,-21.77982],[-43.39417,-21.7797],[-43.3944,-21.77942],[-43.39449,-21.77928],[-43.39514,-21.77791],[-43.396,-21.77753],[-43.39655,-21.77732],[-43.39673,-21.77728],[-43.39676,-21.77677],[-43.39681,-21.77663],[-43.39682,-21.77648],[-43.3968,-21.77632],[-43.39675,-21.77617],[-43.39665,-21.77605],[-43.39655,-21.77597],[-43.39645,-21.77591],[-43.3963,-21.77585],[-43.39611,-21.77582],[-43.39551,-21.77578],[-43.39554,-21.77556],[-43.39559,-21.77544],[-43.39567,-21.77532],[-43.39599,-21.77508],[-43.39659,-21.77471],[-43.39666,-21.77465],[-43.397,-21.7742],[-43.39705,-21.77398],[-43.39712,-21.77309],[-43.3972,-21.77292],[-43.3973,-21.77284],[-43.39752,-21.77272],[-43.39757,-21.77263],[-43.39758,-21.77253],[-43.39753,-21.77227],[-43.39753,-21.77214],[-43.3978,-21.77131],[-43.39779,-21.77102],[-43.39771,-21.77085],[-43.39705,-21.7701],[-43.39679,-21.76976],[-43.39671,-21.76968],[-43.39659,-21.7696],[-43.39646,-21.76954],[-43.39578,-21.76945],[-43.39553,-21.76934],[-43.39498,-21.76916],[-43.39474,-21.76882],[-43.39487,-21.76828],[-43.39498,-21.76802],[-43.39538,-21.76735],[-43.39587,-21.76678],[-43.39624,-21.76651],[-43.39581,-21.76645],[-43.3951,-21.76616],[-43.39411,-21.76587],[-43.39348,-21.76577],[-43.393,-21.7655],[-43.39317,-21.76497],[-43.39315,-21.76387],[-43.39278,-21.76374],[-43.39229,-21.76344],[-43.39219,-21.76342],[-43.3921,-21.76351],[-43.391,-21.7632],[-43.39096,-21.76308],[-43.39091,-21.76301],[-43.39054,-21.7629],[-43.3897,-21.76282],[-43.38898,-21.7627],[-43.3873,-21.76527],[-43.38707,-21.76555],[-43.38676,-21.76575],[-43.38628,-21.76585],[-43.38572,-21.76587],[-43.38518,-21.76575],[-43.38491,-21.76563],[-43.38462,-21.76547],[-43.38438,-21.76529],[-43.38428,-21.76507],[-43.38424,-21.76484],[-43.38391,-21.76418],[-43.38363,-21.76382],[-43.38321,-21.7634],[-43.38306,-21.76332],[-43.38247,-21.76316],[-43.38307,-21.76298],[-43.383,-21.76271],[-43.38315,-21.76257],[-43.38368,-21.76191],[-43.38372,-21.76162],[-43.38381,-21.76132],[-43.38403,-21.76103],[-43.38421,-21.7607],[-43.38436,-21.76053],[-43.38444,-21.76035],[-43.38452,-21.76022],[-43.38461,-21.75998],[-43.38467,-21.75956],[-43.38469,-21.75893],[-43.38464,-21.75862],[-43.40791,-21.77199]]],[[[-43.38816,-21.78475],[-43.38638,-21.7859],[-43.38625,-21.78404],[-43.38666,-21.78416],[-43.38816,-21.78475]]],[[[-43.38219,-21.76597],[-43.38085,-21.76611],[-43.38084,-21.76621],[-43.38059,-21.76711],[-43.38073,-21.76712],[-43.38068,-21.76728],[-43.38053,-21.76766],[-43.38048,-21.76788],[-43.38025,-21.76858],[-43.38021,-21.76894],[-43.37958,-21.77061],[-43.37922,-21.77048],[-43.37851,-21.77002],[-43.37829,-21.76995],[-43.37806,-21.76993],[-43.37783,-21.76997],[-43.37787,-21.77109],[-43.3779,-21.77119],[-43.3779,-21.77128],[-43.37659,-21.77101],[-43.37344,-21.77024],[-43.37281,-21.76998],[-43.37206,-21.76971],[-43.37181,-21.76959],[-43.37175,-21.76968],[-43.37186,-21.76984],[-43.3718,-21.76993],[-43.37211,-21.77008],[-43.37155,-21.771],[-43.37097,-21.77188],[-43.37087,-21.77207],[-43.37059,-21.77251],[-43.37042,-21.77239],[-43.37017,-21.7724],[-43.37003,-21.77245],[-43.37032,-21.77274],[-43.37043,-21.7729],[-43.37079,-21.77331],[-43.37101,-21.77361],[-43.37099,-21.77362],[-43.37124,-21.77394],[-43.37153,-21.77435],[-43.37185,-21.77483],[-43.37229,-21.77506],[-43.37258,-21.7752],[-43.37237,-21.77555],[-43.37255,-21.77597],[-43.37369,-21.7773],[-43.37496,-21.77868],[-43.37549,-21.7792],[-43.37563,-21.77929],[-43.37581,-21.77938],[-43.37596,-21.77943],[-43.37659,-21.77959],[-43.37657,-21.77993],[-43.37642,-21.77997],[-43.37635,-21.78004],[-43.37623,-21.78025],[-43.37612,-21.78051],[-43.37599,-21.78097],[-43.37581,-21.78146],[-43.3757,-21.7817],[-43.37537,-21.78217],[-43.37505,-21.78265],[-43.37487,-21.78284],[-43.37469,-21.78294],[-43.37297,-21.78365],[-43.37194,-21.78313],[-43.37026,-21.78272],[-43.37043,-21.7824],[-43.37043,-21.78219],[-43.36967,-21.78107],[-43.36953,-21.78099],[-43.36935,-21.781],[-43.36882,-21.78129],[-43.36874,-21.7814],[-43.36873,-21.78158],[-43.36881,-21.78174],[-43.36895,-21.782],[-43.36929,-21.78252],[-43.36915,-21.78253],[-43.36883,-21.78245],[-43.36854,-21.78244],[-43.36824,-21.78232],[-43.36804,-21.78216],[-43.36754,-21.78206],[-43.36727,-21.78205],[-43.36719,-21.78207],[-43.36676,-21.78115],[-43.36678,-21.78107],[-43.36675,-21.78093],[-43.36682,-21.78082],[-43.36701,-21.78073],[-43.36721,-21.78061],[-43.36733,-21.78036],[-43.36711,-21.78025],[-43.36698,-21.78005],[-43.36691,-21.77988],[-43.36683,-21.77944],[-43.36671,-21.77922],[-43.36851,-21.76994],[-43.37289,-21.76463],[-43.37376,-21.76476],[-43.3738,-21.76482],[-43.37407,-21.76498],[-43.37524,-21.76473],[-43.37526,-21.76485],[-43.37532,-21.76489],[-43.37585,-21.76483],[-43.37597,-21.76485],[-43.37653,-21.76479],[-43.37662,-21.76465],[-43.3769,-21.76461],[-43.37694,-21.76485],[-43.37756,-21.76455],[-43.37923,-21.76381],[-43.37942,-21.76377],[-43.37961,-21.76376],[-43.38006,-21.76382],[-43.38043,-21.76389],[-43.38139,-21.76351],[-43.38144,-21.76338],[-43.38176,-21.76316],[-43.3818,-21.76326],[-43.38175,-21.76343],[-43.38174,-21.76352],[-43.38184,-21.76369],[-43.38178,-21.76405],[-43.38166,-21.76404],[-43.38177,-21.76469],[-43.38217,-21.76569],[-43.38219,-21.76597]]],[[[-43.37928,-21.79048],[-43.37403,-21.79388],[-43.37295,-21.79356],[-43.37264,-21.7935],[-43.37251,-21.79349],[-43.36954,-21.78712],[-43.36986,-21.78711],[-43.37076,-21.78753],[-43.37238,-21.78822],[-43.37395,-21.78902],[-43.37543,-21.78741],[-43.37557,-21.78646],[-43.37503,-21.78555],[-43.37298,-21.78439],[-43.37592,-21.78604],[-43.37606,-21.78617],[-43.37615,-21.78629],[-43.37622,-21.78641],[-43.37628,-21.78659],[-43.37629,-21.7868],[-43.37623,-21.78721],[-43.37624,-21.78726],[-43.37598,-21.7875],[-43.37593,-21.78759],[-43.37591,-21.78766],[-43.37589,-21.78799],[-43.37594,-21.78825],[-43.37643,-21.79037],[-43.37679,-21.79054],[-43.37722,-21.79068],[-43.37731,-21.79069],[-43.37747,-21.79066],[-43.37765,-21.79059],[-43.37785,-21.79046],[-43.378,-21.79039],[-43.37815,-21.79035],[-43.37844,-21.79032],[-43.37885,-21.7902],[-43.37892,-21.79021],[-43.37926,-21.79047],[-43.37928,-21.79048]]]]}},{"type":"Feature","properties":{"territory_id":"mg-3136702-sao-benedito","name":"Sao Benedito","municipality_id":"mg-3136702","polling_places":3,"approx":false,"official":true,"method":"official-ibge-cd2022","whole_municipality":false,"approx_coords_only":false,"official_name":"São Benedito","official_code":"3136702067","match":"direct"},"geometry":{"type":"MultiPolygon","coordinates":[[[[-43.32549,-21.74792],[-43.32554,-21.74855],[-43.32554,-21.74913],[-43.32556,-21.74934],[-43.32586,-21.74932],[-43.3256,-21.74943],[-43.32535,-21.74957],[-43.32524,-21.74969],[-43.32496,-21.75057],[-43.3248,-21.75079],[-43.32448,-21.75103],[-43.32407,-21.7512],[-43.32359,-21.75145],[-43.32329,-21.7517],[-43.32304,-21.75195],[-43.32274,-21.75241],[-43.3217,-21.75389],[-43.32649,-21.75426],[-43.32686,-21.75406],[-43.32703,-21.7539],[-43.32723,-21.75378],[-43.32734,-21.75368],[-43.3274,-21.75365],[-43.32753,-21.75363],[-43.32769,-21.75351],[-43.32791,-21.7533],[-43.32802,-21.75324],[-43.32815,-21.75321],[-43.32857,-21.75324],[-43.32889,-21.75322],[-43.32905,-21.7532],[-43.32941,-21.75308],[-43.32949,-21.75306],[-43.32959,-21.75306],[-43.32996,-21.75317],[-43.33208,-21.75421],[-43.33313,-21.75468],[-43.33385,-21.75503],[-43.33436,-21.75536],[-43.33467,-21.7556],[-43.33489,-21.75574],[-43.33492,-21.75588],[-43.33504,-21.75596],[-43.33517,-21.75583],[-43.33622,-21.75582],[-43.33684,-21.75658],[-43.33692,-21.75647],[-43.33689,-21.75627],[-43.33687,-21.7562],[-43.33674,-21.75609],[-43.33683,-21.75602],[-43.33657,-21.75576],[-43.33667,-21.75551],[-43.33684,-21.75535],[-43.33715,-21.7551],[-43.33733,-21.75492],[-43.33752,-21.75476],[-43.33769,-21.75467],[-43.33836,-21.75448],[-43.33926,-21.75436],[-43.33917,-21.75389],[-43.33971,-21.75363],[-43.33985,-21.75358],[-43.34005,-21.75352],[-43.34036,-21.7535],[-43.34041,-21.75348],[-43.34009,-21.75317],[-43.34039,-21.75241],[-43.34091,-21.75154],[-43.34105,-21.75151],[-43.34105,-21.75155],[-43.34121,-21.75156],[-43.34139,-21.75134],[-43.3415,-21.75123],[-43.34153,-21.75116],[-43.34153,-21.75109],[-43.34149,-21.75101],[-43.34172,-21.75086],[-43.34165,-21.7508],[-43.34143,-21.75071],[-43.34137,-21.75059],[-43.34093,-21.75008],[-43.34069,-21.74989],[-43.34003,-21.75016],[-43.33997,-21.7502],[-43.34008,-21.7504],[-43.33979,-21.75057],[-43.33908,-21.74931],[-43.33898,-21.74917],[-43.33876,-21.74909],[-43.33855,-21.74906],[-43.33827,-21.74905],[-43.33832,-21.74873],[-43.33832,-21.74863],[-43.33812,-21.74816],[-43.33802,-21.74799],[-43.33795,-21.74792],[-43.33776,-21.74781],[-43.33742,-21.74771],[-43.33727,-21.74765],[-43.33706,-21.74752],[-43.3367,-21.7474],[-43.33646,-21.74736],[-43.33615,-21.74728],[-43.33598,-21.74729],[-43.33596,-21.74717],[-43.3359,-21.74711],[-43.33553,-21.74699],[-43.33475,-21.74669],[-43.33484,-21.74658],[-43.33423,-21.74561],[-43.33409,-21.74563],[-43.33377,-21.74543],[-43.33349,-21.74539],[-43.33329,-21.7454],[-43.33309,-21.7453],[-43.33288,-21.74503],[-43.33264,-21.74497],[-43.33211,-21.74507],[-43.33196,-21.74514],[-43.33181,-21.74518],[-43.33172,-21.74528],[-43.33156,-21.74535],[-43.33128,-21.74555],[-43.33062,-21.74608],[-43.33043,-21.74633],[-43.33031,-21.74644],[-43.33016,-21.74652],[-43.32994,-21.74657],[-43.32978,-21.74654],[-43.32958,-21.74639],[-43.32945,-21.74614],[-43.32928,-21.74602],[-43.32907,-21.74592],[-43.32857,-21.74607],[-43.32842,-21.74621],[-43.32835,-21.74634],[-43.32832,-21.74654],[-43.32844,-21.74673],[-43.32846,-21.74688],[-43.32841,-21.74711],[-43.32806,-21.74772],[-43.3277,-21.74787],[-43.32706,-21.74781],[-43.32685,-21.74752],[-43.32659,-21.74722],[-43.32622,-21.74734],[-43.32591,-21.74752],[-43.32572,-21.74768],[-43.32549,-21.74792]]]]}},{"type":"Feature","properties":{"territory_id":"mg-3136702-sao-bernardo","name":"Sao Bernardo","municipality_id":"mg-3136702","polling_places":1,"approx":false,"official":true,"method":"official-ibge-cd2022","whole_municipality":false,"approx_coords_only":false,"official_name":"São Bernardo","official_code":"3136702065","match":"direct"},"geometry":{"type":"MultiPolygon","coordinates":[[[[-43.33512,-21.75863],[-43.33586,-21.75886],[-43.33599,-21.75888],[-43.33612,-21.75897],[-43.33638,-21.75901],[-43.33643,-21.75879],[-43.33691,-21.75893],[-43.33736,-21.75948],[-43.33794,-21.75898],[-43.33831,-21.75889],[-43.33838,-21.75902],[-43.3384,-21.75902],[-43.33843,-21.75921],[-43.33845,-21.75924],[-43.33871,-21.75931],[-43.33865,-21.75953],[-43.33886,-21.75949],[-43.33886,-21.75966],[-43.34088,-21.75934],[-43.34103,-21.75947],[-43.34113,-21.75937],[-43.34121,-21.75921],[-43.34125,-21.7591],[-43.34119,-21.75846],[-43.34101,-21.75831],[-43.34116,-21.75822],[-43.34114,-21.75811],[-43.34109,-21.75805],[-43.34106,-21.75797],[-43.34101,-21.75763],[-43.34093,-21.75744],[-43.34095,-21.75731],[-43.34089,-21.7573],[-43.34096,-21.75705],[-43.34112,-21.7568],[-43.34114,-21.75676],[-43.34105,-21.75674],[-43.34095,-21.75669],[-43.34091,-21.75672],[-43.34058,-21.75642],[-43.34048,-21.7565],[-43.3404,-21.75645],[-43.34002,-21.75641],[-43.34001,-21.7564],[-43.33994,-21.75624],[-43.33976,-21.75618],[-43.33969,-21.75611],[-43.33953,-21.75606],[-43.33954,-21.7558],[-43.33897,-21.7558],[-43.33871,-21.75575],[-43.33861,-21.75605],[-43.33803,-21.75604],[-43.33784,-21.75605],[-43.33778,-21.75596],[-43.33772,-21.75601],[-43.33751,-21.7561],[-43.33753,-21.75613],[-43.33744,-21.75617],[-43.33734,-21.7563],[-43.33718,-21.75634],[-43.33708,-21.75624],[-43.33689,-21.75627],[-43.33692,-21.75647],[-43.33684,-21.75658],[-43.33622,-21.75582],[-43.33517,-21.75583],[-43.33504,-21.75596],[-43.33492,-21.75588],[-43.33489,-21.75574],[-43.33467,-21.7556],[-43.33436,-21.75536],[-43.33385,-21.75503],[-43.33313,-21.75468],[-43.33208,-21.75421],[-43.32996,-21.75317],[-43.32959,-21.75306],[-43.32949,-21.75306],[-43.32941,-21.75308],[-43.32905,-21.7532],[-43.32889,-21.75322],[-43.32857,-21.75324],[-43.32815,-21.75321],[-43.32802,-21.75324],[-43.32791,-21.7533],[-43.32769,-21.75351],[-43.32753,-21.75363],[-43.3274,-21.75365],[-43.32734,-21.75368],[-43.32723,-21.75378],[-43.32703,-21.7539],[-43.32686,-21.75406],[-43.32649,-21.75426],[-43.3217,-21.75389],[-43.32113,-21.75472],[-43.32105,-21.7549],[-43.32099,-21.75526],[-43.32102,-21.75553],[-43.3212,-21.75585],[-43.32199,-21.75682],[-43.32209,-21.75703],[-43.32214,-21.75716],[-43.3222,-21.75751],[-43.32191,-21.76067],[-43.32283,-21.76106],[-43.32347,-21.7614],[-43.32361,-21.76127],[-43.32381,-21.76098],[-43.32393,-21.76073],[-43.32409,-21.76031],[-43.32426,-21.76013],[-43.32452,-21.76011],[-43.32491,-21.76017],[-43.32512,-21.76017],[-43.32563,-21.76023],[-43.32598,-21.76014],[-43.32651,-21.76012],[-43.32684,-21.7603],[-43.3271,-21.76032],[-43.32752,-21.76032],[-43.32785,-21.7603],[-43.32829,-21.76035],[-43.32913,-21.76024],[-43.3297,-21.76032],[-43.32984,-21.76027],[-43.33001,-21.76026],[-43.33012,-21.7601],[-43.33028,-21.75982],[-43.33052,-21.75949],[-43.33084,-21.75914],[-43.33116,-21.75885],[-43.33137,-21.75872],[-43.3314,-21.7588],[-43.33203,-21.75853],[-43.33262,-21.75831],[-43.33246,-21.75858],[-43.33248,-21.75871],[-43.33301,-21.75846],[-43.3332,-21.7584],[-43.33351,-21.75839],[-43.33406,-21.75847],[-43.33477,-21.75863],[-43.33496,-21.75864],[-43.33512,-21.75863]]]]}},{"type":"Feature","properties":{"territory_id":"mg-3136702-sao-geraldo","name":"Sao Geraldo","municipality_id":"mg-3136702","polling_places":1,"approx":false,"official":true,"method":"official-ibge-cd2022","whole_municipality":false,"approx_coords_only":false,"official_name":"São Geraldo","official_code":"3136702098","match":"direct"},"geometry":{"type":"MultiPolygon","coordinates":[[[[-43.34761,-21.8028],[-43.34735,-21.80246],[-43.34718,-21.80133],[-43.3467,-21.80185],[-43.34605,-21.80137],[-43.34584,-21.80115],[-43.34575,-21.80099],[-43.34564,-21.8009],[-43.34557,-21.80079],[-43.34547,-21.80068],[-43.34532,-21.8006],[-43.34506,-21.80052],[-43.34482,-21.80033],[-43.34468,-21.80027],[-43.3444,-21.80018],[-43.34416,-21.80018],[-43.34388,-21.80031],[-43.34379,-21.80028],[-43.34369,-21.80028],[-43.34354,-21.80008],[-43.34341,-21.80008],[-43.34312,-21.80004],[-43.34293,-21.80008],[-43.34249,-21.79998],[-43.34242,-21.80006],[-43.3422,-21.80012],[-43.34215,-21.80001],[-43.342,-21.79989],[-43.34192,-21.79976],[-43.34183,-21.7997],[-43.34176,-21.79961],[-43.34173,-21.7995],[-43.34166,-21.79938],[-43.34165,-21.7993],[-43.34159,-21.79922],[-43.3415,-21.79918],[-43.34138,-21.79895],[-43.34128,-21.79889],[-43.34124,-21.79881],[-43.34116,-21.79856],[-43.34113,-21.7985],[-43.34106,-21.79846],[-43.341,-21.79838],[-43.34097,-21.79828],[-43.34081,-21.79803],[-43.34076,-21.79775],[-43.34073,-21.79772],[-43.34053,-21.79765],[-43.34041,-21.79754],[-43.3403,-21.79741],[-43.34022,-21.79739],[-43.33996,-21.7974],[-43.33987,-21.79738],[-43.33976,-21.79729],[-43.3395,-21.79728],[-43.33926,-21.79729],[-43.33913,-21.79726],[-43.33883,-21.79714],[-43.33875,-21.79712],[-43.33853,-21.79712],[-43.33829,-21.79702],[-43.33817,-21.7969],[-43.33812,-21.79688],[-43.33792,-21.79691],[-43.33783,-21.79694],[-43.33769,-21.79701],[-43.33744,-21.79708],[-43.33708,-21.79705],[-43.33705,-21.79731],[-43.33765,-21.79942],[-43.33805,-21.80011],[-43.3388,-21.80236],[-43.33782,-21.8035],[-43.33599,-21.80537],[-43.33585,-21.80559],[-43.33559,-21.80593],[-43.33364,-21.80877],[-43.33265,-21.81016],[-43.33313,-21.80996],[-43.33336,-21.80992],[-43.33367,-21.80978],[-43.3343,-21.80967],[-43.33483,-21.80952],[-43.33536,-21.80955],[-43.33549,-21.80959],[-43.33589,-21.80964],[-43.33669,-21.81],[-43.33688,-21.81006],[-43.33734,-21.8101],[-43.33774,-21.81018],[-43.3382,-21.81018],[-43.33877,-21.81023],[-43.33928,-21.8103],[-43.3394,-21.81036],[-43.33975,-21.81039],[-43.34036,-21.81061],[-43.3407,-21.81069],[-43.34101,-21.81073],[-43.34165,-21.81106],[-43.34199,-21.8114],[-43.34216,-21.8117],[-43.34232,-21.81212],[-43.34242,-21.8125],[-43.34241,-21.8135],[-43.34244,-21.81384],[-43.34258,-21.81431],[-43.34295,-21.81514],[-43.34337,-21.81573],[-43.34386,-21.81607],[-43.34431,-21.81632],[-43.34459,-21.81637],[-43.3452,-21.81679],[-43.34552,-21.81703],[-43.34568,-21.81727],[-43.34598,-21.81765],[-43.34619,-21.81777],[-43.3465,-21.81793],[-43.34687,-21.8182],[-43.34695,-21.81838],[-43.34714,-21.81858],[-43.34739,-21.81878],[-43.34762,-21.81893],[-43.34815,-21.81912],[-43.34879,-21.81912],[-43.3491,-21.81907],[-43.34947,-21.81896],[-43.34976,-21.81895],[-43.35003,-21.81878],[-43.35065,-21.81863],[-43.3509,-21.81845],[-43.35086,-21.81845],[-43.35092,-21.81821],[-43.35112,-21.81786],[-43.35131,-21.81775],[-43.35153,-21.81745],[-43.35163,-21.81725],[-43.35175,-21.81717],[-43.35158,-21.81604],[-43.35157,-21.81525],[-43.35167,-21.81374],[-43.35182,-21.81289],[-43.35208,-21.81213],[-43.35263,-21.81118],[-43.35297,-21.8107],[-43.3533,-21.81048],[-43.35385,-21.80992],[-43.35425,-21.80968],[-43.35431,-21.80943],[-43.35442,-21.80848],[-43.35492,-21.80751],[-43.35535,-21.80713],[-43.35565,-21.80664],[-43.35592,-21.80607],[-43.356,-21.80544],[-43.35602,-21.8049],[-43.35591,-21.80454],[-43.3558,-21.80437],[-43.35568,-21.80433],[-43.3557,-21.80418],[-43.35562,-21.80407],[-43.3555,-21.80396],[-43.35539,-21.8039],[-43.3553,-21.80381],[-43.35521,-21.80364],[-43.35517,-21.80351],[-43.35517,-21.80341],[-43.35505,-21.80351],[-43.35466,-21.80376],[-43.35441,-21.80385],[-43.3542,-21.80389],[-43.35275,-21.80406],[-43.35222,-21.80404],[-43.35194,-21.80392],[-43.35186,-21.80395],[-43.35185,-21.80407],[-43.35181,-21.80416],[-43.35176,-21.80421],[-43.35169,-21.80425],[-43.35152,-21.80427],[-43.35152,-21.80414],[-43.35132,-21.80413],[-43.35123,-21.80415],[-43.34937,-21.80408],[-43.34936,-21.8039],[-43.34867,-21.80395],[-43.34859,-21.80369],[-43.34864,-21.80365],[-43.34844,-21.80349],[-43.34825,-21.80344],[-43.3481,-21.80346],[-43.34788,-21.80315],[-43.34761,-21.8028]]]]}},{"type":"Feature","properties":{"territory_id":"mg-3136702-sao-judas-tadeu","name":"Sao Judas Tadeu","municipality_id":"mg-3136702","polling_places":1,"approx":true,"official":false,"method":"voronoi-polling-places","whole_municipality":false,"approx_coords_only":false},"geometry":{"type":"MultiPolygon","coordinates":[[[[-43.45977,-21.71737],[-43.45819,-21.74098],[-43.45091,-21.74693],[-43.43635,-21.7355],[-43.42785,-21.71961],[-43.42814,-21.71951],[-43.42853,-21.7193],[-43.4287,-21.71919],[-43.42895,-21.71893],[-43.42916,-21.71861],[-43.42924,-21.71843],[-43.42943,-21.71815],[-43.4301,-21.71872],[-43.43029,-21.71874],[-43.43064,-21.71884],[-43.43087,-21.71895],[-43.43112,-21.71903],[-43.4313,-21.7192],[-43.43181,-21.71931],[-43.43224,-21.71929],[-43.43251,-21.71918],[-43.43285,-21.71899],[-43.43309,-21.71879],[-43.43328,-21.71869],[-43.4335,-21.71866],[-43.434,-21.71869],[-43.43416,-21.71876],[-43.43433,-21.71888],[-43.43463,-21.71902],[-43.4348,-21.7192],[-43.43518,-21.71939],[-43.43539,-21.71941],[-43.43607,-21.71936],[-43.43645,-21.71925],[-43.43694,-21.71913],[-43.43722,-21.71924],[-43.43736,-21.71939],[-43.43753,-21.71979],[-43.43762,-21.72051],[-43.43759,-21.7212],[-43.43751,-21.72136],[-43.43748,-21.72152],[-43.4372,-21.72221],[-43.43694,-21.72254],[-43.43672,-21.72295],[-43.43655,-21.72321],[-43.43711,-21.72345],[-43.43762,-21.72376],[-43.43776,-21.72387],[-43.43821,-21.72406],[-43.43839,-21.72362],[-43.43851,-21.72345],[-43.43864,-21.72331],[-43.43895,-21.72306],[-43.43905,-21.72292],[-43.43929,-21.72281],[-43.43961,-21.72259],[-43.43985,-21.72252],[-43.4401,-21.7225],[-43.44047,-21.7225],[-43.44072,-21.7226],[-43.4408,-21.72253],[-43.44136,-21.7218],[-43.44193,-21.72086],[-43.44252,-21.72018],[-43.44265,-21.71997],[-43.44281,-21.71968],[-43.44295,-21.71917],[-43.44314,-21.71869],[-43.44314,-21.71844],[-43.44308,-21.71773],[-43.44368,-21.71685],[-43.44401,-21.71622],[-43.44439,-21.71545],[-43.4444,-21.71532],[-43.44426,-21.71501],[-43.44412,-21.71489],[-43.4441,-21.71484],[-43.44419,-21.71456],[-43.4442,-21.71418],[-43.44429,-21.71353],[-43.44433,-21.71312],[-43.44451,-21.71274],[-43.44484,-21.71219],[-43.44617,-21.71062],[-43.44634,-21.71049],[-43.44693,-21.71023],[-43.44766,-21.70979],[-43.44802,-21.70949],[-43.44823,-21.70914],[-43.44843,-21.70894],[-43.44866,-21.70877],[-43.4489,-21.70888],[-43.4492,-21.70887],[-43.44958,-21.7088],[-43.44998,-21.70861],[-43.45027,-21.70832],[-43.45977,-21.71737]]],[[[-43.42976,-21.69487],[-43.42928,-21.69529],[-43.42891,-21.69557],[-43.42506,-21.69819],[-43.42435,-21.69872],[-43.42355,-21.69938],[-43.42312,-21.69978],[-43.4226,-21.7003],[-43.42041,-21.70252],[-43.41757,-21.69075],[-43.42519,-21.69073],[-43.42745,-21.6916],[-43.42729,-21.69172],[-43.42768,-21.69225],[-43.42781,-21.69234],[-43.42935,-21.69388],[-43.42919,-21.69406],[-43.42933,-21.69422],[-43.42931,-21.6943],[-43.42964,-21.69469],[-43.42976,-21.69487]]]]}},{"type":"Feature","properties":{"territory_id":"mg-3136702-sao-mateus","name":"Sao Mateus","municipality_id":"mg-3136702","polling_places":5,"approx":false,"official":true,"method":"official-ibge-cd2022","whole_municipality":false,"approx_coords_only":false,"official_name":"São Mateus","official_code":"3136702019","match":"direct"},"geometry":{"type":"MultiPolygon","coordinates":[[[[-43.34782,-21.76867],[-43.3478,-21.76878],[-43.34818,-21.76886],[-43.34815,-21.76897],[-43.34823,-21.76898],[-43.3482,-21.76909],[-43.34867,-21.76919],[-43.34862,-21.76943],[-43.34882,-21.76947],[-43.3488,-21.76959],[-43.34901,-21.76964],[-43.34895,-21.76995],[-43.34847,-21.76982],[-43.34842,-21.76999],[-43.34826,-21.76995],[-43.34818,-21.77031],[-43.34832,-21.77034],[-43.34828,-21.77077],[-43.34862,-21.77083],[-43.34856,-21.77102],[-43.3485,-21.77174],[-43.34856,-21.7721],[-43.34848,-21.7725],[-43.34869,-21.77253],[-43.34875,-21.7729],[-43.34896,-21.77298],[-43.34915,-21.773],[-43.34912,-21.77359],[-43.3493,-21.77365],[-43.34938,-21.77378],[-43.34945,-21.77382],[-43.34948,-21.77392],[-43.35012,-21.77406],[-43.34995,-21.7743],[-43.35,-21.77431],[-43.35002,-21.77443],[-43.35007,-21.77445],[-43.35004,-21.77457],[-43.35048,-21.77466],[-43.35046,-21.77475],[-43.35056,-21.77477],[-43.35057,-21.77496],[-43.3506,-21.77497],[-43.35056,-21.77502],[-43.3504,-21.77498],[-43.35037,-21.77512],[-43.3504,-21.77514],[-43.35034,-21.7752],[-43.3503,-21.77517],[-43.35025,-21.77524],[-43.35058,-21.7755],[-43.35084,-21.77541],[-43.351,-21.77523],[-43.35113,-21.77526],[-43.35116,-21.77522],[-43.35146,-21.7753],[-43.35157,-21.77534],[-43.35167,-21.77534],[-43.35197,-21.77542],[-43.35186,-21.77577],[-43.35205,-21.77581],[-43.35199,-21.77601],[-43.35206,-21.77604],[-43.35212,-21.77612],[-43.35224,-21.77624],[-43.35221,-21.77633],[-43.3524,-21.77639],[-43.35237,-21.77648],[-43.3524,-21.77648],[-43.35235,-21.77659],[-43.35216,-21.77655],[-43.3521,-21.7767],[-43.35196,-21.7767],[-43.35368,-21.77749],[-43.35464,-21.77887],[-43.35477,-21.77911],[-43.35495,-21.77963],[-43.35496,-21.77982],[-43.35504,-21.78009],[-43.35512,-21.78045],[-43.35526,-21.78039],[-43.35546,-21.78099],[-43.35545,-21.78114],[-43.35554,-21.78118],[-43.3557,-21.78187],[-43.35566,-21.78301],[-43.35708,-21.78334],[-43.35728,-21.78337],[-43.35746,-21.78336],[-43.35761,-21.78331],[-43.35819,-21.78292],[-43.3583,-21.78289],[-43.35846,-21.78288],[-43.35862,-21.78295],[-43.35871,-21.78287],[-43.35879,-21.78285],[-43.35878,-21.78278],[-43.35869,-21.7827],[-43.35854,-21.78266],[-43.35847,-21.78263],[-43.35879,-21.78257],[-43.3592,-21.78177],[-43.35928,-21.78164],[-43.35942,-21.78156],[-43.35957,-21.7816],[-43.3598,-21.78171],[-43.36091,-21.78231],[-43.3612,-21.7824],[-43.36104,-21.78219],[-43.361,-21.78208],[-43.36097,-21.78192],[-43.36097,-21.78182],[-43.36101,-21.78173],[-43.36116,-21.78154],[-43.36128,-21.78146],[-43.36144,-21.78141],[-43.36221,-21.78136],[-43.36214,-21.78122],[-43.3621,-21.78103],[-43.36213,-21.78093],[-43.36231,-21.78081],[-43.36233,-21.7806],[-43.36167,-21.78062],[-43.36145,-21.78042],[-43.36162,-21.78031],[-43.36166,-21.78017],[-43.36163,-21.77979],[-43.36148,-21.77979],[-43.3614,-21.77971],[-43.36162,-21.77951],[-43.36182,-21.77926],[-43.36136,-21.77874],[-43.36088,-21.77812],[-43.36011,-21.77723],[-43.35979,-21.77722],[-43.35959,-21.77694],[-43.35939,-21.77711],[-43.3593,-21.77717],[-43.35922,-21.77709],[-43.35942,-21.77688],[-43.3595,-21.77682],[-43.35985,-21.77667],[-43.35963,-21.77606],[-43.35971,-21.77596],[-43.35972,-21.77583],[-43.35968,-21.77573],[-43.35864,-21.7765],[-43.35854,-21.77653],[-43.35846,-21.7765],[-43.35832,-21.77636],[-43.35836,-21.77625],[-43.35853,-21.77614],[-43.35896,-21.77574],[-43.35921,-21.77553],[-43.35946,-21.77548],[-43.35993,-21.7753],[-43.35985,-21.7751],[-43.35998,-21.77505],[-43.36006,-21.77522],[-43.36024,-21.77516],[-43.36036,-21.77509],[-43.3603,-21.77495],[-43.36042,-21.77481],[-43.36069,-21.77513],[-43.36075,-21.77523],[-43.36097,-21.77519],[-43.36122,-21.77508],[-43.36121,-21.77489],[-43.36127,-21.77464],[-43.36126,-21.77461],[-43.36129,-21.77427],[-43.36147,-21.77429],[-43.3615,-21.77409],[-43.36131,-21.77407],[-43.36135,-21.77372],[-43.36134,-21.77357],[-43.36128,-21.77328],[-43.36117,-21.77302],[-43.3612,-21.77289],[-43.36106,-21.77285],[-43.3609,-21.77248],[-43.36108,-21.77242],[-43.36093,-21.77211],[-43.36074,-21.77219],[-43.36047,-21.77176],[-43.36002,-21.77129],[-43.35952,-21.77097],[-43.35933,-21.77124],[-43.35908,-21.77119],[-43.3587,-21.77105],[-43.35828,-21.77104],[-43.35816,-21.77098],[-43.35796,-21.77096],[-43.35795,-21.77091],[-43.35787,-21.77091],[-43.35786,-21.77122],[-43.35767,-21.77118],[-43.35769,-21.77099],[-43.35763,-21.77098],[-43.35762,-21.7709],[-43.35711,-21.77078],[-43.35671,-21.77072],[-43.35599,-21.77054],[-43.35575,-21.7705],[-43.3549,-21.77026],[-43.35483,-21.77027],[-43.35461,-21.77022],[-43.35455,-21.77039],[-43.35449,-21.77047],[-43.35445,-21.77046],[-43.35431,-21.77076],[-43.3544,-21.77078],[-43.35438,-21.77086],[-43.35458,-21.7709],[-43.35446,-21.77126],[-43.3542,-21.77118],[-43.35418,-21.77123],[-43.35393,-21.77117],[-43.35394,-21.77113],[-43.35226,-21.77078],[-43.35227,-21.77069],[-43.35251,-21.77004],[-43.35349,-21.77026],[-43.35373,-21.77005],[-43.3538,-21.77001],[-43.35373,-21.76993],[-43.35342,-21.76986],[-43.35356,-21.76928],[-43.35353,-21.7692],[-43.35013,-21.7684],[-43.35006,-21.76819],[-43.34975,-21.76812],[-43.34966,-21.76848],[-43.34856,-21.7682],[-43.34852,-21.76832],[-43.3484,-21.76829],[-43.34848,-21.76799],[-43.34809,-21.76791],[-43.34807,-21.76768],[-43.34797,-21.76766],[-43.34772,-21.76865],[-43.34779,-21.76866],[-43.34782,-21.76867]]]]}},{"type":"Feature","properties":{"territory_id":"mg-3136702-sao-pedro","name":"Sao Pedro","municipality_id":"mg-3136702","polling_places":7,"approx":false,"official":true,"method":"official-ibge-cd2022","whole_municipality":false,"approx_coords_only":false,"official_name":"São Pedro","official_code":"3136702030","match":"direct"},"geometry":{"type":"MultiPolygon","coordinates":[[[[-43.37258,-21.7752],[-43.37237,-21.77555],[-43.37255,-21.77597],[-43.37369,-21.7773],[-43.37496,-21.77868],[-43.37549,-21.7792],[-43.37563,-21.77929],[-43.37581,-21.77938],[-43.37596,-21.77943],[-43.37659,-21.77959],[-43.37773,-21.77997],[-43.37834,-21.77938],[-43.37833,-21.7794],[-43.37867,-21.77961],[-43.37937,-21.77977],[-43.38224,-21.78067],[-43.38232,-21.78067],[-43.3829,-21.78042],[-43.38347,-21.78059],[-43.38346,-21.78074],[-43.38343,-21.78087],[-43.38327,-21.78103],[-43.3829,-21.78122],[-43.38277,-21.78133],[-43.38478,-21.78266],[-43.38544,-21.78312],[-43.38578,-21.78283],[-43.38614,-21.78297],[-43.38625,-21.78404],[-43.38666,-21.78416],[-43.38843,-21.78486],[-43.38861,-21.78491],[-43.38916,-21.7849],[-43.38907,-21.78435],[-43.38865,-21.78441],[-43.3887,-21.7842],[-43.38917,-21.78329],[-43.38927,-21.78304],[-43.38955,-21.78132],[-43.38968,-21.7812],[-43.39218,-21.78114],[-43.39216,-21.78067],[-43.39223,-21.7805],[-43.39232,-21.78036],[-43.39243,-21.78027],[-43.39252,-21.78023],[-43.39367,-21.78],[-43.39388,-21.77993],[-43.39404,-21.77982],[-43.39417,-21.7797],[-43.3944,-21.77942],[-43.39449,-21.77928],[-43.39514,-21.77791],[-43.396,-21.77753],[-43.39655,-21.77732],[-43.39673,-21.77728],[-43.39676,-21.77677],[-43.39681,-21.77663],[-43.39682,-21.77648],[-43.3968,-21.77632],[-43.39675,-21.77617],[-43.39665,-21.77605],[-43.39655,-21.77597],[-43.39645,-21.77591],[-43.3963,-21.77585],[-43.39611,-21.77582],[-43.39551,-21.77578],[-43.39554,-21.77556],[-43.39559,-21.77544],[-43.39567,-21.77532],[-43.39599,-21.77508],[-43.39659,-21.77471],[-43.39666,-21.77465],[-43.397,-21.7742],[-43.39705,-21.77398],[-43.39712,-21.77309],[-43.3972,-21.77292],[-43.3973,-21.77284],[-43.39752,-21.77272],[-43.39757,-21.77263],[-43.39758,-21.77253],[-43.39753,-21.77227],[-43.39753,-21.77214],[-43.3978,-21.77131],[-43.39779,-21.77102],[-43.39771,-21.77085],[-43.39705,-21.7701],[-43.39679,-21.76976],[-43.39671,-21.76968],[-43.39659,-21.7696],[-43.39646,-21.76954],[-43.39578,-21.76945],[-43.39553,-21.76934],[-43.39498,-21.76916],[-43.39474,-21.76882],[-43.39487,-21.76828],[-43.39498,-21.76802],[-43.39538,-21.76735],[-43.39587,-21.76678],[-43.39624,-21.76651],[-43.39581,-21.76645],[-43.3951,-21.76616],[-43.39411,-21.76587],[-43.39348,-21.76577],[-43.393,-21.7655],[-43.39317,-21.76497],[-43.39315,-21.76387],[-43.39278,-21.76374],[-43.39229,-21.76344],[-43.39219,-21.76342],[-43.3921,-21.76351],[-43.391,-21.7632],[-43.39096,-21.76308],[-43.39091,-21.76301],[-43.39054,-21.7629],[-43.3897,-21.76282],[-43.38898,-21.7627],[-43.3873,-21.76527],[-43.38707,-21.76555],[-43.38676,-21.76575],[-43.38628,-21.76585],[-43.38572,-21.76587],[-43.38518,-21.76575],[-43.38491,-21.76563],[-43.38462,-21.76547],[-43.38438,-21.76529],[-43.38428,-21.76507],[-43.38424,-21.76484],[-43.38391,-21.76418],[-43.38363,-21.76382],[-43.38321,-21.7634],[-43.38306,-21.76332],[-43.38247,-21.76316],[-43.38196,-21.76332],[-43.38182,-21.76315],[-43.38176,-21.76316],[-43.3818,-21.76326],[-43.38175,-21.76343],[-43.38174,-21.76352],[-43.38184,-21.76369],[-43.38178,-21.76405],[-43.38166,-21.76404],[-43.38177,-21.76469],[-43.38217,-21.76569],[-43.38219,-21.76597],[-43.38085,-21.76611],[-43.38084,-21.76621],[-43.38059,-21.76711],[-43.38073,-21.76712],[-43.38068,-21.76728],[-43.38053,-21.76766],[-43.38048,-21.76788],[-43.38025,-21.76858],[-43.38021,-21.76894],[-43.37958,-21.77061],[-43.37922,-21.77048],[-43.37851,-21.77002],[-43.37829,-21.76995],[-43.37806,-21.76993],[-43.37783,-21.76997],[-43.37787,-21.77109],[-43.3779,-21.77119],[-43.3779,-21.77128],[-43.37659,-21.77101],[-43.37344,-21.77024],[-43.37281,-21.76998],[-43.37206,-21.76971],[-43.37181,-21.76959],[-43.37175,-21.76968],[-43.37186,-21.76984],[-43.3718,-21.76993],[-43.37211,-21.77008],[-43.37155,-21.771],[-43.37097,-21.77188],[-43.37087,-21.77207],[-43.37059,-21.77251],[-43.37042,-21.77239],[-43.37017,-21.7724],[-43.37003,-21.77245],[-43.37032,-21.77274],[-43.37043,-21.7729],[-43.37079,-21.77331],[-43.37101,-21.77361],[-43.37099,-21.77362],[-43.37124,-21.77394],[-43.37153,-21.77435],[-43.37185,-21.77483],[-43.37229,-21.77506],[-43.37258,-21.7752]]]]}},{"type":"Feature","properties":{"territory_id":"mg-3136702-sarandira","name":"Sarandira","municipality_id":"mg-3136702","polling_places":1,"approx":true,"official":false,"method":"voronoi-polling-places","whole_municipality":false,"approx_coords_only":false},"geometry":{"type":"MultiPolygon","coordinates":[[[[-43.23818,-21.85918],[-43.237,-21.8618],[-43.209,-21.8412],[-43.1888,-21.8546],[-43.1568,-21.8272],[-43.1712,-21.7595],[-43.1876,-21.7429],[-43.2036,-21.75025],[-43.23818,-21.85918]]]]}},{"type":"Feature","properties":{"territory_id":"mg-3136702-teixeiras","name":"Teixeiras","municipality_id":"mg-3136702","polling_places":2,"approx":false,"official":true,"method":"official-ibge-cd2022","whole_municipality":false,"approx_coords_only":false,"official_name":"Teixeiras","official_code":"3136702031","match":"direct"},"geometry":{"type":"MultiPolygon","coordinates":[[[[-43.35852,-21.78547],[-43.35854,-21.78597],[-43.3586,-21.78627],[-43.35877,-21.78821],[-43.35881,-21.78863],[-43.35882,-21.789],[-43.35903,-21.78999],[-43.35883,-21.79025],[-43.3585,-21.79009],[-43.35839,-21.79006],[-43.35844,-21.79015],[-43.35909,-21.79062],[-43.35908,-21.79089],[-43.35889,-21.79211],[-43.35864,-21.79292],[-43.35836,-21.79295],[-43.35829,-21.793],[-43.35862,-21.79326],[-43.35842,-21.79387],[-43.35835,-21.79427],[-43.35819,-21.79419],[-43.35814,-21.79503],[-43.35817,-21.79517],[-43.35786,-21.7952],[-43.35875,-21.79562],[-43.35897,-21.79578],[-43.35961,-21.79611],[-43.35982,-21.79613],[-43.35985,-21.79624],[-43.3598,-21.79628],[-43.35992,-21.79631],[-43.36005,-21.79641],[-43.36017,-21.7964],[-43.36028,-21.79636],[-43.36039,-21.79642],[-43.36045,-21.79638],[-43.36065,-21.79633],[-43.36082,-21.7966],[-43.36067,-21.79676],[-43.36113,-21.79662],[-43.36148,-21.79673],[-43.36181,-21.7971],[-43.36289,-21.79544],[-43.36339,-21.79565],[-43.36331,-21.79615],[-43.3634,-21.7964],[-43.36378,-21.7965],[-43.36417,-21.79577],[-43.36454,-21.79531],[-43.36467,-21.79513],[-43.36466,-21.79497],[-43.36502,-21.79506],[-43.36537,-21.79523],[-43.36546,-21.79535],[-43.3656,-21.79558],[-43.36565,-21.79575],[-43.36591,-21.79613],[-43.36613,-21.79603],[-43.36885,-21.7953],[-43.36715,-21.7944],[-43.36701,-21.79432],[-43.36689,-21.79419],[-43.36667,-21.79363],[-43.36672,-21.79352],[-43.36672,-21.79341],[-43.3667,-21.79323],[-43.36648,-21.79303],[-43.36637,-21.7929],[-43.3657,-21.79161],[-43.36583,-21.79152],[-43.36598,-21.79137],[-43.36653,-21.79094],[-43.36669,-21.7909],[-43.36701,-21.79073],[-43.36761,-21.79027],[-43.36869,-21.78953],[-43.36808,-21.78846],[-43.36721,-21.78731],[-43.36714,-21.78649],[-43.36722,-21.78597],[-43.36743,-21.78531],[-43.36665,-21.78586],[-43.36634,-21.7865],[-43.36608,-21.78685],[-43.36573,-21.78703],[-43.36548,-21.78703],[-43.36522,-21.78711],[-43.36496,-21.78724],[-43.3647,-21.78742],[-43.36454,-21.78758],[-43.36434,-21.78791],[-43.36389,-21.78792],[-43.3635,-21.78765],[-43.3632,-21.7875],[-43.36278,-21.78725],[-43.36251,-21.78721],[-43.36254,-21.78681],[-43.36241,-21.78674],[-43.36227,-21.78688],[-43.36218,-21.78704],[-43.36219,-21.7872],[-43.36211,-21.78706],[-43.36185,-21.78671],[-43.36172,-21.78642],[-43.36145,-21.78595],[-43.36101,-21.78529],[-43.3609,-21.78516],[-43.36079,-21.78507],[-43.36056,-21.78491],[-43.36053,-21.78494],[-43.35936,-21.78414],[-43.35933,-21.78419],[-43.35889,-21.78391],[-43.35916,-21.78354],[-43.35896,-21.78343],[-43.3589,-21.78353],[-43.35844,-21.78323],[-43.35862,-21.78295],[-43.35846,-21.78288],[-43.3583,-21.78289],[-43.35819,-21.78292],[-43.35761,-21.78331],[-43.35746,-21.78336],[-43.35728,-21.78337],[-43.35686,-21.78329],[-43.35566,-21.78301],[-43.35559,-21.78345],[-43.35622,-21.78354],[-43.35689,-21.78374],[-43.35776,-21.78381],[-43.35753,-21.78401],[-43.3578,-21.78423],[-43.35766,-21.7844],[-43.35754,-21.78461],[-43.35811,-21.7849],[-43.35806,-21.78503],[-43.35849,-21.78504],[-43.35852,-21.78547]]]]}},{"type":"Feature","properties":{"territory_id":"mg-3136702-toledo","name":"Toledo","municipality_id":"mg-3136702","polling_places":1,"approx":true,"official":false,"method":"voronoi-polling-places","whole_municipality":false,"approx_coords_only":false},"geometry":{"type":"MultiPolygon","coordinates":[[[[-43.64831,-21.83015],[-43.61024,-21.85956],[-43.53297,-21.80751],[-43.5403,-21.77335],[-43.56194,-21.75868],[-43.64071,-21.79885],[-43.634,-21.8108],[-43.64831,-21.83015]]]]}},{"type":"Feature","properties":{"territory_id":"mg-3136702-torreoes","name":"Torreoes","municipality_id":"mg-3136702","polling_places":1,"approx":true,"official":false,"method":"voronoi-polling-places","whole_municipality":false,"approx_coords_only":false},"geometry":{"type":"MultiPolygon","coordinates":[[[[-43.61024,-21.85956],[-43.59631,-21.9128],[-43.44512,-21.86414],[-43.45342,-21.84765],[-43.53297,-21.80751],[-43.61024,-21.85956]]]]}},{"type":"Feature","properties":{"territory_id":"mg-3136702-valadares","name":"Valadares","municipality_id":"mg-3136702","polling_places":1,"approx":true,"official":false,"method":"voronoi-polling-places","whole_municipality":false,"approx_coords_only":false},"geometry":{"type":"MultiPolygon","coordinates":[[[[-43.66799,-21.75008],[-43.6679,-21.7504],[-43.64071,-21.79885],[-43.56194,-21.75868],[-43.58309,-21.7239],[-43.66799,-21.75008]]]]}},{"type":"Feature","properties":{"territory_id":"mg-3136702-vila-esperanca-ii","name":"Vila Esperanca Ii","municipality_id":"mg-3136702","polling_places":1,"approx":true,"official":false,"method":"voronoi-polling-places","whole_municipality":false,"approx_coords_only":false},"geometry":{"type":"MultiPolygon","coordinates":[[[[-43.4799,-21.66029],[-43.47251,-21.67721],[-43.45644,-21.68512],[-43.45831,-21.68171],[-43.45945,-21.6797],[-43.45952,-21.6794],[-43.45878,-21.67877],[-43.45685,-21.67718],[-43.45607,-21.67739],[-43.45256,-21.677],[-43.45179,-21.67593],[-43.4799,-21.66029]]],[[[-43.43136,-21.68777],[-43.43124,-21.68857],[-43.43116,-21.68893],[-43.4311,-21.68911],[-43.43103,-21.68918],[-43.43095,-21.68922],[-43.43054,-21.68939],[-43.42992,-21.68976],[-43.42977,-21.68989],[-43.42925,-21.69018],[-43.4283,-21.6909],[-43.42745,-21.6916],[-43.42519,-21.69073],[-43.43131,-21.68732],[-43.43136,-21.68777]]]]}},{"type":"Feature","properties":{"territory_id":"mg-3136702-vila-ideal","name":"Vila Ideal","municipality_id":"mg-3136702","polling_places":2,"approx":false,"official":true,"method":"official-ibge-cd2022","whole_municipality":false,"approx_coords_only":false,"official_name":"Vila Ideal","official_code":"3136702091","match":"direct"},"geometry":{"type":"MultiPolygon","coordinates":[[[[-43.3302,-21.78263],[-43.33109,-21.78212],[-43.33216,-21.78148],[-43.33262,-21.78126],[-43.3327,-21.78125],[-43.33276,-21.78129],[-43.33297,-21.7816],[-43.3331,-21.78163],[-43.33333,-21.78155],[-43.33368,-21.78134],[-43.3337,-21.78112],[-43.33376,-21.78097],[-43.33377,-21.78079],[-43.33393,-21.78039],[-43.33391,-21.78039],[-43.33401,-21.78015],[-43.33366,-21.78003],[-43.3337,-21.77999],[-43.33386,-21.77992],[-43.33394,-21.77994],[-43.33398,-21.77985],[-43.33381,-21.77961],[-43.33384,-21.77948],[-43.33397,-21.77927],[-43.33421,-21.77865],[-43.33422,-21.77823],[-43.33427,-21.77811],[-43.33453,-21.77804],[-43.33462,-21.77792],[-43.3348,-21.7775],[-43.33491,-21.77744],[-43.335,-21.77724],[-43.33459,-21.7771],[-43.33477,-21.77683],[-43.3344,-21.77678],[-43.33429,-21.77666],[-43.3336,-21.7767],[-43.33333,-21.777],[-43.33327,-21.77703],[-43.33314,-21.77701],[-43.33326,-21.77664],[-43.33338,-21.77648],[-43.33338,-21.7763],[-43.33334,-21.77623],[-43.33327,-21.77614],[-43.33305,-21.77607],[-43.332,-21.77588],[-43.33153,-21.77576],[-43.33131,-21.77568],[-43.33119,-21.77603],[-43.33092,-21.77598],[-43.33033,-21.77618],[-43.33036,-21.77625],[-43.33037,-21.77642],[-43.33034,-21.77658],[-43.33028,-21.77669],[-43.33019,-21.77679],[-43.33004,-21.77692],[-43.32989,-21.77701],[-43.3297,-21.77709],[-43.3294,-21.77719],[-43.32886,-21.77728],[-43.32758,-21.77756],[-43.32716,-21.77761],[-43.32675,-21.77769],[-43.3254,-21.77801],[-43.32471,-21.77812],[-43.32444,-21.77811],[-43.32417,-21.77804],[-43.32347,-21.77764],[-43.3231,-21.77731],[-43.32275,-21.77697],[-43.32217,-21.7766],[-43.32193,-21.77648],[-43.32165,-21.77637],[-43.32135,-21.77638],[-43.32122,-21.77649],[-43.32119,-21.77692],[-43.32111,-21.77743],[-43.32081,-21.77848],[-43.32062,-21.77902],[-43.32048,-21.77975],[-43.32042,-21.7803],[-43.32047,-21.78071],[-43.32062,-21.78102],[-43.32085,-21.78109],[-43.32108,-21.78119],[-43.32161,-21.78147],[-43.32188,-21.78152],[-43.32286,-21.78148],[-43.323,-21.78151],[-43.32325,-21.78164],[-43.32369,-21.78218],[-43.3238,-21.78243],[-43.3239,-21.78283],[-43.32402,-21.78298],[-43.32419,-21.7831],[-43.32431,-21.78323],[-43.32452,-21.78374],[-43.32463,-21.78394],[-43.32475,-21.7841],[-43.32488,-21.78434],[-43.32506,-21.78458],[-43.32522,-21.78492],[-43.32524,-21.78502],[-43.32522,-21.78513],[-43.32514,-21.7853],[-43.32493,-21.78544],[-43.32451,-21.7856],[-43.3242,-21.78577],[-43.32407,-21.78589],[-43.32397,-21.78606],[-43.32397,-21.78657],[-43.32383,-21.78666],[-43.32367,-21.78684],[-43.32367,-21.78701],[-43.32373,-21.78712],[-43.32423,-21.78745],[-43.32492,-21.78657],[-43.32531,-21.78645],[-43.32553,-21.78645],[-43.32596,-21.78635],[-43.32641,-21.78594],[-43.32644,-21.78581],[-43.32634,-21.78561],[-43.32647,-21.78529],[-43.32655,-21.78517],[-43.32672,-21.78506],[-43.32696,-21.78483],[-43.32726,-21.78462],[-43.3277,-21.78423],[-43.32852,-21.78392],[-43.329,-21.78368],[-43.32915,-21.78358],[-43.32935,-21.78334],[-43.32945,-21.78315],[-43.32954,-21.78304],[-43.3302,-21.78263]]]]}},{"type":"Feature","properties":{"territory_id":"mg-3136702-vila-montanhesa","name":"Vila Montanhesa","municipality_id":"mg-3136702","polling_places":1,"approx":true,"official":false,"method":"voronoi-polling-places","whole_municipality":false,"approx_coords_only":false},"geometry":{"type":"MultiPolygon","coordinates":[[[[-43.3483,-21.69717],[-43.34588,-21.70502],[-43.33806,-21.70726],[-43.31074,-21.70388],[-43.33469,-21.66582],[-43.34626,-21.68421],[-43.3483,-21.69717]]]]}},{"type":"Feature","properties":{"territory_id":"mg-3136702-vila-olavo-costa","name":"Vila Olavo Costa","municipality_id":"mg-3136702","polling_places":1,"approx":false,"official":true,"method":"official-ibge-cd2022","whole_municipality":false,"approx_coords_only":false,"official_name":"Vila Olavo Costa","official_code":"3136702086","match":"direct"},"geometry":{"type":"MultiPolygon","coordinates":[[[[-43.3296,-21.77475],[-43.32984,-21.77506],[-43.33007,-21.77552],[-43.33033,-21.77618],[-43.33092,-21.77598],[-43.33119,-21.77603],[-43.33131,-21.77568],[-43.33153,-21.77576],[-43.332,-21.77588],[-43.33305,-21.77607],[-43.33327,-21.77614],[-43.33334,-21.77623],[-43.33338,-21.7763],[-43.33338,-21.77648],[-43.33326,-21.77664],[-43.33314,-21.77701],[-43.33327,-21.77703],[-43.33333,-21.777],[-43.3336,-21.7767],[-43.33429,-21.77666],[-43.3344,-21.77678],[-43.33477,-21.77683],[-43.33459,-21.7771],[-43.335,-21.77724],[-43.33514,-21.77689],[-43.33521,-21.77687],[-43.33524,-21.77673],[-43.33526,-21.7767],[-43.33536,-21.77679],[-43.33577,-21.77693],[-43.33679,-21.7771],[-43.33702,-21.77712],[-43.33741,-21.77723],[-43.33751,-21.77719],[-43.33756,-21.77626],[-43.33781,-21.77526],[-43.33789,-21.77515],[-43.33803,-21.77502],[-43.33861,-21.77461],[-43.33893,-21.77451],[-43.33881,-21.77445],[-43.33854,-21.77437],[-43.33807,-21.77419],[-43.33795,-21.7742],[-43.33771,-21.77426],[-43.33758,-21.77424],[-43.33683,-21.77403],[-43.33674,-21.77412],[-43.33683,-21.77418],[-43.33691,-21.77428],[-43.33685,-21.77432],[-43.33683,-21.77436],[-43.33669,-21.77444],[-43.33645,-21.77438],[-43.33641,-21.7744],[-43.33628,-21.77436],[-43.33627,-21.77439],[-43.336,-21.77432],[-43.33591,-21.77428],[-43.33589,-21.77431],[-43.33581,-21.77428],[-43.33582,-21.77424],[-43.33577,-21.77422],[-43.33572,-21.77434],[-43.33564,-21.7743],[-43.33542,-21.77427],[-43.33544,-21.77422],[-43.33532,-21.77417],[-43.33529,-21.77421],[-43.33495,-21.77393],[-43.33485,-21.77387],[-43.33488,-21.77382],[-43.3349,-21.77377],[-43.33484,-21.77372],[-43.33479,-21.77378],[-43.33471,-21.77372],[-43.33468,-21.77375],[-43.33461,-21.77373],[-43.33442,-21.77357],[-43.33427,-21.77353],[-43.33428,-21.77349],[-43.334,-21.77346],[-43.33368,-21.77338],[-43.33364,-21.77339],[-43.33366,-21.77337],[-43.3336,-21.77328],[-43.33346,-21.77337],[-43.33343,-21.7733],[-43.33324,-21.7733],[-43.33321,-21.77326],[-43.33321,-21.77331],[-43.33297,-21.77346],[-43.33309,-21.7737],[-43.3327,-21.77389],[-43.33252,-21.77399],[-43.33222,-21.77408],[-43.33069,-21.77411],[-43.33064,-21.77411],[-43.33064,-21.77404],[-43.33053,-21.77406],[-43.33043,-21.77406],[-43.33042,-21.77409],[-43.33025,-21.77394],[-43.33023,-21.77389],[-43.33025,-21.77389],[-43.33029,-21.77384],[-43.33026,-21.77379],[-43.33022,-21.77381],[-43.33018,-21.77374],[-43.33018,-21.77369],[-43.33009,-21.77367],[-43.3301,-21.77357],[-43.33011,-21.77357],[-43.33015,-21.77343],[-43.33014,-21.77337],[-43.33018,-21.77326],[-43.33036,-21.77315],[-43.33038,-21.77319],[-43.33072,-21.7731],[-43.33139,-21.77305],[-43.33151,-21.77302],[-43.33159,-21.77298],[-43.33171,-21.773],[-43.33185,-21.77293],[-43.33195,-21.77299],[-43.3321,-21.77284],[-43.332,-21.77278],[-43.33205,-21.77254],[-43.33199,-21.77241],[-43.332,-21.77227],[-43.33196,-21.77211],[-43.33193,-21.77204],[-43.33191,-21.77205],[-43.33182,-21.77189],[-43.33186,-21.77187],[-43.33172,-21.77169],[-43.33171,-21.7717],[-43.33163,-21.7716],[-43.33167,-21.77157],[-43.33164,-21.77151],[-43.33159,-21.77154],[-43.33151,-21.77142],[-43.33147,-21.77132],[-43.3314,-21.77095],[-43.33132,-21.77074],[-43.33063,-21.771],[-43.33065,-21.77124],[-43.33063,-21.77136],[-43.33057,-21.77146],[-43.33048,-21.77156],[-43.33008,-21.77181],[-43.32968,-21.77213],[-43.32944,-21.77237],[-43.32928,-21.77255],[-43.32917,-21.77273],[-43.3291,-21.77288],[-43.32904,-21.77308],[-43.329,-21.77333],[-43.32898,-21.77359],[-43.329,-21.77376],[-43.32913,-21.77412],[-43.32951,-21.77462],[-43.3296,-21.77475]]]]}},{"type":"Feature","properties":{"territory_id":"mg-3136702-vila-ozanan","name":"Vila Ozanan","municipality_id":"mg-3136702","polling_places":1,"approx":false,"official":true,"method":"official-ibge-cd2022","whole_municipality":false,"approx_coords_only":false,"official_name":"Ozanan","official_code":"3136702085","match":"prefix"},"geometry":{"type":"MultiPolygon","coordinates":[[[[-43.33469,-21.77332],[-43.33468,-21.77341],[-43.33449,-21.77362],[-43.33461,-21.77373],[-43.33468,-21.77375],[-43.33471,-21.77372],[-43.33479,-21.77378],[-43.33484,-21.77372],[-43.3349,-21.77377],[-43.33488,-21.77382],[-43.33485,-21.77387],[-43.33495,-21.77393],[-43.33529,-21.77421],[-43.33532,-21.77417],[-43.33544,-21.77422],[-43.33542,-21.77427],[-43.33564,-21.7743],[-43.33572,-21.77434],[-43.33577,-21.77422],[-43.33582,-21.77424],[-43.33581,-21.77428],[-43.33589,-21.77431],[-43.33591,-21.77428],[-43.336,-21.77432],[-43.33627,-21.77439],[-43.33628,-21.77436],[-43.33641,-21.7744],[-43.33645,-21.77438],[-43.33669,-21.77444],[-43.33683,-21.77436],[-43.33685,-21.77432],[-43.33691,-21.77428],[-43.33683,-21.77418],[-43.33674,-21.77412],[-43.33683,-21.77403],[-43.33758,-21.77424],[-43.33771,-21.77426],[-43.33795,-21.7742],[-43.33807,-21.77419],[-43.33854,-21.77437],[-43.33881,-21.77445],[-43.33893,-21.77451],[-43.33959,-21.77418],[-43.33991,-21.774],[-43.34084,-21.77368],[-43.34171,-21.77332],[-43.34183,-21.77321],[-43.34173,-21.77254],[-43.34192,-21.77192],[-43.34191,-21.77177],[-43.34145,-21.77154],[-43.34072,-21.77111],[-43.34077,-21.77098],[-43.34065,-21.77083],[-43.34,-21.7698],[-43.33961,-21.76936],[-43.33953,-21.76913],[-43.33949,-21.76883],[-43.33949,-21.76784],[-43.33898,-21.76782],[-43.33881,-21.76792],[-43.3388,-21.76804],[-43.33863,-21.76801],[-43.33832,-21.7681],[-43.33791,-21.76785],[-43.33798,-21.76796],[-43.33803,-21.76855],[-43.33797,-21.76856],[-43.33801,-21.76905],[-43.3381,-21.76906],[-43.33808,-21.76929],[-43.33815,-21.76935],[-43.33819,-21.76944],[-43.33819,-21.7695],[-43.33814,-21.76959],[-43.33809,-21.76963],[-43.33799,-21.76966],[-43.33841,-21.77056],[-43.33787,-21.77076],[-43.33792,-21.77085],[-43.33737,-21.77117],[-43.33749,-21.77143],[-43.33638,-21.77146],[-43.33617,-21.77074],[-43.33659,-21.77056],[-43.33679,-21.77027],[-43.33679,-21.76975],[-43.33674,-21.76966],[-43.33667,-21.76975],[-43.33609,-21.76992],[-43.33582,-21.76983],[-43.33579,-21.7698],[-43.33569,-21.76979],[-43.33569,-21.76977],[-43.33543,-21.76973],[-43.33534,-21.77026],[-43.33541,-21.77032],[-43.33566,-21.77027],[-43.33569,-21.77044],[-43.3357,-21.77044],[-43.33572,-21.77057],[-43.33571,-21.77061],[-43.33559,-21.77074],[-43.33526,-21.7713],[-43.3349,-21.77127],[-43.33492,-21.7712],[-43.33476,-21.77112],[-43.3347,-21.77104],[-43.33459,-21.77104],[-43.33458,-21.77123],[-43.33444,-21.77139],[-43.33443,-21.77165],[-43.33448,-21.77197],[-43.33442,-21.772],[-43.33428,-21.7718],[-43.33419,-21.77172],[-43.33411,-21.77169],[-43.33401,-21.7717],[-43.33389,-21.77196],[-43.33469,-21.77328],[-43.33469,-21.77332]]]]}},{"type":"Feature","properties":{"territory_id":"mg-3136702-vitorino-braga","name":"Vitorino Braga","municipality_id":"mg-3136702","polling_places":2,"approx":false,"official":true,"method":"official-ibge-cd2022","whole_municipality":false,"approx_coords_only":false,"official_name":"Vitorino Braga","official_code":"3136702012","match":"direct"},"geometry":{"type":"MultiPolygon","coordinates":[[[[-43.34328,-21.75585],[-43.34338,-21.75579],[-43.34363,-21.75552],[-43.34367,-21.75537],[-43.34373,-21.75539],[-43.34384,-21.75504],[-43.34445,-21.75522],[-43.34493,-21.75479],[-43.34717,-21.75291],[-43.34734,-21.75278],[-43.35113,-21.74955],[-43.35131,-21.74941],[-43.35144,-21.74929],[-43.35157,-21.74908],[-43.35174,-21.74874],[-43.3516,-21.74877],[-43.35153,-21.74902],[-43.3514,-21.74899],[-43.35146,-21.74878],[-43.35139,-21.74872],[-43.35138,-21.74865],[-43.35119,-21.7486],[-43.35115,-21.74867],[-43.35114,-21.74873],[-43.35092,-21.74868],[-43.35087,-21.74885],[-43.35017,-21.74869],[-43.35011,-21.74891],[-43.34994,-21.74888],[-43.34975,-21.74895],[-43.34962,-21.74925],[-43.34954,-21.74925],[-43.34945,-21.74935],[-43.34875,-21.75017],[-43.34867,-21.75031],[-43.34839,-21.751],[-43.34807,-21.75161],[-43.34768,-21.75191],[-43.34746,-21.75212],[-43.34703,-21.75246],[-43.34691,-21.75251],[-43.34675,-21.75254],[-43.34657,-21.75241],[-43.34668,-21.75221],[-43.3466,-21.75216],[-43.34664,-21.7521],[-43.34569,-21.75149],[-43.34567,-21.75152],[-43.34539,-21.75134],[-43.3454,-21.75131],[-43.34516,-21.75115],[-43.34521,-21.75108],[-43.34505,-21.75095],[-43.34449,-21.75062],[-43.34423,-21.75089],[-43.34409,-21.75083],[-43.34416,-21.75053],[-43.34401,-21.75045],[-43.34399,-21.75047],[-43.34377,-21.75034],[-43.34372,-21.75035],[-43.34367,-21.75033],[-43.34368,-21.75031],[-43.34349,-21.75017],[-43.34334,-21.75002],[-43.34313,-21.74986],[-43.3427,-21.74958],[-43.34255,-21.74918],[-43.34256,-21.74901],[-43.34244,-21.74888],[-43.34172,-21.74848],[-43.34111,-21.7482],[-43.34007,-21.74787],[-43.33976,-21.74767],[-43.33948,-21.74693],[-43.33915,-21.74514],[-43.33885,-21.74522],[-43.33855,-21.7446],[-43.33856,-21.74445],[-43.33862,-21.74435],[-43.33816,-21.7442],[-43.33831,-21.74402],[-43.3384,-21.74388],[-43.33846,-21.74346],[-43.33847,-21.7432],[-43.33833,-21.74293],[-43.33821,-21.74289],[-43.33794,-21.74285],[-43.33773,-21.74277],[-43.33755,-21.74265],[-43.33735,-21.74259],[-43.33679,-21.74256],[-43.336,-21.74224],[-43.33576,-21.7427],[-43.33569,-21.74346],[-43.33565,-21.74376],[-43.33554,-21.74432],[-43.3355,-21.7447],[-43.33539,-21.7449],[-43.33527,-21.74504],[-43.33515,-21.74515],[-43.335,-21.74525],[-43.33439,-21.74552],[-43.33423,-21.74561],[-43.33484,-21.74658],[-43.33475,-21.74669],[-43.33553,-21.74699],[-43.3359,-21.74711],[-43.33596,-21.74717],[-43.33598,-21.74729],[-43.33615,-21.74728],[-43.33646,-21.74736],[-43.3367,-21.7474],[-43.33706,-21.74752],[-43.33727,-21.74765],[-43.33742,-21.74771],[-43.33776,-21.74781],[-43.33795,-21.74792],[-43.33802,-21.74799],[-43.33812,-21.74816],[-43.33832,-21.74863],[-43.33832,-21.74873],[-43.33827,-21.74905],[-43.33855,-21.74906],[-43.33876,-21.74909],[-43.33898,-21.74917],[-43.33908,-21.74931],[-43.33979,-21.75057],[-43.34008,-21.7504],[-43.33997,-21.7502],[-43.34003,-21.75016],[-43.34069,-21.74989],[-43.34093,-21.75008],[-43.34137,-21.75059],[-43.34143,-21.75071],[-43.34165,-21.7508],[-43.34172,-21.75086],[-43.34149,-21.75101],[-43.34153,-21.75109],[-43.34153,-21.75116],[-43.3415,-21.75123],[-43.34139,-21.75134],[-43.34121,-21.75156],[-43.34105,-21.75155],[-43.34105,-21.75151],[-43.34091,-21.75154],[-43.34039,-21.75241],[-43.34009,-21.75317],[-43.34058,-21.75363],[-43.34133,-21.75421],[-43.34143,-21.75463],[-43.34148,-21.75489],[-43.3415,-21.75506],[-43.34155,-21.75523],[-43.34155,-21.75526],[-43.34162,-21.75523],[-43.34166,-21.75532],[-43.34181,-21.75525],[-43.34193,-21.75529],[-43.34187,-21.75559],[-43.34193,-21.75617],[-43.34197,-21.75624],[-43.34208,-21.75619],[-43.3422,-21.75608],[-43.34235,-21.75598],[-43.34246,-21.75588],[-43.34254,-21.75578],[-43.34266,-21.75569],[-43.3432,-21.75589],[-43.34328,-21.75585]]]]}}]}