{"type":"FeatureCollection","features":[{"type":"Feature","properties":{"territory_id":"mg-3170206-aclimacao","name":"Aclimação","municipality_id":"mg-3170206","polling_places":1,"approx":false,"official":true,"method":"official-ibge-cd2022","whole_municipality":false,"approx_coords_only":false,"official_name":"Aclimação","official_code":"3170206059","match":"direct"},"geometry":{"type":"MultiPolygon","coordinates":[[[[-48.23171,-18.88748],[-48.23264,-18.88738],[-48.23286,-18.88731],[-48.23137,-18.88376],[-48.23182,-18.8835],[-48.2339,-18.88239],[-48.23441,-18.88209],[-48.23493,-18.88154],[-48.23534,-18.88101],[-48.23605,-18.87986],[-48.23686,-18.88013],[-48.23826,-18.88082],[-48.23895,-18.88108],[-48.23959,-18.88127],[-48.24075,-18.88151],[-48.2413,-18.88155],[-48.24213,-18.88158],[-48.24264,-18.88155],[-48.24212,-18.87953],[-48.24201,-18.87926],[-48.24178,-18.87907],[-48.24159,-18.879],[-48.2411,-18.87894],[-48.24032,-18.87878],[-48.2393,-18.87849],[-48.2388,-18.8783],[-48.23807,-18.87784],[-48.23756,-18.87753],[-48.23736,-18.87746],[-48.23691,-18.87739],[-48.23681,-18.87731],[-48.23677,-18.87725],[-48.23669,-18.87702],[-48.23645,-18.87609],[-48.23596,-18.87451],[-48.23523,-18.87229],[-48.23375,-18.86794],[-48.23294,-18.86759],[-48.23223,-18.86702],[-48.23179,-18.86659],[-48.23146,-18.86621],[-48.23024,-18.86476],[-48.22933,-18.86273],[-48.224,-18.86324],[-48.2239,-18.86327],[-48.22425,-18.86442],[-48.22207,-18.8651],[-48.223,-18.86796],[-48.22323,-18.86859],[-48.22861,-18.88455],[-48.22865,-18.88461],[-48.22876,-18.88462],[-48.22914,-18.88452],[-48.23058,-18.88791],[-48.23084,-18.88781],[-48.23171,-18.88748]]]]}},{"type":"Feature","properties":{"territory_id":"mg-3170206-alvorada","name":"Alvorada","municipality_id":"mg-3170206","polling_places":1,"approx":false,"official":true,"method":"official-ibge-cd2022","whole_municipality":false,"approx_coords_only":false,"official_name":"Alvorada","official_code":"3170206054","match":"direct"},"geometry":{"type":"MultiPolygon","coordinates":[[[[-48.19932,-18.92446],[-48.2024,-18.92271],[-48.20587,-18.92065],[-48.20263,-18.91575],[-48.20152,-18.91643],[-48.20069,-18.91504],[-48.20006,-18.91537],[-48.19741,-18.91844],[-48.19706,-18.91896],[-48.19582,-18.92045],[-48.19443,-18.92216],[-48.19423,-18.92237],[-48.19446,-18.92283],[-48.1934,-18.92345],[-48.19302,-18.92369],[-48.19259,-18.92419],[-48.19202,-18.9245],[-48.19151,-18.92482],[-48.19194,-18.92555],[-48.19171,-18.9257],[-48.19021,-18.92656],[-48.1927,-18.92846],[-48.19749,-18.92556],[-48.19932,-18.92446]]]]}},{"type":"Feature","properties":{"territory_id":"mg-3170206-aparecida","name":"Aparecida","municipality_id":"mg-3170206","polling_places":3,"approx":true,"official":false,"method":"voronoi-polling-places","whole_municipality":false,"approx_coords_only":false},"geometry":{"type":"MultiPolygon","coordinates":[[[[-48.32399,-18.92263],[-48.31811,-18.92907],[-48.31786,-18.92902],[-48.31746,-18.92893],[-48.31602,-18.92865],[-48.31594,-18.92863],[-48.31457,-18.92836],[-48.31285,-18.92805],[-48.3083,-18.92719],[-48.30752,-18.92706],[-48.30357,-18.9263],[-48.30485,-18.92483],[-48.30596,-18.92362],[-48.30739,-18.92201],[-48.30868,-18.92062],[-48.31267,-18.91622],[-48.31275,-18.91629],[-48.31306,-18.91665],[-48.31339,-18.91725],[-48.31419,-18.91771],[-48.3147,-18.91795],[-48.31516,-18.91822],[-48.31551,-18.91845],[-48.31573,-18.91865],[-48.3162,-18.91886],[-48.31643,-18.91894],[-48.31657,-18.91908],[-48.3167,-18.91927],[-48.31703,-18.91939],[-48.31748,-18.91937],[-48.31766,-18.91945],[-48.31807,-18.91949],[-48.31824,-18.91954],[-48.31865,-18.91994],[-48.31881,-18.92018],[-48.31939,-18.92014],[-48.32021,-18.92018],[-48.32079,-18.92033],[-48.32134,-18.92064],[-48.32171,-18.92083],[-48.32181,-18.92088],[-48.32216,-18.92092],[-48.32266,-18.92131],[-48.32278,-18.92166],[-48.32309,-18.92193],[-48.32348,-18.9224],[-48.32391,-18.92259],[-48.32399,-18.92263]]],[[[-48.30735,-18.93906],[-48.30725,-18.93921],[-48.30699,-18.93957],[-48.30735,-18.93906]]],[[[-48.30713,-18.91185],[-48.30708,-18.91224],[-48.30699,-18.91265],[-48.30696,-18.91287],[-48.30693,-18.9131],[-48.30558,-18.91446],[-48.30498,-18.91509],[-48.30478,-18.91556],[-48.30467,-18.91619],[-48.3046,-18.91728],[-48.3044,-18.91815],[-48.3043,-18.91884],[-48.30413,-18.91937],[-48.30375,-18.91993],[-48.3033,-18.92032],[-48.30267,-18.92122],[-48.30245,-18.92135],[-48.30074,-18.92161],[-48.30025,-18.92138],[-48.30005,-18.92121],[-48.29982,-18.92129],[-48.29948,-18.9217],[-48.29936,-18.92202],[-48.29915,-18.9225],[-48.2989,-18.92289],[-48.29853,-18.92384],[-48.29849,-18.92395],[-48.29844,-18.92434],[-48.29824,-18.92472],[-48.29808,-18.92514],[-48.298,-18.92586],[-48.29784,-18.92604],[-48.2976,-18.92619],[-48.29734,-18.92629],[-48.29689,-18.92659],[-48.29645,-18.92669],[-48.29631,-18.92689],[-48.29466,-18.92547],[-48.2934,-18.9245],[-48.29256,-18.92402],[-48.29112,-18.92337],[-48.28833,-18.92207],[-48.29021,-18.92294],[-48.2921,-18.92279],[-48.29242,-18.92278],[-48.29297,-18.92271],[-48.29341,-18.92254],[-48.29381,-18.92227],[-48.29404,-18.92205],[-48.29609,-18.9196],[-48.29744,-18.91803],[-48.29813,-18.91713],[-48.2989,-18.91629],[-48.30049,-18.91447],[-48.30193,-18.91273],[-48.30326,-18.91121],[-48.30335,-18.91123],[-48.30345,-18.91121],[-48.30358,-18.91112],[-48.30359,-18.91099],[-48.30355,-18.91091],[-48.30347,-18.91085],[-48.3037,-18.91055],[-48.30471,-18.91051],[-48.30523,-18.91041],[-48.30489,-18.90799],[-48.30488,-18.90785],[-48.30622,-18.90855],[-48.3061,-18.9087],[-48.30583,-18.90923],[-48.30592,-18.90972],[-48.30608,-18.91019],[-48.30625,-18.91066],[-48.30693,-18.91109],[-48.30708,-18.91142],[-48.30713,-18.91185]]],[[[-48.30069,-18.95102],[-48.29115,-18.96305],[-48.29098,-18.96281],[-48.29089,-18.96226],[-48.29143,-18.95984],[-48.29147,-18.95888],[-48.29131,-18.9581],[-48.29114,-18.95784],[-48.29085,-18.95715],[-48.29073,-18.95619],[-48.29071,-18.95531],[-48.29095,-18.95479],[-48.29148,-18.95377],[-48.29199,-18.95303],[-48.29235,-18.95199],[-48.29232,-18.95158],[-48.29201,-18.95123],[-48.29248,-18.95101],[-48.29491,-18.95043],[-48.29542,-18.95038],[-48.29572,-18.95051],[-48.29598,-18.95041],[-48.29622,-18.95038],[-48.29637,-18.95047],[-48.29673,-18.95052],[-48.29742,-18.9504],[-48.29833,-18.9503],[-48.29873,-18.95019],[-48.29879,-18.95034],[-48.29902,-18.95043],[-48.29904,-18.95034],[-48.29919,-18.95018],[-48.29962,-18.95004],[-48.29982,-18.95009],[-48.29995,-18.95019],[-48.30003,-18.95031],[-48.30012,-18.95054],[-48.30027,-18.95072],[-48.30069,-18.95102]]],[[[-48.28177,-18.92476],[-48.28128,-18.9258],[-48.28065,-18.92706],[-48.28177,-18.92476]]],[[[-48.28177,-18.92476],[-48.28098,-18.92457],[-48.27756,-18.92374],[-48.27889,-18.92406],[-48.28177,-18.92476]]],[[[-48.27966,-18.9032],[-48.27851,-18.90674],[-48.27816,-18.90782],[-48.27657,-18.91278],[-48.27744,-18.91005],[-48.27966,-18.9032]]],[[[-48.2756,-18.89252],[-48.27505,-18.8929],[-48.27467,-18.89314],[-48.2756,-18.89252]]],[[[-48.2751,-18.90894],[-48.26972,-18.91255],[-48.26839,-18.91346],[-48.26761,-18.91397],[-48.26662,-18.91306],[-48.26496,-18.9117],[-48.26448,-18.91145],[-48.26406,-18.9113],[-48.26331,-18.91123],[-48.26225,-18.91139],[-48.26217,-18.90967],[-48.26162,-18.9078],[-48.26128,-18.90596],[-48.26109,-18.90508],[-48.26079,-18.90327],[-48.26052,-18.90245],[-48.26068,-18.90235],[-48.26081,-18.90243],[-48.26079,-18.90227],[-48.26169,-18.90166],[-48.26419,-18.89999],[-48.27049,-18.89579],[-48.27063,-18.89598],[-48.27025,-18.89638],[-48.26974,-18.89723],[-48.26959,-18.89795],[-48.26964,-18.89842],[-48.27017,-18.89963],[-48.27076,-18.90068],[-48.27155,-18.90216],[-48.27272,-18.90444],[-48.27309,-18.90521],[-48.27431,-18.90743],[-48.2747,-18.90821],[-48.2751,-18.90894]]],[[[-48.27399,-18.95811],[-48.27394,-18.9582],[-48.27381,-18.95832],[-48.27369,-18.95836],[-48.27366,-18.96627],[-48.27106,-18.96691],[-48.2652,-18.96941],[-48.266,-18.97002],[-48.26492,-18.97336],[-48.26286,-18.97989],[-48.26151,-18.98408],[-48.26233,-18.98433],[-48.26293,-18.98655],[-48.26273,-18.98673],[-48.26243,-18.98716],[-48.26223,-18.99139],[-48.26226,-18.99185],[-48.26231,-18.99213],[-48.26254,-18.99242],[-48.2627,-18.99258],[-48.26299,-18.99276],[-48.26334,-18.99285],[-48.26498,-18.99308],[-48.26559,-18.99319],[-48.26591,-18.99335],[-48.26621,-18.99355],[-48.2665,-18.99382],[-48.26678,-18.9938],[-48.21058,-19.0647],[-48.16764,-19.12072],[-48.02098,-18.91513],[-48.0614,-18.8858],[-48.1135,-18.8427],[-48.111,-18.8165],[-48.14451,-18.8147],[-48.22245,-18.85875],[-48.2239,-18.86327],[-48.22425,-18.86442],[-48.22207,-18.8651],[-48.223,-18.86796],[-48.2218,-18.86871],[-48.22138,-18.86896],[-48.2166,-18.87329],[-48.21751,-18.87517],[-48.21679,-18.87546],[-48.21654,-18.8749],[-48.21637,-18.87462],[-48.21613,-18.87435],[-48.21577,-18.8741],[-48.21312,-18.87263],[-48.2103,-18.87672],[-48.20726,-18.88106],[-48.20641,-18.882],[-48.20602,-18.88232],[-48.20646,-18.88281],[-48.20814,-18.88268],[-48.20977,-18.88259],[-48.21466,-18.8823],[-48.21485,-18.88239],[-48.21775,-18.88447],[-48.21775,-18.88456],[-48.21764,-18.8846],[-48.21689,-18.8861],[-48.21679,-18.88615],[-48.22056,-18.88783],[-48.22127,-18.88983],[-48.22279,-18.8943],[-48.22327,-18.89515],[-48.22255,-18.89493],[-48.22203,-18.89631],[-48.22031,-18.89727],[-48.2186,-18.89816],[-48.21281,-18.90132],[-48.2133,-18.90562],[-48.21325,-18.90569],[-48.21322,-18.90582],[-48.21093,-18.90614],[-48.21014,-18.90627],[-48.20692,-18.90672],[-48.20697,-18.90704],[-48.20421,-18.90743],[-48.20269,-18.90761],[-48.20062,-18.9078],[-48.20051,-18.90782],[-48.20037,-18.90783],[-48.19962,-18.90762],[-48.19962,-18.90758],[-48.19774,-18.90706],[-48.196,-18.90954],[-48.19425,-18.9119],[-48.19317,-18.91118],[-48.19244,-18.91078],[-48.19216,-18.91068],[-48.18771,-18.9026],[-48.1852,-18.90402],[-48.18385,-18.90476],[-48.18265,-18.90578],[-48.18134,-18.90672],[-48.18063,-18.90715],[-48.17992,-18.9075],[-48.17886,-18.90793],[-48.17805,-18.90814],[-48.17747,-18.90835],[-48.17667,-18.90869],[-48.17598,-18.90908],[-48.17526,-18.90958],[-48.17472,-18.90999],[-48.17407,-18.91066],[-48.17323,-18.91156],[-48.17239,-18.9124],[-48.17689,-18.91676],[-48.1779,-18.91754],[-48.18018,-18.91928],[-48.18338,-18.92162],[-48.19021,-18.92656],[-48.1927,-18.92846],[-48.19749,-18.92556],[-48.19932,-18.92446],[-48.2024,-18.92271],[-48.20587,-18.92065],[-48.21129,-18.91737],[-48.21327,-18.9162],[-48.2167,-18.91412],[-48.22173,-18.91107],[-48.22186,-18.91127],[-48.2222,-18.91186],[-48.22257,-18.9122],[-48.22301,-18.91236],[-48.22356,-18.91243],[-48.22269,-18.91798],[-48.22261,-18.91878],[-48.22241,-18.91974],[-48.22144,-18.92611],[-48.22133,-18.92711],[-48.22074,-18.93108],[-48.22012,-18.93488],[-48.2195,-18.93847],[-48.21914,-18.9403],[-48.21881,-18.9426],[-48.21865,-18.9436],[-48.21849,-18.94475],[-48.21847,-18.94514],[-48.21791,-18.94884],[-48.21615,-18.95961],[-48.21521,-18.96549],[-48.21437,-18.97116],[-48.21474,-18.97119],[-48.21493,-18.97124],[-48.22952,-18.97323],[-48.24669,-18.97558],[-48.24801,-18.97573],[-48.24872,-18.97574],[-48.24867,-18.97545],[-48.24924,-18.97247],[-48.25015,-18.96688],[-48.25069,-18.96405],[-48.25136,-18.96041],[-48.2522,-18.95622],[-48.25201,-18.95611],[-48.25194,-18.956],[-48.25191,-18.95591],[-48.25192,-18.95581],[-48.25196,-18.95569],[-48.25208,-18.95558],[-48.25224,-18.95552],[-48.25237,-18.95552],[-48.25252,-18.9556],[-48.25262,-18.95574],[-48.25266,-18.95588],[-48.25883,-18.95195],[-48.25926,-18.95175],[-48.2594,-18.9517],[-48.26308,-18.95083],[-48.26418,-18.9501],[-48.2643,-18.95018],[-48.26442,-18.95019],[-48.26452,-18.95015],[-48.26618,-18.95273],[-48.26626,-18.95271],[-48.26635,-18.95272],[-48.26642,-18.95276],[-48.26646,-18.9528],[-48.26648,-18.95288],[-48.26646,-18.95306],[-48.26659,-18.95321],[-48.26686,-18.95334],[-48.26726,-18.95345],[-48.26825,-18.95365],[-48.26865,-18.95363],[-48.26904,-18.9535],[-48.2695,-18.95317],[-48.26999,-18.9528],[-48.271,-18.9523],[-48.27191,-18.95201],[-48.27274,-18.95182],[-48.27372,-18.9518],[-48.27372,-18.95177],[-48.27374,-18.95308],[-48.27359,-18.95448],[-48.27365,-18.95564],[-48.27366,-18.95778],[-48.27382,-18.95782],[-48.27393,-18.95791],[-48.27399,-18.95803],[-48.27399,-18.95811]]],[[[-48.26712,-18.9359],[-48.26677,-18.9363],[-48.26653,-18.93644],[-48.26641,-18.93664],[-48.26612,-18.93698],[-48.2659,-18.93731],[-48.26589,-18.9375],[-48.26581,-18.93769],[-48.2659,-18.93782],[-48.26593,-18.93795],[-48.26582,-18.9381],[-48.2656,-18.93821],[-48.26542,-18.93867],[-48.26521,-18.93901],[-48.26482,-18.93952],[-48.26481,-18.93966],[-48.26466,-18.93971],[-48.26456,-18.9399],[-48.26433,-18.94002],[-48.2641,-18.94024],[-48.26386,-18.94034],[-48.26362,-18.94061],[-48.26347,-18.94097],[-48.26283,-18.9416],[-48.2612,-18.94282],[-48.26097,-18.9433],[-48.2606,-18.94389],[-48.26018,-18.94426],[-48.25918,-18.94528],[-48.25833,-18.94584],[-48.25774,-18.94646],[-48.25692,-18.94691],[-48.25599,-18.94766],[-48.25553,-18.94784],[-48.25521,-18.94818],[-48.25498,-18.94876],[-48.25314,-18.95092],[-48.25296,-18.95082],[-48.25285,-18.95071],[-48.25273,-18.9505],[-48.25267,-18.95022],[-48.25285,-18.9497],[-48.25389,-18.94824],[-48.25263,-18.94719],[-48.2519,-18.94794],[-48.25145,-18.94759],[-48.25071,-18.9469],[-48.25019,-18.94636],[-48.24972,-18.94581],[-48.2493,-18.94523],[-48.24911,-18.94486],[-48.24896,-18.94451],[-48.24897,-18.94391],[-48.24868,-18.94368],[-48.24825,-18.94273],[-48.2479,-18.94148],[-48.24764,-18.93961],[-48.24954,-18.93947],[-48.24918,-18.93549],[-48.24803,-18.93559],[-48.249,-18.93551],[-48.24917,-18.93512],[-48.24924,-18.93503],[-48.24938,-18.93495],[-48.24949,-18.93473],[-48.24962,-18.9347],[-48.24972,-18.93474],[-48.24987,-18.93474],[-48.25017,-18.9346],[-48.25039,-18.93429],[-48.25055,-18.93423],[-48.25077,-18.93418],[-48.25149,-18.93392],[-48.25243,-18.93376],[-48.25272,-18.93367],[-48.253,-18.93372],[-48.25311,-18.93371],[-48.25463,-18.9293],[-48.25747,-18.92673],[-48.25789,-18.92667],[-48.25841,-18.92687],[-48.2649,-18.92875],[-48.26331,-18.92829],[-48.26152,-18.93339],[-48.26147,-18.93358],[-48.26175,-18.93368],[-48.26203,-18.93376],[-48.26233,-18.93382],[-48.26263,-18.93396],[-48.2627,-18.93408],[-48.26298,-18.93406],[-48.26328,-18.93422],[-48.2634,-18.93414],[-48.26376,-18.93442],[-48.26392,-18.93466],[-48.26406,-18.93508],[-48.26447,-18.93534],[-48.26464,-18.93539],[-48.26476,-18.93538],[-48.26534,-18.93522],[-48.26552,-18.93529],[-48.2659,-18.93533],[-48.26616,-18.93539],[-48.26671,-18.93572],[-48.26712,-18.9359]]],[[[-48.26092,-18.92553],[-48.26058,-18.92573],[-48.26003,-18.92606],[-48.26092,-18.92553]]],[[[-48.25432,-18.88138],[-48.25389,-18.88224],[-48.25319,-18.88322],[-48.25234,-18.88398],[-48.25169,-18.88447],[-48.24647,-18.88795],[-48.2426,-18.89055],[-48.24069,-18.89188],[-48.23875,-18.89318],[-48.23583,-18.8951],[-48.23426,-18.89616],[-48.23403,-18.89557],[-48.23346,-18.89422],[-48.23261,-18.89212],[-48.23229,-18.8914],[-48.23173,-18.89006],[-48.23084,-18.88781],[-48.23171,-18.88748],[-48.23264,-18.88738],[-48.23286,-18.88731],[-48.23137,-18.88376],[-48.23182,-18.8835],[-48.2339,-18.88239],[-48.23441,-18.88209],[-48.23493,-18.88154],[-48.23534,-18.88101],[-48.23605,-18.87986],[-48.23686,-18.88013],[-48.23826,-18.88082],[-48.23895,-18.88108],[-48.23959,-18.88127],[-48.24075,-18.88151],[-48.2413,-18.88155],[-48.24213,-18.88158],[-48.24264,-18.88155],[-48.24212,-18.87953],[-48.24264,-18.88156],[-48.24268,-18.88185],[-48.24284,-18.88185],[-48.24295,-18.88187],[-48.24306,-18.88193],[-48.24315,-18.882],[-48.24324,-18.88212],[-48.2433,-18.88231],[-48.24477,-18.88213],[-48.24476,-18.88208],[-48.24482,-18.88179],[-48.2474,-18.88101],[-48.24759,-18.88129],[-48.24908,-18.88086],[-48.24978,-18.88064],[-48.2496,-18.88037],[-48.25109,-18.87991],[-48.25126,-18.88017],[-48.2518,-18.88002],[-48.252,-18.88017],[-48.25432,-18.88138]]],[[[-48.24809,-18.9285],[-48.24628,-18.92888],[-48.24482,-18.92918],[-48.24228,-18.92968],[-48.24677,-18.92878],[-48.24809,-18.9285]]],[[[-48.24745,-18.93564],[-48.24595,-18.93577],[-48.2473,-18.93566],[-48.24745,-18.93564]]],[[[-48.24018,-18.93039],[-48.23948,-18.93071],[-48.23986,-18.93053],[-48.24018,-18.93039]]],[[[-48.23548,-18.91511],[-48.2353,-18.91516],[-48.23512,-18.9152],[-48.23548,-18.91511]]],[[[-48.2342,-18.94535],[-48.23088,-18.94769],[-48.23382,-18.94563],[-48.2342,-18.94535]]],[[[-48.23392,-18.93391],[-48.23283,-18.93475],[-48.22886,-18.93775],[-48.23392,-18.93391]]],[[[-48.23284,-18.94878],[-48.22857,-18.94722],[-48.23011,-18.94778],[-48.23284,-18.94878]]],[[[-48.22068,-18.90933],[-48.22045,-18.90895],[-48.21988,-18.908],[-48.22068,-18.90933]]]]}},{"type":"Feature","properties":{"territory_id":"mg-3170206-bom-jesus","name":"Bom Jesus","municipality_id":"mg-3170206","polling_places":2,"approx":false,"official":true,"method":"official-ibge-cd2022","whole_municipality":false,"approx_coords_only":false,"official_name":"Bom Jesus","official_code":"3170206004","match":"direct"},"geometry":{"type":"MultiPolygon","coordinates":[[[[-48.27515,-18.90085],[-48.27373,-18.89973],[-48.27232,-18.89859],[-48.27175,-18.89777],[-48.27153,-18.89718],[-48.27148,-18.89536],[-48.27063,-18.89598],[-48.27025,-18.89638],[-48.26974,-18.89723],[-48.26959,-18.89795],[-48.26964,-18.89842],[-48.27017,-18.89963],[-48.27076,-18.90068],[-48.27155,-18.90216],[-48.27272,-18.90444],[-48.27309,-18.90521],[-48.27431,-18.90743],[-48.2747,-18.90821],[-48.2751,-18.90894],[-48.27553,-18.90977],[-48.27569,-18.90968],[-48.27584,-18.90963],[-48.27599,-18.90964],[-48.27744,-18.91005],[-48.27966,-18.9032],[-48.27793,-18.9028],[-48.27712,-18.90248],[-48.27526,-18.90094],[-48.27515,-18.90085]]]]}},{"type":"Feature","properties":{"territory_id":"mg-3170206-brasil","name":"Brasil","municipality_id":"mg-3170206","polling_places":4,"approx":false,"official":true,"method":"official-ibge-cd2022","whole_municipality":false,"approx_coords_only":false,"official_name":"Brasil","official_code":"3170206002","match":"direct"},"geometry":{"type":"MultiPolygon","coordinates":[[[[-48.26419,-18.89999],[-48.27049,-18.89579],[-48.27063,-18.89598],[-48.27148,-18.89536],[-48.27174,-18.89401],[-48.27163,-18.89305],[-48.27137,-18.89216],[-48.271,-18.89142],[-48.26955,-18.88934],[-48.26595,-18.88444],[-48.26337,-18.88613],[-48.26248,-18.8867],[-48.26067,-18.88789],[-48.26004,-18.88834],[-48.259,-18.88895],[-48.25819,-18.88948],[-48.25692,-18.89024],[-48.25557,-18.89102],[-48.25337,-18.89234],[-48.25131,-18.89354],[-48.25183,-18.8942],[-48.25197,-18.89435],[-48.25326,-18.89507],[-48.25434,-18.89563],[-48.25754,-18.89833],[-48.2602,-18.90187],[-48.26052,-18.90245],[-48.26068,-18.90235],[-48.26081,-18.90243],[-48.26079,-18.90227],[-48.26169,-18.90166],[-48.26419,-18.89999]]]]}},{"type":"Feature","properties":{"territory_id":"mg-3170206-carajas","name":"Carajás","municipality_id":"mg-3170206","polling_places":1,"approx":false,"official":true,"method":"official-ibge-cd2022","whole_municipality":false,"approx_coords_only":false,"official_name":"Carajás","official_code":"3170206067","match":"direct"},"geometry":{"type":"MultiPolygon","coordinates":[[[[-48.24746,-18.93564],[-48.249,-18.93551],[-48.24917,-18.93512],[-48.24924,-18.93503],[-48.24938,-18.93495],[-48.24949,-18.93473],[-48.24962,-18.9347],[-48.24972,-18.93474],[-48.24987,-18.93474],[-48.25017,-18.9346],[-48.25039,-18.93429],[-48.25055,-18.93423],[-48.25077,-18.93418],[-48.25149,-18.93392],[-48.25243,-18.93376],[-48.25272,-18.93367],[-48.253,-18.93372],[-48.25311,-18.93371],[-48.25463,-18.9293],[-48.25747,-18.92673],[-48.25229,-18.92768],[-48.24917,-18.9283],[-48.24809,-18.9285],[-48.24628,-18.92888],[-48.24482,-18.92918],[-48.24525,-18.9318],[-48.24595,-18.93577],[-48.2473,-18.93566],[-48.24746,-18.93564]]]]}},{"type":"Feature","properties":{"territory_id":"mg-3170206-cazeca","name":"Cazeca","municipality_id":"mg-3170206","polling_places":1,"approx":false,"official":true,"method":"official-ibge-cd2022","whole_municipality":false,"approx_coords_only":false,"official_name":"Cazeca","official_code":"3170206022","match":"direct"},"geometry":{"type":"MultiPolygon","coordinates":[[[[-48.26806,-18.91813],[-48.27095,-18.91622],[-48.27034,-18.91606],[-48.26964,-18.91571],[-48.26761,-18.91397],[-48.26662,-18.91306],[-48.26496,-18.9117],[-48.26448,-18.91145],[-48.26406,-18.9113],[-48.26331,-18.91123],[-48.26225,-18.91139],[-48.26197,-18.91363],[-48.26207,-18.91411],[-48.26451,-18.91653],[-48.26685,-18.91893],[-48.26761,-18.91844],[-48.26806,-18.91813]]]]}},{"type":"Feature","properties":{"territory_id":"mg-3170206-centro","name":"Centro","municipality_id":"mg-3170206","polling_places":1,"approx":false,"official":true,"method":"official-ibge-cd2022","whole_municipality":false,"approx_coords_only":false,"official_name":"Centro","official_code":"3170206035","match":"direct"},"geometry":{"type":"MultiPolygon","coordinates":[[[[-48.27906,-18.92328],[-48.28065,-18.92217],[-48.28361,-18.9202],[-48.28459,-18.91952],[-48.28239,-18.91821],[-48.28162,-18.91752],[-48.28083,-18.91677],[-48.27955,-18.91483],[-48.27949,-18.91499],[-48.27862,-18.91556],[-48.27657,-18.91278],[-48.27744,-18.91005],[-48.27599,-18.90964],[-48.27584,-18.90963],[-48.27569,-18.90968],[-48.27553,-18.90977],[-48.2751,-18.90894],[-48.26972,-18.91255],[-48.26839,-18.91346],[-48.26761,-18.91397],[-48.26964,-18.91571],[-48.27034,-18.91606],[-48.27095,-18.91622],[-48.26907,-18.91746],[-48.27021,-18.9185],[-48.27111,-18.9192],[-48.27398,-18.92126],[-48.27695,-18.92322],[-48.27756,-18.92374],[-48.27889,-18.92406],[-48.27906,-18.92328]]]]}},{"type":"Feature","properties":{"territory_id":"mg-3170206-cidade-jardim","name":"Cidade Jardim","municipality_id":"mg-3170206","polling_places":2,"approx":false,"official":true,"method":"official-ibge-cd2022","whole_municipality":false,"approx_coords_only":false,"official_name":"Cidade Jardim","official_code":"3170206024","match":"direct"},"geometry":{"type":"MultiPolygon","coordinates":[[[[-48.29783,-18.94305],[-48.29654,-18.94131],[-48.29512,-18.93867],[-48.29344,-18.9356],[-48.29417,-18.93473],[-48.29428,-18.93064],[-48.29367,-18.92984],[-48.29356,-18.92982],[-48.29351,-18.92976],[-48.29313,-18.92979],[-48.29305,-18.93018],[-48.29301,-18.93091],[-48.29304,-18.93172],[-48.29303,-18.93235],[-48.29295,-18.93377],[-48.2919,-18.93615],[-48.29101,-18.93674],[-48.29051,-18.93711],[-48.28932,-18.93868],[-48.28884,-18.93996],[-48.2886,-18.94103],[-48.2882,-18.943],[-48.28737,-18.94585],[-48.28735,-18.94664],[-48.28759,-18.9471],[-48.28752,-18.94766],[-48.28682,-18.94894],[-48.28683,-18.94954],[-48.28704,-18.94993],[-48.2875,-18.9501],[-48.28833,-18.9501],[-48.2892,-18.95028],[-48.29039,-18.95061],[-48.29071,-18.95088],[-48.29135,-18.95113],[-48.29201,-18.95123],[-48.29248,-18.95101],[-48.29491,-18.95043],[-48.29542,-18.95038],[-48.29572,-18.95051],[-48.29598,-18.95041],[-48.29622,-18.95038],[-48.29637,-18.95047],[-48.29673,-18.95052],[-48.29742,-18.9504],[-48.29833,-18.9503],[-48.29873,-18.95019],[-48.29879,-18.95034],[-48.29902,-18.95043],[-48.29904,-18.95034],[-48.29919,-18.95018],[-48.29962,-18.95004],[-48.29982,-18.95009],[-48.29995,-18.95019],[-48.30003,-18.95031],[-48.30012,-18.95054],[-48.30027,-18.95072],[-48.30137,-18.95151],[-48.30354,-18.95252],[-48.30497,-18.95286],[-48.30556,-18.95312],[-48.30655,-18.95318],[-48.30683,-18.95305],[-48.30699,-18.95305],[-48.30703,-18.95068],[-48.30712,-18.94777],[-48.30721,-18.9428],[-48.30725,-18.93921],[-48.30699,-18.93957],[-48.30603,-18.94068],[-48.30572,-18.94094],[-48.3055,-18.94105],[-48.30499,-18.94114],[-48.30063,-18.94194],[-48.29824,-18.94289],[-48.29783,-18.94305]]]]}},{"type":"Feature","properties":{"territory_id":"mg-3170206-cruzeiro-do-sul","name":"Cruzeiro do Sul","municipality_id":"mg-3170206","polling_places":1,"approx":true,"official":false,"method":"voronoi-polling-places","whole_municipality":false,"approx_coords_only":false},"geometry":{"type":"MultiPolygon","coordinates":[[[[-48.40512,-18.86771],[-48.35984,-18.89493],[-48.34065,-18.89009],[-48.34065,-18.89004],[-48.34059,-18.89008],[-48.33592,-18.8889],[-48.33578,-18.8887],[-48.33556,-18.88823],[-48.33477,-18.88685],[-48.33448,-18.88639],[-48.33414,-18.88594],[-48.33156,-18.88167],[-48.33124,-18.88226],[-48.33059,-18.88291],[-48.33036,-18.88324],[-48.33006,-18.88341],[-48.32963,-18.88345],[-48.32925,-18.88354],[-48.32822,-18.88335],[-48.32781,-18.88313],[-48.32737,-18.88294],[-48.32686,-18.88253],[-48.32633,-18.88234],[-48.32504,-18.88281],[-48.32451,-18.88306],[-48.32406,-18.88335],[-48.32298,-18.88396],[-48.32246,-18.88449],[-48.32166,-18.88508],[-48.32162,-18.88529],[-48.2989,-18.87956],[-48.29884,-18.87941],[-48.29868,-18.87929],[-48.29865,-18.87914],[-48.29838,-18.879],[-48.29787,-18.8786],[-48.29748,-18.87813],[-48.2966,-18.87755],[-48.295,-18.87702],[-48.29444,-18.87688],[-48.29427,-18.87679],[-48.29407,-18.87677],[-48.29371,-18.87671],[-48.29346,-18.8768],[-48.29305,-18.87683],[-48.29278,-18.87678],[-48.29236,-18.87675],[-48.29202,-18.87688],[-48.2917,-18.87694],[-48.29152,-18.87689],[-48.29124,-18.87691],[-48.29098,-18.87706],[-48.29084,-18.87712],[-48.29085,-18.87704],[-48.29082,-18.87696],[-48.29076,-18.87696],[-48.29066,-18.87683],[-48.29057,-18.87666],[-48.29057,-18.87656],[-48.29052,-18.87647],[-48.29029,-18.87631],[-48.29029,-18.87621],[-48.29023,-18.87604],[-48.28993,-18.87583],[-48.28988,-18.87568],[-48.28973,-18.87543],[-48.28957,-18.87547],[-48.28952,-18.87554],[-48.28942,-18.87558],[-48.28933,-18.87546],[-48.28939,-18.87517],[-48.28928,-18.87506],[-48.28921,-18.87487],[-48.289,-18.8748],[-48.28899,-18.87473],[-48.28893,-18.87466],[-48.28895,-18.87457],[-48.2889,-18.87454],[-48.28883,-18.87442],[-48.28875,-18.87436],[-48.2887,-18.8743],[-48.28862,-18.87416],[-48.28855,-18.87414],[-48.28848,-18.87408],[-48.28845,-18.87398],[-48.28823,-18.87387],[-48.28818,-18.87375],[-48.28803,-18.87366],[-48.28793,-18.87353],[-48.28787,-18.87341],[-48.28773,-18.87334],[-48.28765,-18.87327],[-48.28754,-18.87321],[-48.28737,-18.87319],[-48.28731,-18.87312],[-48.28724,-18.87307],[-48.28717,-18.87298],[-48.28704,-18.87294],[-48.28697,-18.87282],[-48.28686,-18.87281],[-48.28685,-18.8727],[-48.28676,-18.8727],[-48.28667,-18.87275],[-48.28638,-18.87257],[-48.28631,-18.87249],[-48.28614,-18.87252],[-48.28611,-18.87244],[-48.28583,-18.87243],[-48.28576,-18.87233],[-48.28578,-18.87222],[-48.28573,-18.87221],[-48.28574,-18.87215],[-48.28568,-18.87208],[-48.28556,-18.87212],[-48.28544,-18.87219],[-48.28533,-18.87222],[-48.28528,-18.8722],[-48.28523,-18.87162],[-48.28032,-18.87488],[-48.2887,-18.86931],[-48.28582,-18.86534],[-48.28499,-18.86434],[-48.2846,-18.86397],[-48.28427,-18.86374],[-48.28385,-18.86357],[-48.28301,-18.86331],[-48.2824,-18.86326],[-48.28181,-18.86331],[-48.2812,-18.86345],[-48.28062,-18.86372],[-48.2798,-18.86419],[-48.27692,-18.86611],[-48.27474,-18.86748],[-48.27489,-18.86768],[-48.27401,-18.86649],[-48.27396,-18.86637],[-48.27394,-18.86615],[-48.27399,-18.86589],[-48.27407,-18.86569],[-48.27458,-18.86499],[-48.27458,-18.86486],[-48.27443,-18.86466],[-48.27321,-18.86546],[-48.27172,-18.86648],[-48.27212,-18.86585],[-48.27278,-18.86489],[-48.27464,-18.862],[-48.27644,-18.85925],[-48.27668,-18.85884],[-48.28035,-18.85318],[-48.28061,-18.8526],[-48.2807,-18.8523],[-48.28086,-18.85214],[-48.28102,-18.85205],[-48.2814,-18.85215],[-48.28207,-18.85241],[-48.28224,-18.85245],[-48.28247,-18.85244],[-48.28262,-18.8524],[-48.28259,-18.85223],[-48.28246,-18.8521],[-48.2823,-18.852],[-48.28157,-18.85172],[-48.28121,-18.85162],[-48.28059,-18.85152],[-48.27999,-18.85147],[-48.27981,-18.85151],[-48.27961,-18.85165],[-48.2783,-18.85176],[-48.27715,-18.8521],[-48.27555,-18.8529],[-48.27428,-18.85358],[-48.27299,-18.85433],[-48.26403,-18.8592],[-48.26304,-18.8598],[-48.26273,-18.85996],[-48.26238,-18.8601],[-48.26184,-18.86029],[-48.26153,-18.86035],[-48.26055,-18.8605],[-48.2595,-18.8605],[-48.25833,-18.86032],[-48.25718,-18.85989],[-48.25477,-18.85877],[-48.25447,-18.85864],[-48.25391,-18.85837],[-48.2464,-18.85495],[-48.24481,-18.85443],[-48.24217,-18.85395],[-48.24038,-18.85376],[-48.22103,-18.85432],[-48.22245,-18.85875],[-48.14451,-18.8147],[-48.1502,-18.8144],[-48.1683,-18.7758],[-48.2221,-18.7578],[-48.258,-18.7752],[-48.25958,-18.75768],[-48.36031,-18.81741],[-48.40512,-18.86771]]],[[[-48.25451,-18.86724],[-48.25445,-18.86674],[-48.25444,-18.86649],[-48.25451,-18.86724]]]]}},{"type":"Feature","properties":{"territory_id":"mg-3170206-custodio-pereira","name":"Custódio Pereira","municipality_id":"mg-3170206","polling_places":3,"approx":false,"official":true,"method":"official-ibge-cd2022","whole_municipality":false,"approx_coords_only":false,"official_name":"Custódio Pereira","official_code":"3170206049","match":"direct"},"geometry":{"type":"MultiPolygon","coordinates":[[[[-48.24182,-18.89922],[-48.24781,-18.89565],[-48.24879,-18.89503],[-48.25337,-18.89234],[-48.25557,-18.89102],[-48.2518,-18.88595],[-48.25176,-18.88584],[-48.25173,-18.88564],[-48.2518,-18.88534],[-48.25186,-18.88512],[-48.25188,-18.88496],[-48.25177,-18.88463],[-48.25169,-18.88447],[-48.24647,-18.88795],[-48.2426,-18.89055],[-48.24069,-18.89188],[-48.23875,-18.89318],[-48.23583,-18.8951],[-48.23426,-18.89616],[-48.23403,-18.89557],[-48.22862,-18.89913],[-48.22657,-18.90099],[-48.22573,-18.90174],[-48.22551,-18.90207],[-48.22483,-18.90294],[-48.21991,-18.90728],[-48.21978,-18.90722],[-48.21963,-18.90721],[-48.2195,-18.90724],[-48.21938,-18.9073],[-48.21928,-18.90738],[-48.2192,-18.90749],[-48.21917,-18.90763],[-48.21916,-18.90774],[-48.21919,-18.90786],[-48.21928,-18.908],[-48.21941,-18.90808],[-48.21954,-18.90812],[-48.21972,-18.90809],[-48.21988,-18.908],[-48.22173,-18.91107],[-48.23865,-18.90108],[-48.23944,-18.9006],[-48.24174,-18.89926],[-48.24182,-18.89922]]]]}},{"type":"Feature","properties":{"territory_id":"mg-3170206-distrito-cruzeiro-dos-peixotos","name":"Distrito Cruzeiro dos Peixotos","municipality_id":"mg-3170206","polling_places":1,"approx":true,"official":false,"method":"voronoi-polling-places","whole_municipality":false,"approx_coords_only":false},"geometry":{"type":"MultiPolygon","coordinates":[[[[-48.4295,-18.65458],[-48.36031,-18.81741],[-48.25958,-18.75768],[-48.2613,-18.7386],[-48.3099,-18.7253],[-48.3294,-18.6422],[-48.3952,-18.6337],[-48.4295,-18.65458]]]]}},{"type":"Feature","properties":{"territory_id":"mg-3170206-distrito-de-martinesia","name":"Distrito de Martinésia","municipality_id":"mg-3170206","polling_places":1,"approx":true,"official":false,"method":"voronoi-polling-places","whole_municipality":false,"approx_coords_only":false},"geometry":{"type":"MultiPolygon","coordinates":[[[[-48.6012,-18.8395],[-48.5528,-18.8931],[-48.54415,-18.8962],[-48.42324,-18.87341],[-48.40512,-18.86771],[-48.36031,-18.81741],[-48.4295,-18.65458],[-48.4384,-18.66],[-48.4897,-18.5991],[-48.5174,-18.5947],[-48.534,-18.6289],[-48.513,-18.657],[-48.5077,-18.7344],[-48.4982,-18.7572],[-48.553,-18.7884],[-48.5625,-18.8241],[-48.6012,-18.8395]]]]}},{"type":"Feature","properties":{"territory_id":"mg-3170206-distrito-de-miraporanga","name":"Distrito de Miraporanga","municipality_id":"mg-3170206","polling_places":1,"approx":true,"official":false,"method":"voronoi-polling-places","whole_municipality":false,"approx_coords_only":false},"geometry":{"type":"MultiPolygon","coordinates":[[[[-48.8236,-19.1034],[-48.7246,-19.1806],[-48.6723,-19.1894],[-48.6455,-19.209],[-48.5733,-19.2291],[-48.4654,-19.3283],[-48.4764,-19.3462],[-48.4403,-19.3914],[-48.3993,-19.4103],[-48.3552,-19.4118],[-48.3475,-19.3684],[-48.3092,-19.2843],[-48.2679,-19.2378],[-48.2253,-19.2169],[-48.2291,-19.1903],[-48.1877,-19.17371],[-48.18824,-19.17136],[-48.26407,-19.14961],[-48.69868,-19.05992],[-48.7064,-19.0741],[-48.7603,-19.0757],[-48.8236,-19.1034]]]]}},{"type":"Feature","properties":{"territory_id":"mg-3170206-distrito-de-tapuirama","name":"Distrito de Tapuirama","municipality_id":"mg-3170206","polling_places":1,"approx":true,"official":false,"method":"voronoi-polling-places","whole_municipality":false,"approx_coords_only":false},"geometry":{"type":"MultiPolygon","coordinates":[[[[-48.18824,-19.17136],[-48.1877,-19.17371],[-48.1495,-19.1584],[-48.0893,-19.2151],[-48.0889,-19.2394],[-48.0031,-19.2535],[-47.9887,-19.3112],[-47.9592,-19.337],[-47.9485,-19.2938],[-47.903,-19.2642],[-47.9034,-19.2106],[-47.9206,-19.1347],[-47.9135,-19.0966],[-47.9319,-19.0681],[-47.956,-19.0699],[-47.9792,-19.0013],[-48.0069,-18.9716],[-48.0195,-18.9162],[-48.02098,-18.91513],[-48.16764,-19.12072],[-48.18824,-19.17136]]]]}},{"type":"Feature","properties":{"territory_id":"mg-3170206-dona-zulmira","name":"Dona Zulmira","municipality_id":"mg-3170206","polling_places":1,"approx":false,"official":true,"method":"official-ibge-cd2022","whole_municipality":false,"approx_coords_only":false,"official_name":"Dona Zulmira","official_code":"3170206042","match":"direct"},"geometry":{"type":"MultiPolygon","coordinates":[[[[-48.31429,-18.91446],[-48.31459,-18.91409],[-48.31714,-18.91128],[-48.31755,-18.9108],[-48.31833,-18.91038],[-48.3208,-18.9093],[-48.32205,-18.90881],[-48.32371,-18.90753],[-48.32037,-18.90722],[-48.31994,-18.90674],[-48.31992,-18.90653],[-48.32,-18.90633],[-48.31962,-18.90626],[-48.31745,-18.90694],[-48.31518,-18.90755],[-48.31292,-18.90818],[-48.31075,-18.90888],[-48.30897,-18.90936],[-48.30608,-18.91019],[-48.30625,-18.91066],[-48.30693,-18.91109],[-48.30708,-18.91142],[-48.30713,-18.91185],[-48.30708,-18.91224],[-48.30699,-18.91265],[-48.30696,-18.91287],[-48.30748,-18.91315],[-48.30763,-18.91317],[-48.30772,-18.91326],[-48.30788,-18.91321],[-48.30804,-18.91319],[-48.30821,-18.9133],[-48.30832,-18.91341],[-48.30846,-18.91352],[-48.3086,-18.9135],[-48.3087,-18.91365],[-48.30903,-18.91393],[-48.30923,-18.91408],[-48.30935,-18.91419],[-48.30949,-18.91426],[-48.3096,-18.91436],[-48.30991,-18.91455],[-48.31045,-18.9148],[-48.31071,-18.91489],[-48.31083,-18.91506],[-48.31087,-18.91518],[-48.31113,-18.91521],[-48.31125,-18.91521],[-48.31162,-18.91558],[-48.31172,-18.91572],[-48.31214,-18.91599],[-48.3123,-18.91602],[-48.31246,-18.91608],[-48.31267,-18.91622],[-48.31415,-18.91461],[-48.31429,-18.91446]]]]}},{"type":"Feature","properties":{"territory_id":"mg-3170206-fundinho","name":"Fundinho","municipality_id":"mg-3170206","polling_places":2,"approx":false,"official":true,"method":"official-ibge-cd2022","whole_municipality":false,"approx_coords_only":false,"official_name":"Fundinho","official_code":"3170206040","match":"direct"},"geometry":{"type":"MultiPolygon","coordinates":[[[[-48.28128,-18.9258],[-48.28065,-18.92706],[-48.28185,-18.92804],[-48.28107,-18.92845],[-48.28124,-18.92856],[-48.28374,-18.92855],[-48.28444,-18.9279],[-48.28454,-18.92693],[-48.28459,-18.92547],[-48.28521,-18.92548],[-48.28526,-18.92351],[-48.28529,-18.92124],[-48.28361,-18.9202],[-48.28065,-18.92217],[-48.27906,-18.92328],[-48.27889,-18.92406],[-48.28177,-18.92476],[-48.28128,-18.9258]]]]}},{"type":"Feature","properties":{"territory_id":"mg-3170206-gavea","name":"Gávea","municipality_id":"mg-3170206","polling_places":1,"approx":false,"official":true,"method":"official-ibge-cd2022","whole_municipality":false,"approx_coords_only":false,"official_name":"Gávea","official_code":"3170206061","match":"direct"},"geometry":{"type":"MultiPolygon","coordinates":[[[[-48.28704,-18.94993],[-48.28683,-18.94953],[-48.28605,-18.94954],[-48.28528,-18.94959],[-48.28423,-18.9496],[-48.28381,-18.94964],[-48.28337,-18.9498],[-48.27787,-18.95162],[-48.27712,-18.95174],[-48.27372,-18.95175],[-48.27374,-18.95308],[-48.27359,-18.95448],[-48.27365,-18.95564],[-48.27366,-18.95778],[-48.27382,-18.95782],[-48.27393,-18.95791],[-48.27399,-18.95803],[-48.27399,-18.95811],[-48.27394,-18.9582],[-48.27381,-18.95832],[-48.27369,-18.95836],[-48.27366,-18.96627],[-48.2811,-18.96465],[-48.28212,-18.96449],[-48.28278,-18.96441],[-48.28348,-18.96442],[-48.2843,-18.96451],[-48.28543,-18.96475],[-48.28638,-18.96512],[-48.28727,-18.96558],[-48.28796,-18.96608],[-48.28921,-18.9671],[-48.28917,-18.96744],[-48.28874,-18.96838],[-48.28822,-18.96971],[-48.28795,-18.97085],[-48.28775,-18.97246],[-48.28869,-18.97351],[-48.2899,-18.97448],[-48.29081,-18.97511],[-48.29166,-18.9738],[-48.29278,-18.97183],[-48.29303,-18.97076],[-48.29296,-18.97025],[-48.29287,-18.9686],[-48.29283,-18.96701],[-48.29264,-18.96571],[-48.29244,-18.96487],[-48.29098,-18.96281],[-48.29089,-18.96226],[-48.29143,-18.95984],[-48.29147,-18.95888],[-48.29131,-18.9581],[-48.29114,-18.95784],[-48.29085,-18.95715],[-48.29073,-18.95619],[-48.29071,-18.95531],[-48.29095,-18.95479],[-48.29148,-18.95377],[-48.29199,-18.95303],[-48.29235,-18.95199],[-48.29232,-18.95158],[-48.29201,-18.95123],[-48.29135,-18.95113],[-48.29071,-18.95088],[-48.29039,-18.95061],[-48.2892,-18.95028],[-48.28833,-18.9501],[-48.2875,-18.9501],[-48.28704,-18.94993]]]]}},{"type":"Feature","properties":{"territory_id":"mg-3170206-granada","name":"Granada","municipality_id":"mg-3170206","polling_places":1,"approx":false,"official":true,"method":"official-ibge-cd2022","whole_municipality":false,"approx_coords_only":false,"official_name":"Granada","official_code":"3170206051","match":"direct"},"geometry":{"type":"MultiPolygon","coordinates":[[[[-48.23548,-18.94979],[-48.23779,-18.95062],[-48.23915,-18.95106],[-48.24173,-18.95197],[-48.24353,-18.95268],[-48.24708,-18.95404],[-48.25192,-18.95581],[-48.25196,-18.95569],[-48.25208,-18.95558],[-48.25224,-18.95552],[-48.25237,-18.95552],[-48.25249,-18.95516],[-48.25253,-18.95493],[-48.25254,-18.95476],[-48.25229,-18.95192],[-48.2519,-18.94794],[-48.25145,-18.94759],[-48.25071,-18.9469],[-48.25019,-18.94636],[-48.24972,-18.94581],[-48.2493,-18.94523],[-48.24911,-18.94486],[-48.24896,-18.94451],[-48.24897,-18.94391],[-48.24868,-18.94368],[-48.24825,-18.94273],[-48.2479,-18.94148],[-48.24764,-18.93961],[-48.24512,-18.93985],[-48.2434,-18.93996],[-48.24229,-18.93999],[-48.2405,-18.94076],[-48.24065,-18.94101],[-48.2387,-18.94233],[-48.23642,-18.94394],[-48.23469,-18.94508],[-48.2342,-18.94535],[-48.23088,-18.94769],[-48.23052,-18.94776],[-48.23011,-18.94778],[-48.23284,-18.94878],[-48.23346,-18.94905],[-48.23508,-18.9496],[-48.23548,-18.94979]]]]}},{"type":"Feature","properties":{"territory_id":"mg-3170206-grand-ville","name":"Grand Ville","municipality_id":"mg-3170206","polling_places":1,"approx":false,"official":true,"method":"official-ibge-cd2022","whole_municipality":false,"approx_coords_only":false,"official_name":"Grand Ville","official_code":"3170206062","match":"direct"},"geometry":{"type":"MultiPolygon","coordinates":[[[[-48.22045,-18.90895],[-48.21988,-18.908],[-48.21972,-18.90809],[-48.21954,-18.90812],[-48.21941,-18.90808],[-48.21928,-18.908],[-48.21919,-18.90786],[-48.21916,-18.90774],[-48.21917,-18.90763],[-48.2192,-18.90749],[-48.21928,-18.90738],[-48.21938,-18.9073],[-48.2195,-18.90724],[-48.21963,-18.90721],[-48.21978,-18.90722],[-48.21991,-18.90728],[-48.22483,-18.90294],[-48.22551,-18.90207],[-48.22573,-18.90174],[-48.22563,-18.90161],[-48.22562,-18.90153],[-48.22565,-18.90138],[-48.22568,-18.90126],[-48.22581,-18.90114],[-48.22327,-18.89515],[-48.22255,-18.89493],[-48.22203,-18.89631],[-48.22031,-18.89727],[-48.2186,-18.89816],[-48.21281,-18.90132],[-48.2133,-18.90562],[-48.21325,-18.90569],[-48.21322,-18.90582],[-48.21323,-18.90589],[-48.21332,-18.90603],[-48.21335,-18.90605],[-48.21348,-18.90717],[-48.21371,-18.9089],[-48.21411,-18.91132],[-48.21436,-18.91179],[-48.21487,-18.91254],[-48.21458,-18.91286],[-48.21526,-18.91323],[-48.2167,-18.91412],[-48.22173,-18.91107],[-48.22091,-18.90972],[-48.22045,-18.90895]]]]}},{"type":"Feature","properties":{"territory_id":"mg-3170206-granja-marileusa","name":"Granja Marileusa","municipality_id":"mg-3170206","polling_places":1,"approx":false,"official":true,"method":"official-ibge-cd2022","whole_municipality":false,"approx_coords_only":false,"official_name":"Granja Marileusa","official_code":"3170206056","match":"direct"},"geometry":{"type":"MultiPolygon","coordinates":[[[[-48.24908,-18.88086],[-48.24978,-18.88064],[-48.2496,-18.88037],[-48.25109,-18.87991],[-48.25126,-18.88017],[-48.25498,-18.87909],[-48.25526,-18.87905],[-48.25591,-18.87889],[-48.2563,-18.87846],[-48.25712,-18.8778],[-48.25981,-18.87597],[-48.25901,-18.87498],[-48.2575,-18.87294],[-48.256,-18.87088],[-48.25552,-18.87018],[-48.25495,-18.86894],[-48.25473,-18.86832],[-48.25462,-18.86789],[-48.25451,-18.86724],[-48.25445,-18.86674],[-48.25428,-18.86358],[-48.25409,-18.8616],[-48.25391,-18.85837],[-48.2464,-18.85495],[-48.24481,-18.85443],[-48.24217,-18.85395],[-48.24038,-18.85376],[-48.22103,-18.85432],[-48.2239,-18.86327],[-48.224,-18.86324],[-48.22933,-18.86273],[-48.23024,-18.86476],[-48.23146,-18.86621],[-48.23179,-18.86659],[-48.23223,-18.86702],[-48.23294,-18.86759],[-48.23375,-18.86794],[-48.23523,-18.87229],[-48.23596,-18.87451],[-48.23645,-18.87609],[-48.23669,-18.87702],[-48.23677,-18.87725],[-48.23681,-18.87731],[-48.23691,-18.87739],[-48.23736,-18.87746],[-48.23756,-18.87753],[-48.23807,-18.87784],[-48.2388,-18.8783],[-48.2393,-18.87849],[-48.24032,-18.87878],[-48.2411,-18.87894],[-48.24159,-18.879],[-48.24178,-18.87907],[-48.24201,-18.87926],[-48.24212,-18.87953],[-48.24264,-18.88156],[-48.24268,-18.88185],[-48.24284,-18.88185],[-48.24295,-18.88187],[-48.24306,-18.88193],[-48.24315,-18.882],[-48.24324,-18.88212],[-48.2433,-18.88231],[-48.24477,-18.88213],[-48.24476,-18.88208],[-48.24482,-18.88179],[-48.2474,-18.88101],[-48.24759,-18.88129],[-48.24908,-18.88086]]]]}},{"type":"Feature","properties":{"territory_id":"mg-3170206-guarani","name":"Guarani","municipality_id":"mg-3170206","polling_places":1,"approx":false,"official":true,"method":"official-ibge-cd2022","whole_municipality":false,"approx_coords_only":false,"official_name":"Guarani","official_code":"3170206008","match":"direct"},"geometry":{"type":"MultiPolygon","coordinates":[[[[-48.33066,-18.89654],[-48.33546,-18.89343],[-48.33775,-18.89199],[-48.3361,-18.88915],[-48.33578,-18.8887],[-48.33556,-18.88823],[-48.33477,-18.88685],[-48.33448,-18.88639],[-48.33414,-18.88594],[-48.33156,-18.88167],[-48.33124,-18.88226],[-48.33059,-18.88291],[-48.33036,-18.88324],[-48.33006,-18.88341],[-48.32963,-18.88345],[-48.32925,-18.88354],[-48.32822,-18.88335],[-48.32781,-18.88313],[-48.32737,-18.88294],[-48.32686,-18.88253],[-48.32633,-18.88234],[-48.32504,-18.88281],[-48.32451,-18.88306],[-48.32406,-18.88335],[-48.32298,-18.88396],[-48.32246,-18.88449],[-48.32166,-18.88508],[-48.32157,-18.88557],[-48.32173,-18.8874],[-48.32154,-18.88787],[-48.32149,-18.8882],[-48.32145,-18.8886],[-48.32152,-18.88904],[-48.32128,-18.88954],[-48.32102,-18.88994],[-48.32061,-18.89019],[-48.3204,-18.89049],[-48.32038,-18.89116],[-48.32027,-18.89161],[-48.32005,-18.8918],[-48.32121,-18.89379],[-48.32162,-18.89452],[-48.32381,-18.89822],[-48.32479,-18.89952],[-48.32549,-18.90005],[-48.32735,-18.89872],[-48.33049,-18.89665],[-48.33066,-18.89654]]]]}},{"type":"Feature","properties":{"territory_id":"mg-3170206-jaragua","name":"Jaragua","municipality_id":"mg-3170206","polling_places":1,"approx":false,"official":true,"method":"official-ibge-cd2022","whole_municipality":false,"approx_coords_only":false,"official_name":"Jaraguá","official_code":"3170206046","match":"direct"},"geometry":{"type":"MultiPolygon","coordinates":[[[[-48.30107,-18.93004],[-48.30612,-18.93722],[-48.30644,-18.93593],[-48.3075,-18.93092],[-48.30757,-18.93074],[-48.30764,-18.9305],[-48.30798,-18.92889],[-48.3083,-18.92719],[-48.30752,-18.92706],[-48.30357,-18.9263],[-48.30485,-18.92483],[-48.30596,-18.92362],[-48.30739,-18.92201],[-48.30868,-18.92062],[-48.31267,-18.91622],[-48.31246,-18.91608],[-48.3123,-18.91602],[-48.31214,-18.91599],[-48.31172,-18.91572],[-48.31162,-18.91558],[-48.31125,-18.91521],[-48.31113,-18.91521],[-48.31087,-18.91518],[-48.31083,-18.91506],[-48.31071,-18.91489],[-48.31045,-18.9148],[-48.30991,-18.91455],[-48.3096,-18.91436],[-48.30949,-18.91426],[-48.30935,-18.91419],[-48.30923,-18.91408],[-48.30903,-18.91393],[-48.3087,-18.91365],[-48.3086,-18.9135],[-48.30846,-18.91352],[-48.30832,-18.91341],[-48.30821,-18.9133],[-48.30804,-18.91319],[-48.30788,-18.91321],[-48.30772,-18.91326],[-48.30763,-18.91317],[-48.30748,-18.91315],[-48.30696,-18.91287],[-48.30693,-18.9131],[-48.30558,-18.91446],[-48.30498,-18.91509],[-48.30478,-18.91556],[-48.30467,-18.91619],[-48.3046,-18.91728],[-48.3044,-18.91815],[-48.3043,-18.91884],[-48.30413,-18.91937],[-48.30375,-18.91993],[-48.3033,-18.92032],[-48.30267,-18.92122],[-48.30245,-18.92135],[-48.30074,-18.92161],[-48.30025,-18.92138],[-48.30005,-18.92121],[-48.29982,-18.92129],[-48.29948,-18.9217],[-48.29936,-18.92202],[-48.29915,-18.9225],[-48.2989,-18.92289],[-48.29853,-18.92384],[-48.29849,-18.92395],[-48.29844,-18.92434],[-48.29824,-18.92472],[-48.29808,-18.92514],[-48.298,-18.92586],[-48.29784,-18.92604],[-48.2976,-18.92619],[-48.29734,-18.92629],[-48.29689,-18.92659],[-48.29645,-18.92669],[-48.29631,-18.92689],[-48.29698,-18.92754],[-48.29859,-18.92841],[-48.29942,-18.9289],[-48.29985,-18.92911],[-48.30014,-18.92927],[-48.30068,-18.92965],[-48.30107,-18.93004]]]]}},{"type":"Feature","properties":{"territory_id":"mg-3170206-jardim-brasilia","name":"Jardim Brasilia","municipality_id":"mg-3170206","polling_places":2,"approx":false,"official":true,"method":"official-ibge-cd2022","whole_municipality":false,"approx_coords_only":false,"official_name":"Jardim Brasília","official_code":"3170206018","match":"direct"},"geometry":{"type":"MultiPolygon","coordinates":[[[[-48.29541,-18.89492],[-48.2961,-18.90309],[-48.29614,-18.90373],[-48.29612,-18.90404],[-48.29547,-18.9043],[-48.29528,-18.90433],[-48.29494,-18.90536],[-48.29603,-18.90587],[-48.29724,-18.90672],[-48.29804,-18.90712],[-48.29853,-18.9073],[-48.30166,-18.90819],[-48.30203,-18.90834],[-48.30232,-18.90847],[-48.30284,-18.90897],[-48.30324,-18.91013],[-48.30345,-18.91035],[-48.3037,-18.91055],[-48.30471,-18.91051],[-48.30523,-18.91041],[-48.30489,-18.90799],[-48.30484,-18.90728],[-48.30547,-18.90449],[-48.30544,-18.90438],[-48.30701,-18.90261],[-48.31015,-18.89859],[-48.31273,-18.89517],[-48.31534,-18.89186],[-48.31525,-18.8918],[-48.31503,-18.89174],[-48.31482,-18.89165],[-48.31472,-18.89149],[-48.31424,-18.8914],[-48.31417,-18.89129],[-48.31402,-18.89115],[-48.31371,-18.89094],[-48.31368,-18.89078],[-48.31359,-18.89068],[-48.31311,-18.89057],[-48.31297,-18.89052],[-48.31263,-18.89051],[-48.3125,-18.89046],[-48.31221,-18.89031],[-48.31197,-18.89027],[-48.31187,-18.89016],[-48.31153,-18.88999],[-48.31142,-18.88988],[-48.31124,-18.88981],[-48.3109,-18.88976],[-48.31076,-18.88969],[-48.31058,-18.88971],[-48.31042,-18.88966],[-48.31025,-18.88972],[-48.31001,-18.88957],[-48.30979,-18.88952],[-48.30966,-18.88942],[-48.30956,-18.8893],[-48.30942,-18.88921],[-48.30914,-18.8892],[-48.3089,-18.88916],[-48.30876,-18.88911],[-48.3086,-18.88911],[-48.30845,-18.88904],[-48.30834,-18.88887],[-48.30818,-18.88872],[-48.30761,-18.88931],[-48.30737,-18.88964],[-48.30721,-18.88963],[-48.30717,-18.88983],[-48.30689,-18.89006],[-48.30665,-18.89032],[-48.30645,-18.89073],[-48.30595,-18.89107],[-48.30579,-18.89112],[-48.30573,-18.89116],[-48.30564,-18.89125],[-48.3045,-18.89141],[-48.30397,-18.89141],[-48.30321,-18.89148],[-48.30287,-18.89148],[-48.30242,-18.89142],[-48.30204,-18.89141],[-48.3016,-18.89132],[-48.3015,-18.89119],[-48.30101,-18.89125],[-48.30074,-18.89122],[-48.30028,-18.89104],[-48.2996,-18.89089],[-48.29917,-18.89072],[-48.2987,-18.89065],[-48.29833,-18.89063],[-48.29796,-18.89059],[-48.29763,-18.89058],[-48.2971,-18.89046],[-48.29678,-18.89026],[-48.29637,-18.89035],[-48.29576,-18.89038],[-48.29532,-18.89038],[-48.29503,-18.89048],[-48.29537,-18.89447],[-48.29541,-18.89492]]]]}},{"type":"Feature","properties":{"territory_id":"mg-3170206-jardim-canaa","name":"Jardim Canaã","municipality_id":"mg-3170206","polling_places":3,"approx":false,"official":true,"method":"official-ibge-cd2022","whole_municipality":false,"approx_coords_only":false,"official_name":"Jardim Canaã","official_code":"3170206047","match":"direct"},"geometry":{"type":"MultiPolygon","coordinates":[[[[-48.32702,-18.9719],[-48.33069,-18.97036],[-48.33326,-18.96926],[-48.33366,-18.96908],[-48.33388,-18.96957],[-48.33396,-18.96953],[-48.33546,-18.97085],[-48.33624,-18.97036],[-48.33658,-18.9695],[-48.33538,-18.96867],[-48.33899,-18.96699],[-48.34425,-18.96483],[-48.34314,-18.96465],[-48.33724,-18.96025],[-48.3348,-18.95839],[-48.33323,-18.95764],[-48.33296,-18.95755],[-48.32954,-18.95481],[-48.32903,-18.95442],[-48.32508,-18.95122],[-48.32499,-18.95136],[-48.32485,-18.95313],[-48.32484,-18.95459],[-48.3248,-18.95618],[-48.32491,-18.95965],[-48.32481,-18.95963],[-48.32341,-18.96037],[-48.32278,-18.96222],[-48.32167,-18.96387],[-48.31947,-18.96644],[-48.31855,-18.96795],[-48.31697,-18.97105],[-48.31739,-18.97101],[-48.31774,-18.97105],[-48.31838,-18.97107],[-48.31889,-18.97081],[-48.31968,-18.97091],[-48.31999,-18.97105],[-48.32005,-18.97123],[-48.32035,-18.9714],[-48.32089,-18.97176],[-48.32113,-18.9718],[-48.32154,-18.972],[-48.32172,-18.97215],[-48.32203,-18.97243],[-48.32254,-18.97271],[-48.32342,-18.97334],[-48.32354,-18.97338],[-48.32515,-18.97265],[-48.32606,-18.97229],[-48.3261,-18.97229],[-48.32702,-18.9719]]]]}},{"type":"Feature","properties":{"territory_id":"mg-3170206-jardim-das-palmeiras","name":"Jardim das Palmeiras","municipality_id":"mg-3170206","polling_places":2,"approx":false,"official":true,"method":"official-ibge-cd2022","whole_municipality":false,"approx_coords_only":false,"official_name":"Jardim das Palmeiras","official_code":"3170206037","match":"direct"},"geometry":{"type":"MultiPolygon","coordinates":[[[[-48.3138,-18.94881],[-48.32422,-18.9507],[-48.32454,-18.95079],[-48.3248,-18.95032],[-48.32301,-18.94733],[-48.32147,-18.94463],[-48.32133,-18.94333],[-48.32142,-18.94296],[-48.31907,-18.94225],[-48.31491,-18.94117],[-48.31281,-18.94058],[-48.31032,-18.9399],[-48.30735,-18.93906],[-48.30725,-18.93921],[-48.30721,-18.9428],[-48.30712,-18.94777],[-48.30703,-18.95068],[-48.30699,-18.95305],[-48.3068,-18.96111],[-48.30951,-18.95685],[-48.31055,-18.95506],[-48.31244,-18.95152],[-48.3138,-18.94881]]]]}},{"type":"Feature","properties":{"territory_id":"mg-3170206-jardim-europa","name":"Jardim Europa","municipality_id":"mg-3170206","polling_places":1,"approx":false,"official":true,"method":"official-ibge-cd2022","whole_municipality":false,"approx_coords_only":false,"official_name":"Jardim Europa","official_code":"3170206074","match":"direct"},"geometry":{"type":"MultiPolygon","coordinates":[[[[-48.32941,-18.93205],[-48.32829,-18.9318],[-48.32866,-18.93243],[-48.3287,-18.93259],[-48.32896,-18.93281],[-48.3288,-18.93373],[-48.32849,-18.93417],[-48.32758,-18.93486],[-48.32693,-18.93598],[-48.3265,-18.93619],[-48.3262,-18.93637],[-48.32579,-18.93699],[-48.32511,-18.93765],[-48.32512,-18.93801],[-48.32459,-18.93855],[-48.32455,-18.93886],[-48.32408,-18.9394],[-48.32379,-18.93961],[-48.32338,-18.93998],[-48.32338,-18.94024],[-48.3233,-18.94042],[-48.32295,-18.94065],[-48.32273,-18.94091],[-48.32263,-18.94128],[-48.32243,-18.94154],[-48.32142,-18.94296],[-48.34399,-18.94934],[-48.34832,-18.95061],[-48.34973,-18.95098],[-48.35364,-18.95211],[-48.35406,-18.95198],[-48.35417,-18.95185],[-48.35427,-18.95154],[-48.35409,-18.95134],[-48.35345,-18.95052],[-48.35289,-18.94958],[-48.35269,-18.94919],[-48.35221,-18.94791],[-48.35126,-18.94496],[-48.35108,-18.94458],[-48.35074,-18.9437],[-48.35027,-18.94261],[-48.34973,-18.9416],[-48.3481,-18.93871],[-48.34675,-18.93619],[-48.34599,-18.93614],[-48.34507,-18.93594],[-48.34278,-18.93525],[-48.34034,-18.93464],[-48.33985,-18.93452],[-48.33985,-18.9345],[-48.33687,-18.93384],[-48.33188,-18.93264],[-48.32941,-18.93205]]]]}},{"type":"Feature","properties":{"territory_id":"mg-3170206-jardim-holanda","name":"Jardim Holanda","municipality_id":"mg-3170206","polling_places":1,"approx":false,"official":true,"method":"official-ibge-cd2022","whole_municipality":false,"approx_coords_only":false,"official_name":"Jardim Holanda","official_code":"3170206048","match":"direct"},"geometry":{"type":"MultiPolygon","coordinates":[[[[-48.32481,-18.95963],[-48.32491,-18.95965],[-48.3248,-18.95618],[-48.32484,-18.95459],[-48.32485,-18.95313],[-48.32499,-18.95136],[-48.32508,-18.95122],[-48.32454,-18.95079],[-48.32422,-18.9507],[-48.3138,-18.94881],[-48.31244,-18.95152],[-48.31055,-18.95506],[-48.30951,-18.95685],[-48.3068,-18.96111],[-48.30667,-18.9672],[-48.30672,-18.96764],[-48.30733,-18.97072],[-48.30918,-18.97014],[-48.31045,-18.96985],[-48.31288,-18.96989],[-48.31361,-18.96977],[-48.31394,-18.97004],[-48.31449,-18.97029],[-48.31552,-18.97057],[-48.3159,-18.97056],[-48.3163,-18.97066],[-48.31697,-18.97105],[-48.31855,-18.96795],[-48.31947,-18.96644],[-48.32167,-18.96387],[-48.32278,-18.96222],[-48.32341,-18.96037],[-48.32481,-18.95963]]]]}},{"type":"Feature","properties":{"territory_id":"mg-3170206-jardim-ipanema","name":"Jardim Ipanema","municipality_id":"mg-3170206","polling_places":1,"approx":false,"official":true,"method":"official-ibge-cd2022","whole_municipality":false,"approx_coords_only":false,"official_name":"Jardim Ipanema","official_code":"3170206073","match":"direct"},"geometry":{"type":"MultiPolygon","coordinates":[[[[-48.20977,-18.88259],[-48.21466,-18.8823],[-48.21485,-18.88239],[-48.21775,-18.88447],[-48.21775,-18.88456],[-48.21764,-18.8846],[-48.21689,-18.8861],[-48.21679,-18.88615],[-48.22056,-18.88783],[-48.22127,-18.88983],[-48.22279,-18.8943],[-48.22327,-18.89515],[-48.22581,-18.90114],[-48.22568,-18.90126],[-48.22565,-18.90138],[-48.22562,-18.90153],[-48.22563,-18.90161],[-48.22573,-18.90174],[-48.22657,-18.90099],[-48.22862,-18.89913],[-48.23403,-18.89557],[-48.23346,-18.89422],[-48.23261,-18.89212],[-48.23229,-18.8914],[-48.23173,-18.89006],[-48.23084,-18.88781],[-48.23058,-18.88791],[-48.22914,-18.88452],[-48.22876,-18.88462],[-48.22865,-18.88461],[-48.22861,-18.88455],[-48.22323,-18.86859],[-48.223,-18.86796],[-48.2218,-18.86871],[-48.22138,-18.86896],[-48.2166,-18.87329],[-48.21751,-18.87517],[-48.21679,-18.87546],[-48.21654,-18.8749],[-48.21637,-18.87462],[-48.21613,-18.87435],[-48.21577,-18.8741],[-48.21312,-18.87263],[-48.2103,-18.87672],[-48.20726,-18.88106],[-48.20641,-18.882],[-48.20602,-18.88232],[-48.20646,-18.88281],[-48.20814,-18.88268],[-48.20977,-18.88259]]]]}},{"type":"Feature","properties":{"territory_id":"mg-3170206-jardim-karaiba","name":"Jardim Karaíba","municipality_id":"mg-3170206","polling_places":1,"approx":false,"official":true,"method":"official-ibge-cd2022","whole_municipality":false,"approx_coords_only":false,"official_name":"Jardim Karaíba","official_code":"3170206030","match":"direct"},"geometry":{"type":"MultiPolygon","coordinates":[[[[-48.2594,-18.9517],[-48.26308,-18.95083],[-48.26418,-18.9501],[-48.2643,-18.95018],[-48.26442,-18.95019],[-48.26452,-18.95015],[-48.26618,-18.95273],[-48.26626,-18.95271],[-48.26635,-18.95272],[-48.26642,-18.95276],[-48.26646,-18.9528],[-48.26648,-18.95288],[-48.26646,-18.95306],[-48.26659,-18.95321],[-48.26686,-18.95334],[-48.26726,-18.95345],[-48.26825,-18.95365],[-48.26865,-18.95363],[-48.26904,-18.9535],[-48.2695,-18.95317],[-48.26999,-18.9528],[-48.271,-18.9523],[-48.27191,-18.95201],[-48.27274,-18.95182],[-48.27372,-18.9518],[-48.27373,-18.9477],[-48.27378,-18.93793],[-48.27381,-18.93684],[-48.27383,-18.93633],[-48.27492,-18.93453],[-48.27377,-18.93423],[-48.27294,-18.93438],[-48.27264,-18.93451],[-48.27221,-18.93456],[-48.27188,-18.9347],[-48.27169,-18.93469],[-48.27147,-18.93474],[-48.27136,-18.93496],[-48.27119,-18.93512],[-48.27095,-18.9352],[-48.27061,-18.93548],[-48.27034,-18.93552],[-48.2699,-18.93524],[-48.26948,-18.93508],[-48.269,-18.93519],[-48.26857,-18.93518],[-48.26842,-18.93532],[-48.26778,-18.93577],[-48.26749,-18.93601],[-48.26735,-18.93601],[-48.26712,-18.9359],[-48.26677,-18.9363],[-48.26653,-18.93644],[-48.26641,-18.93664],[-48.26612,-18.93698],[-48.2659,-18.93731],[-48.26589,-18.9375],[-48.26581,-18.93769],[-48.2659,-18.93782],[-48.26593,-18.93795],[-48.26582,-18.9381],[-48.2656,-18.93821],[-48.26542,-18.93867],[-48.26521,-18.93901],[-48.26482,-18.93952],[-48.26481,-18.93966],[-48.26466,-18.93971],[-48.26456,-18.9399],[-48.26433,-18.94002],[-48.2641,-18.94024],[-48.26386,-18.94034],[-48.26362,-18.94061],[-48.26347,-18.94097],[-48.26283,-18.9416],[-48.2612,-18.94282],[-48.26097,-18.9433],[-48.2606,-18.94389],[-48.26018,-18.94426],[-48.25918,-18.94528],[-48.25833,-18.94584],[-48.25774,-18.94646],[-48.25692,-18.94691],[-48.25599,-18.94766],[-48.25553,-18.94784],[-48.25521,-18.94818],[-48.25498,-18.94876],[-48.25314,-18.95092],[-48.25296,-18.95082],[-48.25285,-18.95071],[-48.25273,-18.9505],[-48.25267,-18.95022],[-48.25285,-18.9497],[-48.25389,-18.94824],[-48.25263,-18.94719],[-48.2519,-18.94794],[-48.25229,-18.95192],[-48.25254,-18.95476],[-48.25253,-18.95493],[-48.25249,-18.95516],[-48.25237,-18.95552],[-48.25252,-18.9556],[-48.25262,-18.95574],[-48.25266,-18.95588],[-48.25883,-18.95195],[-48.25926,-18.95175],[-48.2594,-18.9517]]]]}},{"type":"Feature","properties":{"territory_id":"mg-3170206-jardim-patricia","name":"Jardim Patrícia","municipality_id":"mg-3170206","polling_places":2,"approx":false,"official":true,"method":"official-ibge-cd2022","whole_municipality":false,"approx_coords_only":false,"official_name":"Jardim Patrícia","official_code":"3170206006","match":"direct"},"geometry":{"type":"MultiPolygon","coordinates":[[[[-48.32255,-18.91915],[-48.32389,-18.91653],[-48.32568,-18.91289],[-48.32709,-18.91441],[-48.32861,-18.91595],[-48.33279,-18.91213],[-48.3332,-18.91177],[-48.33495,-18.91014],[-48.33478,-18.90926],[-48.334,-18.90909],[-48.33343,-18.90888],[-48.33299,-18.90865],[-48.33235,-18.90823],[-48.33118,-18.90638],[-48.32797,-18.90597],[-48.32396,-18.90555],[-48.32246,-18.90563],[-48.32095,-18.90596],[-48.32,-18.90633],[-48.31992,-18.90653],[-48.31994,-18.90674],[-48.32037,-18.90722],[-48.32371,-18.90753],[-48.32205,-18.90881],[-48.3208,-18.9093],[-48.31833,-18.91038],[-48.31755,-18.9108],[-48.31714,-18.91128],[-48.31459,-18.91409],[-48.31429,-18.91446],[-48.31267,-18.91622],[-48.31275,-18.91629],[-48.31306,-18.91665],[-48.31339,-18.91725],[-48.31419,-18.91771],[-48.3147,-18.91795],[-48.31516,-18.91822],[-48.31551,-18.91845],[-48.31573,-18.91865],[-48.3162,-18.91886],[-48.31643,-18.91894],[-48.31657,-18.91908],[-48.3167,-18.91927],[-48.31703,-18.91939],[-48.31748,-18.91937],[-48.31766,-18.91945],[-48.31807,-18.91949],[-48.31824,-18.91954],[-48.31865,-18.91994],[-48.31881,-18.92018],[-48.31939,-18.92014],[-48.32021,-18.92018],[-48.32079,-18.92033],[-48.32134,-18.92064],[-48.32171,-18.92083],[-48.32248,-18.91935],[-48.32255,-18.91915]]]]}},{"type":"Feature","properties":{"territory_id":"mg-3170206-laranjeiras","name":"Laranjeiras","municipality_id":"mg-3170206","polling_places":3,"approx":false,"official":true,"method":"official-ibge-cd2022","whole_municipality":false,"approx_coords_only":false,"official_name":"Laranjeiras","official_code":"3170206039","match":"direct"},"geometry":{"type":"MultiPolygon","coordinates":[[[[-48.24867,-18.97545],[-48.24924,-18.97247],[-48.25015,-18.96688],[-48.25069,-18.96405],[-48.25136,-18.96041],[-48.2522,-18.95622],[-48.25201,-18.95611],[-48.25194,-18.956],[-48.25191,-18.95591],[-48.25192,-18.95581],[-48.24708,-18.95404],[-48.24353,-18.95268],[-48.24173,-18.95197],[-48.23915,-18.95106],[-48.23779,-18.95062],[-48.23722,-18.95041],[-48.23447,-18.9535],[-48.2327,-18.95552],[-48.23244,-18.95582],[-48.23241,-18.95616],[-48.23127,-18.96047],[-48.23097,-18.96155],[-48.23109,-18.96159],[-48.23099,-18.96222],[-48.23052,-18.96603],[-48.23043,-18.96651],[-48.2303,-18.96783],[-48.22973,-18.97206],[-48.22952,-18.97323],[-48.24669,-18.97558],[-48.24801,-18.97573],[-48.24872,-18.97574],[-48.24867,-18.97545]]]]}},{"type":"Feature","properties":{"territory_id":"mg-3170206-liberdade","name":"Liberdade","municipality_id":"mg-3170206","polling_places":1,"approx":true,"official":false,"method":"voronoi-polling-places","whole_municipality":false,"approx_coords_only":false},"geometry":{"type":"MultiPolygon","coordinates":[[[[-48.35984,-18.89493],[-48.33862,-18.91072],[-48.33853,-18.91065],[-48.33783,-18.91021],[-48.33699,-18.90984],[-48.33654,-18.90968],[-48.33478,-18.90926],[-48.334,-18.90909],[-48.33343,-18.90888],[-48.33299,-18.90865],[-48.33235,-18.90823],[-48.33118,-18.90638],[-48.33288,-18.90653],[-48.33451,-18.90653],[-48.33557,-18.90646],[-48.33603,-18.90635],[-48.33897,-18.90534],[-48.34141,-18.90443],[-48.34132,-18.90413],[-48.34113,-18.9014],[-48.341,-18.89905],[-48.3408,-18.89444],[-48.34065,-18.89009],[-48.35984,-18.89493]]],[[[-48.34059,-18.89008],[-48.33827,-18.8916],[-48.33775,-18.89199],[-48.3361,-18.88915],[-48.33592,-18.8889],[-48.34059,-18.89008]]],[[[-48.33086,-18.89642],[-48.32992,-18.89703],[-48.33049,-18.89665],[-48.33066,-18.89654],[-48.33086,-18.89642]]],[[[-48.32173,-18.8874],[-48.32154,-18.88787],[-48.32149,-18.8882],[-48.32145,-18.8886],[-48.32152,-18.88904],[-48.32128,-18.88954],[-48.32102,-18.88994],[-48.32061,-18.89019],[-48.3204,-18.89049],[-48.32038,-18.89116],[-48.32027,-18.89161],[-48.32005,-18.8918],[-48.31968,-18.8919],[-48.31919,-18.89199],[-48.31873,-18.89195],[-48.31833,-18.8917],[-48.3179,-18.89137],[-48.31748,-18.89126],[-48.31684,-18.89113],[-48.31643,-18.89127],[-48.31621,-18.89149],[-48.31624,-18.89187],[-48.31614,-18.89234],[-48.31634,-18.89297],[-48.31656,-18.89342],[-48.31683,-18.89377],[-48.31656,-18.89426],[-48.31546,-18.8953],[-48.31498,-18.89624],[-48.31481,-18.89708],[-48.31473,-18.89809],[-48.31422,-18.90073],[-48.31388,-18.90108],[-48.31376,-18.90153],[-48.31398,-18.90199],[-48.31483,-18.90359],[-48.31447,-18.90388],[-48.31421,-18.90405],[-48.31397,-18.90416],[-48.31223,-18.90457],[-48.31139,-18.90474],[-48.31038,-18.90501],[-48.30973,-18.9052],[-48.3092,-18.90586],[-48.30859,-18.90676],[-48.30805,-18.90745],[-48.30766,-18.90775],[-48.3072,-18.90802],[-48.30636,-18.90838],[-48.30622,-18.90855],[-48.30488,-18.90785],[-48.30484,-18.90728],[-48.30547,-18.90449],[-48.30544,-18.90438],[-48.30701,-18.90261],[-48.31015,-18.89859],[-48.31273,-18.89517],[-48.31534,-18.89186],[-48.31525,-18.8918],[-48.31503,-18.89174],[-48.31482,-18.89165],[-48.31472,-18.89149],[-48.31424,-18.8914],[-48.31417,-18.89129],[-48.31402,-18.89115],[-48.31371,-18.89094],[-48.31368,-18.89078],[-48.31359,-18.89068],[-48.31311,-18.89057],[-48.31297,-18.89052],[-48.31263,-18.89051],[-48.3125,-18.89046],[-48.31221,-18.89031],[-48.31197,-18.89027],[-48.31187,-18.89016],[-48.31153,-18.88999],[-48.31142,-18.88988],[-48.31124,-18.88981],[-48.3109,-18.88976],[-48.31076,-18.88969],[-48.31058,-18.88971],[-48.31042,-18.88966],[-48.31025,-18.88972],[-48.31001,-18.88957],[-48.30979,-18.88952],[-48.30966,-18.88942],[-48.30956,-18.8893],[-48.30942,-18.88921],[-48.30914,-18.8892],[-48.3089,-18.88916],[-48.30876,-18.88911],[-48.3086,-18.88911],[-48.30845,-18.88904],[-48.30834,-18.88887],[-48.30818,-18.88872],[-48.30806,-18.8886],[-48.308,-18.88841],[-48.30797,-18.88821],[-48.30789,-18.88806],[-48.30759,-18.88776],[-48.30746,-18.88764],[-48.3073,-18.88755],[-48.30709,-18.88749],[-48.30699,-18.88734],[-48.30668,-18.88728],[-48.30656,-18.8872],[-48.30654,-18.88703],[-48.30656,-18.88674],[-48.30651,-18.88661],[-48.30627,-18.88642],[-48.30612,-18.88633],[-48.30576,-18.88625],[-48.30545,-18.88607],[-48.30545,-18.88586],[-48.30539,-18.88569],[-48.3052,-18.88565],[-48.30496,-18.88565],[-48.3048,-18.8853],[-48.30465,-18.88524],[-48.30454,-18.88514],[-48.30436,-18.88503],[-48.30423,-18.8849],[-48.30412,-18.88474],[-48.30407,-18.8846],[-48.30394,-18.88443],[-48.30376,-18.8843],[-48.30362,-18.88415],[-48.30345,-18.88388],[-48.30333,-18.88357],[-48.30327,-18.88332],[-48.30278,-18.88322],[-48.30251,-18.88284],[-48.30239,-18.88273],[-48.30222,-18.88218],[-48.30214,-18.88199],[-48.30197,-18.88175],[-48.30177,-18.88177],[-48.30151,-18.88136],[-48.30133,-18.88126],[-48.30117,-18.88111],[-48.30084,-18.88088],[-48.30075,-18.88067],[-48.30066,-18.88061],[-48.30058,-18.88054],[-48.30049,-18.88037],[-48.30033,-18.88028],[-48.30021,-18.88018],[-48.30009,-18.88013],[-48.29991,-18.88009],[-48.2997,-18.88009],[-48.29942,-18.88003],[-48.2993,-18.87973],[-48.29891,-18.8796],[-48.2989,-18.87956],[-48.32162,-18.88529],[-48.32157,-18.88557],[-48.32173,-18.8874]]],[[[-48.30066,-18.88061],[-48.29792,-18.88338],[-48.29706,-18.88425],[-48.29696,-18.88435],[-48.30066,-18.88061]]],[[[-48.29551,-18.8858],[-48.29187,-18.88945],[-48.2921,-18.88921],[-48.29276,-18.88855],[-48.29551,-18.8858]]],[[[-48.29011,-18.89122],[-48.28712,-18.89023],[-48.28622,-18.88993],[-48.29011,-18.89122]]],[[[-48.28083,-18.89097],[-48.28051,-18.89143],[-48.28074,-18.89108],[-48.28083,-18.89097]]],[[[-48.26955,-18.88934],[-48.26595,-18.88444],[-48.26149,-18.87836],[-48.26955,-18.88934]]],[[[-48.26498,-18.87101],[-48.26182,-18.87313],[-48.26431,-18.87146],[-48.26498,-18.87101]]],[[[-48.25591,-18.87889],[-48.25547,-18.87947],[-48.25458,-18.88088],[-48.25432,-18.88138],[-48.252,-18.88017],[-48.2518,-18.88002],[-48.25498,-18.87909],[-48.25526,-18.87905],[-48.25591,-18.87889]]]]}},{"type":"Feature","properties":{"territory_id":"mg-3170206-lidice","name":"Lídice","municipality_id":"mg-3170206","polling_places":3,"approx":false,"official":true,"method":"official-ibge-cd2022","whole_municipality":false,"approx_coords_only":false,"official_name":"Lídice","official_code":"3170206044","match":"direct"},"geometry":{"type":"MultiPolygon","coordinates":[[[[-48.26983,-18.92218],[-48.27087,-18.92333],[-48.27148,-18.92435],[-48.27218,-18.92505],[-48.27376,-18.92635],[-48.27517,-18.92791],[-48.27773,-18.9299],[-48.28046,-18.92544],[-48.28098,-18.92457],[-48.27756,-18.92374],[-48.27695,-18.92322],[-48.27398,-18.92126],[-48.27111,-18.9192],[-48.27021,-18.9185],[-48.26907,-18.91746],[-48.26685,-18.91893],[-48.26857,-18.92086],[-48.26983,-18.92218]]]]}},{"type":"Feature","properties":{"territory_id":"mg-3170206-luizote-de-freitas","name":"Luizote de Freitas","municipality_id":"mg-3170206","polling_places":4,"approx":false,"official":true,"method":"official-ibge-cd2022","whole_municipality":false,"approx_coords_only":false,"official_name":"Luizote de Freitas","official_code":"3170206010","match":"direct"},"geometry":{"type":"MultiPolygon","coordinates":[[[[-48.32248,-18.91935],[-48.32171,-18.92083],[-48.32181,-18.92088],[-48.32216,-18.92092],[-48.32266,-18.92131],[-48.32278,-18.92166],[-48.32309,-18.92193],[-48.32348,-18.9224],[-48.32391,-18.92259],[-48.32461,-18.92294],[-48.32496,-18.92303],[-48.32518,-18.92306],[-48.32531,-18.92299],[-48.32547,-18.92298],[-48.32564,-18.92307],[-48.32581,-18.92318],[-48.3259,-18.92341],[-48.3264,-18.92384],[-48.32706,-18.92411],[-48.32746,-18.92458],[-48.32781,-18.9248],[-48.32811,-18.92505],[-48.32842,-18.92525],[-48.32856,-18.92542],[-48.32888,-18.92559],[-48.32915,-18.92567],[-48.32972,-18.92564],[-48.32984,-18.92556],[-48.3307,-18.92537],[-48.33085,-18.92537],[-48.3312,-18.92526],[-48.33143,-18.92526],[-48.33173,-18.92536],[-48.33252,-18.92534],[-48.33289,-18.92541],[-48.33314,-18.92537],[-48.33345,-18.92544],[-48.33361,-18.92546],[-48.33378,-18.92551],[-48.3339,-18.9256],[-48.33404,-18.92565],[-48.3341,-18.9258],[-48.3346,-18.9259],[-48.33488,-18.9259],[-48.33502,-18.92591],[-48.33523,-18.92599],[-48.3354,-18.92596],[-48.33557,-18.92602],[-48.33569,-18.92598],[-48.33594,-18.92612],[-48.33611,-18.92611],[-48.33626,-18.92606],[-48.33676,-18.92599],[-48.33715,-18.92607],[-48.33741,-18.92609],[-48.33763,-18.92609],[-48.33789,-18.92606],[-48.338,-18.92613],[-48.33813,-18.92625],[-48.33817,-18.9264],[-48.33829,-18.92649],[-48.33857,-18.92649],[-48.33874,-18.92644],[-48.33895,-18.92644],[-48.33907,-18.92651],[-48.33922,-18.92665],[-48.33945,-18.92681],[-48.3397,-18.92693],[-48.33992,-18.92691],[-48.34029,-18.92683],[-48.34079,-18.92695],[-48.34092,-18.9269],[-48.34144,-18.92689],[-48.34077,-18.92563],[-48.34043,-18.92467],[-48.34033,-18.92422],[-48.34015,-18.92323],[-48.34009,-18.92176],[-48.34028,-18.91992],[-48.34083,-18.91535],[-48.34082,-18.9146],[-48.34074,-18.91397],[-48.34044,-18.91306],[-48.34009,-18.91237],[-48.33998,-18.91218],[-48.3397,-18.91178],[-48.33934,-18.91138],[-48.33892,-18.91098],[-48.33853,-18.91065],[-48.33783,-18.91021],[-48.33699,-18.90984],[-48.33654,-18.90968],[-48.33478,-18.90926],[-48.33495,-18.91014],[-48.3332,-18.91177],[-48.33279,-18.91213],[-48.32861,-18.91595],[-48.32709,-18.91441],[-48.32568,-18.91289],[-48.32389,-18.91653],[-48.32255,-18.91915],[-48.32248,-18.91935]]]]}},{"type":"Feature","properties":{"territory_id":"mg-3170206-mansour","name":"Mansour","municipality_id":"mg-3170206","polling_places":3,"approx":false,"official":true,"method":"official-ibge-cd2022","whole_municipality":false,"approx_coords_only":false,"official_name":"Mansour","official_code":"3170206009","match":"direct"},"geometry":{"type":"MultiPolygon","coordinates":[[[[-48.33183,-18.92536],[-48.33173,-18.92536],[-48.33143,-18.92526],[-48.3312,-18.92526],[-48.33085,-18.92537],[-48.3307,-18.92537],[-48.32984,-18.92556],[-48.32972,-18.92564],[-48.32915,-18.92567],[-48.32888,-18.92559],[-48.32876,-18.92587],[-48.32863,-18.92596],[-48.32853,-18.92617],[-48.32847,-18.92638],[-48.32864,-18.92657],[-48.3288,-18.92682],[-48.32897,-18.9272],[-48.32887,-18.92744],[-48.32876,-18.92754],[-48.3288,-18.92794],[-48.32854,-18.92836],[-48.32853,-18.9285],[-48.32858,-18.92863],[-48.32875,-18.92869],[-48.32852,-18.92902],[-48.32843,-18.92921],[-48.32848,-18.92941],[-48.32839,-18.9299],[-48.32844,-18.93006],[-48.32817,-18.9304],[-48.32818,-18.93059],[-48.32825,-18.93082],[-48.32829,-18.9318],[-48.32941,-18.93205],[-48.33687,-18.93384],[-48.33985,-18.9345],[-48.33985,-18.93452],[-48.34034,-18.93464],[-48.34278,-18.93525],[-48.34507,-18.93594],[-48.34599,-18.93614],[-48.34675,-18.93619],[-48.34379,-18.93111],[-48.34144,-18.92689],[-48.34092,-18.9269],[-48.34079,-18.92695],[-48.34029,-18.92683],[-48.33992,-18.92691],[-48.3397,-18.92693],[-48.33945,-18.92681],[-48.33922,-18.92665],[-48.33907,-18.92651],[-48.33895,-18.92644],[-48.33874,-18.92644],[-48.33857,-18.92649],[-48.33829,-18.92649],[-48.33817,-18.9264],[-48.33813,-18.92625],[-48.338,-18.92613],[-48.33789,-18.92606],[-48.33763,-18.92609],[-48.33741,-18.92609],[-48.33715,-18.92607],[-48.33676,-18.92599],[-48.33626,-18.92606],[-48.33611,-18.92611],[-48.33594,-18.92612],[-48.33569,-18.92598],[-48.33557,-18.92602],[-48.3354,-18.92596],[-48.33523,-18.92599],[-48.33502,-18.92591],[-48.33488,-18.9259],[-48.3346,-18.9259],[-48.3341,-18.9258],[-48.33404,-18.92565],[-48.3339,-18.9256],[-48.33378,-18.92551],[-48.33361,-18.92546],[-48.33345,-18.92544],[-48.33314,-18.92537],[-48.33289,-18.92541],[-48.33252,-18.92534],[-48.33206,-18.92535],[-48.33183,-18.92536]]]]}},{"type":"Feature","properties":{"territory_id":"mg-3170206-maravilha","name":"Maravilha","municipality_id":"mg-3170206","polling_places":1,"approx":false,"official":true,"method":"official-ibge-cd2022","whole_municipality":false,"approx_coords_only":false,"official_name":"Maravilha","official_code":"3170206011","match":"direct"},"geometry":{"type":"MultiPolygon","coordinates":[[[[-48.29706,-18.88425],[-48.29054,-18.89078],[-48.2907,-18.89086],[-48.29083,-18.89079],[-48.2911,-18.89084],[-48.29144,-18.89094],[-48.29164,-18.89097],[-48.29185,-18.89114],[-48.29207,-18.8912],[-48.29219,-18.8912],[-48.29234,-18.89117],[-48.29285,-18.89101],[-48.29318,-18.89099],[-48.29346,-18.89085],[-48.29358,-18.89081],[-48.29366,-18.89075],[-48.29385,-18.89067],[-48.29407,-18.8906],[-48.2944,-18.89059],[-48.29444,-18.89055],[-48.29503,-18.89048],[-48.29532,-18.89038],[-48.29576,-18.89038],[-48.29637,-18.89035],[-48.29678,-18.89026],[-48.2971,-18.89046],[-48.29763,-18.89058],[-48.29796,-18.89059],[-48.29833,-18.89063],[-48.2987,-18.89065],[-48.29917,-18.89072],[-48.2996,-18.89089],[-48.30028,-18.89104],[-48.30074,-18.89122],[-48.30101,-18.89125],[-48.3015,-18.89119],[-48.3016,-18.89132],[-48.30204,-18.89141],[-48.30242,-18.89142],[-48.30287,-18.89148],[-48.30321,-18.89148],[-48.30397,-18.89141],[-48.3045,-18.89141],[-48.30564,-18.89125],[-48.30573,-18.89116],[-48.30579,-18.89112],[-48.30595,-18.89107],[-48.30645,-18.89073],[-48.30665,-18.89032],[-48.30689,-18.89006],[-48.30717,-18.88983],[-48.30721,-18.88963],[-48.30737,-18.88964],[-48.30761,-18.88931],[-48.30818,-18.88872],[-48.30806,-18.8886],[-48.308,-18.88841],[-48.30797,-18.88821],[-48.30789,-18.88806],[-48.30759,-18.88776],[-48.30746,-18.88764],[-48.3073,-18.88755],[-48.30709,-18.88749],[-48.30699,-18.88734],[-48.30668,-18.88728],[-48.30656,-18.8872],[-48.30654,-18.88703],[-48.30656,-18.88674],[-48.30651,-18.88661],[-48.30627,-18.88642],[-48.30612,-18.88633],[-48.30576,-18.88625],[-48.30545,-18.88607],[-48.30545,-18.88586],[-48.30539,-18.88569],[-48.3052,-18.88565],[-48.30496,-18.88565],[-48.3048,-18.8853],[-48.30465,-18.88524],[-48.30454,-18.88514],[-48.30436,-18.88503],[-48.30423,-18.8849],[-48.30412,-18.88474],[-48.30407,-18.8846],[-48.30394,-18.88443],[-48.30376,-18.8843],[-48.30362,-18.88415],[-48.30345,-18.88388],[-48.30333,-18.88357],[-48.30327,-18.88332],[-48.30278,-18.88322],[-48.30251,-18.88284],[-48.30239,-18.88273],[-48.30222,-18.88218],[-48.30214,-18.88199],[-48.30197,-18.88175],[-48.30177,-18.88177],[-48.30151,-18.88136],[-48.30133,-18.88126],[-48.30117,-18.88111],[-48.30084,-18.88088],[-48.30075,-18.88067],[-48.30066,-18.88061],[-48.29792,-18.88338],[-48.29706,-18.88425]]]]}},{"type":"Feature","properties":{"territory_id":"mg-3170206-marta-helena","name":"Marta Helena","municipality_id":"mg-3170206","polling_places":5,"approx":false,"official":true,"method":"official-ibge-cd2022","whole_municipality":false,"approx_coords_only":false,"official_name":"Marta Helena","official_code":"3170206003","match":"direct"},"geometry":{"type":"MultiPolygon","coordinates":[[[[-48.27012,-18.87772],[-48.27016,-18.87363],[-48.27166,-18.87259],[-48.27489,-18.86768],[-48.27401,-18.86649],[-48.27396,-18.86637],[-48.27394,-18.86615],[-48.27399,-18.86589],[-48.27407,-18.86569],[-48.27458,-18.86499],[-48.27458,-18.86486],[-48.27443,-18.86466],[-48.27321,-18.86546],[-48.27172,-18.86648],[-48.26182,-18.87313],[-48.25901,-18.87498],[-48.25981,-18.87597],[-48.26149,-18.87836],[-48.26955,-18.88934],[-48.271,-18.89142],[-48.27137,-18.89216],[-48.27163,-18.89305],[-48.27174,-18.89401],[-48.27148,-18.89536],[-48.27335,-18.89403],[-48.27584,-18.89235],[-48.27586,-18.89224],[-48.2759,-18.89209],[-48.27599,-18.89199],[-48.27629,-18.89131],[-48.2764,-18.89103],[-48.27642,-18.8908],[-48.27641,-18.89053],[-48.27633,-18.89015],[-48.27623,-18.88988],[-48.27604,-18.88951],[-48.27432,-18.8872],[-48.27183,-18.88377],[-48.27038,-18.88147],[-48.27009,-18.88108],[-48.27011,-18.87877],[-48.27012,-18.87772]]]]}},{"type":"Feature","properties":{"territory_id":"mg-3170206-martins","name":"Martins","municipality_id":"mg-3170206","polling_places":4,"approx":false,"official":true,"method":"official-ibge-cd2022","whole_municipality":false,"approx_coords_only":false,"official_name":"Martins","official_code":"3170206013","match":"direct"},"geometry":{"type":"MultiPolygon","coordinates":[[[[-48.27816,-18.90782],[-48.27657,-18.91278],[-48.27862,-18.91556],[-48.27949,-18.91499],[-48.27955,-18.91483],[-48.28083,-18.91677],[-48.28162,-18.91752],[-48.28239,-18.91821],[-48.28459,-18.91952],[-48.28552,-18.91651],[-48.28743,-18.91055],[-48.28928,-18.90491],[-48.2889,-18.90494],[-48.2878,-18.90498],[-48.28681,-18.9048],[-48.28422,-18.90419],[-48.28229,-18.90376],[-48.27966,-18.9032],[-48.27851,-18.90674],[-48.27816,-18.90782]]]]}},{"type":"Feature","properties":{"territory_id":"mg-3170206-minas-gerais","name":"Minas Gerais","municipality_id":"mg-3170206","polling_places":1,"approx":false,"official":true,"method":"official-ibge-cd2022","whole_municipality":false,"approx_coords_only":false,"official_name":"Minas Gerais","official_code":"3170206016","match":"direct"},"geometry":{"type":"MultiPolygon","coordinates":[[[[-48.26431,-18.87146],[-48.27172,-18.86648],[-48.27212,-18.86585],[-48.27278,-18.86489],[-48.27464,-18.862],[-48.27644,-18.85925],[-48.27668,-18.85884],[-48.28035,-18.85318],[-48.28061,-18.8526],[-48.2807,-18.8523],[-48.28086,-18.85214],[-48.28102,-18.85205],[-48.2814,-18.85215],[-48.28207,-18.85241],[-48.28224,-18.85245],[-48.28247,-18.85244],[-48.28262,-18.8524],[-48.28259,-18.85223],[-48.28246,-18.8521],[-48.2823,-18.852],[-48.28157,-18.85172],[-48.28121,-18.85162],[-48.28059,-18.85152],[-48.27999,-18.85147],[-48.27981,-18.85151],[-48.27961,-18.85165],[-48.2783,-18.85176],[-48.27715,-18.8521],[-48.27555,-18.8529],[-48.27428,-18.85358],[-48.27299,-18.85433],[-48.26403,-18.8592],[-48.26304,-18.8598],[-48.26273,-18.85996],[-48.26238,-18.8601],[-48.26184,-18.86029],[-48.26153,-18.86035],[-48.26055,-18.8605],[-48.2595,-18.8605],[-48.25833,-18.86032],[-48.25718,-18.85989],[-48.25477,-18.85877],[-48.25447,-18.85864],[-48.25391,-18.85837],[-48.25409,-18.8616],[-48.25428,-18.86358],[-48.25442,-18.86622],[-48.25451,-18.86724],[-48.25462,-18.86789],[-48.25473,-18.86832],[-48.25495,-18.86894],[-48.25552,-18.87018],[-48.256,-18.87088],[-48.2575,-18.87294],[-48.25901,-18.87498],[-48.26182,-18.87313],[-48.26431,-18.87146]]]]}},{"type":"Feature","properties":{"territory_id":"mg-3170206-monte-hebron","name":"Monte Hebron","municipality_id":"mg-3170206","polling_places":1,"approx":true,"official":false,"method":"voronoi-polling-places","whole_municipality":false,"approx_coords_only":false},"geometry":{"type":"MultiPolygon","coordinates":[[[[-48.42324,-18.87341],[-48.36789,-18.96946],[-48.36727,-18.96941],[-48.3661,-18.96952],[-48.3652,-18.96994],[-48.36443,-18.97043],[-48.36546,-18.97219],[-48.36587,-18.97298],[-48.26407,-19.14961],[-48.18824,-19.17136],[-48.16764,-19.12072],[-48.21058,-19.0647],[-48.26678,-18.9938],[-48.26783,-18.99373],[-48.26784,-18.99404],[-48.26661,-18.99411],[-48.26698,-18.99501],[-48.26733,-18.9962],[-48.26787,-18.9962],[-48.26844,-18.99624],[-48.26951,-18.99608],[-48.27011,-18.99611],[-48.27058,-18.99611],[-48.27136,-18.99617],[-48.27184,-18.99639],[-48.27306,-18.99598],[-48.27366,-18.99602],[-48.27395,-18.99535],[-48.27423,-18.99498],[-48.27494,-18.99502],[-48.27538,-18.99451],[-48.27556,-18.99408],[-48.27603,-18.99335],[-48.27658,-18.99271],[-48.27673,-18.99226],[-48.27709,-18.99085],[-48.27761,-18.98951],[-48.27791,-18.98895],[-48.27863,-18.98809],[-48.27949,-18.98721],[-48.28026,-18.98651],[-48.28103,-18.98595],[-48.28127,-18.98558],[-48.28136,-18.98521],[-48.28151,-18.98419],[-48.2816,-18.98392],[-48.28192,-18.98344],[-48.28259,-18.98266],[-48.28405,-18.97837],[-48.28425,-18.97787],[-48.28484,-18.977],[-48.28514,-18.97667],[-48.2854,-18.97648],[-48.28575,-18.97631],[-48.28619,-18.97639],[-48.28678,-18.97682],[-48.2872,-18.97676],[-48.28745,-18.97651],[-48.28787,-18.97644],[-48.28858,-18.9764],[-48.28946,-18.97627],[-48.29027,-18.97578],[-48.29081,-18.97511],[-48.29166,-18.9738],[-48.29278,-18.97183],[-48.29303,-18.97076],[-48.29296,-18.97025],[-48.29287,-18.9686],[-48.29283,-18.96701],[-48.29264,-18.96571],[-48.29244,-18.96487],[-48.29115,-18.96305],[-48.30069,-18.95102],[-48.30137,-18.95151],[-48.30354,-18.95252],[-48.30497,-18.95286],[-48.30556,-18.95312],[-48.30655,-18.95318],[-48.30683,-18.95305],[-48.30699,-18.95305],[-48.3068,-18.96111],[-48.30667,-18.9672],[-48.30672,-18.96764],[-48.30733,-18.97072],[-48.30918,-18.97014],[-48.31045,-18.96985],[-48.31288,-18.96989],[-48.31361,-18.96977],[-48.31394,-18.97004],[-48.31449,-18.97029],[-48.31552,-18.97057],[-48.3159,-18.97056],[-48.3163,-18.97066],[-48.31697,-18.97105],[-48.31739,-18.97101],[-48.31774,-18.97105],[-48.31838,-18.97107],[-48.31889,-18.97081],[-48.31968,-18.97091],[-48.31999,-18.97105],[-48.32005,-18.97123],[-48.32035,-18.9714],[-48.32089,-18.97176],[-48.32113,-18.9718],[-48.32154,-18.972],[-48.32172,-18.97215],[-48.32203,-18.97243],[-48.32254,-18.97271],[-48.32342,-18.97334],[-48.32354,-18.97338],[-48.32515,-18.97265],[-48.32606,-18.97229],[-48.3261,-18.97229],[-48.32702,-18.9719],[-48.33069,-18.97036],[-48.33326,-18.96926],[-48.33366,-18.96908],[-48.33388,-18.96957],[-48.33396,-18.96953],[-48.33546,-18.97085],[-48.33624,-18.97036],[-48.33658,-18.9695],[-48.33538,-18.96867],[-48.33899,-18.96699],[-48.34425,-18.96484],[-48.34434,-18.96485],[-48.3473,-18.96631],[-48.34742,-18.96434],[-48.34945,-18.96446],[-48.34927,-18.96729],[-48.34973,-18.96751],[-48.36276,-18.96581],[-48.35896,-18.96152],[-48.35544,-18.95786],[-48.3538,-18.95263],[-48.35418,-18.95275],[-48.35436,-18.95229],[-48.35364,-18.95211],[-48.35406,-18.95198],[-48.35417,-18.95185],[-48.35427,-18.95154],[-48.35409,-18.95134],[-48.35345,-18.95052],[-48.35289,-18.94958],[-48.35269,-18.94919],[-48.35221,-18.94791],[-48.35126,-18.94496],[-48.35108,-18.94458],[-48.35074,-18.9437],[-48.35027,-18.94261],[-48.34973,-18.9416],[-48.3481,-18.93871],[-48.34675,-18.93619],[-48.34379,-18.93111],[-48.34144,-18.92689],[-48.34077,-18.92563],[-48.34043,-18.92467],[-48.34033,-18.92422],[-48.34015,-18.92323],[-48.34009,-18.92176],[-48.34028,-18.91992],[-48.34083,-18.91535],[-48.34082,-18.9146],[-48.34074,-18.91397],[-48.34044,-18.91306],[-48.34009,-18.91237],[-48.33998,-18.91218],[-48.3397,-18.91178],[-48.33934,-18.91138],[-48.33892,-18.91098],[-48.33862,-18.91072],[-48.35984,-18.89493],[-48.40512,-18.86771],[-48.42324,-18.87341]]],[[[-48.33687,-18.93384],[-48.33188,-18.93264],[-48.32941,-18.93205],[-48.33687,-18.93384]]],[[[-48.33252,-18.92534],[-48.33206,-18.92535],[-48.33183,-18.92536],[-48.33173,-18.92536],[-48.33252,-18.92534]]],[[[-48.32897,-18.9272],[-48.32887,-18.92744],[-48.32876,-18.92754],[-48.3288,-18.92794],[-48.32854,-18.92836],[-48.32853,-18.9285],[-48.32858,-18.92863],[-48.32875,-18.92869],[-48.32852,-18.92902],[-48.32843,-18.92921],[-48.32848,-18.92941],[-48.32839,-18.9299],[-48.32844,-18.93006],[-48.32817,-18.9304],[-48.32818,-18.93059],[-48.32825,-18.93082],[-48.32829,-18.9318],[-48.32866,-18.93243],[-48.3287,-18.93259],[-48.32896,-18.93281],[-48.3288,-18.93373],[-48.32849,-18.93417],[-48.32758,-18.93486],[-48.32693,-18.93598],[-48.3265,-18.93619],[-48.3262,-18.93637],[-48.32579,-18.93699],[-48.32511,-18.93765],[-48.32512,-18.93801],[-48.32459,-18.93855],[-48.32455,-18.93886],[-48.32408,-18.9394],[-48.32379,-18.93961],[-48.32338,-18.93998],[-48.32338,-18.94024],[-48.3233,-18.94042],[-48.32295,-18.94065],[-48.32273,-18.94091],[-48.32263,-18.94128],[-48.32243,-18.94154],[-48.32142,-18.94296],[-48.32054,-18.94269],[-48.32088,-18.94181],[-48.32121,-18.94065],[-48.32095,-18.93821],[-48.32102,-18.93806],[-48.32097,-18.93729],[-48.32028,-18.92945],[-48.31811,-18.92907],[-48.32399,-18.92263],[-48.32461,-18.92294],[-48.32496,-18.92303],[-48.32518,-18.92306],[-48.32531,-18.92299],[-48.32547,-18.92298],[-48.32564,-18.92307],[-48.32581,-18.92318],[-48.3259,-18.92341],[-48.3264,-18.92384],[-48.32706,-18.92411],[-48.32746,-18.92458],[-48.32781,-18.9248],[-48.32811,-18.92505],[-48.32842,-18.92525],[-48.32856,-18.92542],[-48.32888,-18.92559],[-48.32876,-18.92587],[-48.32863,-18.92596],[-48.32853,-18.92617],[-48.32847,-18.92638],[-48.32864,-18.92657],[-48.3288,-18.92682],[-48.32897,-18.9272]]]]}},{"type":"Feature","properties":{"territory_id":"mg-3170206-morada-da-colina","name":"Morada da Colina","municipality_id":"mg-3170206","polling_places":1,"approx":false,"official":true,"method":"official-ibge-cd2022","whole_municipality":false,"approx_coords_only":false,"official_name":"Morada da Colina","official_code":"3170206028","match":"direct"},"geometry":{"type":"MultiPolygon","coordinates":[[[[-48.2792,-18.95118],[-48.28337,-18.9498],[-48.28381,-18.94964],[-48.28423,-18.9496],[-48.28528,-18.94959],[-48.28605,-18.94954],[-48.28683,-18.94953],[-48.28682,-18.94894],[-48.28752,-18.94766],[-48.28759,-18.9471],[-48.28735,-18.94664],[-48.28737,-18.94585],[-48.2882,-18.943],[-48.2886,-18.94103],[-48.28542,-18.94035],[-48.28123,-18.9393],[-48.28158,-18.93795],[-48.28206,-18.93688],[-48.28236,-18.93598],[-48.28267,-18.93497],[-48.28289,-18.93389],[-48.28282,-18.93203],[-48.28178,-18.93195],[-48.27889,-18.93066],[-48.27773,-18.9299],[-48.27676,-18.93145],[-48.27383,-18.93633],[-48.27381,-18.93684],[-48.27378,-18.93793],[-48.27373,-18.9477],[-48.27372,-18.95175],[-48.27712,-18.95174],[-48.27787,-18.95162],[-48.2792,-18.95118]]]]}},{"type":"Feature","properties":{"territory_id":"mg-3170206-morada-nova","name":"Morada Nova","municipality_id":"mg-3170206","polling_places":1,"approx":true,"official":false,"method":"voronoi-polling-places","whole_municipality":false,"approx_coords_only":false},"geometry":{"type":"MultiPolygon","coordinates":[[[[-48.69868,-19.05992],[-48.26407,-19.14961],[-48.36587,-18.97298],[-48.36745,-18.97608],[-48.37035,-18.97615],[-48.37401,-18.97621],[-48.37718,-18.97629],[-48.38056,-18.97633],[-48.38066,-18.97826],[-48.3853,-18.97768],[-48.38697,-18.97751],[-48.38729,-18.97757],[-48.38979,-18.97919],[-48.39041,-18.97961],[-48.39341,-18.98122],[-48.39451,-18.97846],[-48.39714,-18.9799],[-48.39827,-18.97666],[-48.39653,-18.97564],[-48.39439,-18.97448],[-48.3834,-18.9683],[-48.37553,-18.96391],[-48.37438,-18.96568],[-48.37401,-18.96615],[-48.37269,-18.96733],[-48.37094,-18.9688],[-48.36984,-18.96931],[-48.3689,-18.96946],[-48.36816,-18.96948],[-48.36789,-18.96946],[-48.42324,-18.87341],[-48.54415,-18.8962],[-48.5213,-18.9044],[-48.5384,-18.967],[-48.5718,-18.9944],[-48.6314,-18.9541],[-48.6426,-18.9874],[-48.6762,-19.0186],[-48.69868,-19.05992]]]]}},{"type":"Feature","properties":{"territory_id":"mg-3170206-morumbi","name":"Morumbi","municipality_id":"mg-3170206","polling_places":4,"approx":false,"official":true,"method":"official-ibge-cd2022","whole_municipality":false,"approx_coords_only":false,"official_name":"Morumbi","official_code":"3170206041","match":"direct"},"geometry":{"type":"MultiPolygon","coordinates":[[[[-48.18018,-18.91928],[-48.18338,-18.92162],[-48.19021,-18.92656],[-48.19171,-18.9257],[-48.19194,-18.92555],[-48.19151,-18.92482],[-48.19202,-18.9245],[-48.19259,-18.92419],[-48.19302,-18.92369],[-48.1934,-18.92345],[-48.19446,-18.92283],[-48.19423,-18.92237],[-48.19443,-18.92216],[-48.19582,-18.92045],[-48.19706,-18.91896],[-48.19741,-18.91844],[-48.20006,-18.91537],[-48.19912,-18.91475],[-48.199,-18.91474],[-48.19893,-18.91468],[-48.19616,-18.91302],[-48.19606,-18.91293],[-48.19554,-18.91264],[-48.19543,-18.91252],[-48.19536,-18.91249],[-48.1952,-18.91247],[-48.19512,-18.91244],[-48.19425,-18.9119],[-48.19317,-18.91118],[-48.19244,-18.91078],[-48.19216,-18.91068],[-48.18771,-18.9026],[-48.1852,-18.90402],[-48.18385,-18.90476],[-48.18265,-18.90578],[-48.18134,-18.90672],[-48.18063,-18.90715],[-48.17992,-18.9075],[-48.17886,-18.90793],[-48.17805,-18.90814],[-48.17747,-18.90835],[-48.17667,-18.90869],[-48.17598,-18.90908],[-48.17526,-18.90958],[-48.17472,-18.90999],[-48.17407,-18.91066],[-48.17323,-18.91156],[-48.17239,-18.9124],[-48.17689,-18.91676],[-48.1779,-18.91754],[-48.18018,-18.91928]]]]}},{"type":"Feature","properties":{"territory_id":"mg-3170206-nossa-senhora-das-gracas","name":"Nossa Senhora das Gracas","municipality_id":"mg-3170206","polling_places":1,"approx":false,"official":true,"method":"official-ibge-cd2022","whole_municipality":false,"approx_coords_only":false,"official_name":"Nossa Senhora das Graças","official_code":"3170206071","match":"direct"},"geometry":{"type":"MultiPolygon","coordinates":[[[[-48.27486,-18.8785],[-48.2887,-18.86931],[-48.28582,-18.86534],[-48.28499,-18.86434],[-48.2846,-18.86397],[-48.28427,-18.86374],[-48.28385,-18.86357],[-48.28301,-18.86331],[-48.2824,-18.86326],[-48.28181,-18.86331],[-48.2812,-18.86345],[-48.28062,-18.86372],[-48.2798,-18.86419],[-48.27692,-18.86611],[-48.27474,-18.86748],[-48.27489,-18.86768],[-48.27166,-18.87259],[-48.27016,-18.87363],[-48.27009,-18.88108],[-48.27038,-18.88147],[-48.27308,-18.87968],[-48.27486,-18.8785]]]]}},{"type":"Feature","properties":{"territory_id":"mg-3170206-osvaldo-rezende","name":"Osvaldo Rezende","municipality_id":"mg-3170206","polling_places":3,"approx":false,"official":true,"method":"official-ibge-cd2022","whole_municipality":false,"approx_coords_only":false,"official_name":"Osvaldo Rezende","official_code":"3170206014","match":"direct"},"geometry":{"type":"MultiPolygon","coordinates":[[[[-48.29297,-18.92271],[-48.29341,-18.92254],[-48.29381,-18.92227],[-48.29404,-18.92205],[-48.29609,-18.9196],[-48.29744,-18.91803],[-48.29813,-18.91713],[-48.2989,-18.91629],[-48.30049,-18.91447],[-48.30193,-18.91273],[-48.30326,-18.91121],[-48.30335,-18.91123],[-48.30345,-18.91121],[-48.30358,-18.91112],[-48.30359,-18.91099],[-48.30355,-18.91091],[-48.30347,-18.91085],[-48.3037,-18.91055],[-48.30345,-18.91035],[-48.30324,-18.91013],[-48.30284,-18.90897],[-48.30232,-18.90847],[-48.30203,-18.90834],[-48.30166,-18.90819],[-48.29853,-18.9073],[-48.29804,-18.90712],[-48.29724,-18.90672],[-48.29603,-18.90587],[-48.29494,-18.90536],[-48.29433,-18.90511],[-48.29121,-18.90483],[-48.28928,-18.90491],[-48.28743,-18.91055],[-48.28552,-18.91651],[-48.28459,-18.91952],[-48.28637,-18.9207],[-48.28833,-18.92207],[-48.29021,-18.92294],[-48.2921,-18.92279],[-48.29242,-18.92278],[-48.29297,-18.92271]]]]}},{"type":"Feature","properties":{"territory_id":"mg-3170206-pacaembu","name":"Pacaembu","municipality_id":"mg-3170206","polling_places":3,"approx":false,"official":true,"method":"official-ibge-cd2022","whole_municipality":false,"approx_coords_only":false,"official_name":"Pacaembú","official_code":"3170206045","match":"direct"},"geometry":{"type":"MultiPolygon","coordinates":[[[[-48.29276,-18.88855],[-48.29676,-18.88456],[-48.30066,-18.88061],[-48.30058,-18.88054],[-48.30049,-18.88037],[-48.30033,-18.88028],[-48.30021,-18.88018],[-48.30009,-18.88013],[-48.29991,-18.88009],[-48.2997,-18.88009],[-48.29942,-18.88003],[-48.2993,-18.87973],[-48.29891,-18.8796],[-48.29884,-18.87941],[-48.29868,-18.87929],[-48.29865,-18.87914],[-48.29838,-18.879],[-48.29787,-18.8786],[-48.29748,-18.87813],[-48.2966,-18.87755],[-48.295,-18.87702],[-48.29467,-18.87715],[-48.29432,-18.8778],[-48.29428,-18.87785],[-48.29421,-18.8779],[-48.29411,-18.87793],[-48.29345,-18.87851],[-48.28307,-18.88878],[-48.2831,-18.8889],[-48.29011,-18.89122],[-48.2921,-18.88921],[-48.29276,-18.88855]]]]}},{"type":"Feature","properties":{"territory_id":"mg-3170206-pampulha","name":"Pampulha","municipality_id":"mg-3170206","polling_places":1,"approx":false,"official":true,"method":"official-ibge-cd2022","whole_municipality":false,"approx_coords_only":false,"official_name":"Pampulha","official_code":"3170206065","match":"direct"},"geometry":{"type":"MultiPolygon","coordinates":[[[[-48.23641,-18.9323],[-48.23512,-18.93308],[-48.23392,-18.93391],[-48.23283,-18.93475],[-48.23569,-18.93847],[-48.23574,-18.93844],[-48.23583,-18.93806],[-48.2358,-18.93779],[-48.2357,-18.93755],[-48.2357,-18.93724],[-48.23579,-18.93701],[-48.23588,-18.9369],[-48.23605,-18.93682],[-48.24212,-18.93577],[-48.24219,-18.93611],[-48.24214,-18.93646],[-48.24231,-18.93833],[-48.24229,-18.93999],[-48.2434,-18.93996],[-48.24512,-18.93985],[-48.24764,-18.93961],[-48.24954,-18.93947],[-48.24918,-18.93549],[-48.24595,-18.93577],[-48.24525,-18.9318],[-48.24482,-18.92918],[-48.24228,-18.92968],[-48.24083,-18.93015],[-48.24018,-18.93039],[-48.23893,-18.93095],[-48.23754,-18.93161],[-48.23696,-18.93195],[-48.23641,-18.9323]]]]}},{"type":"Feature","properties":{"territory_id":"mg-3170206-panorama","name":"Panorama","municipality_id":"mg-3170206","polling_places":2,"approx":false,"official":true,"method":"official-ibge-cd2022","whole_municipality":false,"approx_coords_only":false,"official_name":"Panorama","official_code":"3170206050","match":"direct"},"geometry":{"type":"MultiPolygon","coordinates":[[[[-48.34328,-18.96468],[-48.34434,-18.96485],[-48.3473,-18.96631],[-48.34742,-18.96434],[-48.34945,-18.96446],[-48.34927,-18.96729],[-48.34973,-18.96751],[-48.36276,-18.96581],[-48.35896,-18.96152],[-48.35544,-18.95786],[-48.3538,-18.95263],[-48.35418,-18.95275],[-48.35436,-18.95229],[-48.35364,-18.95211],[-48.34973,-18.95098],[-48.34832,-18.95061],[-48.34399,-18.94934],[-48.32142,-18.94296],[-48.32133,-18.94333],[-48.32147,-18.94463],[-48.32301,-18.94733],[-48.3248,-18.95032],[-48.32454,-18.95079],[-48.32903,-18.95442],[-48.32954,-18.95481],[-48.33296,-18.95755],[-48.33323,-18.95764],[-48.3348,-18.95839],[-48.33724,-18.96025],[-48.34314,-18.96465],[-48.34328,-18.96468]]]]}},{"type":"Feature","properties":{"territory_id":"mg-3170206-patrimonio","name":"Patrimônio","municipality_id":"mg-3170206","polling_places":1,"approx":false,"official":true,"method":"official-ibge-cd2022","whole_municipality":false,"approx_coords_only":false,"official_name":"Patrimônio","official_code":"3170206021","match":"direct"},"geometry":{"type":"MultiPolygon","coordinates":[[[[-48.28236,-18.93598],[-48.28206,-18.93688],[-48.28158,-18.93795],[-48.28123,-18.9393],[-48.28542,-18.94035],[-48.2886,-18.94103],[-48.28884,-18.93996],[-48.28932,-18.93868],[-48.29051,-18.93711],[-48.29101,-18.93674],[-48.2919,-18.93615],[-48.29295,-18.93377],[-48.29303,-18.93235],[-48.29304,-18.93172],[-48.29301,-18.93091],[-48.29305,-18.93018],[-48.29313,-18.92979],[-48.29266,-18.92984],[-48.29161,-18.93023],[-48.29087,-18.93067],[-48.28949,-18.9313],[-48.28898,-18.93137],[-48.28846,-18.93134],[-48.28753,-18.93125],[-48.28631,-18.93126],[-48.28546,-18.93132],[-48.2845,-18.93146],[-48.28354,-18.93187],[-48.28318,-18.93197],[-48.28282,-18.93203],[-48.28289,-18.93389],[-48.28267,-18.93497],[-48.28236,-18.93598]]]]}},{"type":"Feature","properties":{"territory_id":"mg-3170206-pequis","name":"Pequis","municipality_id":"mg-3170206","polling_places":1,"approx":false,"official":true,"method":"official-ibge-cd2022","whole_municipality":false,"approx_coords_only":false,"official_name":"Pequis","official_code":"3170206075","match":"direct"},"geometry":{"type":"MultiPolygon","coordinates":[[[[-48.37401,-18.97621],[-48.37718,-18.97629],[-48.38056,-18.97633],[-48.38066,-18.97826],[-48.3853,-18.97768],[-48.38697,-18.97751],[-48.38729,-18.97757],[-48.38979,-18.97919],[-48.39041,-18.97961],[-48.39341,-18.98122],[-48.39451,-18.97846],[-48.39714,-18.9799],[-48.39827,-18.97666],[-48.39653,-18.97564],[-48.39439,-18.97448],[-48.3834,-18.9683],[-48.37553,-18.96391],[-48.37438,-18.96568],[-48.37401,-18.96615],[-48.37269,-18.96733],[-48.37094,-18.9688],[-48.36984,-18.96931],[-48.3689,-18.96946],[-48.36816,-18.96948],[-48.36727,-18.96941],[-48.3661,-18.96952],[-48.3652,-18.96994],[-48.36443,-18.97043],[-48.36546,-18.97219],[-48.36745,-18.97608],[-48.37035,-18.97615],[-48.37401,-18.97621]]]]}},{"type":"Feature","properties":{"territory_id":"mg-3170206-planalto","name":"Planalto","municipality_id":"mg-3170206","polling_places":6,"approx":false,"official":true,"method":"official-ibge-cd2022","whole_municipality":false,"approx_coords_only":false,"official_name":"Planalto","official_code":"3170206015","match":"direct"},"geometry":{"type":"MultiPolygon","coordinates":[[[[-48.31594,-18.92863],[-48.31457,-18.92836],[-48.31285,-18.92805],[-48.3083,-18.92719],[-48.30798,-18.92889],[-48.30764,-18.9305],[-48.30757,-18.93074],[-48.3075,-18.93092],[-48.30644,-18.93593],[-48.30612,-18.93722],[-48.30713,-18.93869],[-48.30735,-18.93906],[-48.31032,-18.9399],[-48.31281,-18.94058],[-48.31491,-18.94117],[-48.31907,-18.94225],[-48.32054,-18.9427],[-48.32088,-18.94181],[-48.32121,-18.94065],[-48.32095,-18.93821],[-48.32102,-18.93806],[-48.32097,-18.93729],[-48.32028,-18.92945],[-48.31786,-18.92902],[-48.31746,-18.92893],[-48.31602,-18.92865],[-48.31594,-18.92863]]]]}},{"type":"Feature","properties":{"territory_id":"mg-3170206-presidente-roosevelt","name":"Presidente Roosevelt","municipality_id":"mg-3170206","polling_places":5,"approx":false,"official":true,"method":"official-ibge-cd2022","whole_municipality":false,"approx_coords_only":false,"official_name":"Presidente Roosevelt","official_code":"3170206007","match":"direct"},"geometry":{"type":"MultiPolygon","coordinates":[[[[-48.286,-18.88986],[-48.2831,-18.8889],[-48.28307,-18.88878],[-48.28294,-18.88879],[-48.28094,-18.89083],[-48.28085,-18.89095],[-48.28051,-18.89143],[-48.28038,-18.8917],[-48.27999,-18.89237],[-48.27962,-18.89215],[-48.2773,-18.89448],[-48.27706,-18.89475],[-48.27446,-18.89328],[-48.27335,-18.89403],[-48.27148,-18.89536],[-48.27153,-18.89718],[-48.27175,-18.89777],[-48.27232,-18.89859],[-48.27373,-18.89973],[-48.27515,-18.90085],[-48.27712,-18.90248],[-48.27793,-18.9028],[-48.27966,-18.9032],[-48.28229,-18.90376],[-48.28422,-18.90419],[-48.28681,-18.9048],[-48.2878,-18.90498],[-48.2889,-18.90494],[-48.28928,-18.90491],[-48.29121,-18.90483],[-48.29433,-18.90511],[-48.29494,-18.90536],[-48.29528,-18.90433],[-48.29547,-18.9043],[-48.29612,-18.90404],[-48.29614,-18.90373],[-48.2961,-18.90309],[-48.29503,-18.89048],[-48.29444,-18.89055],[-48.2944,-18.89059],[-48.29407,-18.8906],[-48.29385,-18.89067],[-48.29366,-18.89075],[-48.29358,-18.89081],[-48.29346,-18.89085],[-48.29318,-18.89099],[-48.29285,-18.89101],[-48.29234,-18.89117],[-48.29219,-18.8912],[-48.29207,-18.8912],[-48.29185,-18.89114],[-48.29164,-18.89097],[-48.29144,-18.89094],[-48.2911,-18.89084],[-48.29083,-18.89079],[-48.2907,-18.89086],[-48.29054,-18.89078],[-48.29011,-18.89122],[-48.28712,-18.89023],[-48.286,-18.88986]]]]}},{"type":"Feature","properties":{"territory_id":"mg-3170206-residencial-integracao","name":"Residencial Integração","municipality_id":"mg-3170206","polling_places":1,"approx":false,"official":true,"method":"official-ibge-cd2022","whole_municipality":false,"approx_coords_only":false,"official_name":"Residencial Integração","official_code":"3170206058","match":"direct"},"geometry":{"type":"MultiPolygon","coordinates":[[[[-48.199,-18.91474],[-48.19912,-18.91475],[-48.20006,-18.91537],[-48.20069,-18.91504],[-48.20152,-18.91643],[-48.20263,-18.91575],[-48.20587,-18.92065],[-48.21129,-18.91737],[-48.21327,-18.9162],[-48.2167,-18.91412],[-48.21526,-18.91323],[-48.21458,-18.91286],[-48.21487,-18.91254],[-48.21436,-18.91179],[-48.21411,-18.91132],[-48.21371,-18.9089],[-48.21348,-18.90717],[-48.21335,-18.90605],[-48.21332,-18.90603],[-48.21323,-18.90589],[-48.21322,-18.90582],[-48.21093,-18.90614],[-48.21014,-18.90627],[-48.20692,-18.90672],[-48.20697,-18.90704],[-48.20421,-18.90743],[-48.20269,-18.90761],[-48.20062,-18.9078],[-48.20051,-18.90782],[-48.20037,-18.90783],[-48.19962,-18.90762],[-48.19962,-18.90758],[-48.19774,-18.90706],[-48.196,-18.90954],[-48.19425,-18.9119],[-48.19512,-18.91244],[-48.1952,-18.91247],[-48.19536,-18.91249],[-48.19543,-18.91252],[-48.19554,-18.91264],[-48.19606,-18.91293],[-48.19616,-18.91302],[-48.19893,-18.91468],[-48.199,-18.91474]]]]}},{"type":"Feature","properties":{"territory_id":"mg-3170206-santa-luzia","name":"Santa Luzia","municipality_id":"mg-3170206","polling_places":2,"approx":false,"official":true,"method":"official-ibge-cd2022","whole_municipality":false,"approx_coords_only":false,"official_name":"Santa Luzia","official_code":"3170206043","match":"direct"},"geometry":{"type":"MultiPolygon","coordinates":[[[[-48.23382,-18.94563],[-48.2342,-18.94535],[-48.23469,-18.94508],[-48.23642,-18.94394],[-48.2387,-18.94233],[-48.24065,-18.94101],[-48.2405,-18.94076],[-48.24229,-18.93999],[-48.24231,-18.93833],[-48.24214,-18.93646],[-48.24219,-18.93611],[-48.24212,-18.93577],[-48.23605,-18.93682],[-48.23588,-18.9369],[-48.23579,-18.93701],[-48.2357,-18.93724],[-48.2357,-18.93755],[-48.2358,-18.93779],[-48.23583,-18.93806],[-48.23574,-18.93844],[-48.23569,-18.93847],[-48.23283,-18.93475],[-48.22886,-18.93775],[-48.22788,-18.93832],[-48.2266,-18.93881],[-48.22591,-18.93897],[-48.22523,-18.93907],[-48.22442,-18.93909],[-48.22298,-18.939],[-48.22226,-18.93887],[-48.2195,-18.93847],[-48.21914,-18.9403],[-48.21881,-18.9426],[-48.21865,-18.9436],[-48.21849,-18.94475],[-48.21847,-18.94514],[-48.22857,-18.94722],[-48.23011,-18.94778],[-48.23052,-18.94776],[-48.23088,-18.94769],[-48.23382,-18.94563]]]]}},{"type":"Feature","properties":{"territory_id":"mg-3170206-santa-monica","name":"Santa Mônica","municipality_id":"mg-3170206","polling_places":8,"approx":false,"official":true,"method":"official-ibge-cd2022","whole_municipality":false,"approx_coords_only":false,"official_name":"Santa Mônica","official_code":"3170206017","match":"direct"},"geometry":{"type":"MultiPolygon","coordinates":[[[[-48.24809,-18.9285],[-48.24917,-18.9283],[-48.25229,-18.92768],[-48.25747,-18.92673],[-48.25789,-18.92667],[-48.25936,-18.92635],[-48.26003,-18.92606],[-48.26092,-18.92553],[-48.26119,-18.92532],[-48.26162,-18.92494],[-48.2621,-18.92433],[-48.26228,-18.92399],[-48.26256,-18.92333],[-48.26267,-18.9229],[-48.26273,-18.92249],[-48.26276,-18.92214],[-48.26276,-18.92181],[-48.26267,-18.92117],[-48.26234,-18.92026],[-48.26208,-18.9198],[-48.26102,-18.91833],[-48.25907,-18.91576],[-48.25888,-18.91545],[-48.25871,-18.91492],[-48.25874,-18.9135],[-48.25907,-18.91275],[-48.25449,-18.91059],[-48.25105,-18.91015],[-48.25103,-18.91023],[-48.25098,-18.91033],[-48.25091,-18.91038],[-48.25082,-18.91041],[-48.25068,-18.91041],[-48.2506,-18.91036],[-48.25055,-18.9103],[-48.25051,-18.91022],[-48.2505,-18.91013],[-48.24624,-18.90965],[-48.24624,-18.90957],[-48.24621,-18.90947],[-48.24613,-18.90939],[-48.24596,-18.90934],[-48.24585,-18.90937],[-48.24579,-18.90941],[-48.24572,-18.90949],[-48.24569,-18.90958],[-48.24542,-18.90957],[-48.24467,-18.90976],[-48.24402,-18.91014],[-48.24372,-18.91062],[-48.24336,-18.91105],[-48.24304,-18.91132],[-48.24276,-18.91151],[-48.23696,-18.91446],[-48.23548,-18.91511],[-48.2353,-18.91516],[-48.23512,-18.9152],[-48.23459,-18.91508],[-48.23353,-18.9149],[-48.23313,-18.91494],[-48.23284,-18.91492],[-48.23236,-18.91475],[-48.23207,-18.91456],[-48.23166,-18.91433],[-48.22966,-18.91384],[-48.23066,-18.91749],[-48.23118,-18.91925],[-48.23167,-18.92102],[-48.23219,-18.92279],[-48.23267,-18.92456],[-48.23369,-18.92808],[-48.23417,-18.9298],[-48.23512,-18.93308],[-48.23641,-18.9323],[-48.23696,-18.93195],[-48.23754,-18.93161],[-48.23986,-18.93053],[-48.24018,-18.93039],[-48.24083,-18.93015],[-48.24228,-18.92968],[-48.24677,-18.92878],[-48.24809,-18.9285]]]]}},{"type":"Feature","properties":{"territory_id":"mg-3170206-santa-rosa","name":"Santa Rosa","municipality_id":"mg-3170206","polling_places":1,"approx":false,"official":true,"method":"official-ibge-cd2022","whole_municipality":false,"approx_coords_only":false,"official_name":"Santa Rosa","official_code":"3170206072","match":"direct"},"geometry":{"type":"MultiPolygon","coordinates":[[[[-48.28051,-18.89143],[-48.28074,-18.89108],[-48.28094,-18.89083],[-48.28294,-18.88879],[-48.28307,-18.88878],[-48.29345,-18.87851],[-48.29411,-18.87793],[-48.29421,-18.8779],[-48.29428,-18.87785],[-48.29432,-18.8778],[-48.29467,-18.87715],[-48.295,-18.87702],[-48.29444,-18.87688],[-48.29427,-18.87679],[-48.29407,-18.87677],[-48.29371,-18.87671],[-48.29346,-18.8768],[-48.29305,-18.87683],[-48.29278,-18.87678],[-48.29236,-18.87675],[-48.29202,-18.87688],[-48.2917,-18.87694],[-48.29152,-18.87689],[-48.29124,-18.87691],[-48.29098,-18.87706],[-48.29084,-18.87712],[-48.29085,-18.87704],[-48.29082,-18.87696],[-48.29076,-18.87696],[-48.29066,-18.87683],[-48.29057,-18.87666],[-48.29057,-18.87656],[-48.29052,-18.87647],[-48.29029,-18.87631],[-48.29029,-18.87621],[-48.29023,-18.87604],[-48.28993,-18.87583],[-48.28988,-18.87568],[-48.28973,-18.87543],[-48.28957,-18.87547],[-48.28952,-18.87554],[-48.28942,-18.87558],[-48.28933,-18.87546],[-48.28939,-18.87517],[-48.28928,-18.87506],[-48.28921,-18.87487],[-48.289,-18.8748],[-48.28899,-18.87473],[-48.28893,-18.87466],[-48.28895,-18.87457],[-48.2889,-18.87454],[-48.28883,-18.87442],[-48.28875,-18.87436],[-48.2887,-18.8743],[-48.28862,-18.87416],[-48.28855,-18.87414],[-48.28848,-18.87408],[-48.28845,-18.87398],[-48.28823,-18.87387],[-48.28818,-18.87375],[-48.28803,-18.87366],[-48.28793,-18.87353],[-48.28787,-18.87341],[-48.28773,-18.87334],[-48.28765,-18.87327],[-48.28754,-18.87321],[-48.28737,-18.87319],[-48.28731,-18.87312],[-48.28724,-18.87307],[-48.28717,-18.87298],[-48.28704,-18.87294],[-48.28697,-18.87282],[-48.28686,-18.87281],[-48.28685,-18.8727],[-48.28676,-18.8727],[-48.28667,-18.87275],[-48.28638,-18.87257],[-48.28631,-18.87249],[-48.28614,-18.87252],[-48.28611,-18.87244],[-48.28583,-18.87243],[-48.28576,-18.87233],[-48.28578,-18.87222],[-48.28573,-18.87221],[-48.28574,-18.87215],[-48.28568,-18.87208],[-48.28556,-18.87212],[-48.28544,-18.87219],[-48.28533,-18.87222],[-48.28528,-18.8722],[-48.28523,-18.87162],[-48.27038,-18.88147],[-48.27183,-18.88377],[-48.27432,-18.8872],[-48.27604,-18.88951],[-48.27623,-18.88988],[-48.27633,-18.89015],[-48.27641,-18.89053],[-48.27642,-18.8908],[-48.2764,-18.89103],[-48.27629,-18.89131],[-48.27599,-18.89199],[-48.2759,-18.89209],[-48.27586,-18.89224],[-48.27584,-18.89235],[-48.27505,-18.8929],[-48.27446,-18.89328],[-48.27706,-18.89475],[-48.2773,-18.89448],[-48.27962,-18.89215],[-48.27999,-18.89237],[-48.28038,-18.8917],[-48.28051,-18.89143]]]]}},{"type":"Feature","properties":{"territory_id":"mg-3170206-sao-jorge","name":"São Jorge","municipality_id":"mg-3170206","polling_places":4,"approx":false,"official":true,"method":"official-ibge-cd2022","whole_municipality":false,"approx_coords_only":false,"official_name":"São Jorge","official_code":"3170206033","match":"direct"},"geometry":{"type":"MultiPolygon","coordinates":[[[[-48.22973,-18.97206],[-48.2303,-18.96783],[-48.23043,-18.96651],[-48.23052,-18.96603],[-48.23099,-18.96222],[-48.23109,-18.96159],[-48.23097,-18.96155],[-48.23127,-18.96047],[-48.23241,-18.95616],[-48.23244,-18.95582],[-48.2327,-18.95552],[-48.23447,-18.9535],[-48.23722,-18.95041],[-48.23548,-18.94979],[-48.23508,-18.9496],[-48.23346,-18.94905],[-48.23284,-18.94878],[-48.22857,-18.94722],[-48.21847,-18.94514],[-48.21791,-18.94884],[-48.21615,-18.95961],[-48.21521,-18.96549],[-48.21437,-18.97116],[-48.21474,-18.97119],[-48.21493,-18.97124],[-48.22952,-18.97323],[-48.22959,-18.97285],[-48.22973,-18.97206]]]]}},{"type":"Feature","properties":{"territory_id":"mg-3170206-saraiva","name":"Saraiva","municipality_id":"mg-3170206","polling_places":2,"approx":false,"official":true,"method":"official-ibge-cd2022","whole_municipality":false,"approx_coords_only":false,"official_name":"Saraiva","official_code":"3170206032","match":"direct"},"geometry":{"type":"MultiPolygon","coordinates":[[[[-48.26058,-18.92573],[-48.26003,-18.92606],[-48.25936,-18.92635],[-48.25789,-18.92667],[-48.25841,-18.92687],[-48.2649,-18.92875],[-48.27148,-18.92435],[-48.27087,-18.92333],[-48.26983,-18.92218],[-48.26857,-18.92086],[-48.26685,-18.91893],[-48.26451,-18.91653],[-48.26207,-18.91411],[-48.26197,-18.91363],[-48.26225,-18.91139],[-48.26051,-18.91172],[-48.25976,-18.91205],[-48.25938,-18.91232],[-48.25907,-18.91275],[-48.25874,-18.9135],[-48.25871,-18.91492],[-48.25888,-18.91545],[-48.25907,-18.91576],[-48.26102,-18.91833],[-48.26208,-18.9198],[-48.26234,-18.92026],[-48.26267,-18.92117],[-48.26276,-18.92181],[-48.26276,-18.92214],[-48.26273,-18.92249],[-48.26267,-18.9229],[-48.26256,-18.92333],[-48.26228,-18.92399],[-48.2621,-18.92433],[-48.26162,-18.92494],[-48.26119,-18.92532],[-48.26092,-18.92553],[-48.26058,-18.92573]]]]}},{"type":"Feature","properties":{"territory_id":"mg-3170206-segismundo-pereira","name":"Segismundo Pereira","municipality_id":"mg-3170206","polling_places":2,"approx":false,"official":true,"method":"official-ibge-cd2022","whole_municipality":false,"approx_coords_only":false,"official_name":"Segismundo Pereira","official_code":"3170206023","match":"direct"},"geometry":{"type":"MultiPolygon","coordinates":[[[[-48.22886,-18.93775],[-48.23392,-18.93391],[-48.23512,-18.93308],[-48.23417,-18.9298],[-48.23369,-18.92808],[-48.23267,-18.92456],[-48.23219,-18.92279],[-48.23167,-18.92102],[-48.23118,-18.91925],[-48.23066,-18.91749],[-48.22966,-18.91384],[-48.2265,-18.91305],[-48.22356,-18.91243],[-48.22269,-18.91798],[-48.22261,-18.91878],[-48.22241,-18.91974],[-48.22144,-18.92611],[-48.22133,-18.92711],[-48.22074,-18.93108],[-48.22012,-18.93488],[-48.2195,-18.93847],[-48.22226,-18.93887],[-48.22298,-18.939],[-48.22442,-18.93909],[-48.22523,-18.93907],[-48.22591,-18.93897],[-48.2266,-18.93881],[-48.22788,-18.93832],[-48.22886,-18.93775]]]]}},{"type":"Feature","properties":{"territory_id":"mg-3170206-shopping-park","name":"Shopping Park","municipality_id":"mg-3170206","polling_places":3,"approx":false,"official":true,"method":"official-ibge-cd2022","whole_municipality":false,"approx_coords_only":false,"official_name":"Shopping Park","official_code":"3170206070","match":"direct"},"geometry":{"type":"MultiPolygon","coordinates":[[[[-48.26243,-18.98716],[-48.26223,-18.99139],[-48.26226,-18.99185],[-48.26231,-18.99213],[-48.26254,-18.99242],[-48.2627,-18.99258],[-48.26299,-18.99276],[-48.26334,-18.99285],[-48.26498,-18.99308],[-48.26559,-18.99319],[-48.26591,-18.99335],[-48.26621,-18.99355],[-48.2665,-18.99382],[-48.26783,-18.99373],[-48.26784,-18.99404],[-48.26661,-18.99411],[-48.26698,-18.99501],[-48.26733,-18.9962],[-48.26787,-18.9962],[-48.26844,-18.99624],[-48.26951,-18.99608],[-48.27011,-18.99611],[-48.27058,-18.99611],[-48.27136,-18.99617],[-48.27184,-18.99639],[-48.27306,-18.99598],[-48.27366,-18.99602],[-48.27395,-18.99535],[-48.27423,-18.99498],[-48.27494,-18.99502],[-48.27538,-18.99451],[-48.27556,-18.99408],[-48.27603,-18.99335],[-48.27658,-18.99271],[-48.27673,-18.99226],[-48.27709,-18.99085],[-48.27761,-18.98951],[-48.27791,-18.98895],[-48.27863,-18.98809],[-48.27949,-18.98721],[-48.28026,-18.98651],[-48.28103,-18.98595],[-48.28127,-18.98558],[-48.28136,-18.98521],[-48.28151,-18.98419],[-48.2816,-18.98392],[-48.28192,-18.98344],[-48.28259,-18.98266],[-48.28405,-18.97837],[-48.28425,-18.97787],[-48.28484,-18.977],[-48.28514,-18.97667],[-48.2854,-18.97648],[-48.28575,-18.97631],[-48.28619,-18.97639],[-48.28678,-18.97682],[-48.2872,-18.97676],[-48.28745,-18.97651],[-48.28787,-18.97644],[-48.28858,-18.9764],[-48.28946,-18.97627],[-48.29027,-18.97578],[-48.29081,-18.97511],[-48.2899,-18.97448],[-48.28869,-18.97351],[-48.28775,-18.97246],[-48.28795,-18.97085],[-48.28822,-18.96971],[-48.28874,-18.96838],[-48.28917,-18.96744],[-48.28921,-18.9671],[-48.28796,-18.96608],[-48.28727,-18.96558],[-48.28638,-18.96512],[-48.28543,-18.96475],[-48.2843,-18.96451],[-48.28348,-18.96442],[-48.28278,-18.96441],[-48.28212,-18.96449],[-48.2811,-18.96465],[-48.27366,-18.96627],[-48.27106,-18.96691],[-48.2652,-18.96941],[-48.266,-18.97002],[-48.26492,-18.97336],[-48.26286,-18.97989],[-48.26151,-18.98408],[-48.26233,-18.98433],[-48.26293,-18.98655],[-48.26273,-18.98673],[-48.26243,-18.98716]]]]}},{"type":"Feature","properties":{"territory_id":"mg-3170206-tabajaras","name":"Tabajaras","municipality_id":"mg-3170206","polling_places":2,"approx":false,"official":true,"method":"official-ibge-cd2022","whole_municipality":false,"approx_coords_only":false,"official_name":"Tabajaras","official_code":"3170206034","match":"direct"},"geometry":{"type":"MultiPolygon","coordinates":[[[[-48.28649,-18.93126],[-48.28753,-18.93125],[-48.28846,-18.93134],[-48.28898,-18.93137],[-48.28949,-18.9313],[-48.29087,-18.93067],[-48.29161,-18.93023],[-48.29266,-18.92984],[-48.29313,-18.92979],[-48.29329,-18.9293],[-48.29348,-18.92917],[-48.29376,-18.92891],[-48.29405,-18.9287],[-48.29458,-18.92867],[-48.29504,-18.92853],[-48.29539,-18.92833],[-48.29606,-18.92775],[-48.29621,-18.92703],[-48.29631,-18.92689],[-48.29466,-18.92547],[-48.2934,-18.9245],[-48.29256,-18.92402],[-48.29112,-18.92337],[-48.28833,-18.92207],[-48.28637,-18.9207],[-48.28459,-18.91952],[-48.28361,-18.9202],[-48.28529,-18.92124],[-48.28526,-18.92351],[-48.28521,-18.92548],[-48.28459,-18.92547],[-48.28454,-18.92693],[-48.28444,-18.9279],[-48.28374,-18.92855],[-48.28124,-18.92856],[-48.28107,-18.92845],[-48.28185,-18.92804],[-48.28065,-18.92706],[-48.28177,-18.92476],[-48.28098,-18.92457],[-48.28046,-18.92544],[-48.27773,-18.9299],[-48.27889,-18.93066],[-48.28178,-18.93195],[-48.28282,-18.93203],[-48.28318,-18.93197],[-48.28354,-18.93187],[-48.2845,-18.93146],[-48.28546,-18.93132],[-48.28631,-18.93126],[-48.28649,-18.93126]]]]}},{"type":"Feature","properties":{"territory_id":"mg-3170206-taiaman","name":"Taiaman","municipality_id":"mg-3170206","polling_places":1,"approx":false,"official":true,"method":"official-ibge-cd2022","whole_municipality":false,"approx_coords_only":false,"official_name":"Taiaman","official_code":"3170206036","match":"direct"},"geometry":{"type":"MultiPolygon","coordinates":[[[[-48.31745,-18.90694],[-48.31962,-18.90626],[-48.32,-18.90633],[-48.32095,-18.90596],[-48.32246,-18.90563],[-48.32396,-18.90555],[-48.32797,-18.90597],[-48.33118,-18.90638],[-48.32947,-18.90352],[-48.32866,-18.90247],[-48.32714,-18.9012],[-48.32606,-18.90047],[-48.32479,-18.89952],[-48.32381,-18.89822],[-48.32162,-18.89452],[-48.32121,-18.89379],[-48.32005,-18.8918],[-48.31968,-18.8919],[-48.31919,-18.89199],[-48.31873,-18.89195],[-48.31833,-18.8917],[-48.3179,-18.89137],[-48.31748,-18.89126],[-48.31684,-18.89113],[-48.31643,-18.89127],[-48.31621,-18.89149],[-48.31624,-18.89187],[-48.31614,-18.89234],[-48.31634,-18.89297],[-48.31656,-18.89342],[-48.31683,-18.89377],[-48.31656,-18.89426],[-48.31546,-18.8953],[-48.31498,-18.89624],[-48.31481,-18.89708],[-48.31473,-18.89809],[-48.31422,-18.90073],[-48.31388,-18.90108],[-48.31376,-18.90153],[-48.31398,-18.90199],[-48.31483,-18.90359],[-48.31447,-18.90388],[-48.31421,-18.90405],[-48.31397,-18.90416],[-48.31223,-18.90457],[-48.31139,-18.90474],[-48.31038,-18.90501],[-48.30973,-18.9052],[-48.3092,-18.90586],[-48.30859,-18.90676],[-48.30805,-18.90745],[-48.30766,-18.90775],[-48.3072,-18.90802],[-48.30636,-18.90838],[-48.3061,-18.9087],[-48.30583,-18.90923],[-48.30592,-18.90972],[-48.30608,-18.91019],[-48.30897,-18.90936],[-48.31075,-18.90888],[-48.31292,-18.90818],[-48.31518,-18.90755],[-48.31745,-18.90694]]]]}},{"type":"Feature","properties":{"territory_id":"mg-3170206-tibery","name":"Tibery","municipality_id":"mg-3170206","polling_places":4,"approx":false,"official":true,"method":"official-ibge-cd2022","whole_municipality":false,"approx_coords_only":false,"official_name":"Tibery","official_code":"3170206001","match":"direct"},"geometry":{"type":"MultiPolygon","coordinates":[[[[-48.2505,-18.91013],[-48.25051,-18.91022],[-48.25055,-18.9103],[-48.2506,-18.91036],[-48.25068,-18.91041],[-48.25082,-18.91041],[-48.25091,-18.91038],[-48.25098,-18.91033],[-48.25103,-18.91023],[-48.25105,-18.91015],[-48.25449,-18.91059],[-48.25907,-18.91275],[-48.25938,-18.91232],[-48.25976,-18.91205],[-48.26051,-18.91172],[-48.26225,-18.91139],[-48.26217,-18.90967],[-48.26162,-18.9078],[-48.26128,-18.90596],[-48.26109,-18.90508],[-48.26079,-18.90327],[-48.26052,-18.90245],[-48.2602,-18.90187],[-48.25754,-18.89833],[-48.25434,-18.89563],[-48.25326,-18.89507],[-48.25197,-18.89435],[-48.25183,-18.8942],[-48.25131,-18.89354],[-48.24879,-18.89503],[-48.24781,-18.89565],[-48.24182,-18.89922],[-48.23944,-18.9006],[-48.23865,-18.90108],[-48.22173,-18.91107],[-48.22186,-18.91127],[-48.2222,-18.91186],[-48.22257,-18.9122],[-48.22301,-18.91236],[-48.22356,-18.91243],[-48.2265,-18.91305],[-48.23166,-18.91433],[-48.23207,-18.91456],[-48.23236,-18.91475],[-48.23284,-18.91492],[-48.23313,-18.91494],[-48.23353,-18.9149],[-48.23459,-18.91508],[-48.23512,-18.9152],[-48.23548,-18.91511],[-48.23696,-18.91446],[-48.24276,-18.91151],[-48.24304,-18.91132],[-48.24336,-18.91105],[-48.24372,-18.91062],[-48.24402,-18.91014],[-48.24467,-18.90976],[-48.24542,-18.90957],[-48.24569,-18.90958],[-48.24572,-18.90949],[-48.24579,-18.90941],[-48.24585,-18.90937],[-48.24596,-18.90934],[-48.24613,-18.90939],[-48.24621,-18.90947],[-48.24624,-18.90957],[-48.24624,-18.90965],[-48.2505,-18.91013]]]]}},{"type":"Feature","properties":{"territory_id":"mg-3170206-tocantins","name":"Tocantins","municipality_id":"mg-3170206","polling_places":3,"approx":false,"official":true,"method":"official-ibge-cd2022","whole_municipality":false,"approx_coords_only":false,"official_name":"Tocantins","official_code":"3170206027","match":"direct"},"geometry":{"type":"MultiPolygon","coordinates":[[[[-48.33603,-18.90635],[-48.33897,-18.90534],[-48.34141,-18.90443],[-48.34132,-18.90413],[-48.34113,-18.9014],[-48.341,-18.89905],[-48.3408,-18.89444],[-48.34065,-18.89004],[-48.33827,-18.8916],[-48.33775,-18.89199],[-48.33546,-18.89343],[-48.33155,-18.89596],[-48.32853,-18.89794],[-48.32735,-18.89872],[-48.32549,-18.90005],[-48.32606,-18.90047],[-48.32714,-18.9012],[-48.32866,-18.90247],[-48.32947,-18.90352],[-48.33118,-18.90638],[-48.33288,-18.90653],[-48.33451,-18.90653],[-48.33557,-18.90646],[-48.33603,-18.90635]]]]}},{"type":"Feature","properties":{"territory_id":"mg-3170206-tubalina","name":"Tubalina","municipality_id":"mg-3170206","polling_places":1,"approx":false,"official":true,"method":"official-ibge-cd2022","whole_municipality":false,"approx_coords_only":false,"official_name":"Tubalina","official_code":"3170206012","match":"direct"},"geometry":{"type":"MultiPolygon","coordinates":[[[[-48.29824,-18.94289],[-48.30063,-18.94194],[-48.30499,-18.94114],[-48.3055,-18.94105],[-48.30572,-18.94094],[-48.30603,-18.94068],[-48.30699,-18.93957],[-48.30735,-18.93906],[-48.30713,-18.93869],[-48.30612,-18.93722],[-48.30107,-18.93004],[-48.30068,-18.92965],[-48.30014,-18.92927],[-48.29985,-18.92911],[-48.29942,-18.9289],[-48.29859,-18.92841],[-48.29698,-18.92754],[-48.29631,-18.92689],[-48.29621,-18.92703],[-48.29606,-18.92775],[-48.29539,-18.92833],[-48.29504,-18.92853],[-48.29458,-18.92867],[-48.29405,-18.9287],[-48.29376,-18.92891],[-48.29348,-18.92917],[-48.29329,-18.9293],[-48.29313,-18.92979],[-48.29351,-18.92976],[-48.29356,-18.92982],[-48.29367,-18.92984],[-48.29428,-18.93064],[-48.29417,-18.93473],[-48.29344,-18.9356],[-48.29512,-18.93867],[-48.29654,-18.94131],[-48.29783,-18.94305],[-48.29824,-18.94289]]]]}},{"type":"Feature","properties":{"territory_id":"mg-3170206-umuarama","name":"Umuarama","municipality_id":"mg-3170206","polling_places":1,"approx":false,"official":true,"method":"official-ibge-cd2022","whole_municipality":false,"approx_coords_only":false,"official_name":"Umuarama","official_code":"3170206005","match":"direct"},"geometry":{"type":"MultiPolygon","coordinates":[[[[-48.259,-18.88895],[-48.26004,-18.88834],[-48.26067,-18.88789],[-48.26248,-18.8867],[-48.26337,-18.88613],[-48.26595,-18.88444],[-48.26149,-18.87836],[-48.25981,-18.87597],[-48.25712,-18.8778],[-48.2563,-18.87846],[-48.25591,-18.87889],[-48.25547,-18.87947],[-48.25458,-18.88088],[-48.25389,-18.88224],[-48.25319,-18.88322],[-48.25234,-18.88398],[-48.25169,-18.88447],[-48.25177,-18.88463],[-48.25188,-18.88496],[-48.25186,-18.88512],[-48.2518,-18.88534],[-48.25173,-18.88564],[-48.25176,-18.88584],[-48.2518,-18.88595],[-48.25557,-18.89102],[-48.25692,-18.89024],[-48.25819,-18.88948],[-48.259,-18.88895]]]]}},{"type":"Feature","properties":{"territory_id":"mg-3170206-vigilato-pereira","name":"Vigilato Pereira","municipality_id":"mg-3170206","polling_places":1,"approx":false,"official":true,"method":"official-ibge-cd2022","whole_municipality":false,"approx_coords_only":false,"official_name":"Vigilato Pereira","official_code":"3170206038","match":"direct"},"geometry":{"type":"MultiPolygon","coordinates":[[[[-48.27188,-18.9347],[-48.27221,-18.93456],[-48.27264,-18.93451],[-48.27294,-18.93438],[-48.27377,-18.93423],[-48.27492,-18.93453],[-48.27676,-18.93145],[-48.27773,-18.9299],[-48.27517,-18.92791],[-48.27376,-18.92635],[-48.27218,-18.92505],[-48.27148,-18.92435],[-48.2649,-18.92875],[-48.26331,-18.92829],[-48.26152,-18.93339],[-48.26147,-18.93358],[-48.26175,-18.93368],[-48.26203,-18.93376],[-48.26233,-18.93382],[-48.26263,-18.93396],[-48.2627,-18.93408],[-48.26298,-18.93406],[-48.26328,-18.93422],[-48.2634,-18.93414],[-48.26376,-18.93442],[-48.26392,-18.93466],[-48.26406,-18.93508],[-48.26447,-18.93534],[-48.26464,-18.93539],[-48.26476,-18.93538],[-48.26534,-18.93522],[-48.26552,-18.93529],[-48.2659,-18.93533],[-48.26616,-18.93539],[-48.26671,-18.93572],[-48.26712,-18.9359],[-48.26735,-18.93601],[-48.26749,-18.93601],[-48.26778,-18.93577],[-48.26842,-18.93532],[-48.26857,-18.93518],[-48.269,-18.93519],[-48.26948,-18.93508],[-48.2699,-18.93524],[-48.27034,-18.93552],[-48.27061,-18.93548],[-48.27095,-18.9352],[-48.27119,-18.93512],[-48.27136,-18.93496],[-48.27147,-18.93474],[-48.27169,-18.93469],[-48.27183,-18.9347],[-48.27188,-18.9347]]]]}}]}